SorguTarihi,SektorToplamLimit,SektorToplamRisk,GayrinakdiRisk,BankaSayisi,GecikmeVar,TakipVar,KKBNot,CekKarsiliksizAdet,BizimLimit,BizimRisk,SorguID,VKN,SubeKod,KullaniciID,RaporTipi,SorguNedeni,SorguSonucu,SorguMaliyetTL,NakdiRisk,OncekiSorguID,OncekiSorguTarihi,OncekiBizimRisk,OncekiSektorToplamRisk,OncekiGecikmeVar,OncekiTakipVar,OncekiKKBNot,OncekiBankaSayisi,OncekiGayrinakdiRisk,SorgularArasiGun,SonrakiSektorToplamRisk,SonrakiGecikmeVar,SonSorguMu,BizimPay,OncekiBizimPay,BizimDoluluk,DigerBankaDoluluk,NotBandi,OncekiNotBandi
2026-06-03,11154649.0,6280820.0,1762228.0,2,0,0,1748,0,6244343.0,2626511.0,1736,9100893217,S062,U0623,Risk Merkezi,Yeni Basvuru,Kullandirim,40.0,4518592.0,,,,,,,,,,,6805955.0,0.0,0,0.4182,,0.4206,0.7442,A,
2026-09-03,11889401.0,6805955.0,1909567.0,2,0,0,1705,0,7099039.0,2817518.0,1737,9100893217,S062,U0623,Risk Merkezi,Periyodik Izleme,Izleme,40.0,4896388.0,1736.0,2026-06-03,2626511.0,6280820.0,0.0,0.0,1748.0,2.0,1762228.0,92.0,,,1,0.414,0.4182,0.3969,0.8326,A,A
2026-01-15,81055355.0,43111835.0,11463637.0,5,0,0,1378,0,15908268.0,9156571.0,667,9102834852,S021,U0213,Risk Merkezi,Yeni Basvuru,Kullandirim,40.0,31648198.0,,,,,,,,,,,44983837.0,0.0,0,0.2124,,0.5756,0.5212,C,
2026-03-13,83183308.0,44983837.0,11961411.0,5,0,0,1356,0,29169082.0,10426367.0,668,9102834852,S021,U0213,Risk Merkezi,Periyodik Izleme,Izleme,40.0,33022426.0,667.0,2026-01-15,9156571.0,43111835.0,0.0,0.0,1378.0,5.0,11463637.0,57.0,,,1,0.2318,0.2124,0.3574,0.6398,C,C
2026-01-12,358359180.0,261671071.0,37365037.0,7,0,0,1776,0,145577452.0,117407949.0,1464,9104203706,S050,U0502,Risk Merkezi,Limit Yenileme,Kullandirim,40.0,224306034.0,,,,,,,,,,,258386142.0,0.0,0,0.4487,,0.8065,0.678,A,
2026-01-26,373895857.0,258386142.0,36895970.0,7,0,0,1762,0,158576533.0,106171007.0,1465,9104203706,S050,U0503,Risk Merkezi,Periyodik Izleme,Izleme,40.0,221490172.0,1464.0,2026-01-12,117407949.0,261671071.0,0.0,0.0,1776.0,7.0,37365037.0,14.0,269603526.0,0.0,0,0.4109,0.4487,0.6695,0.7069,A,A
2026-03-18,386612709.0,269603526.0,38497744.0,7,0,0,1750,0,233829208.0,121986165.0,1466,9104203706,S050,U0502,Risk Merkezi,Periyodik Izleme,Izleme,40.0,231105782.0,1465.0,2026-01-26,106171007.0,258386142.0,0.0,0.0,1762.0,7.0,36895970.0,51.0,318801738.0,0.0,0,0.4525,0.4109,0.5217,0.9662,A,A
2026-07-28,475102107.0,318801738.0,45522949.0,7,0,0,1820,0,273229143.0,162651040.0,1467,9104203706,S050,U0502,Risk Merkezi,Limit Yenileme,Kullandirim,40.0,273278789.0,1466.0,2026-03-18,121986165.0,269603526.0,0.0,0.0,1750.0,7.0,38497744.0,132.0,,,1,0.5102,0.4525,0.5953,0.7735,A,A
2025-10-24,79750854.0,55492896.0,15556596.0,7,0,0,1704,0,39011706.0,23408201.0,339,9104810947,S111,U1111,Risk Merkezi,Tahsis Revizyonu,Izleme,40.0,39936300.0,,,,,,,,,,,54817197.0,0.0,0,0.4218,,0.6,0.7876,A,
2025-12-19,82336080.0,54817197.0,15367174.0,7,0,0,1767,0,30783519.0,22641055.0,340,9104810947,S111,U1111,Risk Merkezi,Limit Yenileme,Ret,40.0,39450023.0,339.0,2025-10-24,23408201.0,55492896.0,0.0,0.0,1704.0,7.0,15556596.0,56.0,59099193.0,0.0,0,0.413,0.4218,0.7355,0.6241,A,A
2026-07-10,84093819.0,59099193.0,16567567.0,7,0,0,1715,0,36484872.0,24448933.0,341,9104810947,S111,U1113,Cek Raporu,Tahsis Revizyonu,Izleme,30.0,42531626.0,340.0,2025-12-19,22641055.0,54817197.0,0.0,0.0,1767.0,7.0,15367174.0,203.0,62880042.0,0.0,0,0.4137,0.413,0.6701,0.7278,A,A
2026-09-30,92625447.0,62880042.0,17627471.0,7,0,0,1713,0,34702835.0,26630820.0,342,9104810947,S111,U1113,Risk Merkezi,Limit Yenileme,Ret,40.0,45252571.0,341.0,2026-07-10,24448933.0,59099193.0,0.0,0.0,1715.0,7.0,16567567.0,82.0,,,1,0.4235,0.4137,0.7674,0.6258,A,A
2026-02-26,118478041.0,93280363.0,31701667.0,4,0,0,1324,0,11224426.0,6031131.0,952,9105758806,S021,U0212,Risk Merkezi,Yeni Basvuru,Aksiyon Yok,40.0,61578696.0,,,,,,,,,,,96191904.0,0.0,0,0.0647,,0.5373,0.8135,C,
2026-04-06,123672566.0,96191904.0,32691165.0,4,0,0,1337,0,4944133.0,2609489.0,953,9105758806,S021,U0211,Risk Merkezi,Periyodik Izleme,Izleme,40.0,63500739.0,952.0,2026-02-26,6031131.0,93280363.0,0.0,0.0,1324.0,4.0,31701667.0,39.0,101825020.0,0.0,0,0.0271,0.0647,0.5278,0.7882,C,C
2026-06-02,119198713.0,101825020.0,34605600.0,4,0,0,1355,0,11919871.0,0.0,954,9105758806,S021,U0211,Risk Merkezi,Periyodik Izleme,Izleme,40.0,67219420.0,953.0,2026-04-06,2609489.0,96191904.0,0.0,0.0,1337.0,4.0,32691165.0,57.0,113602805.0,0.0,0,0.0,0.0271,0.0,0.9492,C,C
2026-08-25,134372759.0,113602805.0,38608322.0,5,0,0,1358,0,13437276.0,0.0,955,9105758806,S021,U0212,Risk Merkezi,Limit Yenileme,Aksiyon Yok,40.0,74994483.0,954.0,2026-06-02,0.0,101825020.0,0.0,0.0,1355.0,4.0,34605600.0,84.0,115783942.0,0.0,0,0.0,0.0,0.0,0.9394,C,C
2026-09-04,144512939.0,115783942.0,39349590.0,5,0,0,1279,0,14451294.0,0.0,956,9105758806,S021,U0213,Risk Merkezi,Limit Yenileme,Kullandirim,40.0,76434352.0,955.0,2026-08-25,0.0,113602805.0,0.0,0.0,1358.0,5.0,38608322.0,10.0,115781924.0,0.0,0,0.0,0.0,0.0,0.8902,C,C
2026-09-25,137814220.0,115781924.0,39348904.0,5,0,0,1316,0,13781422.0,0.0,957,9105758806,S021,U0213,Risk Merkezi,Limit Yenileme,Aksiyon Yok,40.0,76433020.0,956.0,2026-09-04,0.0,115783942.0,0.0,0.0,1279.0,5.0,39349590.0,21.0,,,1,0.0,0.0,0.0,0.9335,C,C
2026-06-25,378443934.0,212323632.0,54652306.0,3,0,0,1559,0,137539232.0,65806843.0,410,9107164404,S050,U0503,Cek Raporu,Periyodik Izleme,Izleme,30.0,157671326.0,,,,,,,,,,,,,1,0.3099,,0.4785,0.6082,B,
2025-12-26,6145417.0,3505118.0,938421.0,5,0,0,1245,0,2531032.0,1417403.0,918,9107755531,S072,U0721,Risk Merkezi,Yeni Basvuru,Aksiyon Yok,40.0,2566697.0,,,,,,,,,,,3460441.0,0.0,0,0.4044,,0.56,0.5776,C,
2026-04-30,5556680.0,3460441.0,926459.0,5,0,0,1258,0,2889176.0,1447258.0,919,9107755531,S072,U0723,Risk Merkezi,Tahsis Revizyonu,Izleme,40.0,2533982.0,918.0,2025-12-26,1417403.0,3505118.0,0.0,0.0,1245.0,5.0,938421.0,125.0,,,1,0.4182,0.4044,0.5009,0.7547,C,C
2025-10-29,14221151.0,9361236.0,1729261.0,7,0,0,1719,0,5786933.0,3069681.0,1617,9111219093,S082,U0823,Ticari Kredi Notu,Yeni Basvuru,Teklif,65.0,7631975.0,,,,,,,,,,,11606265.0,0.0,0,0.3279,,0.5305,0.746,A,
2026-06-19,18212367.0,11606265.0,2143975.0,7,0,0,1865,0,9166423.0,4581592.0,1618,9111219093,S082,U0821,Ticari Kredi Notu,Limit Yenileme,Kullandirim,65.0,9462290.0,1617.0,2025-10-29,3069681.0,9361236.0,0.0,0.0,1719.0,7.0,1729261.0,233.0,12197832.0,0.0,0,0.3948,0.3279,0.4998,0.7766,A,A
2026-07-15,19882568.0,12197832.0,2253253.0,7,0,0,1873,0,7967769.0,5134516.0,1619,9111219093,S082,U0821,Ticari Kredi Notu,Limit Yenileme,Kullandirim,65.0,9944579.0,1618.0,2026-06-19,4581592.0,11606265.0,0.0,0.0,1865.0,7.0,2143975.0,26.0,,,1,0.4209,0.3948,0.6444,0.5928,A,A
2025-10-30,28256619.0,20827188.0,2150450.0,3,0,0,1677,0,3782639.0,2742123.0,649,9112399619,S011,U0112,Ticari Kredi Notu,Yeni Basvuru,Aksiyon Yok,65.0,18676738.0,,,,,,,,,,,22037243.0,0.0,0,0.1317,,0.7249,0.739,A,
2025-11-26,32476822.0,22037243.0,2275390.0,3,0,0,1650,0,5889556.0,3325049.0,650,9112399619,S011,U0112,Risk Merkezi,Tahsis Revizyonu,Izleme,40.0,19761853.0,649.0,2025-10-30,2742123.0,20827188.0,0.0,0.0,1677.0,3.0,2150450.0,27.0,20920026.0,0.0,0,0.1509,0.1317,0.5646,0.7038,A,A
2025-12-25,29334405.0,20920026.0,2160035.0,3,0,0,1664,0,3746955.0,2692389.0,651,9112399619,S011,U0111,Risk Merkezi,Limit Yenileme,Aksiyon Yok,40.0,18759991.0,650.0,2025-11-26,3325049.0,22037243.0,0.0,0.0,1650.0,3.0,2275390.0,29.0,20952403.0,0.0,0,0.1287,0.1509,0.7186,0.7124,A,A
2026-01-06,31735093.0,20952403.0,2163378.0,3,0,0,1676,0,3432223.0,2155148.0,652,9112399619,S011,U0111,Ticari Kredi Notu,Tahsis Revizyonu,Izleme,65.0,18789025.0,651.0,2025-12-25,2692389.0,20920026.0,0.0,0.0,1664.0,3.0,2160035.0,12.0,,,1,0.1029,0.1287,0.6279,0.6641,A,A
2025-12-19,19629608.0,10387773.0,2671242.0,4,0,0,1252,0,8634683.0,4168371.0,971,9113494706,S012,U0123,Risk Merkezi,Limit Yenileme,Aksiyon Yok,40.0,7716531.0,,,,,,,,,,,10332196.0,0.0,0,0.4013,,0.4827,0.5657,C,
2026-09-23,19697346.0,10332196.0,2656950.0,4,0,0,1263,0,8552048.0,3880765.0,972,9113494706,S012,U0123,Cek Raporu,Periyodik Izleme,Izleme,30.0,7675246.0,971.0,2025-12-19,4168371.0,10387773.0,0.0,0.0,1252.0,4.0,2671242.0,278.0,,,1,0.3756,0.4013,0.4538,0.5788,C,C
2026-06-05,321200875.0,188804924.0,37093218.0,3,0,0,1361,0,72886090.0,42702090.0,308,9114224999,S081,U0812,Ticari Kredi Notu,Yeni Basvuru,Kullandirim,65.0,151711706.0,,,,,,,,,,,,,1,0.2262,,0.5859,0.5884,C,
2025-10-03,76274133.0,53857484.0,15811311.0,6,0,0,1478,0,14368484.0,9175302.0,665,9114607410,S041,U0411,Risk Merkezi,Tahsis Revizyonu,Izleme,40.0,38046173.0,,,,,,,,,,,54448542.0,0.0,0,0.1704,,0.6386,0.7218,B,
2026-01-16,81122516.0,54448542.0,15984832.0,6,0,0,1476,0,13583586.0,8595470.0,666,9114607410,S041,U0413,Ticari Kredi Notu,Periyodik Izleme,Izleme,65.0,38463710.0,665.0,2025-10-03,9175302.0,53857484.0,0.0,0.0,1478.0,6.0,15811311.0,105.0,,,1,0.1579,0.1704,0.6328,0.6789,B,B
2025-10-24,65318414.0,40309448.0,4509408.0,7,0,0,1554,0,9950006.0,6746215.0,1434,9114631398,S071,U0713,Ticari Kredi Notu,Limit Yenileme,Kullandirim,65.0,35800040.0,,,,,,,,,,,40879671.0,0.0,0,0.1674,,0.678,0.6062,B,
2026-02-20,68395177.0,40879671.0,4573199.0,7,0,0,1534,0,8528923.0,5546053.0,1435,9114631398,S071,U0712,Ticari Kredi Notu,Periyodik Izleme,Izleme,65.0,36306472.0,1434.0,2025-10-24,6746215.0,40309448.0,0.0,0.0,1554.0,7.0,4509408.0,119.0,42457754.0,0.0,0,0.1357,0.1674,0.6503,0.5902,B,B
2026-07-24,69746114.0,42457754.0,4749739.0,7,0,0,1533,0,13735298.0,7423354.0,1436,9114631398,S071,U0713,Risk Merkezi,Limit Yenileme,Kullandirim,40.0,37708015.0,1435.0,2026-02-20,5546053.0,40879671.0,0.0,0.0,1534.0,7.0,4573199.0,154.0,40835278.0,0.0,0,0.1748,0.1357,0.5405,0.6255,B,B
2026-07-30,71523873.0,40835278.0,4568233.0,7,0,0,1587,0,11857482.0,5464430.0,1437,9114631398,S071,U0711,Ticari Kredi Notu,Periyodik Izleme,Izleme,65.0,36267045.0,1436.0,2026-07-24,7423354.0,42457754.0,0.0,0.0,1533.0,7.0,4749739.0,6.0,,,1,0.1338,0.1748,0.4608,0.5928,B,B
2026-02-10,4724740.0,2579940.0,434137.0,7,0,0,1599,0,2473207.0,732191.0,1301,9118235015,S082,U0822,Risk Merkezi,Periyodik Izleme,Izleme,40.0,2145803.0,,,,,,,,,,,2528612.0,0.0,0,0.2838,,0.296,0.8207,B,
2026-02-20,4099389.0,2528612.0,425499.0,7,0,0,1588,0,1791533.0,657182.0,1302,9118235015,S082,U0821,Risk Merkezi,Periyodik Izleme,Izleme,40.0,2103113.0,1301.0,2026-02-10,732191.0,2579940.0,0.0,0.0,1599.0,7.0,434137.0,10.0,3058486.0,0.0,0,0.2599,0.2838,0.3668,0.8109,B,B
2026-07-24,5047271.0,3058486.0,514664.0,8,0,0,1537,0,979060.0,348514.0,1303,9118235015,S082,U0822,Risk Merkezi,Limit Yenileme,Aksiyon Yok,40.0,2543822.0,1302.0,2026-02-20,657182.0,2528612.0,0.0,0.0,1588.0,7.0,425499.0,154.0,,,1,0.1139,0.2599,0.356,0.6661,B,B
2026-07-31,47109878.0,27045771.0,5012135.0,3,0,0,1772,0,17130648.0,8035708.0,839,9118475044,S051,U0512,Risk Merkezi,Yeni Basvuru,Aksiyon Yok,40.0,22033636.0,,,,,,,,,,,,,1,0.2971,,0.4691,0.6341,A,
2025-11-24,33275726.0,21117019.0,2868122.0,2,0,0,1564,0,14531434.0,8745204.0,1252,9125463074,S001,U0012,Risk Merkezi,Yeni Basvuru,Aksiyon Yok,40.0,18248897.0,,,,,,,,,,,24149171.0,1.0,0,0.4141,,0.6018,0.66,B,
2026-04-29,32244454.0,24149171.0,3279950.0,4,1,0,1395,0,14107530.0,9594841.0,1253,9125463074,S001,U0011,Ticari Kredi Notu,Periyodik Izleme,Izleme,65.0,20869221.0,1252.0,2025-11-24,8745204.0,21117019.0,0.0,0.0,1564.0,2.0,2868122.0,156.0,23095466.0,1.0,0,0.3973,0.4141,0.6801,0.8025,C,B
2026-05-29,30398552.0,23095466.0,3136835.0,4,1,0,1301,2,11910719.0,9117029.0,1254,9125463074,S001,U0011,Risk Merkezi,Periyodik Izleme,Izleme,40.0,19958631.0,1253.0,2026-04-29,9594841.0,24149171.0,1.0,0.0,1395.0,4.0,3279950.0,30.0,24367657.0,1.0,0,0.3948,0.3973,0.7654,0.7561,C,C
2026-06-02,31099791.0,24367657.0,3309625.0,4,1,0,1304,2,12538518.0,10132463.0,1255,9125463074,S001,U0011,Cek Raporu,Limit Yenileme,Aksiyon Yok,30.0,21058032.0,1254.0,2026-05-29,9117029.0,23095466.0,1.0,0.0,1301.0,4.0,3136835.0,4.0,,,1,0.4158,0.3948,0.8081,0.7669,C,C
2026-05-29,39225695.0,28040622.0,3645262.0,2,0,0,1557,0,19376003.0,14301065.0,1044,9127895309,S051,U0511,Ticari Kredi Notu,Periyodik Izleme,Izleme,65.0,24395360.0,,,,,,,,,,,,,1,0.51,,0.7381,0.6922,B,
2025-10-15,359571236.0,203073838.0,45038569.0,7,0,0,1739,0,43832350.0,28102676.0,1082,9128423197,S030,U0301,Risk Merkezi,Periyodik Izleme,Izleme,40.0,158035269.0,,,,,,,,,,,231734168.0,0.0,0,0.1384,,0.6411,0.5542,A,
2026-05-14,421532084.0,231734168.0,51394977.0,7,0,0,1680,0,68042898.0,38546222.0,1083,9128423197,S030,U0301,Ticari Kredi Notu,Periyodik Izleme,Izleme,65.0,180339191.0,1082.0,2025-10-15,28102676.0,203073838.0,0.0,0.0,1739.0,7.0,45038569.0,211.0,,,1,0.1663,0.1384,0.5665,0.5465,A,A
2025-12-12,149839762.0,89040931.0,17790760.0,7,0,0,1457,0,90617642.0,40802751.0,1339,9131023893,S001,U0013,Risk Merkezi,Limit Yenileme,Kullandirim,40.0,71250171.0,,,,,,,,,,,,,1,0.4582,,0.4503,0.8145,B,
2026-01-26,18353281.0,8582553.0,1034061.0,5,0,0,1352,0,5498839.0,1848514.0,977,9132250337,S032,U0323,Ticari Kredi Notu,Yeni Basvuru,Ret,65.0,7548492.0,,,,,,,,,,,8739477.0,0.0,0,0.2154,,0.3362,0.5239,C,
2026-04-03,15390384.0,8739477.0,1052967.0,5,0,0,1276,0,3290795.0,1889924.0,978,9132250337,S032,U0323,Risk Merkezi,Periyodik Izleme,Izleme,40.0,7686510.0,977.0,2026-01-26,1848514.0,8582553.0,0.0,0.0,1352.0,5.0,1034061.0,67.0,8409747.0,0.0,0,0.2163,0.2154,0.5743,0.5661,C,C
2026-05-15,15075067.0,8409747.0,1013240.0,5,0,0,1361,0,2651741.0,1829771.0,979,9132250337,S032,U0323,Cek Raporu,Periyodik Izleme,Izleme,30.0,7396507.0,978.0,2026-04-03,1889924.0,8739477.0,0.0,0.0,1276.0,5.0,1052967.0,42.0,8652815.0,0.0,0,0.2176,0.2163,0.69,0.5296,C,C
2026-09-30,17241845.0,8652815.0,1042526.0,5,0,0,1314,0,5173905.0,2009614.0,980,9132250337,S032,U0323,Risk Merkezi,Periyodik Izleme,Izleme,40.0,7610289.0,979.0,2026-05-15,1829771.0,8409747.0,0.0,0.0,1361.0,5.0,1013240.0,138.0,,,1,0.2322,0.2176,0.3884,0.5505,C,C
2025-10-10,183120527.0,113862644.0,17368755.0,6,0,0,1646,0,23764088.0,15283695.0,156,9132308997,S011,U0111,Cek Raporu,Periyodik Izleme,Izleme,30.0,96493889.0,,,,,,,,,,,107853569.0,0.0,0,0.1342,,0.6431,0.6186,A,
2026-02-23,165878218.0,107853569.0,16452123.0,6,0,0,1649,0,28815190.0,12489334.0,157,9132308997,S011,U0112,Cek Raporu,Tahsis Revizyonu,Izleme,30.0,91401446.0,156.0,2025-10-10,15283695.0,113862644.0,0.0,0.0,1646.0,6.0,17368755.0,136.0,,,1,0.1158,0.1342,0.4334,0.6958,A,A
2026-04-30,9040567.0,5522454.0,3146142.0,3,0,0,1515,0,2695761.0,1780158.0,1667,9132675108,S102,U1022,Ticari Kredi Notu,Periyodik Izleme,Izleme,65.0,2376312.0,,,,,,,,,,,5629296.0,0.0,0,0.3223,,0.6604,0.5898,B,
2026-05-26,9186208.0,5629296.0,3407505.0,3,0,0,1497,0,4349332.0,1990721.0,1668,9132675108,S102,U1022,Risk Merkezi,Periyodik Izleme,Izleme,40.0,2221791.0,1667.0,2026-04-30,1780158.0,5522454.0,0.0,0.0,1515.0,3.0,3146142.0,26.0,5760179.0,0.0,0,0.3536,0.3223,0.4577,0.7523,B,B
2026-06-04,9096675.0,5760179.0,3557747.0,3,0,0,1448,0,2944104.0,1928056.0,1669,9132675108,S102,U1021,Ticari Kredi Notu,Tahsis Revizyonu,Izleme,65.0,2202432.0,1668.0,2026-05-26,1990721.0,5629296.0,0.0,0.0,1497.0,3.0,3407505.0,9.0,5953697.0,0.0,0,0.3347,0.3536,0.6549,0.6228,B,B
2026-06-30,9535842.0,5953697.0,3889322.0,3,0,0,1482,0,4544713.0,2172906.0,1670,9132675108,S102,U1023,Risk Merkezi,Limit Yenileme,Aksiyon Yok,40.0,2064375.0,1669.0,2026-06-04,1928056.0,5760179.0,0.0,0.0,1448.0,3.0,3557747.0,26.0,,,1,0.365,0.3347,0.4781,0.7575,B,B
2026-09-16,23783174.0,10377424.0,2870263.0,5,0,0,1458,0,6326823.0,2269169.0,349,9134779878,S052,U0522,Risk Merkezi,Tahsis Revizyonu,Izleme,40.0,7507161.0,,,,,,,,,,,,,1,0.2187,,0.3587,0.4645,B,
2026-05-29,41727733.0,22876718.0,6908821.0,7,0,0,1670,0,6498533.0,3339558.0,698,9135081439,S051,U0512,Ticari Kredi Notu,Yeni Basvuru,Aksiyon Yok,65.0,15967897.0,,,,,,,,,,,23876839.0,0.0,0,0.146,,0.5139,0.5546,A,
2026-07-10,44413606.0,23876839.0,7210860.0,7,0,0,1684,0,5790254.0,2715992.0,699,9135081439,S051,U0511,Risk Merkezi,Periyodik Izleme,Izleme,40.0,16665979.0,698.0,2026-05-29,3339558.0,22876718.0,0.0,0.0,1670.0,7.0,6908821.0,42.0,23296259.0,0.0,0,0.1138,0.146,0.4691,0.5479,A,A
2026-08-12,44742358.0,23296259.0,7035523.0,7,0,0,1667,0,7718651.0,3641392.0,700,9135081439,S051,U0513,Risk Merkezi,Periyodik Izleme,Izleme,40.0,16260736.0,699.0,2026-07-10,2715992.0,23876839.0,0.0,0.0,1684.0,7.0,7210860.0,33.0,,,1,0.1563,0.1138,0.4718,0.5309,A,A
2025-11-14,10301227.0,7966584.0,2223001.0,2,0,0,1663,0,2136382.0,1411181.0,1514,9136163415,S032,U0321,Risk Merkezi,Yeni Basvuru,Aksiyon Yok,40.0,5743583.0,,,,,,,,,,,8299050.0,0.0,0,0.1771,,0.6605,0.8029,A,
2025-12-26,10613231.0,8299050.0,2315772.0,3,0,0,1598,0,2240469.0,1338371.0,1515,9136163415,S032,U0323,Ticari Kredi Notu,Limit Yenileme,Kullandirim,65.0,5983278.0,1514.0,2025-11-14,1411181.0,7966584.0,0.0,0.0,1663.0,2.0,2223001.0,42.0,10187525.0,0.0,0,0.1613,0.1771,0.5974,0.8313,B,A
2026-06-16,10914723.0,10187525.0,2842734.0,4,0,0,1351,2,1469788.0,1245813.0,1516,9136163415,S032,U0321,Risk Merkezi,Tahsis Revizyonu,Izleme,40.0,7344791.0,1515.0,2025-12-26,1338371.0,8299050.0,0.0,0.0,1598.0,3.0,2315772.0,172.0,10749755.0,0.0,0,0.1223,0.1613,0.8476,0.9467,C,B
2026-07-31,10858338.0,10749755.0,2999619.0,4,0,0,1332,1,1385700.0,1371843.0,1517,9136163415,S032,U0321,Ticari Kredi Notu,Periyodik Izleme,Izleme,65.0,7750136.0,1516.0,2026-06-16,1245813.0,10187525.0,0.0,0.0,1351.0,4.0,2842734.0,45.0,,,1,0.1276,0.1223,0.99,0.99,C,C
2025-12-19,1465553979.0,671470469.0,156579461.0,2,0,0,1680,0,238890230.0,112620366.0,1498,9141606212,S050,U0502,Risk Merkezi,Yeni Basvuru,Kullandirim,40.0,514891008.0,,,,,,,,,,,716746710.0,0.0,0,0.1677,,0.4714,0.4556,A,
2025-12-29,1336459931.0,716746710.0,167137377.0,2,0,0,1659,0,233300437.0,115187226.0,1499,9141606212,S050,U0501,Cek Raporu,Limit Yenileme,Teklif,30.0,549609333.0,1498.0,2025-12-19,112620366.0,671470469.0,0.0,0.0,1680.0,2.0,156579461.0,10.0,740292026.0,0.0,0,0.1607,0.1677,0.4937,0.5453,A,A
2026-08-14,1430882499.0,740292026.0,172627884.0,2,0,0,1678,0,296084057.0,126184291.0,1500,9141606212,S050,U0502,Risk Merkezi,Tahsis Revizyonu,Izleme,40.0,567664142.0,1499.0,2025-12-29,115187226.0,716746710.0,0.0,0.0,1659.0,2.0,167137377.0,228.0,,,1,0.1705,0.1607,0.4262,0.5412,A,A
2025-10-17,14660044.0,8533225.0,2898476.0,4,0,0,1400,0,6406876.0,3535326.0,759,9143448279,S082,U0821,Risk Merkezi,Limit Yenileme,Aksiyon Yok,40.0,5634749.0,,,,,,,,,,,9249442.0,0.0,0,0.4143,,0.5518,0.6056,B,
2026-01-29,14367568.0,9249442.0,4459482.0,4,0,0,1371,0,6959575.0,3944047.0,760,9143448279,S082,U0821,Risk Merkezi,Tahsis Revizyonu,Izleme,40.0,4789960.0,759.0,2025-10-17,3535326.0,8533225.0,0.0,0.0,1400.0,4.0,2898476.0,104.0,11581603.0,0.0,0,0.4264,0.4143,0.5667,0.7162,C,B
2026-07-24,18435894.0,11581603.0,8376176.0,4,0,0,1446,0,7263174.0,5027874.0,761,9143448279,S082,U0823,Risk Merkezi,Periyodik Izleme,Izleme,40.0,3205427.0,760.0,2026-01-29,3944047.0,9249442.0,0.0,0.0,1371.0,4.0,4459482.0,176.0,,,1,0.4341,0.4264,0.6922,0.5866,B,C
2025-11-14,12151434.0,7802851.0,2307103.0,5,0,0,1296,0,2737091.0,1743906.0,1382,9144766476,S102,U1021,Risk Merkezi,Yeni Basvuru,Aksiyon Yok,40.0,5495748.0,,,,,,,,,,,7599989.0,0.0,0,0.2235,,0.6371,0.6436,C,
2026-02-16,12548845.0,7599989.0,2247122.0,5,0,0,1325,0,3403101.0,1744191.0,1383,9144766476,S102,U1023,Risk Merkezi,Periyodik Izleme,Izleme,40.0,5352867.0,1382.0,2025-11-14,1743906.0,7802851.0,0.0,0.0,1296.0,5.0,2307103.0,94.0,7893889.0,0.0,0,0.2295,0.2235,0.5125,0.6403,C,C
2026-04-29,12855962.0,7893889.0,2334021.0,5,0,0,1334,0,3351086.0,1789972.0,1384,9144766476,S102,U1021,Risk Merkezi,Limit Yenileme,Kullandirim,40.0,5559868.0,1383.0,2026-02-16,1744191.0,7599989.0,0.0,0.0,1325.0,5.0,2247122.0,72.0,,,1,0.2268,0.2295,0.5341,0.6422,C,C
2025-10-29,690495696.0,468148374.0,109430747.0,2,0,0,1294,0,118448417.0,50694600.0,981,9145341764,S030,U0303,Risk Merkezi,Yeni Basvuru,Ret,40.0,358717627.0,,,,,,,,,,,497622334.0,0.0,0,0.1083,,0.428,0.7298,C,
2025-11-28,651509485.0,497622334.0,116320352.0,2,0,0,1316,0,119680431.0,61491693.0,982,9145341764,S030,U0303,Cek Raporu,Periyodik Izleme,Izleme,30.0,381301982.0,981.0,2025-10-29,50694600.0,468148374.0,0.0,0.0,1294.0,2.0,109430747.0,30.0,523877568.0,0.0,0,0.1236,0.1083,0.5138,0.8201,C,C
2026-01-26,738620462.0,523877568.0,122457573.0,3,0,0,1295,0,93045713.0,42732630.0,983,9145341764,S030,U0303,Cek Raporu,Periyodik Izleme,Izleme,30.0,401419995.0,982.0,2025-11-28,61491693.0,497622334.0,0.0,0.0,1316.0,2.0,116320352.0,59.0,563800912.0,0.0,0,0.0816,0.1236,0.4593,0.7453,C,C
2026-03-11,743488207.0,563800912.0,131789745.0,3,0,0,1279,0,23909006.0,12153392.0,984,9145341764,S030,U0303,Ticari Kredi Notu,Limit Yenileme,Teklif,65.0,432011167.0,983.0,2026-01-26,42732630.0,523877568.0,0.0,0.0,1295.0,3.0,122457573.0,44.0,613581166.0,0.0,0,0.0216,0.0816,0.5083,0.7666,C,C
2026-05-29,831590763.0,613581166.0,143425993.0,3,0,0,1306,0,83159076.0,0.0,985,9145341764,S030,U0302,Ticari Kredi Notu,Periyodik Izleme,Izleme,65.0,470155173.0,984.0,2026-03-11,12153392.0,563800912.0,0.0,0.0,1279.0,3.0,131789745.0,79.0,,,1,0.0,0.0216,0.0,0.8198,C,C
2025-11-21,753716118.0,443833195.0,113791990.0,7,0,0,1528,0,134217141.0,76077239.0,388,9145482389,S000,U0002,Ticari Kredi Notu,Yeni Basvuru,Kullandirim,65.0,330041205.0,,,,,,,,,,,444198841.0,0.0,0,0.1714,,0.5668,0.5936,B,
2026-05-01,662179995.0,444198841.0,113885737.0,7,0,0,1546,0,142933202.0,87432696.0,389,9145482389,S000,U0001,Risk Merkezi,Tahsis Revizyonu,Izleme,40.0,330313104.0,388.0,2025-11-21,76077239.0,443833195.0,0.0,0.0,1528.0,7.0,113791990.0,161.0,431843997.0,0.0,0,0.1968,0.1714,0.6117,0.6871,B,B
2026-05-04,663454006.0,431843997.0,110718145.0,7,0,0,1567,0,127764217.0,77203140.0,390,9145482389,S000,U0001,Ticari Kredi Notu,Limit Yenileme,Kullandirim,65.0,321125852.0,389.0,2026-05-01,87432696.0,444198841.0,0.0,0.0,1546.0,7.0,113885737.0,3.0,444764928.0,0.0,0,0.1788,0.1968,0.6043,0.662,B,B
2026-08-27,700712041.0,444764928.0,114030873.0,7,0,0,1558,0,126972278.0,75004309.0,391,9145482389,S000,U0001,Cek Raporu,Tahsis Revizyonu,Izleme,30.0,330734055.0,390.0,2026-05-04,77203140.0,431843997.0,0.0,0.0,1567.0,7.0,110718145.0,115.0,,,1,0.1686,0.1788,0.5907,0.6445,B,B
2025-11-26,660258044.0,415127162.0,56198731.0,3,0,0,1339,0,116749289.0,90556917.0,435,9145792660,S000,U0002,Risk Merkezi,Yeni Basvuru,Kullandirim,40.0,358928431.0,,,,,,,,,,,408193026.0,0.0,0,0.2181,,0.7757,0.5972,C,
2025-12-25,619405438.0,408193026.0,58503185.0,3,0,0,1305,0,132093281.0,87353411.0,436,9145792660,S000,U0001,Risk Merkezi,Limit Yenileme,Kullandirim,40.0,349689841.0,435.0,2025-11-26,90556917.0,415127162.0,0.0,0.0,1339.0,3.0,56198731.0,29.0,540457362.0,0.0,0,0.214,0.2181,0.6613,0.6584,C,C
2026-08-21,761966824.0,540457362.0,112848472.0,3,0,0,1378,0,257667826.0,164594656.0,437,9145792660,S000,U0001,Risk Merkezi,Limit Yenileme,Kullandirim,40.0,427608890.0,436.0,2025-12-25,87353411.0,408193026.0,0.0,0.0,1305.0,3.0,58503185.0,239.0,540722881.0,0.0,0,0.3045,0.214,0.6388,0.7453,C,C
2026-09-25,727731370.0,540722881.0,118088927.0,3,0,0,1427,0,258178686.0,175449717.0,438,9145792660,S000,U0003,Ticari Kredi Notu,Periyodik Izleme,Izleme,65.0,422633954.0,437.0,2026-08-21,164594656.0,540457362.0,0.0,0.0,1378.0,3.0,112848472.0,35.0,,,1,0.3245,0.3045,0.6796,0.7779,B,C
2026-02-20,11611457.0,7056294.0,2642883.0,5,0,0,1631,0,2276377.0,814262.0,1707,9151572658,S012,U0121,Ticari Kredi Notu,Limit Yenileme,Kullandirim,65.0,4413411.0,,,,,,,,,,,7122892.0,0.0,0,0.1154,,0.3577,0.6687,A,
2026-02-27,12323484.0,7122892.0,2667827.0,5,0,0,1575,0,2823814.0,926192.0,1708,9151572658,S012,U0122,Risk Merkezi,Tahsis Revizyonu,Izleme,40.0,4455065.0,1707.0,2026-02-20,814262.0,7056294.0,0.0,0.0,1631.0,5.0,2642883.0,7.0,7361325.0,0.0,0,0.13,0.1154,0.328,0.6523,B,A
2026-04-17,13026311.0,7361325.0,2757130.0,5,0,0,1553,0,1582460.0,498652.0,1709,9151572658,S012,U0121,Risk Merkezi,Limit Yenileme,Teklif,40.0,4604195.0,1708.0,2026-02-27,926192.0,7122892.0,0.0,0.0,1575.0,5.0,2667827.0,49.0,7878027.0,0.0,0,0.0677,0.13,0.3151,0.5997,B,B
2026-06-01,12991247.0,7878027.0,2950657.0,5,0,0,1592,0,1001777.0,357044.0,1710,9151572658,S012,U0123,Cek Raporu,Periyodik Izleme,Izleme,30.0,4927370.0,1709.0,2026-04-17,498652.0,7361325.0,0.0,0.0,1553.0,5.0,2757130.0,45.0,7985805.0,0.0,0,0.0453,0.0677,0.3564,0.6273,B,B
2026-06-03,13748758.0,7985805.0,2991025.0,5,0,0,1582,0,1095095.0,362299.0,1711,9151572658,S012,U0123,Risk Merkezi,Limit Yenileme,Aksiyon Yok,40.0,4994780.0,1710.0,2026-06-01,357044.0,7878027.0,0.0,0.0,1592.0,5.0,2950657.0,2.0,8930694.0,0.0,0,0.0454,0.0453,0.3308,0.6025,B,B
2026-09-08,15088884.0,8930694.0,3344926.0,6,0,0,1580,0,1508888.0,0.0,1712,9151572658,S012,U0123,Risk Merkezi,Tahsis Revizyonu,Izleme,40.0,5585768.0,1711.0,2026-06-03,362299.0,7985805.0,0.0,0.0,1582.0,5.0,2991025.0,97.0,,,1,0.0,0.0454,0.0,0.6576,B,B
2025-10-31,34191573.0,23405372.0,2731429.0,4,0,0,1433,0,14159915.0,9585236.0,454,9155149048,S091,U0911,Risk Merkezi,Periyodik Izleme,Izleme,40.0,20673943.0,,,,,,,,,,,26662590.0,0.0,0,0.4095,,0.6769,0.6899,B,
2026-02-27,32949149.0,26662590.0,3111549.0,5,0,0,1260,1,18320500.0,10468889.0,455,9155149048,S091,U0912,Risk Merkezi,Tahsis Revizyonu,Izleme,40.0,23551041.0,454.0,2025-10-31,9585236.0,23405372.0,0.0,0.0,1433.0,4.0,2731429.0,119.0,28765881.0,0.0,0,0.3926,0.4095,0.5714,1.107,C,B
2026-06-12,31220410.0,28765881.0,3357005.0,6,0,0,1086,3,11781322.0,10624900.0,456,9155149048,S091,U0913,Ticari Kredi Notu,Limit Yenileme,Aksiyon Yok,65.0,25408876.0,455.0,2026-02-27,10468889.0,26662590.0,0.0,0.0,1260.0,5.0,3111549.0,105.0,30704146.0,1.0,0,0.3694,0.3926,0.9018,0.9332,D,C
2026-09-04,31014289.0,30704146.0,3583203.0,7,1,0,1026,3,10788315.0,10599015.0,457,9155149048,S091,U0911,Ticari Kredi Notu,Tahsis Revizyonu,Izleme,65.0,27120943.0,456.0,2026-06-12,10624900.0,28765881.0,0.0,0.0,1086.0,6.0,3357005.0,84.0,,,1,0.3452,0.3694,0.9825,0.994,D,D
2025-10-30,6024083.0,3681987.0,678580.0,2,0,0,1629,0,1106540.0,721239.0,127,9159455520,S112,U1123,Risk Merkezi,Yeni Basvuru,Kullandirim,40.0,3003407.0,,,,,,,,,,,3779315.0,0.0,0,0.1959,,0.6518,0.6021,A,
2026-03-27,5523104.0,3779315.0,696518.0,2,0,0,1613,0,1526537.0,746130.0,128,9159455520,S112,U1121,Cek Raporu,Limit Yenileme,Teklif,30.0,3082797.0,127.0,2025-10-30,721239.0,3681987.0,0.0,0.0,1629.0,2.0,678580.0,148.0,,,1,0.1974,0.1959,0.4888,0.7589,A,A
2025-11-28,152834560.0,104149171.0,14477351.0,3,0,0,1540,0,95311843.0,42753303.0,1506,9159953674,S041,U0411,Ticari Kredi Notu,Periyodik Izleme,Izleme,65.0,89671820.0,,,,,,,,,,,100039881.0,0.0,0,0.4105,,0.4486,1.0673,B,
2025-12-26,144292648.0,100039881.0,13906135.0,3,0,0,1522,0,69513485.0,41902454.0,1507,9159953674,S041,U0411,Risk Merkezi,Limit Yenileme,Kullandirim,40.0,86133746.0,1506.0,2025-11-28,42753303.0,104149171.0,0.0,0.0,1540.0,3.0,14477351.0,28.0,100113209.0,0.0,0,0.4189,0.4105,0.6028,0.7775,B,B
2026-01-26,153167448.0,100113209.0,13916328.0,3,0,0,1468,0,76330614.0,41524091.0,1508,9159953674,S041,U0413,Ticari Kredi Notu,Periyodik Izleme,Izleme,65.0,86196881.0,1507.0,2025-12-26,41902454.0,100039881.0,0.0,0.0,1522.0,3.0,13906135.0,31.0,,,1,0.4148,0.4189,0.544,0.7625,B,B
2025-10-09,147676546.0,86510689.0,29031824.0,2,0,0,1446,0,69387344.0,31123729.0,862,9160280211,S081,U0813,Risk Merkezi,Yeni Basvuru,Kullandirim,40.0,57478865.0,,,,,,,,,,,89548177.0,0.0,0,0.3598,,0.4486,0.7075,B,
2025-11-24,165466180.0,89548177.0,35693925.0,2,0,0,1467,0,61342193.0,31763291.0,863,9160280211,S081,U0812,Ticari Kredi Notu,Periyodik Izleme,Izleme,65.0,53854252.0,862.0,2025-10-09,31123729.0,86510689.0,0.0,0.0,1446.0,2.0,29031824.0,46.0,94609451.0,0.0,0,0.3547,0.3598,0.5178,0.555,B,B
2026-01-22,169124535.0,94609451.0,45357868.0,2,0,0,1465,0,62098966.0,33428614.0,864,9160280211,S081,U0811,Ticari Kredi Notu,Limit Yenileme,Ret,65.0,49251583.0,863.0,2025-11-24,31763291.0,89548177.0,0.0,0.0,1467.0,2.0,35693925.0,59.0,98719934.0,0.0,0,0.3533,0.3547,0.5383,0.5716,B,B
2026-02-18,178772624.0,98719934.0,50979810.0,2,0,0,1480,0,75013666.0,35719982.0,865,9160280211,S081,U0811,Risk Merkezi,Limit Yenileme,Teklif,40.0,47740124.0,864.0,2026-01-22,33428614.0,94609451.0,0.0,0.0,1465.0,2.0,45357868.0,27.0,100998109.0,0.0,0,0.3618,0.3533,0.4762,0.6072,B,B
2026-04-27,206096108.0,100998109.0,61564322.0,2,0,0,1431,0,146386263.0,38504210.0,866,9160280211,S081,U0812,Ticari Kredi Notu,Limit Yenileme,Aksiyon Yok,65.0,39433787.0,865.0,2026-02-18,35719982.0,98719934.0,0.0,0.0,1480.0,2.0,50979810.0,68.0,111599150.0,0.0,0,0.3812,0.3618,0.263,1.0466,B,B
2026-06-23,219572478.0,111599150.0,76740189.0,2,0,0,1502,0,81711210.0,35907913.0,867,9160280211,S081,U0813,Ticari Kredi Notu,Periyodik Izleme,Izleme,65.0,34858961.0,866.0,2026-04-27,38504210.0,100998109.0,0.0,0.0,1431.0,2.0,61564322.0,57.0,112772523.0,0.0,0,0.3218,0.3812,0.4394,0.549,B,B
2026-06-29,203458081.0,112772523.0,78473946.0,2,0,0,1464,0,92161573.0,36724528.0,868,9160280211,S081,U0813,Ticari Kredi Notu,Periyodik Izleme,Izleme,65.0,34298577.0,867.0,2026-06-23,35907913.0,111599150.0,0.0,0.0,1502.0,2.0,76740189.0,6.0,,,1,0.3257,0.3218,0.3985,0.6833,B,B
2026-03-16,21042361.0,10051911.0,3249383.0,7,0,0,1539,0,10447195.0,4288568.0,737,9161203641,S092,U0922,Risk Merkezi,Periyodik Izleme,Izleme,40.0,6802528.0,,,,,,,,,,,10926163.0,0.0,0,0.4266,,0.4105,0.544,B,
2026-08-06,22069467.0,10926163.0,3531994.0,7,0,0,1526,0,11105356.0,4635324.0,738,9161203641,S092,U0921,Risk Merkezi,Periyodik Izleme,Izleme,40.0,7394169.0,737.0,2026-03-16,4288568.0,10051911.0,0.0,0.0,1539.0,7.0,3249383.0,143.0,,,1,0.4242,0.4266,0.4174,0.5738,B,B
2025-11-24,818614986.0,581448175.0,192841331.0,2,0,0,1420,0,334321135.0,193095109.0,743,9161259812,S050,U0501,Risk Merkezi,Periyodik Izleme,Izleme,40.0,388606844.0,,,,,,,,,,,607035501.0,0.0,0,0.3321,,0.5776,0.8019,B,
2025-12-19,806457150.0,607035501.0,201327546.0,3,0,0,1345,0,258317899.0,211713201.0,744,9161259812,S050,U0501,Ticari Kredi Notu,Limit Yenileme,Aksiyon Yok,65.0,405707955.0,743.0,2025-11-24,193095109.0,581448175.0,0.0,0.0,1420.0,2.0,192841331.0,25.0,607876332.0,0.0,0,0.3488,0.3321,0.8196,0.7212,C,B
2026-01-23,816014667.0,607876332.0,201606413.0,3,0,0,1348,0,223524303.0,179730468.0,745,9161259812,S050,U0502,Ticari Kredi Notu,Periyodik Izleme,Izleme,65.0,406269919.0,744.0,2025-12-19,211713201.0,607035501.0,0.0,0.0,1345.0,3.0,201327546.0,35.0,725926619.0,1.0,0,0.2957,0.3488,0.8041,0.7226,C,C
2026-07-28,733259211.0,725926619.0,240758612.0,4,1,0,1066,1,216794930.0,214626981.0,746,9161259812,S050,U0501,Ticari Kredi Notu,Limit Yenileme,Aksiyon Yok,65.0,485168007.0,745.0,2026-01-23,179730468.0,607876332.0,0.0,0.0,1348.0,3.0,201606413.0,186.0,749284847.0,1.0,0,0.2957,0.2957,0.99,0.99,D,C
2026-09-07,781787709.0,749284847.0,248505531.0,5,1,1,994,5,231868844.0,215804074.0,747,9161259812,S050,U0503,Ticari Kredi Notu,Periyodik Izleme,Izleme,65.0,500779316.0,746.0,2026-07-28,214626981.0,725926619.0,1.0,0.0,1066.0,4.0,240758612.0,41.0,,,1,0.288,0.2957,0.9307,0.9701,D,D
2025-10-29,561619430.0,355966380.0,64144538.0,5,0,0,1640,0,86251956.0,42568325.0,496,9164665301,S030,U0302,Ticari Kredi Notu,Tahsis Revizyonu,Izleme,65.0,291821842.0,,,,,,,,,,,368866935.0,0.0,0,0.1196,,0.4935,0.6593,A,
2026-01-05,555808573.0,368866935.0,66469196.0,6,0,0,1572,0,74257020.0,51754986.0,497,9164665301,S030,U0303,Risk Merkezi,Periyodik Izleme,Izleme,40.0,302397739.0,496.0,2025-10-29,42568325.0,355966380.0,0.0,0.0,1640.0,5.0,64144538.0,68.0,449349796.0,1.0,0,0.1403,0.1196,0.697,0.6585,B,A
2026-04-20,596811963.0,449349796.0,80972071.0,7,1,0,1417,1,85532538.0,52327689.0,498,9164665301,S030,U0301,Risk Merkezi,Limit Yenileme,Aksiyon Yok,40.0,368377725.0,497.0,2026-01-05,51754986.0,368866935.0,0.0,0.0,1572.0,6.0,66469196.0,105.0,441348493.0,1.0,0,0.1165,0.1403,0.6118,0.7765,B,B
2026-05-25,555259623.0,441348493.0,79530250.0,7,1,0,1379,1,46876327.0,37617606.0,499,9164665301,S030,U0301,Ticari Kredi Notu,Limit Yenileme,Kullandirim,65.0,361818243.0,498.0,2026-04-20,52327689.0,449349796.0,1.0,0.0,1417.0,7.0,80972071.0,35.0,430523166.0,1.0,0,0.0852,0.1165,0.8025,0.7941,C,B
2026-07-24,496975073.0,430523166.0,77579544.0,7,1,0,1247,1,68509009.0,45743615.0,500,9164665301,S030,U0302,Risk Merkezi,Periyodik Izleme,Izleme,40.0,352943622.0,499.0,2026-05-25,37617606.0,441348493.0,1.0,0.0,1379.0,7.0,79530250.0,60.0,,,1,0.1063,0.0852,0.6677,0.898,C,C
2025-10-24,1540395252.0,862067903.0,230834975.0,3,0,0,1714,0,556914321.0,226151178.0,1168,9166244835,S050,U0502,Risk Merkezi,Yeni Basvuru,Kullandirim,40.0,631232928.0,,,,,,,,,,,866097700.0,0.0,0,0.2623,,0.4061,0.6466,A,
2026-01-28,1657885877.0,866097700.0,231914029.0,3,0,0,1746,0,379664127.0,215857626.0,1169,9166244835,S050,U0502,Risk Merkezi,Limit Yenileme,Aksiyon Yok,40.0,634183671.0,1168.0,2025-10-24,226151178.0,862067903.0,0.0,0.0,1714.0,3.0,230834975.0,96.0,853525669.0,0.0,0,0.2492,0.2623,0.5685,0.5087,A,A
2026-07-17,1591742372.0,853525669.0,228547631.0,3,0,0,1773,0,392194949.0,215497725.0,1170,9166244835,S050,U0502,Risk Merkezi,Periyodik Izleme,Izleme,40.0,624978038.0,1169.0,2026-01-28,215857626.0,866097700.0,0.0,0.0,1746.0,3.0,231914029.0,170.0,843530455.0,0.0,0,0.2525,0.2492,0.5495,0.5319,A,A
2026-08-26,1467530819.0,843530455.0,225871223.0,3,0,0,1826,0,394067899.0,212691909.0,1171,9166244835,S050,U0503,Risk Merkezi,Periyodik Izleme,Izleme,40.0,617659232.0,1170.0,2026-07-17,215497725.0,853525669.0,0.0,0.0,1773.0,3.0,228547631.0,40.0,,,1,0.2521,0.2525,0.5397,0.5877,A,A
2026-02-06,104840499.0,56271381.0,6413533.0,3,0,0,1334,0,49568628.0,19201968.0,1691,9167303380,S061,U0612,Cek Raporu,Yeni Basvuru,Aksiyon Yok,30.0,49857848.0,,,,,,,,,,,54334943.0,0.0,0,0.3412,,0.3874,0.6707,C,
2026-04-03,105174461.0,54334943.0,6192827.0,3,0,0,1248,0,49659275.0,18775999.0,1692,9167303380,S061,U0611,Risk Merkezi,Limit Yenileme,Kullandirim,40.0,48142116.0,1691.0,2026-02-06,19201968.0,56271381.0,0.0,0.0,1334.0,3.0,6413533.0,56.0,55861418.0,0.0,0,0.3456,0.3412,0.3781,0.6405,C,C
2026-07-31,96462852.0,55861418.0,6366807.0,3,0,0,1255,0,49222204.0,19416195.0,1693,9167303380,S061,U0612,Risk Merkezi,Limit Yenileme,Aksiyon Yok,40.0,49494611.0,1692.0,2026-04-03,18775999.0,54334943.0,0.0,0.0,1248.0,3.0,6192827.0,119.0,,,1,0.3476,0.3456,0.3945,0.7715,C,C
2025-11-14,17068333.0,8961969.0,3689197.0,4,0,0,1465,0,5505429.0,1974687.0,886,9167816279,S022,U0222,Risk Merkezi,Limit Yenileme,Aksiyon Yok,40.0,5272772.0,,,,,,,,,,,9534139.0,0.0,0,0.2203,,0.3587,0.6043,B,
2026-01-29,15268277.0,9534139.0,3924731.0,5,0,0,1376,0,4351407.0,2137670.0,887,9167816279,S022,U0222,Risk Merkezi,Tahsis Revizyonu,Izleme,40.0,5609408.0,886.0,2025-11-14,1974687.0,8961969.0,0.0,0.0,1465.0,4.0,3689197.0,76.0,10217710.0,0.0,0,0.2242,0.2203,0.4913,0.6775,C,B
2026-04-03,14978727.0,10217710.0,4206123.0,6,0,0,1295,0,3133593.0,1811719.0,888,9167816279,S022,U0223,Risk Merkezi,Periyodik Izleme,Izleme,40.0,6011587.0,887.0,2026-01-29,2137670.0,9534139.0,0.0,0.0,1376.0,5.0,3924731.0,64.0,10302575.0,0.0,0,0.1773,0.2242,0.5782,0.7097,C,C
2026-04-15,15989667.0,10302575.0,4241058.0,6,0,0,1255,2,3474672.0,1980292.0,889,9167816279,S022,U0221,Ticari Kredi Notu,Periyodik Izleme,Izleme,65.0,6061517.0,888.0,2026-04-03,1811719.0,10217710.0,0.0,0.0,1295.0,6.0,4206123.0,12.0,10012231.0,1.0,0,0.1922,0.1773,0.5699,0.665,C,C
2026-04-24,15002452.0,10012231.0,4121538.0,6,1,0,1227,2,3723460.0,1985528.0,890,9167816279,S022,U0221,Cek Raporu,Limit Yenileme,Aksiyon Yok,30.0,5890693.0,889.0,2026-04-15,1980292.0,10302575.0,0.0,0.0,1255.0,6.0,4241058.0,9.0,10871468.0,1.0,0,0.1983,0.1922,0.5332,0.7117,C,C
2026-05-25,14225924.0,10871468.0,4475243.0,6,1,0,1221,1,3206502.0,2606533.0,891,9167816279,S022,U0223,Ticari Kredi Notu,Periyodik Izleme,Izleme,65.0,6396225.0,890.0,2026-04-24,1985528.0,10012231.0,1.0,0.0,1227.0,6.0,4121538.0,31.0,,,1,0.2398,0.1983,0.8129,0.75,C,C
2025-10-24,28593106.0,16821834.0,4295295.0,2,0,0,1349,0,5570119.0,3063334.0,595,9170340525,S031,U0311,Ticari Kredi Notu,Limit Yenileme,Ret,65.0,12526539.0,,,,,,,,,,,17320337.0,0.0,0,0.1821,,0.55,0.5976,C,
2025-10-28,27938369.0,17320337.0,4422583.0,2,0,0,1347,0,5871424.0,3345587.0,596,9170340525,S031,U0313,Risk Merkezi,Limit Yenileme,Ret,40.0,12897754.0,595.0,2025-10-24,3063334.0,16821834.0,0.0,0.0,1349.0,2.0,4295295.0,4.0,16542816.0,0.0,0,0.1932,0.1821,0.5698,0.6333,C,C
2025-11-26,27711258.0,16542816.0,4224050.0,2,0,0,1392,0,4944425.0,3080058.0,597,9170340525,S031,U0312,Cek Raporu,Periyodik Izleme,Izleme,30.0,12318766.0,596.0,2025-10-28,3345587.0,17320337.0,0.0,0.0,1347.0,2.0,4422583.0,29.0,16462352.0,0.0,0,0.1862,0.1932,0.6229,0.5913,C,C
2025-12-17,28339866.0,16462352.0,4203504.0,2,0,0,1378,0,5347858.0,3191032.0,598,9170340525,S031,U0311,Risk Merkezi,Limit Yenileme,Kullandirim,40.0,12258848.0,597.0,2025-11-26,3080058.0,16542816.0,0.0,0.0,1392.0,2.0,4224050.0,21.0,,,1,0.1938,0.1862,0.5967,0.5772,C,C
2026-03-31,4411674.0,3202186.0,1047042.0,2,0,0,1432,0,1955356.0,1124139.0,1578,9171385209,S072,U0721,Risk Merkezi,Yeni Basvuru,Kullandirim,40.0,2155144.0,,,,,,,,,,,3533092.0,0.0,0,0.3511,,0.5749,0.846,B,
2026-05-15,5106254.0,3533092.0,1155241.0,2,0,0,1456,0,2077992.0,1363749.0,1579,9171385209,S072,U0721,Ticari Kredi Notu,Tahsis Revizyonu,Izleme,65.0,2377851.0,1578.0,2026-03-31,1124139.0,3202186.0,0.0,0.0,1432.0,2.0,1047042.0,45.0,3119791.0,0.0,0,0.386,0.3511,0.6563,0.7164,B,B
2026-07-10,4516892.0,3119791.0,1020101.0,2,0,0,1455,0,2021390.0,1373640.0,1580,9171385209,S072,U0722,Risk Merkezi,Periyodik Izleme,Izleme,40.0,2099690.0,1579.0,2026-05-15,1363749.0,3533092.0,0.0,0.0,1456.0,2.0,1155241.0,56.0,,,1,0.4403,0.386,0.6796,0.6997,B,B
2026-01-30,308546110.0,229485505.0,79239059.0,5,0,0,1549,0,134879653.0,97583930.0,842,9174940784,S050,U0502,Risk Merkezi,Yeni Basvuru,Kullandirim,40.0,150246446.0,,,,,,,,,,,,,1,0.4252,,0.7235,0.7595,B,
2026-02-11,23475186.0,13417989.0,1991388.0,6,0,0,1582,0,4221438.0,2132924.0,1207,9179794485,S001,U0011,Risk Merkezi,Limit Yenileme,Aksiyon Yok,40.0,11426601.0,,,,,,,,,,,,,1,0.159,,0.5053,0.5861,B,
2026-03-31,12001202.0,9507160.0,3322176.0,3,0,0,1434,0,5464866.0,3966211.0,218,9181521152,S082,U0822,Ticari Kredi Notu,Limit Yenileme,Aksiyon Yok,65.0,6184984.0,,,,,,,,,,,9080474.0,0.0,0,0.4172,,0.7258,0.8477,B,
2026-04-14,12498532.0,9080474.0,3173075.0,3,0,0,1425,0,5435096.0,3593875.0,219,9181521152,S082,U0821,Ticari Kredi Notu,Periyodik Izleme,Izleme,65.0,5907399.0,218.0,2026-03-31,3966211.0,9507160.0,0.0,0.0,1434.0,3.0,3322176.0,14.0,8627027.0,0.0,0,0.3958,0.4172,0.6612,0.7768,B,B
2026-06-24,10943129.0,8627027.0,3014623.0,3,0,0,1404,0,4171566.0,3566581.0,220,9181521152,S082,U0822,Ticari Kredi Notu,Periyodik Izleme,Izleme,65.0,5612404.0,219.0,2026-04-14,3593875.0,9080474.0,0.0,0.0,1425.0,3.0,3173075.0,71.0,,,1,0.4134,0.3958,0.855,0.7473,B,B
2025-12-26,752054575.0,499318818.0,97749009.0,6,0,0,1330,0,111439297.0,73619859.0,1217,9183285089,S050,U0502,Risk Merkezi,Periyodik Izleme,Izleme,40.0,401569809.0,,,,,,,,,,,502919357.0,0.0,0,0.1474,,0.6606,0.6645,C,
2026-01-12,747450266.0,502919357.0,98453867.0,6,0,0,1333,0,144953901.0,85832262.0,1218,9183285089,S050,U0503,Risk Merkezi,Tahsis Revizyonu,Izleme,40.0,404465490.0,1217.0,2025-12-26,73619859.0,499318818.0,0.0,0.0,1330.0,6.0,97749009.0,17.0,498120126.0,0.0,0,0.1707,0.1474,0.5921,0.6923,C,C
2026-03-31,758129671.0,498120126.0,97514347.0,6,0,0,1324,0,122140296.0,79899820.0,1219,9183285089,S050,U0503,Ticari Kredi Notu,Limit Yenileme,Ret,65.0,400605779.0,1218.0,2026-01-12,85832262.0,502919357.0,0.0,0.0,1333.0,6.0,98453867.0,78.0,507254220.0,0.0,0,0.1604,0.1707,0.6542,0.6576,C,C
2026-06-15,759785376.0,507254220.0,99302480.0,6,0,0,1331,0,122074718.0,86568055.0,1220,9183285089,S050,U0501,Cek Raporu,Periyodik Izleme,Izleme,30.0,407951740.0,1219.0,2026-03-31,79899820.0,498120126.0,0.0,0.0,1324.0,6.0,97514347.0,76.0,,,1,0.1707,0.1604,0.7091,0.6597,C,C
2025-11-06,10818422.0,7492435.0,1894920.0,4,0,0,1524,0,2237988.0,1439875.0,748,9183943814,S002,U0022,Ticari Kredi Notu,Periyodik Izleme,Izleme,65.0,5597515.0,,,,,,,,,,,,,1,0.1922,,0.6434,0.7054,B,
2025-12-19,72626968.0,55375644.0,18222678.0,5,0,0,1691,0,8441117.0,6773030.0,1186,9183957440,S041,U0412,Risk Merkezi,Yeni Basvuru,Aksiyon Yok,40.0,37152966.0,,,,,,,,,,,63150618.0,0.0,0,0.1223,,0.8024,0.7572,A,
2026-02-27,77201450.0,63150618.0,20781219.0,5,0,0,1593,0,11909678.0,8008937.0,1187,9183957440,S041,U0412,Ticari Kredi Notu,Limit Yenileme,Aksiyon Yok,65.0,42369399.0,1186.0,2025-12-19,6773030.0,55375644.0,0.0,0.0,1691.0,5.0,18222678.0,70.0,69076933.0,1.0,0,0.1268,0.1223,0.6725,0.8445,B,A
2026-05-29,73366334.0,69076933.0,22731415.0,6,1,0,1432,1,9056937.0,7814170.0,1188,9183957440,S041,U0413,Ticari Kredi Notu,Tahsis Revizyonu,Izleme,65.0,46345518.0,1187.0,2026-02-27,8008937.0,63150618.0,0.0,0.0,1593.0,5.0,20781219.0,91.0,,,1,0.1131,0.1268,0.8628,0.9526,B,B
2026-02-02,221612497.0,147518431.0,43288610.0,2,0,0,1335,0,24053324.0,16825650.0,1354,9184357558,S011,U0113,Risk Merkezi,Limit Yenileme,Aksiyon Yok,40.0,104229821.0,,,,,,,,,,,115510990.0,0.0,0,0.1141,,0.6995,0.6615,C,
2026-07-02,178305213.0,115510990.0,33896173.0,2,0,0,1312,0,2141118.0,1151884.0,1355,9184357558,S011,U0113,Risk Merkezi,Limit Yenileme,Teklif,40.0,81614817.0,1354.0,2026-02-02,16825650.0,147518431.0,0.0,0.0,1335.0,2.0,43288610.0,150.0,,,1,0.01,0.1141,0.538,0.6492,C,C
2025-11-26,65730490.0,35548854.0,10568303.0,2,0,0,1670,0,33267372.0,15595845.0,1438,9186894106,S021,U0211,Cek Raporu,Yeni Basvuru,Kullandirim,30.0,24980551.0,,,,,,,,,,,35280234.0,0.0,0,0.4387,,0.4688,0.6146,A,
2026-01-29,62296208.0,35280234.0,13581507.0,2,0,0,1639,0,29755251.0,15360386.0,1439,9186894106,S021,U0211,Ticari Kredi Notu,Periyodik Izleme,Izleme,65.0,21698727.0,1438.0,2025-11-26,15595845.0,35548854.0,0.0,0.0,1670.0,2.0,10568303.0,64.0,40184347.0,0.0,0,0.4354,0.4387,0.5162,0.6121,A,A
2026-03-27,76911823.0,40184347.0,18607080.0,2,0,0,1652,0,47594995.0,16843410.0,1440,9186894106,S021,U0213,Risk Merkezi,Periyodik Izleme,Izleme,40.0,21577267.0,1439.0,2026-01-29,15360386.0,35280234.0,0.0,0.0,1639.0,2.0,13581507.0,57.0,43280626.0,0.0,0,0.4192,0.4354,0.3539,0.7962,A,A
2026-06-26,86188816.0,43280626.0,25436046.0,2,0,0,1693,0,42721957.0,18637504.0,1441,9186894106,S021,U0212,Risk Merkezi,Periyodik Izleme,Izleme,40.0,17844580.0,1440.0,2026-03-27,16843410.0,40184347.0,0.0,0.0,1652.0,2.0,18607080.0,91.0,42638173.0,0.0,0,0.4306,0.4192,0.4363,0.5669,A,A
2026-06-30,76077745.0,42638173.0,25292110.0,2,0,0,1656,0,32129552.0,18280106.0,1442,9186894106,S021,U0211,Ticari Kredi Notu,Periyodik Izleme,Izleme,65.0,17346063.0,1441.0,2026-06-26,18637504.0,43280626.0,0.0,0.0,1693.0,2.0,25436046.0,4.0,43173628.0,0.0,0,0.4287,0.4306,0.5689,0.5542,A,A
2026-08-26,76915957.0,43173628.0,28980823.0,2,0,0,1600,0,30669993.0,17066969.0,1443,9186894106,S021,U0211,Risk Merkezi,Tahsis Revizyonu,Izleme,40.0,14192805.0,1442.0,2026-06-30,18280106.0,42638173.0,0.0,0.0,1656.0,2.0,25292110.0,57.0,,,1,0.3953,0.4287,0.5565,0.5645,A,A
2026-01-22,176724868.0,125582439.0,21617498.0,2,0,0,1474,0,60001598.0,35675792.0,941,9187241087,S111,U1112,Cek Raporu,Yeni Basvuru,Kullandirim,30.0,103964941.0,,,,,,,,,,,,,1,0.2841,,0.5946,0.7703,B,
2025-12-04,691781031.0,439709262.0,71157323.0,3,0,0,1338,0,299655672.0,153326161.0,1484,9188484931,S000,U0001,Risk Merkezi,Yeni Basvuru,Kullandirim,40.0,368551939.0,,,,,,,,,,,428884966.0,0.0,0,0.3487,,0.5117,0.7303,C,
2026-02-26,711660617.0,428884966.0,69405648.0,3,0,0,1342,0,217662618.0,150060606.0,1485,9188484931,S000,U0001,Ticari Kredi Notu,Limit Yenileme,Aksiyon Yok,65.0,359479318.0,1484.0,2025-12-04,153326161.0,439709262.0,0.0,0.0,1338.0,3.0,71157323.0,84.0,433219557.0,0.0,0,0.3499,0.3487,0.6894,0.5644,C,C
2026-05-27,722351355.0,433219557.0,70107107.0,3,0,0,1282,0,227175281.0,151590677.0,1486,9188484931,S000,U0001,Cek Raporu,Periyodik Izleme,Izleme,30.0,363112450.0,1485.0,2026-02-26,150060606.0,428884966.0,0.0,0.0,1342.0,3.0,69405648.0,90.0,427764491.0,0.0,0,0.3499,0.3499,0.6673,0.5687,C,C
2026-07-10,690367996.0,427764491.0,69224324.0,3,0,0,1360,0,237081572.0,143902173.0,1487,9188484931,S000,U0003,Risk Merkezi,Limit Yenileme,Kullandirim,40.0,358540167.0,1486.0,2026-05-27,151590677.0,433219557.0,0.0,0.0,1282.0,3.0,70107107.0,44.0,,,1,0.3364,0.3499,0.607,0.6262,C,C
2025-11-04,6144318.0,3886908.0,1241291.0,5,0,0,1594,0,1557322.0,1030305.0,112,9190995549,S002,U0023,Ticari Kredi Notu,Limit Yenileme,Kullandirim,65.0,2645617.0,,,,,,,,,,,4089530.0,0.0,0,0.2651,,0.6616,0.6228,B,
2025-11-24,6766222.0,4089530.0,1305998.0,5,0,0,1570,0,1617299.0,969160.0,113,9190995549,S002,U0023,Risk Merkezi,Periyodik Izleme,Izleme,40.0,2783532.0,112.0,2025-11-04,1030305.0,3886908.0,0.0,0.0,1594.0,5.0,1241291.0,20.0,4001150.0,0.0,0,0.237,0.2651,0.5992,0.606,B,B
2025-12-26,6357401.0,4001150.0,1277774.0,5,0,0,1556,0,1571389.0,972480.0,114,9190995549,S002,U0023,Ticari Kredi Notu,Tahsis Revizyonu,Izleme,65.0,2723376.0,113.0,2025-11-24,969160.0,4089530.0,0.0,0.0,1570.0,5.0,1305998.0,32.0,4155153.0,0.0,0,0.2431,0.237,0.6189,0.6328,B,B
2026-06-12,6992167.0,4155153.0,1326955.0,5,0,0,1593,0,1982079.0,1149709.0,115,9190995549,S002,U0021,Ticari Kredi Notu,Periyodik Izleme,Izleme,65.0,2828198.0,114.0,2025-12-26,972480.0,4001150.0,0.0,0.0,1556.0,5.0,1277774.0,168.0,,,1,0.2767,0.2431,0.5801,0.5999,B,B
2025-12-26,141856801.0,78996073.0,20627891.0,4,0,0,1433,0,63762166.0,19566820.0,1122,9195348121,S051,U0512,Risk Merkezi,Limit Yenileme,Ret,40.0,58368182.0,,,,,,,,,,,85360195.0,0.0,0,0.2477,,0.3069,0.761,B,
2026-01-23,143740317.0,85360195.0,22289726.0,5,0,0,1433,0,59564978.0,20481421.0,1123,9195348121,S051,U0513,Risk Merkezi,Periyodik Izleme,Izleme,40.0,63070469.0,1122.0,2025-12-26,19566820.0,78996073.0,0.0,0.0,1433.0,4.0,20627891.0,28.0,88141692.0,0.0,0,0.2399,0.2477,0.3439,0.7708,B,B
2026-03-06,152877343.0,88141692.0,23016046.0,5,0,0,1427,0,48086847.0,15702842.0,1124,9195348121,S051,U0511,Risk Merkezi,Limit Yenileme,Aksiyon Yok,40.0,65125646.0,1123.0,2026-01-23,20481421.0,85360195.0,0.0,0.0,1433.0,5.0,22289726.0,42.0,101109980.0,0.0,0,0.1782,0.2399,0.3266,0.6913,B,B
2026-06-08,203052929.0,101109980.0,26402397.0,5,0,0,1388,0,46335929.0,11488942.0,1125,9195348121,S051,U0511,Risk Merkezi,Limit Yenileme,Kullandirim,40.0,74707583.0,1124.0,2026-03-06,15702842.0,88141692.0,0.0,0.0,1427.0,5.0,23016046.0,94.0,107323071.0,0.0,0,0.1136,0.1782,0.2479,0.5719,C,B
2026-09-25,184222534.0,107323071.0,28024793.0,6,0,0,1423,0,6677357.0,2220709.0,1126,9195348121,S051,U0511,Ticari Kredi Notu,Tahsis Revizyonu,Izleme,65.0,79298278.0,1125.0,2026-06-08,11488942.0,101109980.0,0.0,0.0,1388.0,5.0,26402397.0,109.0,111757380.0,0.0,0,0.0207,0.1136,0.3326,0.592,B,C
2026-09-29,192484975.0,111757380.0,29182705.0,6,0,0,1378,0,1132028.0,374252.0,1127,9195348121,S051,U0512,Ticari Kredi Notu,Periyodik Izleme,Izleme,65.0,82574675.0,1126.0,2026-09-25,2220709.0,107323071.0,0.0,0.0,1423.0,6.0,28024793.0,4.0,,,1,0.0033,0.0207,0.3306,0.5821,C,B
2026-04-03,190484704.0,137002346.0,31786189.0,6,0,0,1439,0,81894746.0,53665103.0,394,9195352626,S031,U0312,Risk Merkezi,Periyodik Izleme,Izleme,40.0,105216157.0,,,,,,,,,,,144607678.0,0.0,0,0.3917,,0.6553,0.7674,B,
2026-05-01,206451771.0,144607678.0,33550718.0,6,0,0,1451,0,88178365.0,59283331.0,395,9195352626,S031,U0313,Cek Raporu,Limit Yenileme,Teklif,30.0,111056960.0,394.0,2026-04-03,53665103.0,137002346.0,0.0,0.0,1439.0,6.0,31786189.0,28.0,137525888.0,0.0,0,0.41,0.3917,0.6723,0.7214,B,B
2026-06-02,191053763.0,137525888.0,31907657.0,6,0,0,1447,0,90848560.0,55810743.0,396,9195352626,S031,U0313,Risk Merkezi,Limit Yenileme,Kullandirim,40.0,105618231.0,395.0,2026-05-01,59283331.0,144607678.0,0.0,0.0,1451.0,6.0,33550718.0,32.0,,,1,0.4058,0.41,0.6143,0.8155,B,B
2026-09-03,14776458.0,9649985.0,3644699.0,6,0,0,1633,0,4251112.0,3193945.0,936,9196558351,S092,U0923,Cek Raporu,Yeni Basvuru,Kullandirim,30.0,6005286.0,,,,,,,,,,,,,1,0.331,,0.7513,0.6134,A,
2025-12-01,10999710.0,6492672.0,1687689.0,3,0,0,1584,0,1145018.0,648764.0,1256,9197655505,S062,U0622,Risk Merkezi,Periyodik Izleme,Izleme,40.0,4804983.0,,,,,,,,,,,6703409.0,0.0,0,0.0999,,0.5666,0.593,B,
2026-02-27,11935792.0,6703409.0,1742467.0,3,0,0,1603,0,1799996.0,830990.0,1257,9197655505,S062,U0622,Ticari Kredi Notu,Periyodik Izleme,Izleme,65.0,4960942.0,1256.0,2025-12-01,648764.0,6492672.0,0.0,0.0,1584.0,3.0,1687689.0,88.0,6970157.0,0.0,0,0.124,0.0999,0.4617,0.5794,A,B
2026-09-30,11510365.0,6970157.0,1811805.0,3,0,0,1598,0,1679558.0,817308.0,1258,9197655505,S062,U0622,Ticari Kredi Notu,Limit Yenileme,Kullandirim,65.0,5158352.0,1257.0,2026-02-27,830990.0,6703409.0,0.0,0.0,1603.0,3.0,1742467.0,215.0,,,1,0.1173,0.124,0.4866,0.6259,B,A
2025-12-17,46756987.0,33969119.0,5077157.0,5,0,0,1790,0,12757828.0,7874670.0,312,9197791392,S051,U0511,Risk Merkezi,Limit Yenileme,Ret,40.0,28891962.0,,,,,,,,,,,31557282.0,0.0,0,0.2318,,0.6172,0.7675,A,
2026-02-23,42598702.0,31557282.0,4716675.0,5,0,0,1747,0,12564186.0,8633391.0,313,9197791392,S051,U0513,Ticari Kredi Notu,Limit Yenileme,Kullandirim,65.0,26840607.0,312.0,2025-12-17,7874670.0,33969119.0,0.0,0.0,1790.0,5.0,5077157.0,68.0,31212144.0,0.0,0,0.2736,0.2318,0.6871,0.7633,A,A
2026-03-10,42544243.0,31212144.0,4665089.0,5,0,0,1792,0,15896464.0,9367453.0,314,9197791392,S051,U0511,Risk Merkezi,Tahsis Revizyonu,Izleme,40.0,26547055.0,313.0,2026-02-23,8633391.0,31557282.0,0.0,0.0,1747.0,5.0,4716675.0,15.0,27537719.0,0.0,0,0.3001,0.2736,0.5893,0.8198,A,A
2026-08-28,36591604.0,27537719.0,4115895.0,5,0,0,1798,0,12057510.0,11127340.0,315,9197791392,S051,U0513,Risk Merkezi,Periyodik Izleme,Izleme,40.0,23421824.0,314.0,2026-03-10,9367453.0,31212144.0,0.0,0.0,1792.0,5.0,4665089.0,171.0,,,1,0.4041,0.3001,0.9229,0.6689,A,A
2026-05-14,171199348.0,123166073.0,71315471.0,3,0,0,1326,0,22920326.0,16989647.0,1038,9198164725,S071,U0713,Risk Merkezi,Periyodik Izleme,Izleme,40.0,51850602.0,,,,,,,,,,,118302237.0,0.0,0,0.1379,,0.7412,0.7161,C,
2026-05-18,163133103.0,118302237.0,69147450.0,3,0,0,1346,0,27326388.0,17121741.0,1039,9198164725,S071,U0711,Risk Merkezi,Tahsis Revizyonu,Izleme,40.0,49154787.0,1038.0,2026-05-14,16989647.0,123166073.0,0.0,0.0,1326.0,3.0,71315471.0,4.0,141024166.0,0.0,0,0.1447,0.1379,0.6266,0.745,C,C
2026-09-25,200255161.0,141024166.0,107542270.0,3,0,0,1296,0,41385026.0,24516836.0,1040,9198164725,S071,U0713,Cek Raporu,Tahsis Revizyonu,Izleme,30.0,33481896.0,1039.0,2026-05-18,17121741.0,118302237.0,0.0,0.0,1346.0,3.0,69147450.0,130.0,129262125.0,0.0,0,0.1738,0.1447,0.5924,0.7333,C,C
2026-09-29,178983851.0,129262125.0,99281053.0,3,0,0,1304,0,35478387.0,21541935.0,1041,9198164725,S071,U0713,Ticari Kredi Notu,Periyodik Izleme,Izleme,65.0,29981072.0,1040.0,2026-09-25,24516836.0,141024166.0,0.0,0.0,1296.0,3.0,107542270.0,4.0,,,1,0.1667,0.1738,0.6072,0.7506,C,C
2026-05-25,64244033.0,45901066.0,9712303.0,7,0,0,1451,0,10277268.0,6694088.0,1448,9202516529,S021,U0211,Cek Raporu,Yeni Basvuru,Kullandirim,30.0,36188763.0,,,,,,,,,,,,,1,0.1458,,0.6513,0.7265,B,
2026-06-22,236524384.0,123352595.0,40175471.0,4,0,0,1507,0,89889389.0,45886511.0,780,9203667447,S011,U0111,Cek Raporu,Yeni Basvuru,Aksiyon Yok,30.0,83177124.0,,,,,,,,,,,127800236.0,0.0,0,0.372,,0.5105,0.5283,B,
2026-08-20,267469570.0,127800236.0,41624051.0,4,0,0,1506,0,118591774.0,46980414.0,781,9203667447,S011,U0111,Ticari Kredi Notu,Periyodik Izleme,Izleme,65.0,86176185.0,780.0,2026-06-22,45886511.0,123352595.0,0.0,0.0,1507.0,4.0,40175471.0,59.0,131780266.0,0.0,0,0.3676,0.372,0.3962,0.5429,B,B
2026-08-21,263120525.0,131780266.0,42920331.0,4,0,0,1544,0,128350047.0,51578292.0,782,9203667447,S011,U0113,Ticari Kredi Notu,Limit Yenileme,Kullandirim,65.0,88859935.0,781.0,2026-08-20,46980414.0,127800236.0,0.0,0.0,1506.0,4.0,41624051.0,1.0,121899600.0,0.0,0,0.3914,0.3676,0.4019,0.5951,B,B
2026-08-24,261759017.0,121899600.0,39702236.0,4,0,0,1503,0,91867409.0,45398630.0,783,9203667447,S011,U0111,Risk Merkezi,Periyodik Izleme,Izleme,40.0,82197364.0,782.0,2026-08-21,51578292.0,131780266.0,0.0,0.0,1544.0,4.0,42920331.0,3.0,,,1,0.3724,0.3914,0.4942,0.4503,B,B
2025-10-07,141117532.0,74284605.0,15070411.0,6,0,0,1548,0,77096722.0,32521886.0,619,9211690642,S081,U0811,Ticari Kredi Notu,Yeni Basvuru,Teklif,65.0,59214194.0,,,,,,,,,,,,,1,0.4378,,0.4218,0.6523,B,
2025-11-11,68032536.0,32788292.0,10527587.0,3,0,0,1280,0,46759194.0,10845803.0,1322,9211935313,S061,U0612,Risk Merkezi,Yeni Basvuru,Ret,40.0,22260705.0,,,,,,,,,,,38362200.0,0.0,0,0.3308,,0.232,1.0315,C,
2026-03-27,79367696.0,38362200.0,12317244.0,4,0,0,1304,0,35751152.0,8342452.0,1323,9211935313,S061,U0613,Risk Merkezi,Limit Yenileme,Aksiyon Yok,40.0,26044956.0,1322.0,2025-11-11,10845803.0,32788292.0,0.0,0.0,1280.0,3.0,10527587.0,136.0,47437627.0,0.0,0,0.2175,0.3308,0.2333,0.6883,C,C
2026-09-07,87479000.0,47437627.0,15231161.0,5,0,0,1264,0,9435116.0,2757643.0,1324,9211935313,S061,U0613,Cek Raporu,Limit Yenileme,Aksiyon Yok,30.0,32206466.0,1323.0,2026-03-27,8342452.0,38362200.0,0.0,0.0,1304.0,4.0,12317244.0,164.0,,,1,0.0581,0.2175,0.2923,0.5725,C,C
2026-09-25,59944948.0,41499137.0,11216562.0,2,0,0,1786,0,25395346.0,14742071.0,1352,9217761808,S102,U1023,Cek Raporu,Yeni Basvuru,Kullandirim,30.0,30282575.0,,,,,,,,,,,,,1,0.3552,,0.5805,0.7745,A,
2025-10-24,44076799.0,20601501.0,6199386.0,3,0,0,1298,0,18079415.0,3930467.0,669,9217829180,S102,U1021,Risk Merkezi,Tahsis Revizyonu,Izleme,40.0,14402115.0,,,,,,,,,,,23162070.0,0.0,0,0.1908,,0.2174,0.6413,C,
2026-01-23,42257763.0,23162070.0,6969910.0,4,0,0,1317,0,7462757.0,2224752.0,670,9217829180,S102,U1023,Ticari Kredi Notu,Limit Yenileme,Aksiyon Yok,65.0,16192160.0,669.0,2025-10-24,3930467.0,20601501.0,0.0,0.0,1298.0,3.0,6199386.0,91.0,22174836.0,0.0,0,0.0961,0.1908,0.2981,0.6017,C,C
2026-02-05,38159172.0,22174836.0,6672832.0,4,0,0,1268,0,6115662.0,2024983.0,671,9217829180,S102,U1022,Risk Merkezi,Tahsis Revizyonu,Izleme,40.0,15502004.0,670.0,2026-01-23,2224752.0,23162070.0,0.0,0.0,1317.0,4.0,6969910.0,13.0,24286526.0,0.0,0,0.0913,0.0961,0.3311,0.6288,C,C
2026-04-03,44135705.0,24286526.0,7308280.0,4,0,0,1290,0,5152749.0,1547213.0,672,9217829180,S102,U1021,Ticari Kredi Notu,Periyodik Izleme,Izleme,65.0,16978246.0,671.0,2026-02-05,2024983.0,22174836.0,0.0,0.0,1268.0,4.0,6672832.0,57.0,25257896.0,0.0,0,0.0637,0.0913,0.3003,0.5833,C,C
2026-05-01,45630558.0,25257896.0,7600584.0,4,0,0,1334,0,2964744.0,899890.0,673,9217829180,S102,U1023,Ticari Kredi Notu,Limit Yenileme,Aksiyon Yok,65.0,17657312.0,672.0,2026-04-03,1547213.0,24286526.0,0.0,0.0,1290.0,4.0,7308280.0,28.0,28600610.0,0.0,0,0.0356,0.0637,0.3035,0.5709,C,C
2026-08-28,47321905.0,28600610.0,8606471.0,5,0,0,1312,0,4732190.0,0.0,674,9217829180,S102,U1021,Risk Merkezi,Periyodik Izleme,Izleme,40.0,19994139.0,673.0,2026-05-01,899890.0,25257896.0,0.0,0.0,1334.0,4.0,7600584.0,119.0,,,1,0.0,0.0356,0.0,0.6715,C,C
2025-12-05,560763912.0,372869839.0,134884643.0,2,0,0,1531,0,82594215.0,53375441.0,261,9218039652,S030,U0302,Risk Merkezi,Periyodik Izleme,Izleme,40.0,237985196.0,,,,,,,,,,,395939484.0,0.0,0,0.1431,,0.6462,0.6682,B,
2026-02-04,606100596.0,395939484.0,176315378.0,2,0,0,1472,0,101820562.0,57414548.0,262,9218039652,S030,U0303,Ticari Kredi Notu,Limit Yenileme,Kullandirim,65.0,219624106.0,261.0,2025-12-05,53375441.0,372869839.0,0.0,0.0,1531.0,2.0,134884643.0,61.0,382683030.0,0.0,0,0.145,0.1431,0.5639,0.6713,B,B
2026-02-23,586938129.0,382683030.0,180372404.0,2,0,0,1499,0,100240197.0,64790275.0,263,9218039652,S030,U0303,Risk Merkezi,Limit Yenileme,Kullandirim,40.0,202310626.0,262.0,2026-02-04,57414548.0,395939484.0,0.0,0.0,1472.0,2.0,176315378.0,19.0,381440194.0,0.0,0,0.1693,0.145,0.6464,0.6532,B,B
2026-03-27,552185352.0,381440194.0,196507276.0,2,0,0,1478,0,93689955.0,59928974.0,264,9218039652,S030,U0303,Ticari Kredi Notu,Periyodik Izleme,Izleme,65.0,184932918.0,263.0,2026-02-23,64790275.0,382683030.0,0.0,0.0,1499.0,2.0,180372404.0,32.0,419398955.0,0.0,0,0.1571,0.1693,0.6397,0.7012,B,B
2026-05-04,627395017.0,419398955.0,237894291.0,2,0,0,1492,0,115901483.0,71500076.0,265,9218039652,S030,U0303,Ticari Kredi Notu,Limit Yenileme,Kullandirim,65.0,181504664.0,264.0,2026-03-27,59928974.0,381440194.0,0.0,0.0,1478.0,2.0,196507276.0,38.0,458929076.0,0.0,0,0.1705,0.1571,0.6169,0.6802,B,B
2026-07-21,655855674.0,458929076.0,309353089.0,2,0,0,1509,0,76698245.0,56685492.0,266,9218039652,S030,U0302,Ticari Kredi Notu,Periyodik Izleme,Izleme,65.0,149575987.0,265.0,2026-05-04,71500076.0,419398955.0,0.0,0.0,1492.0,2.0,237894291.0,78.0,,,1,0.1235,0.1705,0.7391,0.6945,B,B
2025-10-17,8455131.0,4361641.0,1370358.0,7,0,0,1437,0,1592248.0,738074.0,15,9219048284,S022,U0223,Risk Merkezi,Limit Yenileme,Kullandirim,40.0,2991283.0,,,,,,,,,,,4278371.0,0.0,0,0.1692,,0.4635,0.528,B,
2026-03-30,8142042.0,4278371.0,1344196.0,7,0,0,1463,0,815412.0,526104.0,16,9219048284,S022,U0222,Risk Merkezi,Limit Yenileme,Teklif,40.0,2934175.0,15.0,2025-10-17,738074.0,4361641.0,0.0,0.0,1437.0,7.0,1370358.0,164.0,,,1,0.123,0.1692,0.6452,0.5121,B,B
2025-10-13,581890311.0,375900567.0,82732897.0,3,0,0,1551,0,126405473.0,88483487.0,358,9220836521,S000,U0003,Ticari Kredi Notu,Yeni Basvuru,Aksiyon Yok,65.0,293167670.0,,,,,,,,,,,374110808.0,0.0,0,0.2354,,0.7,0.631,B,
2025-10-31,603522541.0,374110808.0,82338984.0,3,0,0,1548,0,161440602.0,73577801.0,359,9220836521,S000,U0001,Risk Merkezi,Periyodik Izleme,Izleme,40.0,291771824.0,358.0,2025-10-13,88483487.0,375900567.0,0.0,0.0,1551.0,3.0,82732897.0,18.0,451162055.0,1.0,0,0.1967,0.2354,0.4558,0.6798,B,B
2026-04-24,523197646.0,451162055.0,99297386.0,5,1,0,1260,2,135837667.0,93529419.0,360,9220836521,S000,U0001,Risk Merkezi,Periyodik Izleme,Izleme,40.0,351864669.0,359.0,2025-10-31,73577801.0,374110808.0,0.0,0.0,1548.0,3.0,82338984.0,175.0,,,1,0.2073,0.1967,0.6885,0.9233,C,B
2025-10-17,32634710.0,17161852.0,4647758.0,2,0,0,1270,0,9781511.0,3602906.0,34,9221222822,S031,U0311,Ticari Kredi Notu,Limit Yenileme,Teklif,65.0,12514094.0,,,,,,,,,,,17458787.0,0.0,0,0.2099,,0.3683,0.5933,C,
2026-09-25,32130525.0,17458787.0,4728174.0,2,0,0,1350,0,7558157.0,3567051.0,35,9221222822,S031,U0311,Risk Merkezi,Periyodik Izleme,Izleme,40.0,12730613.0,34.0,2025-10-17,3602906.0,17161852.0,0.0,0.0,1270.0,2.0,4647758.0,343.0,,,1,0.2043,0.2099,0.4719,0.5653,C,C
2026-03-31,56722927.0,42202890.0,10462436.0,5,0,0,1296,0,17004401.0,13076795.0,1089,9221688379,S091,U0911,Risk Merkezi,Yeni Basvuru,Ret,40.0,31740454.0,,,,,,,,,,,38923124.0,0.0,0,0.3099,,0.769,0.7333,C,
2026-04-06,64080705.0,38923124.0,9649356.0,5,0,0,1326,0,18099106.0,10713165.0,1090,9221688379,S091,U0911,Risk Merkezi,Limit Yenileme,Ret,40.0,29273768.0,1089.0,2026-03-31,13076795.0,42202890.0,0.0,0.0,1296.0,5.0,10462436.0,6.0,,,1,0.2752,0.3099,0.5919,0.6135,C,C
2026-05-22,32311276.0,24377518.0,12087767.0,4,0,0,1564,0,16476255.0,9804833.0,878,9224722496,S051,U0511,Risk Merkezi,Limit Yenileme,Aksiyon Yok,40.0,12289751.0,,,,,,,,,,,24324567.0,0.0,0,0.4022,,0.5951,0.9203,B,
2026-07-31,32143382.0,24324567.0,14394004.0,4,0,0,1534,0,14332173.0,10392577.0,879,9224722496,S051,U0512,Ticari Kredi Notu,Periyodik Izleme,Izleme,65.0,9930563.0,878.0,2026-05-22,9804833.0,24377518.0,0.0,0.0,1564.0,4.0,12087767.0,70.0,26047335.0,0.0,0,0.4272,0.4022,0.7251,0.7822,B,B
2026-09-18,38055753.0,26047335.0,17161831.0,4,0,0,1536,0,20475530.0,11024563.0,880,9224722496,S051,U0513,Cek Raporu,Limit Yenileme,Kullandirim,30.0,8885504.0,879.0,2026-07-31,10392577.0,24324567.0,0.0,0.0,1534.0,4.0,14394004.0,49.0,,,1,0.4233,0.4272,0.5384,0.8545,B,B
2025-12-09,79484694.0,44393600.0,10654525.0,6,0,0,1556,0,28552624.0,8808987.0,1425,9224855466,S041,U0411,Ticari Kredi Notu,Yeni Basvuru,Kullandirim,65.0,33739075.0,,,,,,,,,,,45415561.0,0.0,0,0.1984,,0.3085,0.6987,B,
2025-12-26,77868777.0,45415561.0,10899797.0,6,0,0,1577,0,24329985.0,8107529.0,1426,9224855466,S041,U0411,Risk Merkezi,Limit Yenileme,Aksiyon Yok,40.0,34515764.0,1425.0,2025-12-09,8808987.0,44393600.0,0.0,0.0,1556.0,6.0,10654525.0,17.0,53785878.0,0.0,0,0.1785,0.1984,0.3332,0.6968,B,B
2026-04-22,90289104.0,53785878.0,12908685.0,7,0,0,1558,0,13302088.0,4598629.0,1427,9224855466,S041,U0412,Risk Merkezi,Periyodik Izleme,Izleme,40.0,40877193.0,1426.0,2025-12-26,8107529.0,45415561.0,0.0,0.0,1577.0,6.0,10899797.0,117.0,53020779.0,0.0,0,0.0855,0.1785,0.3457,0.6389,B,B
2026-05-14,88673709.0,53020779.0,12725060.0,7,0,0,1583,0,11921133.0,4147735.0,1428,9224855466,S041,U0413,Ticari Kredi Notu,Limit Yenileme,Aksiyon Yok,65.0,40295719.0,1427.0,2026-04-22,4598629.0,53785878.0,0.0,0.0,1558.0,7.0,12908685.0,22.0,58882167.0,0.0,0,0.0782,0.0855,0.3479,0.6368,B,B
2026-08-13,88897965.0,58882167.0,14131801.0,8,0,0,1583,0,8889796.0,0.0,1429,9224855466,S041,U0411,Risk Merkezi,Limit Yenileme,Aksiyon Yok,40.0,44750366.0,1428.0,2026-05-14,4147735.0,53020779.0,0.0,0.0,1583.0,7.0,12725060.0,91.0,62216003.0,0.0,0,0.0,0.0782,0.0,0.736,B,B
2026-09-25,97940906.0,62216003.0,14931927.0,8,0,0,1554,0,9794091.0,0.0,1430,9224855466,S041,U0413,Risk Merkezi,Limit Yenileme,Kullandirim,40.0,47284076.0,1429.0,2026-08-13,0.0,58882167.0,0.0,0.0,1583.0,8.0,14131801.0,43.0,,,1,0.0,0.0,0.0,0.7058,B,B
2026-03-23,36262309.0,16028346.0,6608890.0,6,0,0,1263,0,21781235.0,6381044.0,1304,9229726848,S112,U1122,Risk Merkezi,Yeni Basvuru,Aksiyon Yok,40.0,9419456.0,,,,,,,,,,,15614927.0,0.0,0,0.3981,,0.293,0.6662,C,
2026-04-30,32650166.0,15614927.0,6438427.0,6,0,0,1276,0,14620638.0,6063533.0,1305,9229726848,S112,U1121,Ticari Kredi Notu,Periyodik Izleme,Izleme,65.0,9176500.0,1304.0,2026-03-23,6381044.0,16028346.0,0.0,0.0,1263.0,6.0,6608890.0,38.0,,,1,0.3883,0.3981,0.4147,0.5298,C,C
2025-12-01,582509141.0,290707004.0,37759314.0,6,0,0,1680,0,147849468.0,61331881.0,654,9230436015,S000,U0003,Risk Merkezi,Yeni Basvuru,Kullandirim,40.0,252947690.0,,,,,,,,,,,290442323.0,0.0,0,0.211,,0.4148,0.5277,A,
2026-01-12,561758603.0,290442323.0,37724935.0,6,0,0,1670,0,166928692.0,67006651.0,655,9230436015,S000,U0001,Ticari Kredi Notu,Limit Yenileme,Aksiyon Yok,65.0,252717388.0,654.0,2025-12-01,61331881.0,290707004.0,0.0,0.0,1680.0,6.0,37759314.0,42.0,300208042.0,0.0,0,0.2307,0.211,0.4014,0.5659,A,A
2026-05-04,581775124.0,300208042.0,38993384.0,6,0,0,1725,0,183894112.0,68466946.0,656,9230436015,S000,U0003,Ticari Kredi Notu,Periyodik Izleme,Izleme,65.0,261214658.0,655.0,2026-01-12,67006651.0,290442323.0,0.0,0.0,1670.0,6.0,37724935.0,112.0,,,1,0.2281,0.2307,0.3723,0.5824,A,A
2025-11-27,6294609.0,4062891.0,852722.0,4,0,0,1735,0,1741563.0,1156810.0,279,9234139153,S092,U0921,Ticari Kredi Notu,Yeni Basvuru,Aksiyon Yok,65.0,3210169.0,,,,,,,,,,,4004688.0,0.0,0,0.2847,,0.6642,0.6383,A,
2026-07-28,6053033.0,4004688.0,840506.0,4,0,0,1772,0,1917120.0,1244838.0,280,9234139153,S092,U0921,Risk Merkezi,Periyodik Izleme,Izleme,40.0,3164182.0,279.0,2025-11-27,1156810.0,4062891.0,0.0,0.0,1735.0,4.0,852722.0,243.0,4079696.0,0.0,0,0.3108,0.2847,0.6493,0.6673,A,A
2026-09-10,6574073.0,4079696.0,856249.0,4,0,0,1787,0,3441797.0,1206562.0,281,9234139153,S092,U0922,Cek Raporu,Limit Yenileme,Kullandirim,30.0,3223447.0,280.0,2026-07-28,1244838.0,4004688.0,0.0,0.0,1772.0,4.0,840506.0,44.0,4268262.0,0.0,0,0.2957,0.3108,0.3506,0.9173,A,A
2026-09-14,6898184.0,4268262.0,895825.0,4,0,0,1781,0,2441353.0,1391797.0,282,9234139153,S092,U0922,Ticari Kredi Notu,Limit Yenileme,Aksiyon Yok,65.0,3372437.0,281.0,2026-09-10,1206562.0,4079696.0,0.0,0.0,1787.0,4.0,856249.0,4.0,,,1,0.3261,0.2957,0.5701,0.6454,A,A
2025-11-10,592569673.0,416933739.0,44185203.0,6,0,0,1642,0,142583703.0,64676381.0,899,9235116600,S050,U0502,Cek Raporu,Periyodik Izleme,Izleme,30.0,372748536.0,,,,,,,,,,,451493261.0,0.0,0,0.1551,,0.4536,0.7828,A,
2026-01-27,631084381.0,451493261.0,47847703.0,7,0,0,1641,0,83549544.0,38886009.0,900,9235116600,S050,U0501,Risk Merkezi,Tahsis Revizyonu,Izleme,40.0,403645558.0,899.0,2025-11-10,64676381.0,416933739.0,0.0,0.0,1642.0,6.0,44185203.0,78.0,466697053.0,0.0,0,0.0861,0.1551,0.4654,0.7536,A,A
2026-02-09,629226530.0,466697053.0,49458948.0,7,0,0,1704,0,93614759.0,46030338.0,901,9235116600,S050,U0503,Risk Merkezi,Limit Yenileme,Aksiyon Yok,40.0,417238105.0,900.0,2026-01-27,38886009.0,451493261.0,0.0,0.0,1641.0,7.0,47847703.0,13.0,468017373.0,0.0,0,0.0986,0.0861,0.4917,0.7854,A,A
2026-02-19,650088003.0,468017373.0,49598871.0,7,0,0,1682,0,89938180.0,42264582.0,902,9235116600,S050,U0503,Risk Merkezi,Limit Yenileme,Aksiyon Yok,40.0,418418502.0,901.0,2026-02-09,46030338.0,466697053.0,0.0,0.0,1704.0,7.0,49458948.0,10.0,523271832.0,0.0,0,0.0903,0.0986,0.4699,0.7601,A,A
2026-04-03,683214481.0,523271832.0,55454549.0,7,0,0,1736,0,41569606.0,21445629.0,903,9235116600,S050,U0502,Risk Merkezi,Periyodik Izleme,Izleme,40.0,467817283.0,902.0,2026-02-19,42264582.0,468017373.0,0.0,0.0,1682.0,7.0,49598871.0,43.0,515592112.0,0.0,0,0.041,0.0903,0.5159,0.7821,A,A
2026-04-08,723211241.0,515592112.0,54640678.0,7,0,0,1672,0,10305533.0,4770643.0,904,9235116600,S050,U0503,Risk Merkezi,Limit Yenileme,Aksiyon Yok,40.0,460951434.0,903.0,2026-04-03,21445629.0,523271832.0,0.0,0.0,1736.0,7.0,55454549.0,5.0,610243044.0,0.0,0,0.0093,0.041,0.4629,0.7165,A,A
2026-09-18,750127894.0,610243044.0,64671458.0,8,0,0,1698,0,75012789.0,0.0,905,9235116600,S050,U0501,Risk Merkezi,Limit Yenileme,Kullandirim,40.0,545571586.0,904.0,2026-04-08,4770643.0,515592112.0,0.0,0.0,1672.0,7.0,54640678.0,163.0,,,1,0.0,0.0093,0.0,0.9039,A,A
2025-12-02,12144562.0,7263612.0,1003067.0,5,0,0,1639,0,2521008.0,1700150.0,620,9235538458,S092,U0923,Risk Merkezi,Periyodik Izleme,Izleme,40.0,6260545.0,,,,,,,,,,,7182109.0,0.0,0,0.2341,,0.6744,0.5781,A,
2025-12-05,11038071.0,7182109.0,991812.0,5,0,0,1668,0,2343289.0,1622820.0,621,9235538458,S092,U0922,Ticari Kredi Notu,Limit Yenileme,Kullandirim,65.0,6190297.0,620.0,2025-12-02,1700150.0,7263612.0,0.0,0.0,1639.0,5.0,1003067.0,3.0,9419520.0,0.0,0,0.226,0.2341,0.6925,0.6394,A,A
2026-07-28,13943414.0,9419520.0,1300786.0,5,0,0,1735,0,5582520.0,3217377.0,622,9235538458,S092,U0921,Risk Merkezi,Periyodik Izleme,Izleme,40.0,8118734.0,621.0,2025-12-05,1622820.0,7182109.0,0.0,0.0,1668.0,5.0,991812.0,235.0,10092164.0,0.0,0,0.3416,0.226,0.5763,0.7418,A,A
2026-09-25,15356522.0,10092164.0,1393675.0,5,0,0,1776,0,4797575.0,3237158.0,623,9235538458,S092,U0921,Ticari Kredi Notu,Periyodik Izleme,Izleme,65.0,8698489.0,622.0,2026-07-28,3217377.0,9419520.0,0.0,0.0,1735.0,5.0,1300786.0,59.0,,,1,0.3208,0.3416,0.6747,0.6492,A,A
2025-11-28,24066847.0,16227979.0,2509370.0,4,0,0,1672,0,6659142.0,2825392.0,1641,9241841361,S112,U1121,Ticari Kredi Notu,Yeni Basvuru,Ret,65.0,13718609.0,,,,,,,,,,,19604910.0,0.0,0,0.1741,,0.4243,0.7699,A,
2026-03-03,32677440.0,19604910.0,3031552.0,5,0,0,1649,0,7539160.0,2638348.0,1642,9241841361,S112,U1121,Risk Merkezi,Periyodik Izleme,Izleme,40.0,16573358.0,1641.0,2025-11-28,2825392.0,16227979.0,0.0,0.0,1672.0,4.0,2509370.0,95.0,19191600.0,0.0,0,0.1346,0.1741,0.35,0.6749,A,A
2026-03-18,29270871.0,19191600.0,2967641.0,5,0,0,1648,0,4308796.0,1747886.0,1643,9241841361,S112,U1122,Risk Merkezi,Periyodik Izleme,Izleme,40.0,16223959.0,1642.0,2026-03-03,2638348.0,19604910.0,0.0,0.0,1649.0,5.0,3031552.0,15.0,19760538.0,0.0,0,0.0911,0.1346,0.4057,0.6988,A,A
2026-05-06,31241384.0,19760538.0,3055617.0,5,0,0,1684,0,2804435.0,1072729.0,1644,9241841361,S112,U1121,Risk Merkezi,Limit Yenileme,Ret,40.0,16704921.0,1643.0,2026-03-18,1747886.0,19191600.0,0.0,0.0,1648.0,5.0,2967641.0,49.0,20850469.0,0.0,0,0.0543,0.0911,0.3825,0.6572,A,A
2026-06-10,31990691.0,20850469.0,3224156.0,5,0,0,1602,0,3171645.0,1274261.0,1645,9241841361,S112,U1123,Risk Merkezi,Limit Yenileme,Ret,40.0,17626313.0,1644.0,2026-05-06,1072729.0,19760538.0,0.0,0.0,1684.0,5.0,3055617.0,35.0,22043389.0,0.0,0,0.0611,0.0543,0.4018,0.6793,A,A
2026-09-21,30856147.0,22043389.0,3408620.0,6,0,0,1646,0,3085615.0,0.0,1646,9241841361,S112,U1123,Ticari Kredi Notu,Periyodik Izleme,Izleme,65.0,18634769.0,1645.0,2026-06-10,1274261.0,20850469.0,0.0,0.0,1602.0,5.0,3224156.0,103.0,,,1,0.0,0.0611,0.0,0.7938,A,A
2025-10-30,7474808.0,4222691.0,984138.0,4,0,0,1710,0,3078259.0,1712972.0,1340,9244941114,S112,U1123,Risk Merkezi,Yeni Basvuru,Aksiyon Yok,40.0,3238553.0,,,,,,,,,,,4218076.0,0.0,0,0.4057,,0.5565,0.5708,A,
2026-06-25,7487773.0,4218076.0,983063.0,4,0,0,1692,0,2848843.0,1655717.0,1341,9244941114,S112,U1123,Cek Raporu,Limit Yenileme,Aksiyon Yok,30.0,3235013.0,1340.0,2025-10-30,1712972.0,4222691.0,0.0,0.0,1710.0,4.0,984138.0,238.0,,,1,0.3925,0.4057,0.5812,0.5524,A,A
2025-11-10,732956995.0,426463617.0,123469652.0,4,0,0,1502,0,182786231.0,82099399.0,1208,9245604211,S050,U0501,Risk Merkezi,Periyodik Izleme,Izleme,40.0,302993965.0,,,,,,,,,,,411992600.0,0.0,0,0.1925,,0.4492,0.6259,B,
2026-01-14,736364618.0,411992600.0,119280006.0,4,0,0,1501,0,178560984.0,82716943.0,1209,9245604211,S050,U0503,Cek Raporu,Periyodik Izleme,Izleme,30.0,292712594.0,1208.0,2025-11-10,82099399.0,426463617.0,0.0,0.0,1502.0,4.0,123469652.0,65.0,,,1,0.2008,0.1925,0.4632,0.5903,B,B
2026-05-22,392065052.0,225136909.0,62106241.0,5,0,0,1712,0,178588679.0,94212735.0,1306,9245682424,S030,U0302,Risk Merkezi,Yeni Basvuru,Ret,40.0,163030668.0,,,,,,,,,,,222299748.0,0.0,0,0.4185,,0.5275,0.6133,A,
2026-06-22,385867570.0,222299748.0,61323582.0,5,0,0,1674,0,161790396.0,90056810.0,1307,9245682424,S030,U0302,Risk Merkezi,Periyodik Izleme,Izleme,40.0,160976166.0,1306.0,2026-05-22,94212735.0,225136909.0,0.0,0.0,1712.0,5.0,62106241.0,31.0,232406733.0,0.0,0,0.4051,0.4185,0.5566,0.5902,A,A
2026-07-10,427179561.0,232406733.0,64111694.0,5,0,0,1701,0,156172096.0,93019588.0,1308,9245682424,S030,U0301,Ticari Kredi Notu,Periyodik Izleme,Izleme,65.0,168295039.0,1307.0,2026-06-22,90056810.0,222299748.0,0.0,0.0,1674.0,5.0,61323582.0,18.0,,,1,0.4002,0.4051,0.5956,0.5143,A,A
2025-12-26,374966259.0,200597387.0,32466230.0,7,0,0,1560,0,131740615.0,62151950.0,385,9245747413,S050,U0503,Risk Merkezi,Yeni Basvuru,Kullandirim,40.0,168131157.0,,,,,,,,,,,,,1,0.3098,,0.4718,0.5692,B,
2025-10-29,1595788255.0,782459015.0,116736982.0,6,0,0,1410,0,328335512.0,172446675.0,225,9245884522,S030,U0303,Ticari Kredi Notu,Yeni Basvuru,Aksiyon Yok,65.0,665722033.0,,,,,,,,,,,710104100.0,0.0,0,0.2204,,0.5252,0.4813,B,
2025-11-02,1349160714.0,710104100.0,105942175.0,6,0,0,1366,0,338337431.0,173033783.0,226,9245884522,S030,U0301,Risk Merkezi,Limit Yenileme,Kullandirim,40.0,604161925.0,225.0,2025-10-29,172446675.0,782459015.0,0.0,0.0,1410.0,6.0,116736982.0,4.0,742434530.0,0.0,0,0.2437,0.2204,0.5114,0.5313,C,B
2025-12-11,1677304112.0,742434530.0,110765631.0,6,0,0,1370,0,408987180.0,167899382.0,227,9245884522,S030,U0302,Risk Merkezi,Tahsis Revizyonu,Izleme,40.0,631668899.0,226.0,2025-11-02,173033783.0,710104100.0,0.0,0.0,1366.0,6.0,105942175.0,39.0,726599374.0,0.0,0,0.2261,0.2437,0.4105,0.453,C,C
2026-07-03,1463204758.0,726599374.0,108403145.0,6,0,0,1373,0,653527257.0,172717889.0,228,9245884522,S030,U0302,Cek Raporu,Tahsis Revizyonu,Izleme,30.0,618196229.0,227.0,2025-12-11,167899382.0,742434530.0,0.0,0.0,1370.0,6.0,110765631.0,204.0,713181180.0,0.0,0,0.2377,0.2261,0.2643,0.6841,C,C
2026-09-07,1433410807.0,713181180.0,106401252.0,6,0,0,1349,0,294082996.0,160492112.0,229,9245884522,S030,U0301,Ticari Kredi Notu,Limit Yenileme,Teklif,65.0,606779928.0,228.0,2026-07-03,172717889.0,726599374.0,0.0,0.0,1373.0,6.0,108403145.0,66.0,,,1,0.225,0.2377,0.5457,0.4851,C,C
2025-11-20,865427207.0,491804546.0,148897428.0,6,0,0,1599,0,397554719.0,111445537.0,582,9246120977,S030,U0302,Risk Merkezi,Yeni Basvuru,Kullandirim,40.0,342907118.0,,,,,,,,,,,526623061.0,0.0,0,0.2266,,0.2803,0.813,B,
2025-12-19,848264735.0,526623061.0,159438989.0,7,0,0,1489,0,183098869.0,100606751.0,583,9246120977,S030,U0303,Cek Raporu,Tahsis Revizyonu,Izleme,30.0,367184072.0,582.0,2025-11-20,111445537.0,491804546.0,0.0,0.0,1599.0,6.0,148897428.0,29.0,561289370.0,0.0,0,0.191,0.2266,0.5495,0.6405,B,B
2026-02-09,922764625.0,561289370.0,169934468.0,7,0,0,1452,0,220559804.0,106633460.0,584,9246120977,S030,U0303,Risk Merkezi,Limit Yenileme,Ret,40.0,391354902.0,583.0,2025-12-19,100606751.0,526623061.0,0.0,0.0,1489.0,7.0,159438989.0,52.0,604057682.0,0.0,0,0.19,0.191,0.4835,0.6475,B,B
2026-04-15,917047699.0,604057682.0,182882888.0,8,0,0,1319,1,237635098.0,103680430.0,585,9246120977,S030,U0301,Risk Merkezi,Limit Yenileme,Kullandirim,40.0,421174794.0,584.0,2026-02-09,106633460.0,561289370.0,0.0,0.0,1452.0,7.0,169934468.0,65.0,,,1,0.1716,0.19,0.4363,0.7365,C,B
2026-02-27,115497086.0,57180504.0,25941721.0,3,0,0,1478,0,56525024.0,19331476.0,1563,9247828048,S071,U0713,Ticari Kredi Notu,Yeni Basvuru,Teklif,65.0,31238783.0,,,,,,,,,,,,,1,0.3381,,0.342,0.6418,B,
2025-10-31,151072178.0,103502769.0,16183852.0,5,0,0,1305,0,32289044.0,20028274.0,504,9250628499,S061,U0612,Ticari Kredi Notu,Yeni Basvuru,Teklif,65.0,87318917.0,,,,,,,,,,,103330761.0,0.0,0,0.1935,,0.6203,0.7027,C,
2025-12-03,141366576.0,103330761.0,17091180.0,5,0,0,1354,0,40058248.0,26513135.0,505,9250628499,S061,U0613,Ticari Kredi Notu,Limit Yenileme,Kullandirim,65.0,86239581.0,504.0,2025-10-31,20028274.0,103502769.0,0.0,0.0,1305.0,5.0,16183852.0,33.0,127496066.0,0.0,0,0.2566,0.1935,0.6619,0.7583,C,C
2026-06-09,192468841.0,127496066.0,27655105.0,5,0,0,1425,0,88780393.0,37640829.0,506,9250628499,S061,U0612,Risk Merkezi,Limit Yenileme,Kullandirim,40.0,99840961.0,505.0,2025-12-03,26513135.0,103330761.0,0.0,0.0,1354.0,5.0,17091180.0,188.0,,,1,0.2952,0.2566,0.424,0.8666,B,C
2026-01-16,2170698152.0,1196016922.0,226882428.0,7,0,0,1616,0,418854250.0,224203579.0,882,9253287179,S030,U0301,Risk Merkezi,Periyodik Izleme,Izleme,40.0,969134494.0,,,,,,,,,,,1159693808.0,0.0,0,0.1875,,0.5353,0.5547,A,
2026-01-18,2160716949.0,1159693808.0,219991994.0,7,0,0,1639,0,375607577.0,227273349.0,883,9253287179,S030,U0301,Risk Merkezi,Limit Yenileme,Kullandirim,40.0,939701814.0,882.0,2026-01-16,224203579.0,1196016922.0,0.0,0.0,1616.0,7.0,226882428.0,2.0,1331089447.0,0.0,0,0.196,0.1875,0.6051,0.5223,A,A
2026-05-05,2501226260.0,1331089447.0,252505462.0,7,0,0,1753,0,637606208.0,297712424.0,884,9253287179,S030,U0303,Ticari Kredi Notu,Limit Yenileme,Kullandirim,65.0,1078583985.0,883.0,2026-01-18,227273349.0,1159693808.0,0.0,0.0,1639.0,7.0,219991994.0,107.0,1367102391.0,0.0,0,0.2237,0.196,0.4669,0.5545,A,A
2026-06-03,2510348510.0,1367102391.0,259337058.0,7,0,0,1696,0,657739833.0,346566874.0,885,9253287179,S030,U0302,Ticari Kredi Notu,Limit Yenileme,Ret,65.0,1107765333.0,884.0,2026-05-05,297712424.0,1331089447.0,0.0,0.0,1753.0,7.0,252505462.0,29.0,,,1,0.2535,0.2237,0.5269,0.5509,A,A
2026-06-26,8423773.0,4138098.0,605405.0,6,0,0,1773,0,1592072.0,620964.0,1586,9255963239,S042,U0421,Risk Merkezi,Periyodik Izleme,Izleme,40.0,3532693.0,,,,,,,,,,,3961388.0,0.0,0,0.1501,,0.39,0.5148,A,
2026-07-30,7345682.0,3961388.0,579552.0,6,0,0,1773,0,1181047.0,536325.0,1587,9255963239,S042,U0422,Cek Raporu,Limit Yenileme,Kullandirim,30.0,3381836.0,1586.0,2026-06-26,620964.0,4138098.0,0.0,0.0,1773.0,6.0,605405.0,34.0,4018577.0,0.0,0,0.1354,0.1501,0.4541,0.5556,A,A
2026-08-21,6997695.0,4018577.0,587919.0,6,0,0,1691,0,1352099.0,668066.0,1588,9255963239,S042,U0422,Cek Raporu,Tahsis Revizyonu,Izleme,30.0,3430658.0,1587.0,2026-07-30,536325.0,3961388.0,0.0,0.0,1773.0,6.0,579552.0,22.0,,,1,0.1662,0.1354,0.4941,0.5935,A,A
2026-02-23,12834746.0,7382230.0,2562201.0,5,0,0,1507,0,2644473.0,1619603.0,1402,9257518958,S052,U0522,Risk Merkezi,Yeni Basvuru,Kullandirim,40.0,4820029.0,,,,,,,,,,,7257107.0,0.0,0,0.2194,,0.6124,0.5655,B,
2026-04-30,13285371.0,7257107.0,2518774.0,5,0,0,1530,0,4133485.0,1488098.0,1403,9257518958,S052,U0522,Risk Merkezi,Limit Yenileme,Teklif,40.0,4738333.0,1402.0,2026-02-23,1619603.0,7382230.0,0.0,0.0,1507.0,5.0,2562201.0,66.0,7135753.0,0.0,0,0.2051,0.2194,0.36,0.6304,B,B
2026-06-11,12555655.0,7135753.0,2476655.0,5,0,0,1526,0,2277260.0,1511000.0,1404,9257518958,S052,U0522,Risk Merkezi,Periyodik Izleme,Izleme,40.0,4659098.0,1403.0,2026-04-30,1488098.0,7257107.0,0.0,0.0,1530.0,5.0,2518774.0,42.0,7343127.0,0.0,0,0.2118,0.2051,0.6635,0.5472,B,B
2026-07-27,13272790.0,7343127.0,2548630.0,5,0,0,1472,0,3751044.0,1842601.0,1405,9257518958,S052,U0521,Risk Merkezi,Periyodik Izleme,Izleme,40.0,4794497.0,1404.0,2026-06-11,1511000.0,7135753.0,0.0,0.0,1526.0,5.0,2476655.0,46.0,,,1,0.2509,0.2118,0.4912,0.5777,B,B
2025-11-07,15844773.0,10075792.0,3830316.0,2,0,0,1658,0,5918608.0,3945730.0,545,9259163454,S022,U0222,Ticari Kredi Notu,Yeni Basvuru,Kullandirim,65.0,6245476.0,,,,,,,,,,,11256268.0,0.0,0,0.3916,,0.6667,0.6176,A,
2025-12-24,16142360.0,11256268.0,5003793.0,2,0,0,1635,0,6017987.0,4155429.0,546,9259163454,S022,U0222,Cek Raporu,Limit Yenileme,Aksiyon Yok,30.0,6252475.0,545.0,2025-11-07,3945730.0,10075792.0,0.0,0.0,1658.0,2.0,3830316.0,47.0,12381297.0,0.0,0,0.3692,0.3916,0.6905,0.7014,A,A
2026-05-08,19389220.0,12381297.0,7793599.0,2,0,0,1639,0,8356757.0,4780535.0,547,9259163454,S022,U0222,Risk Merkezi,Periyodik Izleme,Izleme,40.0,4587698.0,546.0,2025-12-24,4155429.0,11256268.0,0.0,0.0,1635.0,2.0,5003793.0,135.0,12864771.0,0.0,0,0.3861,0.3692,0.5721,0.6889,A,A
2026-07-30,19055804.0,12864771.0,9560635.0,2,0,0,1605,0,6181415.0,4431629.0,548,9259163454,S022,U0222,Risk Merkezi,Periyodik Izleme,Izleme,40.0,3304136.0,547.0,2026-05-08,4780535.0,12381297.0,0.0,0.0,1639.0,2.0,7793599.0,83.0,13411060.0,0.0,0,0.3445,0.3861,0.7169,0.655,A,A
2026-09-29,20277776.0,13411060.0,11087268.0,2,0,0,1606,0,7565317.0,5141552.0,549,9259163454,S022,U0222,Risk Merkezi,Limit Yenileme,Kullandirim,40.0,2323792.0,548.0,2026-07-30,4431629.0,12864771.0,0.0,0.0,1605.0,2.0,9560635.0,61.0,,,1,0.3834,0.3445,0.6796,0.6505,A,A
2025-11-24,462005566.0,253815259.0,73942229.0,7,0,0,1735,0,63394490.0,31374325.0,1116,9259595854,S000,U0002,Risk Merkezi,Limit Yenileme,Ret,40.0,179873030.0,,,,,,,,,,,256119051.0,0.0,0,0.1236,,0.4949,0.558,A,
2026-02-20,538155693.0,256119051.0,74613377.0,7,0,0,1708,0,62686012.0,27878659.0,1117,9259595854,S000,U0002,Risk Merkezi,Periyodik Izleme,Izleme,40.0,181505674.0,1116.0,2025-11-24,31374325.0,253815259.0,0.0,0.0,1735.0,7.0,73942229.0,88.0,265947119.0,0.0,0,0.1089,0.1236,0.4447,0.48,A,A
2026-06-24,538284660.0,265947119.0,77476519.0,7,0,0,1748,0,78371534.0,30476911.0,1118,9259595854,S000,U0002,Ticari Kredi Notu,Periyodik Izleme,Izleme,65.0,188470600.0,1117.0,2026-02-20,27878659.0,256119051.0,0.0,0.0,1708.0,7.0,74613377.0,124.0,,,1,0.1146,0.1089,0.3889,0.512,A,A
2026-01-29,81890905.0,54275763.0,16452979.0,7,0,0,1682,0,29843251.0,15376269.0,1656,9260506025,S081,U0813,Cek Raporu,Limit Yenileme,Ret,30.0,37822784.0,,,,,,,,,,,57234889.0,0.0,0,0.2833,,0.5152,0.7474,A,
2026-05-07,76720183.0,57234889.0,17349999.0,7,0,0,1696,0,20756672.0,15680935.0,1657,9260506025,S081,U0813,Cek Raporu,Periyodik Izleme,Izleme,30.0,39884890.0,1656.0,2026-01-29,15376269.0,54275763.0,0.0,0.0,1682.0,7.0,16452979.0,98.0,57660750.0,0.0,0,0.274,0.2833,0.7555,0.7425,A,A
2026-08-07,78909640.0,57660750.0,17479093.0,7,0,0,1709,0,23542778.0,16813036.0,1658,9260506025,S081,U0812,Risk Merkezi,Periyodik Izleme,Izleme,40.0,40181657.0,1657.0,2026-05-07,15680935.0,57234889.0,0.0,0.0,1696.0,7.0,17349999.0,92.0,,,1,0.2916,0.274,0.7141,0.7378,A,A
2025-12-16,164400324.0,89600969.0,14797354.0,3,0,0,1462,0,29283615.0,12946013.0,222,9264527893,S111,U1112,Risk Merkezi,Limit Yenileme,Kullandirim,40.0,74803615.0,,,,,,,,,,,94958982.0,0.0,0,0.1445,,0.4421,0.5673,B,
2026-02-20,166100936.0,94958982.0,15682215.0,3,0,0,1451,0,25654718.0,13638450.0,223,9264527893,S111,U1113,Ticari Kredi Notu,Periyodik Izleme,Izleme,65.0,79276767.0,222.0,2025-12-16,12946013.0,89600969.0,0.0,0.0,1462.0,3.0,14797354.0,66.0,93012892.0,0.0,0,0.1436,0.1445,0.5316,0.579,B,B
2026-09-22,172553873.0,93012892.0,15360823.0,3,0,0,1491,0,21838105.0,13285477.0,224,9264527893,S111,U1112,Ticari Kredi Notu,Periyodik Izleme,Izleme,65.0,77652069.0,223.0,2026-02-20,13638450.0,94958982.0,0.0,0.0,1451.0,3.0,15682215.0,214.0,,,1,0.1428,0.1436,0.6084,0.529,B,B
2025-12-26,113558995.0,73204689.0,22877467.0,4,0,0,1626,0,42648322.0,29508651.0,294,9265196185,S051,U0512,Risk Merkezi,Yeni Basvuru,Aksiyon Yok,40.0,50327222.0,,,,,,,,,,,71117954.0,0.0,0,0.4031,,0.6919,0.6162,A,
2026-02-20,110601826.0,71117954.0,22225334.0,4,0,0,1571,0,51850507.0,27454310.0,295,9265196185,S051,U0511,Ticari Kredi Notu,Limit Yenileme,Kullandirim,65.0,48892620.0,294.0,2025-12-26,29508651.0,73204689.0,0.0,0.0,1626.0,4.0,22877467.0,56.0,71337464.0,0.0,0,0.386,0.4031,0.5295,0.7432,B,A
2026-06-12,121606134.0,71337464.0,22293934.0,4,0,0,1628,0,46705650.0,25617580.0,296,9265196185,S051,U0512,Risk Merkezi,Tahsis Revizyonu,Izleme,40.0,49043530.0,295.0,2026-02-20,27454310.0,71117954.0,0.0,0.0,1571.0,4.0,22225334.0,112.0,68863606.0,0.0,0,0.3591,0.386,0.5485,0.6104,A,B
2026-08-17,112577581.0,68863606.0,21520819.0,4,0,0,1647,0,41443561.0,27088977.0,297,9265196185,S051,U0511,Risk Merkezi,Periyodik Izleme,Izleme,40.0,47342787.0,296.0,2026-06-12,25617580.0,71337464.0,0.0,0.0,1628.0,4.0,22293934.0,66.0,,,1,0.3934,0.3591,0.6536,0.5873,A,A
2025-12-22,14873896.0,11069072.0,2122847.0,7,0,0,1741,0,7515788.0,4817514.0,371,9266837745,S082,U0823,Risk Merkezi,Yeni Basvuru,Kullandirim,40.0,8946225.0,,,,,,,,,,,11193866.0,0.0,0,0.4352,,0.641,0.8496,A,
2026-02-09,15271114.0,11193866.0,2146780.0,7,0,0,1768,0,7232926.0,4415227.0,372,9266837745,S082,U0823,Risk Merkezi,Limit Yenileme,Kullandirim,40.0,9047086.0,371.0,2025-12-22,4817514.0,11069072.0,0.0,0.0,1741.0,7.0,2122847.0,49.0,11468093.0,0.0,0,0.3944,0.4352,0.6104,0.8433,A,A
2026-06-17,18310092.0,11468093.0,2199372.0,7,0,0,1742,0,9416358.0,4992707.0,373,9266837745,S082,U0821,Risk Merkezi,Periyodik Izleme,Izleme,40.0,9268721.0,372.0,2026-02-09,4415227.0,11193866.0,0.0,0.0,1768.0,7.0,2146780.0,128.0,,,1,0.4354,0.3944,0.5302,0.7281,A,A
2025-10-17,66480546.0,37316414.0,16406653.0,5,0,0,1444,0,28086828.0,14633134.0,143,9267156736,S081,U0811,Risk Merkezi,Yeni Basvuru,Aksiyon Yok,40.0,20909761.0,,,,,,,,,,,37375810.0,0.0,0,0.3921,,0.521,0.5908,B,
2025-10-29,68042001.0,37375810.0,16432768.0,5,0,0,1452,0,29339260.0,14530574.0,144,9267156736,S081,U0813,Risk Merkezi,Limit Yenileme,Ret,40.0,20943042.0,143.0,2025-10-17,14633134.0,37316414.0,0.0,0.0,1444.0,5.0,16406653.0,12.0,39275670.0,0.0,0,0.3888,0.3921,0.4953,0.5903,B,B
2025-12-24,66570145.0,39275670.0,17268066.0,6,0,0,1361,0,29762821.0,14753074.0,145,9267156736,S081,U0811,Risk Merkezi,Limit Yenileme,Teklif,40.0,22007604.0,144.0,2025-10-29,14530574.0,37375810.0,0.0,0.0,1452.0,5.0,16432768.0,56.0,38853483.0,0.0,0,0.3756,0.3888,0.4957,0.6662,C,B
2026-02-25,61890504.0,38853483.0,17082446.0,6,0,0,1322,0,22935397.0,14544040.0,146,9267156736,S081,U0812,Risk Merkezi,Limit Yenileme,Aksiyon Yok,40.0,21771037.0,145.0,2025-12-24,14753074.0,39275670.0,0.0,0.0,1361.0,6.0,17268066.0,63.0,,,1,0.3743,0.3756,0.6341,0.624,C,C
2025-11-19,59208602.0,29215113.0,5012709.0,4,0,0,1815,0,37660998.0,9167698.0,1554,9269282943,S012,U0121,Risk Merkezi,Periyodik Izleme,Izleme,40.0,24202404.0,,,,,,,,,,,29933865.0,0.0,0,0.3138,,0.2434,0.9304,A,
2025-12-08,58443265.0,29933865.0,5136032.0,4,0,0,1802,0,31364816.0,8223439.0,1555,9269282943,S012,U0121,Ticari Kredi Notu,Limit Yenileme,Aksiyon Yok,65.0,24797833.0,1554.0,2025-11-19,9167698.0,29215113.0,0.0,0.0,1815.0,4.0,5012709.0,19.0,31957182.0,0.0,0,0.2747,0.3138,0.2622,0.8018,A,A
2026-01-16,65188445.0,31957182.0,5483191.0,5,0,0,1789,0,33968696.0,8160222.0,1556,9269282943,S012,U0121,Ticari Kredi Notu,Limit Yenileme,Kullandirim,65.0,26473991.0,1555.0,2025-12-08,8223439.0,29933865.0,0.0,0.0,1802.0,4.0,5136032.0,39.0,33492142.0,0.0,0,0.2553,0.2747,0.2402,0.7622,A,A
2026-01-20,58201804.0,33492142.0,5746559.0,5,0,0,1732,0,27288752.0,8881084.0,1557,9269282943,S012,U0121,Risk Merkezi,Periyodik Izleme,Izleme,40.0,27745583.0,1556.0,2026-01-16,8160222.0,31957182.0,0.0,0.0,1789.0,5.0,5483191.0,4.0,,,1,0.2652,0.2553,0.3254,0.7961,A,A
2026-03-27,14987633.0,13136103.0,3404052.0,7,0,0,1140,1,4859111.0,4316970.0,721,9273647562,S002,U0022,Risk Merkezi,Yeni Basvuru,Ret,40.0,9732051.0,,,,,,,,,,,13172840.0,0.0,0,0.3286,,0.8884,0.8707,C,
2026-05-25,15360613.0,13172840.0,3413572.0,8,0,0,990,1,5219812.0,4175448.0,722,9273647562,S002,U0023,Risk Merkezi,Limit Yenileme,Aksiyon Yok,40.0,9759268.0,721.0,2026-03-27,4316970.0,13136103.0,0.0,0.0,1140.0,7.0,3404052.0,59.0,14349997.0,0.0,0,0.317,0.3286,0.7999,0.8872,D,C
2026-06-30,14549445.0,14349997.0,3718617.0,8,0,0,985,2,4738009.0,4260200.0,723,9273647562,S002,U0023,Risk Merkezi,Limit Yenileme,Teklif,40.0,10631380.0,722.0,2026-05-25,4175448.0,13172840.0,0.0,0.0,990.0,8.0,3413572.0,36.0,14017082.0,1.0,0,0.2969,0.317,0.8992,1.0284,D,D
2026-07-09,14621607.0,14017082.0,3632347.0,8,1,0,974,0,4992836.0,4414451.0,724,9273647562,S002,U0021,Ticari Kredi Notu,Limit Yenileme,Aksiyon Yok,65.0,10384735.0,723.0,2026-06-30,4260200.0,14349997.0,0.0,0.0,985.0,8.0,3718617.0,9.0,14494287.0,1.0,0,0.3149,0.2969,0.8842,0.9973,D,D
2026-09-11,14808138.0,14494287.0,3756008.0,9,1,0,856,3,4121116.0,3920720.0,725,9273647562,S002,U0023,Ticari Kredi Notu,Limit Yenileme,Aksiyon Yok,65.0,10738279.0,724.0,2026-07-09,4414451.0,14017082.0,1.0,0.0,974.0,8.0,3632347.0,64.0,15465667.0,1.0,0,0.2705,0.3149,0.9514,0.9894,D,D
2026-09-30,15621885.0,15465667.0,4007729.0,9,1,0,803,1,6127985.0,5145641.0,726,9273647562,S002,U0021,Ticari Kredi Notu,Tahsis Revizyonu,Izleme,65.0,11457938.0,725.0,2026-09-11,3920720.0,14494287.0,1.0,0.0,856.0,9.0,3756008.0,19.0,,,1,0.3327,0.2705,0.8397,1.087,D,D
2025-10-08,783863500.0,437571856.0,46825938.0,2,0,0,1763,0,449918077.0,201154385.0,250,9273780372,S050,U0501,Risk Merkezi,Tahsis Revizyonu,Izleme,40.0,390745918.0,,,,,,,,,,,483307401.0,0.0,0,0.4597,,0.4471,0.708,A,
2025-11-26,857980848.0,483307401.0,51720242.0,2,0,0,1804,0,482826687.0,212646389.0,251,9273780372,S050,U0501,Ticari Kredi Notu,Periyodik Izleme,Izleme,65.0,431587159.0,250.0,2025-10-08,201154385.0,437571856.0,0.0,0.0,1763.0,2.0,46825938.0,49.0,623590499.0,0.0,0,0.44,0.4597,0.4404,0.7215,A,A
2026-05-29,1134645527.0,623590499.0,66732377.0,2,0,0,1778,0,1077913251.0,320498392.0,252,9273780372,S050,U0503,Risk Merkezi,Periyodik Izleme,Izleme,40.0,556858122.0,251.0,2025-11-26,212646389.0,483307401.0,0.0,0.0,1804.0,2.0,51720242.0,184.0,656805013.0,0.0,0,0.514,0.44,0.2973,5.3425,A,A
2026-09-28,1128381573.0,656805013.0,70286766.0,2,0,0,1843,0,602365597.0,365015107.0,253,9273780372,S050,U0503,Ticari Kredi Notu,Limit Yenileme,Aksiyon Yok,65.0,586518247.0,252.0,2026-05-29,320498392.0,623590499.0,0.0,0.0,1778.0,2.0,66732377.0,122.0,,,1,0.5557,0.514,0.606,0.5547,A,A
2026-02-09,9832734.0,7041250.0,1899276.0,5,0,0,1340,0,4365314.0,2855539.0,1558,9275353917,S112,U1123,Risk Merkezi,Limit Yenileme,Kullandirim,40.0,5141974.0,,,,,,,,,,,7364306.0,0.0,0,0.4055,,0.6541,0.7656,C,
2026-03-03,10603751.0,7364306.0,1986416.0,5,0,0,1340,0,5167667.0,2964276.0,1559,9275353917,S112,U1121,Risk Merkezi,Tahsis Revizyonu,Izleme,40.0,5377890.0,1558.0,2026-02-09,2855539.0,7041250.0,0.0,0.0,1340.0,5.0,1899276.0,22.0,7473753.0,0.0,0,0.4025,0.4055,0.5736,0.8094,C,C
2026-06-19,10400338.0,7473753.0,2015938.0,5,0,0,1378,0,4927578.0,3038862.0,1560,9275353917,S112,U1122,Ticari Kredi Notu,Limit Yenileme,Kullandirim,65.0,5457815.0,1559.0,2026-03-03,2964276.0,7364306.0,0.0,0.0,1340.0,5.0,1986416.0,108.0,,,1,0.4066,0.4025,0.6167,0.8104,C,C
2026-07-03,65595089.0,50148202.0,7472864.0,2,0,0,1729,0,25105010.0,19360283.0,1526,9275526520,S021,U0212,Cek Raporu,Limit Yenileme,Kullandirim,30.0,42675338.0,,,,,,,,,,,,,1,0.3861,,0.7712,0.7604,A,
2025-11-06,199801172.0,155442549.0,47437634.0,5,0,0,1246,0,83996862.0,44349182.0,207,9275611816,S031,U0313,Risk Merkezi,Tahsis Revizyonu,Izleme,40.0,108004915.0,,,,,,,,,,,159261392.0,0.0,0,0.2853,,0.528,0.9593,C,
2025-11-07,217676322.0,159261392.0,48603061.0,5,0,0,1266,0,84862255.0,40873325.0,208,9275611816,S031,U0312,Risk Merkezi,Limit Yenileme,Teklif,40.0,110658331.0,207.0,2025-11-06,44349182.0,155442549.0,0.0,0.0,1246.0,5.0,47437634.0,1.0,185577123.0,0.0,0,0.2566,0.2853,0.4816,0.8914,C,C
2026-03-10,243221309.0,185577123.0,56634041.0,6,0,0,1264,0,60389929.0,30979851.0,209,9275611816,S031,U0311,Risk Merkezi,Tahsis Revizyonu,Izleme,40.0,128943082.0,208.0,2025-11-07,40873325.0,159261392.0,0.0,0.0,1266.0,5.0,48603061.0,123.0,196055846.0,0.0,0,0.1669,0.2566,0.513,0.8456,C,C
2026-04-29,257043655.0,196055846.0,59831916.0,6,0,0,1324,0,52377152.0,26855529.0,210,9275611816,S031,U0313,Risk Merkezi,Periyodik Izleme,Izleme,40.0,136223930.0,209.0,2026-03-10,30979851.0,185577123.0,0.0,0.0,1264.0,6.0,56634041.0,50.0,224392474.0,0.0,0,0.137,0.1669,0.5127,0.8267,C,C
2026-08-07,294896314.0,224392474.0,68479629.0,7,0,0,1201,0,12047766.0,6155443.0,211,9275611816,S031,U0312,Risk Merkezi,Limit Yenileme,Kullandirim,40.0,155912845.0,210.0,2026-04-29,26855529.0,196055846.0,0.0,0.0,1324.0,6.0,59831916.0,100.0,,,1,0.0274,0.137,0.5109,0.7716,C,C
2025-11-24,75350194.0,61472352.0,21499440.0,7,0,0,1215,0,24015458.0,17195826.0,1456,9275877629,S081,U0813,Risk Merkezi,Yeni Basvuru,Teklif,40.0,39972912.0,,,,,,,,,,,63884315.0,0.0,0,0.2797,,0.716,0.8625,C,
2025-12-31,77747522.0,63884315.0,22343004.0,8,0,0,1173,0,19161638.0,17022520.0,1457,9275877629,S081,U0812,Risk Merkezi,Limit Yenileme,Aksiyon Yok,40.0,41541311.0,1456.0,2025-11-24,17195826.0,61472352.0,0.0,0.0,1215.0,7.0,21499440.0,37.0,67201490.0,0.0,0,0.2665,0.2797,0.8884,0.7999,C,C
2026-01-23,87384779.0,67201490.0,23503158.0,8,0,0,1129,0,26388478.0,19794688.0,1458,9275877629,S081,U0811,Risk Merkezi,Limit Yenileme,Kullandirim,40.0,43698332.0,1457.0,2025-12-31,17022520.0,63884315.0,0.0,0.0,1173.0,8.0,22343004.0,23.0,79687914.0,1.0,0,0.2946,0.2665,0.7501,0.7772,C,C
2026-09-01,80492843.0,79687914.0,27870180.0,10,1,0,828,3,25964849.0,23384909.0,1459,9275877629,S081,U0811,Risk Merkezi,Tahsis Revizyonu,Izleme,40.0,51817734.0,1458.0,2026-01-23,19794688.0,67201490.0,0.0,0.0,1129.0,8.0,23503158.0,221.0,,,1,0.2935,0.2946,0.9006,1.0326,D,C
2025-11-28,20764128.0,8633219.0,1800394.0,5,0,0,1372,0,9712019.0,3331084.0,591,9276574680,S032,U0323,Risk Merkezi,Yeni Basvuru,Kullandirim,40.0,6832825.0,,,,,,,,,,,9413977.0,0.0,0,0.3858,,0.343,0.4797,C,
2026-02-20,19124967.0,9413977.0,3046467.0,5,0,0,1416,0,7069330.0,3404237.0,592,9276574680,S032,U0323,Cek Raporu,Periyodik Izleme,Izleme,30.0,6367510.0,591.0,2025-11-28,3331084.0,8633219.0,0.0,0.0,1372.0,5.0,1800394.0,84.0,9017642.0,0.0,0,0.3616,0.3858,0.4816,0.4985,B,C
2026-03-27,17581602.0,9017642.0,3350562.0,5,0,0,1419,0,6234999.0,3287568.0,593,9276574680,S032,U0323,Risk Merkezi,Periyodik Izleme,Izleme,40.0,5667080.0,592.0,2026-02-20,3404237.0,9413977.0,0.0,0.0,1416.0,5.0,3046467.0,35.0,10554084.0,0.0,0,0.3646,0.3616,0.5273,0.505,B,B
2026-06-26,22589287.0,10554084.0,5237082.0,5,0,0,1422,0,9220555.0,3909926.0,594,9276574680,S032,U0322,Ticari Kredi Notu,Limit Yenileme,Kullandirim,65.0,5317002.0,593.0,2026-03-27,3287568.0,9017642.0,0.0,0.0,1419.0,5.0,3350562.0,91.0,,,1,0.3705,0.3646,0.424,0.497,B,B
2026-02-26,92593729.0,67828565.0,19026505.0,7,0,0,1778,0,23462768.0,10379959.0,268,9277900283,S011,U0111,Ticari Kredi Notu,Periyodik Izleme,Izleme,65.0,48802060.0,,,,,,,,,,,69395422.0,0.0,0,0.153,,0.4424,0.831,A,
2026-03-06,100469077.0,69395422.0,19466022.0,7,0,0,1780,0,22186383.0,13239841.0,269,9277900283,S011,U0112,Risk Merkezi,Periyodik Izleme,Izleme,40.0,49929400.0,268.0,2026-02-26,10379959.0,67828565.0,0.0,0.0,1778.0,7.0,19026505.0,8.0,70418993.0,0.0,0,0.1908,0.153,0.5968,0.7173,A,A
2026-03-13,103723179.0,70418993.0,19753143.0,7,0,0,1783,0,22994905.0,13010048.0,270,9277900283,S011,U0111,Risk Merkezi,Periyodik Izleme,Izleme,40.0,50665850.0,269.0,2026-03-06,13239841.0,69395422.0,0.0,0.0,1780.0,7.0,19466022.0,7.0,,,1,0.1848,0.1908,0.5658,0.7111,A,A
2025-11-07,564573051.0,373770268.0,68260522.0,3,0,0,1302,0,202699502.0,83520420.0,613,9279822879,S050,U0502,Ticari Kredi Notu,Yeni Basvuru,Aksiyon Yok,65.0,305509746.0,,,,,,,,,,,392853229.0,0.0,0,0.2235,,0.412,0.8021,C,
2025-11-19,533732727.0,392853229.0,71745585.0,3,0,0,1262,0,193374334.0,93989325.0,614,9279822879,S050,U0503,Risk Merkezi,Limit Yenileme,Ret,40.0,321107644.0,613.0,2025-11-07,83520420.0,373770268.0,0.0,0.0,1302.0,3.0,68260522.0,12.0,399838569.0,0.0,0,0.2392,0.2235,0.486,0.8781,C,C
2025-12-12,585257468.0,399838569.0,73021296.0,3,0,0,1268,0,190407859.0,82481648.0,615,9279822879,S050,U0503,Risk Merkezi,Periyodik Izleme,Izleme,40.0,326817273.0,614.0,2025-11-19,93989325.0,392853229.0,0.0,0.0,1262.0,3.0,71745585.0,23.0,460181864.0,0.0,0,0.2063,0.2392,0.4332,0.8037,C,C
2026-03-20,628515917.0,460181864.0,84041607.0,4,0,0,1280,0,135613795.0,65389198.0,616,9279822879,S050,U0502,Risk Merkezi,Limit Yenileme,Kullandirim,40.0,376140257.0,615.0,2025-12-12,82481648.0,399838569.0,0.0,0.0,1268.0,3.0,73021296.0,98.0,467528586.0,0.0,0,0.1421,0.2063,0.4822,0.801,C,C
2026-04-03,677384050.0,467528586.0,85383317.0,4,0,0,1267,0,97080245.0,42734454.0,617,9279822879,S050,U0502,Ticari Kredi Notu,Periyodik Izleme,Izleme,65.0,382145269.0,616.0,2026-03-20,65389198.0,460181864.0,0.0,0.0,1280.0,4.0,84041607.0,14.0,477521582.0,0.0,0,0.0914,0.1421,0.4402,0.732,C,C
2026-04-17,624755750.0,477521582.0,87208307.0,4,0,0,1292,0,81902130.0,42124987.0,618,9279822879,S050,U0502,Ticari Kredi Notu,Limit Yenileme,Kullandirim,65.0,390313275.0,617.0,2026-04-03,42734454.0,467528586.0,0.0,0.0,1267.0,4.0,85383317.0,14.0,,,1,0.0882,0.0914,0.5143,0.8021,C,C
2025-10-17,18644794.0,12038382.0,2224270.0,4,0,0,1284,0,7224740.0,4141949.0,1651,9280149378,S082,U0822,Risk Merkezi,Limit Yenileme,Ret,40.0,9814112.0,,,,,,,,,,,11881067.0,0.0,0,0.3441,,0.5733,0.6915,C,
2026-01-09,18731030.0,11881067.0,2195204.0,4,0,0,1233,0,7747103.0,3568990.0,1652,9280149378,S082,U0823,Risk Merkezi,Periyodik Izleme,Izleme,40.0,9685863.0,1651.0,2025-10-17,4141949.0,12038382.0,0.0,0.0,1284.0,4.0,2224270.0,84.0,12157729.0,0.0,0,0.3004,0.3441,0.4607,0.7567,C,C
2026-09-16,17482736.0,12157729.0,2246321.0,4,0,0,1276,0,7542012.0,4027246.0,1653,9280149378,S082,U0821,Cek Raporu,Tahsis Revizyonu,Izleme,30.0,9911408.0,1652.0,2026-01-09,3568990.0,11881067.0,0.0,0.0,1233.0,4.0,2195204.0,250.0,,,1,0.3312,0.3004,0.534,0.8179,C,C
2026-04-23,11853692.0,5028404.0,1422366.0,4,0,0,1575,0,2493493.0,1291275.0,1248,9280935817,S002,U0021,Risk Merkezi,Yeni Basvuru,Kullandirim,40.0,3606038.0,,,,,,,,,,,5184973.0,0.0,0,0.2568,,0.5179,0.3993,B,
2026-08-21,11253517.0,5184973.0,1466655.0,4,0,0,1575,0,2596627.0,1165867.0,1249,9280935817,S002,U0021,Risk Merkezi,Periyodik Izleme,Izleme,40.0,3718318.0,1248.0,2026-04-23,1291275.0,5028404.0,0.0,0.0,1575.0,4.0,1422366.0,120.0,5276200.0,0.0,0,0.2249,0.2568,0.449,0.4643,B,B
2026-09-18,10630795.0,5276200.0,1492460.0,4,0,0,1580,0,3166299.0,1280761.0,1250,9280935817,S002,U0021,Ticari Kredi Notu,Tahsis Revizyonu,Izleme,65.0,3783740.0,1249.0,2026-08-21,1165867.0,5184973.0,0.0,0.0,1575.0,4.0,1466655.0,28.0,5095352.0,0.0,0,0.2427,0.2249,0.4045,0.5353,B,B
2026-09-25,12173842.0,5095352.0,1441304.0,4,0,0,1546,0,2665728.0,1071849.0,1251,9280935817,S002,U0023,Risk Merkezi,Limit Yenileme,Kullandirim,40.0,3654048.0,1250.0,2026-09-18,1280761.0,5276200.0,0.0,0.0,1580.0,4.0,1492460.0,7.0,,,1,0.2104,0.2427,0.4021,0.4232,B,B
2025-10-13,908481515.0,642488885.0,216513522.0,3,0,0,1645,0,204818117.0,134888756.0,840,9283923590,S030,U0301,Risk Merkezi,Limit Yenileme,Ret,40.0,425975363.0,,,,,,,,,,,672653653.0,0.0,0,0.2099,,0.6586,0.7214,A,
2026-03-13,923778442.0,672653653.0,226678803.0,3,0,0,1624,0,193389760.0,129723771.0,841,9283923590,S030,U0303,Risk Merkezi,Periyodik Izleme,Izleme,40.0,445974850.0,840.0,2025-10-13,134888756.0,642488885.0,0.0,0.0,1645.0,3.0,216513522.0,151.0,,,1,0.1929,0.2099,0.6708,0.7433,A,A
2025-10-31,9517065.0,6426862.0,1553784.0,5,0,0,1541,0,5974255.0,2903513.0,1061,9284144676,S042,U0422,Risk Merkezi,Limit Yenileme,Aksiyon Yok,40.0,4873078.0,,,,,,,,,,,6713478.0,0.0,0,0.4518,,0.486,0.9945,B,
2025-11-11,9487815.0,6713478.0,1724240.0,5,0,0,1551,0,4531747.0,2966252.0,1062,9284144676,S042,U0421,Ticari Kredi Notu,Periyodik Izleme,Izleme,65.0,4989238.0,1061.0,2025-10-31,2903513.0,6426862.0,0.0,0.0,1541.0,5.0,1553784.0,11.0,6521379.0,0.0,0,0.4418,0.4518,0.6545,0.7561,B,B
2025-12-18,10439041.0,6521379.0,2005438.0,5,0,0,1539,0,4692322.0,2854345.0,1063,9284144676,S042,U0423,Ticari Kredi Notu,Periyodik Izleme,Izleme,65.0,4515941.0,1062.0,2025-11-11,2966252.0,6713478.0,0.0,0.0,1551.0,5.0,1724240.0,37.0,6999575.0,0.0,0,0.4377,0.4418,0.6083,0.6381,B,B
2025-12-31,10834503.0,6999575.0,2277142.0,5,0,0,1503,0,6376646.0,3177920.0,1064,9284144676,S042,U0423,Ticari Kredi Notu,Limit Yenileme,Kullandirim,65.0,4722433.0,1063.0,2025-12-18,2854345.0,6521379.0,0.0,0.0,1539.0,5.0,2005438.0,13.0,6668015.0,0.0,0,0.454,0.4377,0.4984,0.8573,B,B
2026-01-23,10239755.0,6668015.0,2379365.0,5,0,0,1550,0,5020302.0,2718349.0,1065,9284144676,S042,U0422,Ticari Kredi Notu,Periyodik Izleme,Izleme,65.0,4288650.0,1064.0,2025-12-31,3177920.0,6999575.0,0.0,0.0,1503.0,5.0,2277142.0,23.0,7505930.0,0.0,0,0.4077,0.454,0.5415,0.7567,B,B
2026-07-14,11343609.0,7505930.0,4446881.0,5,0,0,1569,0,4462512.0,3085117.0,1066,9284144676,S042,U0421,Ticari Kredi Notu,Periyodik Izleme,Izleme,65.0,3059049.0,1065.0,2026-01-23,2718349.0,6668015.0,0.0,0.0,1550.0,5.0,2379365.0,172.0,,,1,0.411,0.4077,0.6913,0.6425,B,B
2025-10-03,85566426.0,57922904.0,9040914.0,4,0,0,1502,0,32381361.0,20806425.0,1343,9286873454,S111,U1113,Ticari Kredi Notu,Limit Yenileme,Kullandirim,65.0,48881990.0,,,,,,,,,,,61789272.0,0.0,0,0.3592,,0.6425,0.6979,B,
2025-11-11,90547533.0,61789272.0,9644397.0,4,0,0,1490,0,35311793.0,21530044.0,1344,9286873454,S111,U1111,Ticari Kredi Notu,Periyodik Izleme,Izleme,65.0,52144875.0,1343.0,2025-10-03,20806425.0,57922904.0,0.0,0.0,1502.0,4.0,9040914.0,39.0,68966133.0,0.0,0,0.3484,0.3592,0.6097,0.7289,B,B
2026-02-27,101234776.0,68966133.0,10764600.0,4,0,0,1518,0,51841327.0,26396364.0,1345,9286873454,S111,U1111,Risk Merkezi,Limit Yenileme,Aksiyon Yok,40.0,58201533.0,1344.0,2025-11-11,21530044.0,61789272.0,0.0,0.0,1490.0,4.0,9644397.0,108.0,,,1,0.3827,0.3484,0.5092,0.8619,B,B
2026-01-05,24967377.0,16188224.0,5583612.0,2,0,0,1798,0,8924670.0,4605175.0,327,9293893148,S062,U0622,Risk Merkezi,Yeni Basvuru,Kullandirim,40.0,10604612.0,,,,,,,,,,,,,1,0.2845,,0.516,0.722,A,
2026-05-27,180067691.0,115716595.0,13768382.0,2,0,0,1744,0,56101183.0,32664068.0,838,9294642378,S011,U0113,Ticari Kredi Notu,Yeni Basvuru,Teklif,65.0,101948213.0,,,,,,,,,,,,,1,0.2823,,0.5822,0.67,A,
2026-04-27,11663974.0,7483032.0,760610.0,2,0,0,1500,0,6010055.0,3018041.0,1210,9297421840,S112,U1122,Risk Merkezi,Yeni Basvuru,Ret,40.0,6722422.0,,,,,,,,,,,,,1,0.4033,,0.5022,0.7897,B,
2025-10-10,8384951.0,6227188.0,1175043.0,6,0,0,1427,0,1588958.0,1210170.0,1264,9299758635,S052,U0522,Risk Merkezi,Periyodik Izleme,Izleme,40.0,5052145.0,,,,,,,,,,,6715713.0,0.0,0,0.1943,,0.7616,0.7382,B,
2025-12-11,8534158.0,6715713.0,1837601.0,6,0,0,1491,0,1573628.0,1230833.0,1265,9299758635,S052,U0523,Risk Merkezi,Periyodik Izleme,Izleme,40.0,4878112.0,1264.0,2025-10-10,1210170.0,6227188.0,0.0,0.0,1427.0,6.0,1175043.0,62.0,6935137.0,0.0,0,0.1833,0.1943,0.7822,0.788,B,B
2026-01-29,9515176.0,6935137.0,2363150.0,6,0,0,1425,0,1798244.0,1205721.0,1266,9299758635,S052,U0523,Cek Raporu,Limit Yenileme,Aksiyon Yok,30.0,4571987.0,1265.0,2025-12-11,1230833.0,6715713.0,0.0,0.0,1491.0,6.0,1837601.0,49.0,7416677.0,0.0,0,0.1739,0.1833,0.6705,0.7424,B,B
2026-05-22,9832270.0,7416677.0,3675296.0,6,0,0,1478,0,2746495.0,1341774.0,1267,9299758635,S052,U0523,Risk Merkezi,Periyodik Izleme,Izleme,40.0,3741381.0,1266.0,2026-01-29,1205721.0,6935137.0,0.0,0.0,1425.0,6.0,2363150.0,113.0,,,1,0.1809,0.1739,0.4885,0.8573,B,B
2026-01-02,349218381.0,199104358.0,43959276.0,3,0,0,1353,0,88120048.0,51816543.0,414,9299892333,S030,U0303,Risk Merkezi,Periyodik Izleme,Izleme,40.0,155145082.0,,,,,,,,,,,194467959.0,0.0,0,0.2602,,0.588,0.5641,C,
2026-01-06,360273320.0,194467959.0,43148744.0,3,0,0,1412,0,112449512.0,52604443.0,415,9299892333,S030,U0303,Ticari Kredi Notu,Limit Yenileme,Kullandirim,65.0,151319215.0,414.0,2026-01-02,51816543.0,199104358.0,0.0,0.0,1353.0,3.0,43959276.0,4.0,210349669.0,0.0,0,0.2705,0.2602,0.4678,0.5724,B,C
2026-03-25,432664845.0,210349669.0,51167737.0,3,0,0,1445,0,115986987.0,59435062.0,416,9299892333,S030,U0301,Risk Merkezi,Limit Yenileme,Kullandirim,40.0,159181932.0,415.0,2026-01-06,52604443.0,194467959.0,0.0,0.0,1412.0,3.0,43148744.0,78.0,257158702.0,0.0,0,0.2826,0.2705,0.5124,0.4766,B,B
2026-09-29,480160598.0,257158702.0,75799509.0,3,0,0,1472,0,175148570.0,84987909.0,417,9299892333,S030,U0302,Ticari Kredi Notu,Limit Yenileme,Kullandirim,65.0,181359193.0,416.0,2026-03-25,59435062.0,210349669.0,0.0,0.0,1445.0,3.0,51167737.0,188.0,,,1,0.3305,0.2826,0.4852,0.5645,B,B
2026-03-27,670135339.0,444179708.0,142907745.0,7,0,0,1538,0,322414210.0,195861167.0,487,9300131134,S050,U0503,Risk Merkezi,Yeni Basvuru,Kullandirim,40.0,301271963.0,,,,,,,,,,,453911729.0,0.0,0,0.441,,0.6075,0.7141,B,
2026-03-31,638232716.0,453911729.0,146038868.0,7,0,0,1581,0,280686285.0,198759025.0,488,9300131134,S050,U0502,Cek Raporu,Limit Yenileme,Kullandirim,30.0,307872861.0,487.0,2026-03-27,195861167.0,444179708.0,0.0,0.0,1538.0,7.0,142907745.0,4.0,459893890.0,0.0,0,0.4379,0.441,0.7081,0.7136,B,B
2026-05-20,619275325.0,459893890.0,147963533.0,7,0,0,1567,0,266594887.0,192608781.0,489,9300131134,S050,U0502,Risk Merkezi,Periyodik Izleme,Izleme,40.0,311930357.0,488.0,2026-03-31,198759025.0,453911729.0,0.0,0.0,1581.0,7.0,146038868.0,50.0,484047791.0,0.0,0,0.4188,0.4379,0.7225,0.7579,B,B
2026-09-25,635604050.0,484047791.0,155734666.0,7,0,0,1566,0,313082400.0,202454785.0,490,9300131134,S050,U0502,Ticari Kredi Notu,Limit Yenileme,Aksiyon Yok,65.0,328313125.0,489.0,2026-05-20,192608781.0,459893890.0,0.0,0.0,1567.0,7.0,147963533.0,128.0,,,1,0.4183,0.4188,0.6467,0.8731,B,B
2025-10-24,5493449.0,3107271.0,606726.0,6,0,0,1337,0,1564767.0,828284.0,1298,9302018082,S112,U1123,Cek Raporu,Yeni Basvuru,Ret,30.0,2500545.0,,,,,,,,,,,3192768.0,0.0,0,0.2666,,0.5293,0.5801,C,
2026-01-19,5491123.0,3192768.0,623420.0,6,0,0,1353,0,1722616.0,982414.0,1299,9302018082,S112,U1123,Ticari Kredi Notu,Periyodik Izleme,Izleme,65.0,2569348.0,1298.0,2025-10-24,828284.0,3107271.0,0.0,0.0,1337.0,6.0,606726.0,87.0,3328507.0,0.0,0,0.3077,0.2666,0.5703,0.5865,C,C
2026-06-29,6056716.0,3328507.0,649924.0,6,0,0,1319,0,1938437.0,982075.0,1300,9302018082,S112,U1122,Risk Merkezi,Periyodik Izleme,Izleme,40.0,2678583.0,1299.0,2026-01-19,982414.0,3192768.0,0.0,0.0,1353.0,6.0,623420.0,161.0,,,1,0.295,0.3077,0.5066,0.5698,C,C
2025-10-03,509289916.0,255425019.0,57963533.0,4,0,0,1535,0,389638823.0,98006501.0,380,9302220526,S071,U0712,Ticari Kredi Notu,Yeni Basvuru,Aksiyon Yok,65.0,197461486.0,,,,,,,,,,,294383011.0,0.0,0,0.3837,,0.2515,1.3156,B,
2026-02-18,608007497.0,294383011.0,66804260.0,5,0,0,1576,0,336775594.0,78864968.0,381,9302220526,S071,U0711,Ticari Kredi Notu,Limit Yenileme,Aksiyon Yok,65.0,227578751.0,380.0,2025-10-03,98006501.0,255425019.0,0.0,0.0,1535.0,4.0,57963533.0,138.0,313544147.0,0.0,0,0.2679,0.3837,0.2342,0.7946,B,B
2026-04-24,614381849.0,313544147.0,71152492.0,5,0,0,1507,0,258476186.0,67291907.0,382,9302220526,S071,U0713,Risk Merkezi,Limit Yenileme,Teklif,40.0,242391655.0,381.0,2026-02-18,78864968.0,294383011.0,0.0,0.0,1576.0,5.0,66804260.0,65.0,387417090.0,0.0,0,0.2146,0.2679,0.2603,0.6919,B,B
2026-09-11,631638445.0,387417090.0,87916459.0,6,0,0,1528,0,106821291.0,38813795.0,383,9302220526,S071,U0713,Risk Merkezi,Periyodik Izleme,Izleme,40.0,299500631.0,382.0,2026-04-24,67291907.0,313544147.0,0.0,0.0,1507.0,5.0,71152492.0,140.0,378187158.0,0.0,0,0.1002,0.2146,0.3634,0.6642,B,B
2026-09-25,623723301.0,378187158.0,85821913.0,6,0,0,1542,0,84661319.0,30168048.0,384,9302220526,S071,U0712,Risk Merkezi,Periyodik Izleme,Izleme,40.0,292365245.0,383.0,2026-09-11,38813795.0,387417090.0,0.0,0.0,1528.0,6.0,87916459.0,14.0,,,1,0.0798,0.1002,0.3563,0.6456,B,B
2026-02-17,8734237.0,4964410.0,1325963.0,7,0,0,1659,0,892901.0,284287.0,1194,9302767604,S072,U0721,Risk Merkezi,Yeni Basvuru,Kullandirim,40.0,3638447.0,,,,,,,,,,,5656010.0,0.0,0,0.0573,,0.3184,0.5969,A,
2026-05-25,10219299.0,5656010.0,1510685.0,7,0,0,1673,0,1021930.0,0.0,1195,9302767604,S072,U0722,Risk Merkezi,Periyodik Izleme,Izleme,40.0,4145325.0,1194.0,2026-02-17,284287.0,4964410.0,0.0,0.0,1659.0,7.0,1325963.0,97.0,6466074.0,0.0,0,0.0,0.0573,0.0,0.615,A,A
2026-08-31,10497879.0,6466074.0,1727048.0,8,0,0,1693,0,1049788.0,0.0,1196,9302767604,S072,U0721,Risk Merkezi,Limit Yenileme,Teklif,40.0,4739026.0,1195.0,2026-05-25,0.0,5656010.0,0.0,0.0,1673.0,7.0,1510685.0,98.0,6440024.0,0.0,0,0.0,0.0,0.0,0.6844,A,A
2026-09-22,10495050.0,6440024.0,1720090.0,8,0,0,1654,0,1049505.0,0.0,1197,9302767604,S072,U0721,Risk Merkezi,Periyodik Izleme,Izleme,40.0,4719934.0,1196.0,2026-08-31,0.0,6466074.0,0.0,0.0,1693.0,8.0,1727048.0,22.0,6542665.0,0.0,0,0.0,0.0,0.0,0.6818,A,A
2026-09-29,10482349.0,6542665.0,1747505.0,8,0,0,1656,0,1048235.0,0.0,1198,9302767604,S072,U0721,Risk Merkezi,Periyodik Izleme,Izleme,40.0,4795160.0,1197.0,2026-09-22,0.0,6440024.0,0.0,0.0,1654.0,8.0,1720090.0,7.0,,,1,0.0,0.0,0.0,0.6935,A,A
2025-12-26,861279967.0,564514761.0,108254671.0,5,0,0,1281,0,196455714.0,117222642.0,703,9303680074,S030,U0302,Risk Merkezi,Yeni Basvuru,Ret,40.0,456260090.0,,,,,,,,,,,746355562.0,1.0,0,0.2077,,0.5967,0.6728,C,
2026-08-27,888723076.0,746355562.0,143125532.0,7,1,0,958,1,148871267.0,133430542.0,704,9303680074,S030,U0303,Risk Merkezi,Periyodik Izleme,Izleme,40.0,603230030.0,703.0,2025-12-26,117222642.0,564514761.0,0.0,0.0,1281.0,5.0,108254671.0,244.0,703986364.0,1.0,0,0.1788,0.2077,0.8963,0.8284,D,C
2026-08-31,799969308.0,703986364.0,135000565.0,7,1,0,1005,4,208553891.0,160397935.0,705,9303680074,S030,U0301,Risk Merkezi,Limit Yenileme,Teklif,40.0,568985799.0,704.0,2026-08-27,133430542.0,746355562.0,1.0,0.0,958.0,7.0,143125532.0,4.0,,,1,0.2278,0.1788,0.7691,0.9191,D,D
2025-12-16,162927111.0,79589806.0,24313812.0,7,0,0,1608,0,39616690.0,24199652.0,1092,9305502608,S061,U0611,Risk Merkezi,Limit Yenileme,Ret,40.0,55275994.0,,,,,,,,,,,71213120.0,0.0,0,0.3041,,0.6108,0.4492,A,
2026-03-17,149121317.0,71213120.0,21754827.0,6,0,0,1702,0,51901338.0,19513040.0,1093,9305502608,S061,U0611,Ticari Kredi Notu,Limit Yenileme,Aksiyon Yok,65.0,49458293.0,1092.0,2025-12-16,24199652.0,79589806.0,0.0,0.0,1608.0,7.0,24313812.0,91.0,72380324.0,0.0,0,0.274,0.3041,0.376,0.5318,A,A
2026-03-20,154736275.0,72380324.0,22111395.0,6,0,0,1679,0,102587912.0,20125186.0,1094,9305502608,S061,U0611,Risk Merkezi,Limit Yenileme,Teklif,40.0,50268929.0,1093.0,2026-03-17,19513040.0,71213120.0,0.0,0.0,1702.0,6.0,21754827.0,3.0,,,1,0.278,0.274,0.1962,1.002,A,A
2026-05-21,7135074.0,5054363.0,808671.0,7,0,0,1524,0,864384.0,578167.0,1009,9309458931,S002,U0022,Risk Merkezi,Yeni Basvuru,Kullandirim,40.0,4245692.0,,,,,,,,,,,5162700.0,0.0,0,0.1144,,0.6689,0.7138,B,
2026-06-04,6924724.0,5162700.0,826005.0,7,0,0,1503,0,1002869.0,680784.0,1010,9309458931,S002,U0022,Ticari Kredi Notu,Limit Yenileme,Aksiyon Yok,65.0,4336695.0,1009.0,2026-05-21,578167.0,5054363.0,0.0,0.0,1524.0,7.0,808671.0,14.0,5100161.0,0.0,0,0.1319,0.1144,0.6788,0.7568,B,B
2026-08-21,7274839.0,5100161.0,815999.0,7,0,0,1535,0,919993.0,628187.0,1011,9309458931,S002,U0023,Risk Merkezi,Periyodik Izleme,Izleme,40.0,4284162.0,1010.0,2026-06-04,680784.0,5162700.0,0.0,0.0,1503.0,7.0,826005.0,78.0,,,1,0.1232,0.1319,0.6828,0.7037,B,B
2025-10-24,22671393.0,16234326.0,2649202.0,5,0,0,1538,0,7204169.0,5295827.0,892,9311233139,S062,U0621,Ticari Kredi Notu,Limit Yenileme,Ret,65.0,13585124.0,,,,,,,,,,,20314690.0,0.0,0,0.3262,,0.7351,0.7072,B,
2026-05-15,31977234.0,20314690.0,3315058.0,5,0,0,1656,0,13226854.0,7991613.0,893,9311233139,S062,U0621,Risk Merkezi,Periyodik Izleme,Izleme,40.0,16999632.0,892.0,2025-10-24,5295827.0,16234326.0,0.0,0.0,1538.0,5.0,2649202.0,203.0,20844212.0,0.0,0,0.3934,0.3262,0.6042,0.6572,A,B
2026-06-15,31439612.0,20844212.0,3401468.0,5,0,0,1647,0,12188840.0,8235543.0,894,9311233139,S062,U0622,Risk Merkezi,Limit Yenileme,Kullandirim,40.0,17442744.0,893.0,2026-05-15,7991613.0,20314690.0,0.0,0.0,1656.0,5.0,3315058.0,31.0,20874824.0,0.0,0,0.3951,0.3934,0.6757,0.655,A,A
2026-06-26,30603870.0,20874824.0,3406463.0,5,0,0,1607,0,12159499.0,8398121.0,895,9311233139,S062,U0623,Risk Merkezi,Periyodik Izleme,Izleme,40.0,17468361.0,894.0,2026-06-15,8235543.0,20844212.0,0.0,0.0,1647.0,5.0,3401468.0,11.0,,,1,0.4023,0.3951,0.6907,0.6765,A,A
2025-10-29,50318784.0,28538065.0,8162667.0,7,0,0,1734,0,25211938.0,12938983.0,1153,9311629528,S071,U0711,Risk Merkezi,Limit Yenileme,Kullandirim,40.0,20375398.0,,,,,,,,,,,30805671.0,0.0,0,0.4534,,0.5132,0.6213,A,
2026-01-06,59167891.0,30805671.0,8811265.0,7,0,0,1712,0,36409563.0,14770593.0,1154,9311629528,S071,U0712,Ticari Kredi Notu,Periyodik Izleme,Izleme,65.0,21994406.0,1153.0,2025-10-29,12938983.0,28538065.0,0.0,0.0,1734.0,7.0,8162667.0,69.0,,,1,0.4795,0.4534,0.4057,0.7046,A,A
2026-08-27,3545649.0,2160830.0,312063.0,5,0,0,1479,0,586260.0,346815.0,338,9311730749,S062,U0622,Ticari Kredi Notu,Tahsis Revizyonu,Izleme,65.0,1848767.0,,,,,,,,,,,,,1,0.1605,,0.5916,0.613,B,
2025-10-29,1470947880.0,985243269.0,222356187.0,4,0,0,1737,0,527820239.0,356533071.0,202,9312724391,S030,U0303,Ticari Kredi Notu,Limit Yenileme,Aksiyon Yok,65.0,762887082.0,,,,,,,,,,,1102307852.0,0.0,0,0.3619,,0.6755,0.6666,A,
2026-02-27,1760786879.0,1102307852.0,431487394.0,4,0,0,1752,0,656662988.0,403942421.0,203,9312724391,S030,U0303,Ticari Kredi Notu,Periyodik Izleme,Izleme,65.0,670820458.0,202.0,2025-10-29,356533071.0,985243269.0,0.0,0.0,1737.0,4.0,222356187.0,121.0,1141582670.0,0.0,0,0.3665,0.3619,0.6151,0.6325,A,A
2026-04-20,1860140422.0,1141582670.0,528179347.0,4,0,0,1781,0,702879480.0,445914184.0,204,9312724391,S030,U0302,Cek Raporu,Periyodik Izleme,Izleme,30.0,613403323.0,203.0,2026-02-27,403942421.0,1102307852.0,0.0,0.0,1752.0,4.0,431487394.0,52.0,1176922532.0,0.0,0,0.3906,0.3665,0.6344,0.6011,A,A
2026-05-26,1836153111.0,1176922532.0,602570158.0,4,0,0,1772,0,788663812.0,426168220.0,205,9312724391,S030,U0301,Ticari Kredi Notu,Periyodik Izleme,Izleme,65.0,574352374.0,204.0,2026-04-20,445914184.0,1141582670.0,0.0,0.0,1781.0,4.0,528179347.0,36.0,1264846197.0,0.0,0,0.3621,0.3906,0.5404,0.7167,A,A
2026-06-19,1950264517.0,1264846197.0,689170000.0,4,0,0,1781,0,684661775.0,438187569.0,206,9312724391,S030,U0303,Risk Merkezi,Periyodik Izleme,Izleme,40.0,575676197.0,205.0,2026-05-26,426168220.0,1176922532.0,0.0,0.0,1772.0,4.0,602570158.0,24.0,,,1,0.3464,0.3621,0.64,0.6532,A,A
2025-10-21,890424329.0,446442130.0,137380437.0,4,0,0,1723,0,210851803.0,113526756.0,1600,9314141251,S030,U0303,Risk Merkezi,Yeni Basvuru,Kullandirim,40.0,309061693.0,,,,,,,,,,,443960056.0,0.0,0,0.2543,,0.5384,0.4899,A,
2026-07-27,874702834.0,443960056.0,136616646.0,4,0,0,1722,0,333834226.0,110874117.0,1601,9314141251,S030,U0302,Ticari Kredi Notu,Tahsis Revizyonu,Izleme,65.0,307343410.0,1600.0,2025-10-21,113526756.0,446442130.0,0.0,0.0,1723.0,4.0,137380437.0,279.0,,,1,0.2497,0.2543,0.3321,0.6158,A,A
2026-06-05,48382732.0,37116670.0,9350847.0,5,0,0,1627,0,18970467.0,13501192.0,1561,9314174870,S001,U0012,Cek Raporu,Yeni Basvuru,Ret,30.0,27765823.0,,,,,,,,,,,38410008.0,0.0,0,0.3638,,0.7117,0.8029,A,
2026-09-04,53927572.0,38410008.0,9676680.0,5,0,0,1628,0,21041723.0,12564346.0,1562,9314174870,S001,U0012,Risk Merkezi,Periyodik Izleme,Izleme,40.0,28733328.0,1561.0,2026-06-05,13501192.0,37116670.0,0.0,0.0,1627.0,5.0,9350847.0,91.0,,,1,0.3271,0.3638,0.5971,0.7859,A,A
2025-10-21,54522910.0,41231888.0,6177386.0,7,0,0,1331,0,8563207.0,7578134.0,848,9316097315,S061,U0613,Risk Merkezi,Yeni Basvuru,Aksiyon Yok,40.0,35054502.0,,,,,,,,,,,38741448.0,0.0,0,0.1838,,0.885,0.7322,C,
2025-12-08,55854592.0,38741448.0,5804266.0,7,0,0,1302,0,10044133.0,6263307.0,849,9316097315,S061,U0613,Cek Raporu,Limit Yenileme,Aksiyon Yok,30.0,32937182.0,848.0,2025-10-21,7578134.0,41231888.0,0.0,0.0,1331.0,7.0,6177386.0,48.0,35124663.0,0.0,0,0.1617,0.1838,0.6236,0.709,C,C
2025-12-26,48458651.0,35124663.0,5262398.0,7,0,0,1266,0,6439730.0,4168545.0,850,9316097315,S061,U0613,Risk Merkezi,Limit Yenileme,Aksiyon Yok,40.0,29862265.0,849.0,2025-12-08,6263307.0,38741448.0,0.0,0.0,1302.0,7.0,5804266.0,18.0,,,1,0.1187,0.1617,0.6473,0.7367,C,C
2025-11-26,665870460.0,509165692.0,169015807.0,3,0,0,1609,0,359748104.0,185148601.0,715,9316224053,S050,U0502,Risk Merkezi,Periyodik Izleme,Izleme,40.0,340149885.0,,,,,,,,,,,546384195.0,0.0,0,0.3636,,0.5147,1.0585,A,
2026-01-02,723350483.0,546384195.0,181370362.0,4,0,0,1632,0,361805142.0,182838933.0,716,9316224053,S050,U0501,Ticari Kredi Notu,Limit Yenileme,Kullandirim,65.0,365013833.0,715.0,2025-11-26,185148601.0,509165692.0,0.0,0.0,1609.0,3.0,169015807.0,37.0,561460813.0,0.0,0,0.3346,0.3636,0.5054,1.0055,A,A
2026-01-26,704544666.0,561460813.0,186374993.0,4,0,0,1655,0,323761051.0,177069132.0,717,9316224053,S050,U0502,Risk Merkezi,Periyodik Izleme,Izleme,40.0,375085820.0,716.0,2026-01-02,182838933.0,546384195.0,0.0,0.0,1632.0,4.0,181370362.0,24.0,631733089.0,0.0,0,0.3154,0.3346,0.5469,1.0095,A,A
2026-03-23,800164869.0,631733089.0,209701634.0,4,0,0,1643,0,275605586.0,148690221.0,718,9316224053,S050,U0501,Risk Merkezi,Limit Yenileme,Aksiyon Yok,40.0,422031455.0,717.0,2026-01-26,177069132.0,561460813.0,0.0,0.0,1655.0,4.0,186374993.0,56.0,650670845.0,0.0,0,0.2354,0.3154,0.5395,0.9209,A,A
2026-04-24,822066166.0,650670845.0,215987958.0,4,0,0,1564,0,290557829.0,157339000.0,719,9316224053,S050,U0501,Risk Merkezi,Periyodik Izleme,Izleme,40.0,434682887.0,718.0,2026-03-23,148690221.0,631733089.0,0.0,0.0,1643.0,4.0,209701634.0,32.0,679323677.0,0.0,0,0.2418,0.2354,0.5415,0.9282,B,A
2026-06-30,819564002.0,679323677.0,225499167.0,4,0,0,1666,0,187452411.0,108513244.0,720,9316224053,S050,U0503,Risk Merkezi,Tahsis Revizyonu,Izleme,40.0,453824510.0,719.0,2026-04-24,157339000.0,650670845.0,0.0,0.0,1564.0,4.0,215987958.0,67.0,,,1,0.1597,0.2418,0.5789,0.903,A,B
2026-03-04,41202072.0,23952059.0,6010387.0,4,0,0,1377,0,11911621.0,4789121.0,1564,9318389219,S071,U0712,Risk Merkezi,Yeni Basvuru,Ret,40.0,17941672.0,,,,,,,,,,,,,1,0.1999,,0.4021,0.6542,C,
2026-01-02,7908064.0,4919081.0,1696641.0,5,0,0,1791,0,2451555.0,1734561.0,36,9319870421,S082,U0823,Ticari Kredi Notu,Periyodik Izleme,Izleme,65.0,3222440.0,,,,,,,,,,,3875621.0,0.0,0,0.3526,,0.7075,0.5836,A,
2026-06-09,6883270.0,3875621.0,1336741.0,4,0,0,1782,0,2846201.0,1254523.0,37,9319870421,S082,U0821,Ticari Kredi Notu,Limit Yenileme,Ret,65.0,2538880.0,36.0,2026-01-02,1734561.0,4919081.0,0.0,0.0,1791.0,5.0,1696641.0,158.0,3624699.0,0.0,0,0.3237,0.3526,0.4408,0.6493,A,A
2026-08-07,7294929.0,3624699.0,1250195.0,4,0,0,1798,0,2239597.0,915093.0,38,9319870421,S082,U0823,Risk Merkezi,Tahsis Revizyonu,Izleme,40.0,2374504.0,37.0,2026-06-09,1254523.0,3875621.0,0.0,0.0,1782.0,4.0,1336741.0,59.0,,,1,0.2525,0.3237,0.4086,0.536,A,A
2025-12-12,106109859.0,63149280.0,22224496.0,8,0,0,1295,0,23252595.0,13181218.0,817,9320030683,S011,U0113,Risk Merkezi,Tahsis Revizyonu,Izleme,40.0,40924784.0,,,,,,,,,,,66650263.0,0.0,0,0.2087,,0.5669,0.6031,C,
2026-01-13,112538792.0,66650263.0,23456618.0,8,0,0,1194,0,22678749.0,13314285.0,818,9320030683,S011,U0112,Risk Merkezi,Periyodik Izleme,Izleme,40.0,43193645.0,817.0,2025-12-12,13181218.0,63149280.0,0.0,0.0,1295.0,8.0,22224496.0,32.0,66532506.0,0.0,0,0.1998,0.2087,0.5871,0.5935,C,C
2026-01-23,97748737.0,66532506.0,23415175.0,8,0,0,1233,0,20651539.0,14926943.0,819,9320030683,S011,U0113,Ticari Kredi Notu,Periyodik Izleme,Izleme,65.0,43117331.0,818.0,2026-01-13,13314285.0,66650263.0,0.0,0.0,1194.0,8.0,23456618.0,10.0,69523374.0,0.0,0,0.2244,0.1998,0.7228,0.6694,C,C
2026-01-30,113201067.0,69523374.0,24467768.0,8,0,0,1225,0,26267123.0,15391112.0,820,9320030683,S011,U0112,Cek Raporu,Limit Yenileme,Ret,30.0,45055606.0,819.0,2026-01-23,14926943.0,66532506.0,0.0,0.0,1233.0,8.0,23415175.0,7.0,72494464.0,0.0,0,0.2214,0.2244,0.5859,0.6227,C,C
2026-03-30,108981068.0,72494464.0,25513402.0,8,0,0,1192,0,20378559.0,11964503.0,821,9320030683,S011,U0112,Ticari Kredi Notu,Periyodik Izleme,Izleme,65.0,46981062.0,820.0,2026-01-30,15391112.0,69523374.0,0.0,0.0,1225.0,8.0,24467768.0,59.0,71304927.0,1.0,0,0.165,0.2214,0.5871,0.6832,C,C
2026-06-02,96927117.0,71304927.0,25094761.0,9,1,0,1120,3,17424789.0,12324794.0,822,9320030683,S011,U0112,Risk Merkezi,Periyodik Izleme,Izleme,40.0,46210166.0,821.0,2026-03-30,11964503.0,72494464.0,0.0,0.0,1192.0,8.0,25513402.0,64.0,,,1,0.1728,0.165,0.7073,0.7419,C,C
2026-04-23,99047009.0,43173444.0,4526284.0,5,0,0,1691,0,9322928.0,3163139.0,1262,9320633314,S091,U0911,Cek Raporu,Periyodik Izleme,Izleme,30.0,38647160.0,,,,,,,,,,,37642039.0,0.0,0,0.0733,,0.3393,0.4459,A,
2026-07-07,128930238.0,37642039.0,3946374.0,5,0,0,1649,0,4709504.0,1469295.0,1263,9320633314,S091,U0912,Ticari Kredi Notu,Periyodik Izleme,Izleme,65.0,33695665.0,1262.0,2026-04-23,3163139.0,43173444.0,0.0,0.0,1691.0,5.0,4526284.0,75.0,,,1,0.039,0.0733,0.312,0.2912,A,A
2026-01-30,1455484144.0,1037883758.0,107153080.0,6,0,0,1372,0,193186499.0,137181528.0,575,9322896789,S030,U0301,Risk Merkezi,Tahsis Revizyonu,Izleme,40.0,930730678.0,,,,,,,,,,,1020382501.0,0.0,0,0.1322,,0.7101,0.7135,C,
2026-03-19,1494462812.0,1020382501.0,105346217.0,6,0,0,1383,0,209267376.0,141891728.0,576,9322896789,S030,U0302,Risk Merkezi,Periyodik Izleme,Izleme,40.0,915036284.0,575.0,2026-01-30,137181528.0,1037883758.0,0.0,0.0,1372.0,6.0,107153080.0,48.0,1027018050.0,0.0,0,0.1391,0.1322,0.678,0.6835,C,C
2026-09-18,1529073951.0,1027018050.0,106031283.0,6,0,0,1361,0,299350833.0,189826195.0,577,9322896789,S030,U0301,Risk Merkezi,Limit Yenileme,Kullandirim,40.0,920986767.0,576.0,2026-03-19,141891728.0,1020382501.0,0.0,0.0,1383.0,6.0,105346217.0,183.0,,,1,0.1848,0.1391,0.6341,0.6808,C,C
2026-02-06,72789726.0,36529428.0,5039353.0,1,0,0,1398,0,69150240.0,36529428.0,1045,9323318519,S111,U1111,Risk Merkezi,Periyodik Izleme,Izleme,40.0,31490075.0,,,,,,,,,,,,,1,1.0,,0.5283,0.0,C,
2026-07-29,54995289.0,35347012.0,10860986.0,4,0,0,1439,0,28931558.0,15294795.0,1401,9323893295,S071,U0712,Ticari Kredi Notu,Yeni Basvuru,Teklif,65.0,24486026.0,,,,,,,,,,,,,1,0.4327,,0.5287,0.7694,B,
2025-11-21,602810005.0,336770266.0,133042199.0,6,0,0,1575,0,216089434.0,107002344.0,1174,9326536868,S050,U0503,Cek Raporu,Periyodik Izleme,Izleme,30.0,203728067.0,,,,,,,,,,,332006593.0,0.0,0,0.3177,,0.4952,0.5941,B,
2025-11-28,583203102.0,332006593.0,131160294.0,6,0,0,1559,0,247804591.0,113912137.0,1175,9326536868,S050,U0503,Risk Merkezi,Limit Yenileme,Aksiyon Yok,40.0,200846299.0,1174.0,2025-11-21,107002344.0,336770266.0,0.0,0.0,1575.0,6.0,133042199.0,7.0,356053593.0,0.0,0,0.3431,0.3177,0.4597,0.6503,B,B
2026-04-20,691703972.0,356053593.0,140660141.0,6,0,0,1556,0,277008739.0,123169077.0,1176,9326536868,S050,U0502,Risk Merkezi,Limit Yenileme,Ret,40.0,215393452.0,1175.0,2025-11-28,113912137.0,332006593.0,0.0,0.0,1559.0,6.0,131160294.0,143.0,329802293.0,0.0,0,0.3459,0.3431,0.4446,0.5616,B,B
2026-07-30,661051770.0,329802293.0,130289478.0,6,0,0,1549,0,186559520.0,108809602.0,1177,9326536868,S050,U0503,Ticari Kredi Notu,Tahsis Revizyonu,Izleme,65.0,199512815.0,1176.0,2026-04-20,123169077.0,356053593.0,0.0,0.0,1556.0,6.0,140660141.0,101.0,,,1,0.3299,0.3459,0.5832,0.4657,B,B
2025-11-28,139287924.0,106279388.0,21951557.0,6,0,0,1774,0,45083440.0,29688968.0,765,9331635081,S071,U0713,Risk Merkezi,Limit Yenileme,Ret,40.0,84327831.0,,,,,,,,,,,,,1,0.2793,,0.6585,0.813,A,
2025-12-12,17841906.0,11181613.0,4691576.0,2,0,0,1706,0,7700859.0,3766646.0,1112,9338333956,S032,U0321,Ticari Kredi Notu,Yeni Basvuru,Kullandirim,65.0,6490037.0,,,,,,,,,,,11919041.0,0.0,0,0.3369,,0.4891,0.7312,A,
2026-01-27,21920741.0,11919041.0,5752049.0,2,0,0,1753,0,6899199.0,4414666.0,1113,9338333956,S032,U0321,Risk Merkezi,Tahsis Revizyonu,Izleme,40.0,6166992.0,1112.0,2025-12-12,3766646.0,11181613.0,0.0,0.0,1706.0,2.0,4691576.0,46.0,14077750.0,0.0,0,0.3704,0.3369,0.6399,0.4996,A,A
2026-07-07,24227207.0,14077750.0,9898647.0,2,0,0,1687,0,8879887.0,4427274.0,1114,9338333956,S032,U0323,Risk Merkezi,Periyodik Izleme,Izleme,40.0,4179103.0,1113.0,2026-01-27,4414666.0,11919041.0,0.0,0.0,1753.0,2.0,5752049.0,161.0,,,1,0.3145,0.3704,0.4986,0.6288,A,A
2025-11-05,7968574.0,4592696.0,1333864.0,6,0,0,1532,0,2134426.0,1110265.0,693,9339239422,S102,U1021,Cek Raporu,Limit Yenileme,Ret,30.0,3258832.0,,,,,,,,,,,5092738.0,0.0,0,0.2417,,0.5202,0.5969,B,
2026-02-26,8141802.0,5092738.0,2267420.0,6,0,0,1535,0,2053419.0,1206044.0,694,9339239422,S102,U1022,Cek Raporu,Limit Yenileme,Aksiyon Yok,30.0,2825318.0,693.0,2025-11-05,1110265.0,4592696.0,0.0,0.0,1532.0,6.0,1333864.0,113.0,5450158.0,0.0,0,0.2368,0.2417,0.5873,0.6384,B,B
2026-03-20,9102844.0,5450158.0,2590804.0,6,0,0,1514,0,2606434.0,1131235.0,695,9339239422,S102,U1022,Cek Raporu,Limit Yenileme,Ret,30.0,2859354.0,694.0,2026-02-26,1206044.0,5092738.0,0.0,0.0,1535.0,6.0,2267420.0,22.0,5724540.0,0.0,0,0.2076,0.2368,0.434,0.6648,B,B
2026-08-03,9697683.0,5724540.0,3787725.0,6,0,0,1513,0,2793465.0,1382260.0,696,9339239422,S102,U1022,Risk Merkezi,Limit Yenileme,Teklif,40.0,1936815.0,695.0,2026-03-20,1131235.0,5450158.0,0.0,0.0,1514.0,6.0,2590804.0,136.0,5814644.0,0.0,0,0.2415,0.2076,0.4948,0.6289,B,B
2026-09-07,9502132.0,5814644.0,4126127.0,6,0,0,1561,0,2196014.0,1276823.0,697,9339239422,S102,U1021,Risk Merkezi,Periyodik Izleme,Izleme,40.0,1688517.0,696.0,2026-08-03,1382260.0,5724540.0,0.0,0.0,1513.0,6.0,3787725.0,35.0,,,1,0.2196,0.2415,0.5814,0.6211,B,B
2025-10-29,43215956.0,29335777.0,5374920.0,3,0,0,1474,0,17378626.0,11366413.0,104,9343307609,S111,U1113,Risk Merkezi,Yeni Basvuru,Aksiyon Yok,40.0,23960857.0,,,,,,,,,,,28313243.0,0.0,0,0.3875,,0.654,0.6955,B,
2025-11-11,41686729.0,28313243.0,5187571.0,3,0,0,1393,0,19455274.0,11323926.0,105,9343307609,S111,U1112,Ticari Kredi Notu,Tahsis Revizyonu,Izleme,65.0,23125672.0,104.0,2025-10-29,11366413.0,29335777.0,0.0,0.0,1474.0,3.0,5374920.0,13.0,29298433.0,0.0,0,0.4,0.3875,0.582,0.7642,C,B
2026-01-29,44504687.0,29298433.0,5368078.0,3,0,0,1429,0,23931393.0,12011911.0,106,9343307609,S111,U1113,Risk Merkezi,Limit Yenileme,Aksiyon Yok,40.0,23930355.0,105.0,2025-11-11,11323926.0,28313243.0,0.0,0.0,1393.0,3.0,5187571.0,79.0,,,1,0.41,0.4,0.5019,0.8402,B,C
2025-12-26,22271846.0,19279578.0,4516954.0,5,0,0,1289,0,9160882.0,6910934.0,1273,9343423071,S062,U0622,Risk Merkezi,Yeni Basvuru,Ret,40.0,14762624.0,,,,,,,,,,,23032933.0,0.0,0,0.3585,,0.7544,0.9434,C,
2026-07-31,23265589.0,23032933.0,5396316.0,6,0,0,1034,3,8611242.0,8077488.0,1274,9343423071,S062,U0621,Risk Merkezi,Periyodik Izleme,Izleme,40.0,17636617.0,1273.0,2025-12-26,6910934.0,19279578.0,0.0,0.0,1289.0,5.0,4516954.0,217.0,22234416.0,1.0,0,0.3507,0.3585,0.938,1.0205,D,C
2026-08-06,22459006.0,22234416.0,5209234.0,7,1,0,1014,1,7659150.0,7507818.0,1275,9343423071,S062,U0621,Risk Merkezi,Limit Yenileme,Aksiyon Yok,40.0,17025182.0,1274.0,2026-07-31,8077488.0,23032933.0,0.0,0.0,1034.0,6.0,5396316.0,6.0,23350210.0,0.0,0,0.3377,0.3507,0.9802,0.9951,D,D
2026-09-11,23586071.0,23350210.0,5470649.0,7,0,1,937,3,8693458.0,7382335.0,1276,9343423071,S062,U0622,Risk Merkezi,Limit Yenileme,Aksiyon Yok,40.0,17879561.0,1275.0,2026-08-06,7507818.0,22234416.0,1.0,0.0,1014.0,7.0,5209234.0,36.0,23311093.0,1.0,0,0.3162,0.3377,0.8492,1.0722,D,D
2026-09-18,23546559.0,23311093.0,5461485.0,7,1,0,936,2,7429406.0,7355112.0,1277,9343423071,S062,U0623,Risk Merkezi,Tahsis Revizyonu,Izleme,40.0,17849608.0,1276.0,2026-09-11,7382335.0,23350210.0,0.0,1.0,937.0,7.0,5470649.0,7.0,,,1,0.3155,0.3162,0.99,0.99,D,D
2025-10-10,44830324.0,35737020.0,9370666.0,4,0,0,1489,0,6913386.0,5163759.0,77,9343835894,S091,U0913,Risk Merkezi,Tahsis Revizyonu,Izleme,40.0,26366354.0,,,,,,,,,,,47830738.0,1.0,0,0.1445,,0.7469,0.8063,B,
2026-05-04,49509076.0,47830738.0,12541781.0,6,1,0,1187,0,6927807.0,6336674.0,78,9343835894,S091,U0913,Ticari Kredi Notu,Periyodik Izleme,Izleme,65.0,35288957.0,77.0,2025-10-10,5163759.0,35737020.0,0.0,0.0,1489.0,4.0,9370666.0,206.0,46449070.0,1.0,0,0.1325,0.1445,0.9147,0.9745,C,B
2026-05-06,49217660.0,46449070.0,12179491.0,6,1,0,1183,1,6206737.0,5438897.0,79,9343835894,S091,U0911,Ticari Kredi Notu,Periyodik Izleme,Izleme,65.0,34269579.0,78.0,2026-05-04,6336674.0,47830738.0,1.0,0.0,1187.0,6.0,12541781.0,2.0,,,1,0.1171,0.1325,0.8763,0.9535,C,C
2026-05-15,63477893.0,33203864.0,7992100.0,5,0,0,1317,0,26814447.0,12241754.0,1490,9344123099,S061,U0613,Ticari Kredi Notu,Periyodik Izleme,Izleme,65.0,25211764.0,,,,,,,,,,,33056153.0,0.0,0,0.3687,,0.4565,0.5717,C,
2026-08-10,61621045.0,33056153.0,7956546.0,5,0,0,1295,0,21057792.0,11120520.0,1491,9344123099,S061,U0611,Risk Merkezi,Limit Yenileme,Kullandirim,40.0,25099607.0,1490.0,2026-05-15,12241754.0,33203864.0,0.0,0.0,1317.0,5.0,7992100.0,87.0,,,1,0.3364,0.3687,0.5281,0.5408,C,C
2026-09-04,72312535.0,38015591.0,5546879.0,7,0,0,1415,0,20445698.0,10358481.0,1145,9345757517,S112,U1121,Risk Merkezi,Yeni Basvuru,Ret,40.0,32468712.0,,,,,,,,,,,,,1,0.2725,,0.5066,0.5332,B,
2026-01-23,121687472.0,74160881.0,10598520.0,2,0,0,1359,0,28652725.0,17272362.0,1713,9346204317,S071,U0711,Ticari Kredi Notu,Limit Yenileme,Ret,65.0,63562361.0,,,,,,,,,,,70797504.0,0.0,0,0.2329,,0.6028,0.6115,C,
2026-03-27,107587995.0,70797504.0,10117851.0,2,0,0,1410,0,28580570.0,17396931.0,1714,9346204317,S071,U0712,Risk Merkezi,Limit Yenileme,Ret,40.0,60679653.0,1713.0,2026-01-23,17272362.0,74160881.0,0.0,0.0,1359.0,2.0,10598520.0,63.0,71621319.0,0.0,0,0.2457,0.2329,0.6087,0.6759,B,C
2026-04-13,120127300.0,71621319.0,10235585.0,2,0,0,1408,0,29444524.0,16527558.0,1715,9346204317,S071,U0712,Risk Merkezi,Periyodik Izleme,Izleme,40.0,61385734.0,1714.0,2026-03-27,17396931.0,70797504.0,0.0,0.0,1410.0,2.0,10117851.0,17.0,72051535.0,0.0,0,0.2308,0.2457,0.5613,0.6075,B,B
2026-04-14,114504622.0,72051535.0,10297068.0,2,0,0,1412,0,26635575.0,15571965.0,1716,9346204317,S071,U0711,Risk Merkezi,Limit Yenileme,Teklif,40.0,61754467.0,1715.0,2026-04-13,16527558.0,71621319.0,0.0,0.0,1408.0,2.0,10235585.0,1.0,70348756.0,0.0,0,0.2161,0.2308,0.5846,0.6428,B,B
2026-07-24,125651606.0,70348756.0,10053719.0,2,0,0,1384,0,34748820.0,19872939.0,1717,9346204317,S071,U0711,Ticari Kredi Notu,Limit Yenileme,Teklif,65.0,60295037.0,1716.0,2026-04-14,15571965.0,72051535.0,0.0,0.0,1412.0,2.0,10297068.0,101.0,,,1,0.2825,0.2161,0.5719,0.5553,C,B
2026-01-09,989847502.0,578809083.0,83799799.0,5,0,0,1490,0,455039465.0,242561176.0,1551,9346820981,S050,U0503,Risk Merkezi,Limit Yenileme,Kullandirim,40.0,495009284.0,,,,,,,,,,,523429028.0,0.0,0,0.4191,,0.5331,0.6287,B,
2026-01-16,852243989.0,523429028.0,75781892.0,5,0,0,1477,0,447464115.0,217322655.0,1552,9346820981,S050,U0503,Cek Raporu,Limit Yenileme,Aksiyon Yok,30.0,447647136.0,1551.0,2026-01-09,242561176.0,578809083.0,0.0,0.0,1490.0,5.0,83799799.0,7.0,623715201.0,0.0,0,0.4152,0.4191,0.4857,0.7562,B,B
2026-09-25,1060384181.0,623715201.0,90301293.0,5,0,0,1433,0,410421058.0,243131455.0,1553,9346820981,S050,U0503,Risk Merkezi,Periyodik Izleme,Izleme,40.0,533413908.0,1552.0,2026-01-16,217322655.0,523429028.0,0.0,0.0,1477.0,5.0,75781892.0,252.0,,,1,0.3898,0.4152,0.5924,0.5855,B,B
2025-12-08,20701877.0,14479290.0,3935344.0,6,0,0,1295,0,4524822.0,2614495.0,1627,9347473786,S042,U0421,Risk Merkezi,Yeni Basvuru,Aksiyon Yok,40.0,10543946.0,,,,,,,,,,,15176339.0,0.0,0,0.1806,,0.5778,0.7334,C,
2026-01-30,20098207.0,15176339.0,4124795.0,6,0,0,1213,0,2850434.0,2227749.0,1628,9347473786,S042,U0422,Risk Merkezi,Limit Yenileme,Teklif,40.0,11051544.0,1627.0,2025-12-08,2614495.0,14479290.0,0.0,0.0,1295.0,6.0,3935344.0,53.0,15990878.0,0.0,0,0.1468,0.1806,0.7815,0.7507,C,C
2026-04-03,19831403.0,15990878.0,4346180.0,7,0,0,1142,1,4220368.0,2588104.0,1629,9347473786,S042,U0421,Ticari Kredi Notu,Limit Yenileme,Teklif,65.0,11644698.0,1628.0,2026-01-30,2227749.0,15176339.0,0.0,0.0,1213.0,6.0,4124795.0,63.0,17838614.0,1.0,0,0.1618,0.1468,0.6132,0.8585,C,C
2026-05-22,21634118.0,17838614.0,4848378.0,7,1,0,1062,1,3906861.0,2959259.0,1630,9347473786,S042,U0422,Risk Merkezi,Limit Yenileme,Teklif,40.0,12990236.0,1629.0,2026-04-03,2588104.0,15990878.0,0.0,0.0,1142.0,7.0,4346180.0,49.0,,,1,0.1659,0.1618,0.7575,0.8393,D,C
2026-07-31,13367525.0,9883177.0,3327415.0,5,0,0,1345,0,4679232.0,3264316.0,1596,9348071545,S102,U1022,Risk Merkezi,Yeni Basvuru,Ret,40.0,6555762.0,,,,,,,,,,,9822191.0,0.0,0,0.3303,,0.6976,0.7618,C,
2026-08-03,14050980.0,9822191.0,3306883.0,5,0,0,1384,0,4516335.0,3231351.0,1597,9348071545,S102,U1021,Ticari Kredi Notu,Limit Yenileme,Kullandirim,65.0,6515308.0,1596.0,2026-07-31,3264316.0,9883177.0,0.0,0.0,1345.0,5.0,3327415.0,3.0,,,1,0.329,0.3303,0.7155,0.6913,C,C
2026-02-27,146438148.0,102235524.0,13482235.0,7,0,0,1326,0,76750238.0,44755244.0,284,9349162040,S041,U0411,Risk Merkezi,Yeni Basvuru,Ret,40.0,88753289.0,,,,,,,,,,,105414739.0,0.0,0,0.4378,,0.5831,0.8248,C,
2026-07-17,159868501.0,105414739.0,13901492.0,7,0,0,1357,0,62133981.0,45423690.0,285,9349162040,S041,U0411,Risk Merkezi,Tahsis Revizyonu,Izleme,40.0,91513247.0,284.0,2026-02-27,44755244.0,102235524.0,0.0,0.0,1326.0,7.0,13482235.0,140.0,99852713.0,0.0,0,0.4309,0.4378,0.7311,0.6138,C,C
2026-08-28,157870920.0,99852713.0,13168004.0,7,0,0,1321,0,86594152.0,40861800.0,286,9349162040,S041,U0413,Risk Merkezi,Tahsis Revizyonu,Izleme,40.0,86684709.0,285.0,2026-07-17,45423690.0,105414739.0,0.0,0.0,1357.0,7.0,13901492.0,42.0,105275894.0,0.0,0,0.4092,0.4309,0.4719,0.8276,C,C
2026-09-01,155582624.0,105275894.0,13883182.0,7,0,0,1324,0,77143357.0,44656503.0,287,9349162040,S041,U0412,Cek Raporu,Periyodik Izleme,Izleme,30.0,91392712.0,286.0,2026-08-28,40861800.0,99852713.0,0.0,0.0,1321.0,7.0,13168004.0,4.0,,,1,0.4242,0.4092,0.5789,0.7728,C,C
2025-10-13,1924100763.0,1013091417.0,131340614.0,4,0,0,1471,0,595657148.0,164715413.0,638,9354536579,S050,U0501,Risk Merkezi,Yeni Basvuru,Aksiyon Yok,40.0,881750803.0,,,,,,,,,,,1062615323.0,0.0,0,0.1626,,0.2765,0.6386,B,
2025-12-01,1828599806.0,1062615323.0,137761061.0,4,0,0,1488,0,360090160.0,119228998.0,639,9354536579,S050,U0501,Risk Merkezi,Periyodik Izleme,Izleme,40.0,924854262.0,638.0,2025-10-13,164715413.0,1013091417.0,0.0,0.0,1471.0,4.0,131340614.0,49.0,1193493971.0,0.0,0,0.1122,0.1626,0.3311,0.6424,B,B
2026-03-13,2119924053.0,1193493971.0,154728614.0,5,0,0,1439,0,65759931.0,20582137.0,640,9354536579,S050,U0502,Ticari Kredi Notu,Periyodik Izleme,Izleme,65.0,1038765357.0,639.0,2025-12-01,119228998.0,1062615323.0,0.0,0.0,1488.0,4.0,137761061.0,102.0,1208841950.0,0.0,0,0.0172,0.1122,0.313,0.571,B,B
2026-04-09,1973345735.0,1208841950.0,156718378.0,5,0,0,1498,0,197334574.0,0.0,641,9354536579,S050,U0502,Cek Raporu,Periyodik Izleme,Izleme,30.0,1052123572.0,640.0,2026-03-13,20582137.0,1193493971.0,0.0,0.0,1439.0,5.0,154728614.0,27.0,1384800136.0,0.0,0,0.0,0.0172,0.0,0.6806,B,B
2026-06-08,2172602327.0,1384800136.0,179530195.0,5,0,0,1432,0,217260233.0,0.0,642,9354536579,S050,U0502,Risk Merkezi,Periyodik Izleme,Izleme,40.0,1205269941.0,641.0,2026-04-09,0.0,1208841950.0,0.0,0.0,1498.0,5.0,156718378.0,60.0,1481355681.0,0.0,0,0.0,0.0,0.0,0.7082,B,B
2026-09-01,2376178529.0,1481355681.0,192047984.0,6,0,0,1477,0,237617853.0,0.0,643,9354536579,S050,U0502,Risk Merkezi,Tahsis Revizyonu,Izleme,40.0,1289307697.0,642.0,2026-06-08,0.0,1384800136.0,0.0,0.0,1432.0,5.0,179530195.0,85.0,,,1,0.0,0.0,0.0,0.6927,B,B
2025-11-17,38042900.0,18657314.0,3192997.0,5,0,0,1402,0,14123659.0,7171770.0,418,9355646179,S022,U0221,Ticari Kredi Notu,Yeni Basvuru,Kullandirim,65.0,15464317.0,,,,,,,,,,,18193826.0,0.0,0,0.3844,,0.5078,0.4802,B,
2025-12-19,36031194.0,18193826.0,3113676.0,5,0,0,1426,0,24545231.0,7682028.0,419,9355646179,S022,U0221,Risk Merkezi,Limit Yenileme,Kullandirim,40.0,15080150.0,418.0,2025-11-17,7171770.0,18657314.0,0.0,0.0,1402.0,5.0,3192997.0,32.0,19478576.0,0.0,0,0.4222,0.3844,0.313,0.9152,B,B
2026-06-24,37083100.0,19478576.0,3333547.0,5,0,0,1412,0,20443133.0,8371948.0,420,9355646179,S022,U0222,Risk Merkezi,Tahsis Revizyonu,Izleme,40.0,16145029.0,419.0,2025-12-19,7682028.0,18193826.0,0.0,0.0,1426.0,5.0,3113676.0,187.0,,,1,0.4298,0.4222,0.4095,0.6675,B,B
2025-12-17,871017253.0,560535202.0,86391950.0,6,0,0,1752,0,168997281.0,105933072.0,629,9356610160,S030,U0301,Risk Merkezi,Yeni Basvuru,Kullandirim,40.0,474143252.0,,,,,,,,,,,603202027.0,0.0,0,0.189,,0.6268,0.6476,A,
2026-01-23,874398612.0,603202027.0,92967934.0,6,0,0,1691,0,210569247.0,131381726.0,630,9356610160,S030,U0302,Risk Merkezi,Periyodik Izleme,Izleme,40.0,510234093.0,629.0,2025-12-17,105933072.0,560535202.0,0.0,0.0,1752.0,6.0,86391950.0,37.0,749692045.0,0.0,0,0.2178,0.189,0.6239,0.7108,A,A
2026-08-14,1196861418.0,749692045.0,115545567.0,6,0,0,1798,0,410921090.0,203893631.0,631,9356610160,S030,U0303,Ticari Kredi Notu,Periyodik Izleme,Izleme,65.0,634146478.0,630.0,2026-01-23,131381726.0,603202027.0,0.0,0.0,1691.0,6.0,92967934.0,203.0,717985839.0,0.0,0,0.272,0.2178,0.4962,0.6945,A,A
2026-08-19,1133278113.0,717985839.0,110658879.0,6,0,0,1802,0,339954581.0,189402941.0,632,9356610160,S030,U0302,Risk Merkezi,Limit Yenileme,Kullandirim,40.0,607326960.0,631.0,2026-08-14,203893631.0,749692045.0,0.0,0.0,1798.0,6.0,115545567.0,5.0,,,1,0.2638,0.272,0.5571,0.6663,A,A
2025-12-04,108938508.0,57838554.0,12036448.0,2,0,0,1671,0,49797528.0,22383538.0,398,9359069388,S111,U1112,Risk Merkezi,Tahsis Revizyonu,Izleme,40.0,45802106.0,,,,,,,,,,,61112617.0,0.0,0,0.387,,0.4495,0.5995,A,
2026-05-27,118318780.0,61112617.0,12717794.0,2,0,0,1688,0,61735059.0,23156296.0,399,9359069388,S111,U1113,Risk Merkezi,Limit Yenileme,Teklif,40.0,48394823.0,398.0,2025-12-04,22383538.0,57838554.0,0.0,0.0,1671.0,2.0,12036448.0,174.0,56918950.0,0.0,0,0.3789,0.387,0.3751,0.6708,A,A
2026-08-21,103627025.0,56918950.0,11845074.0,2,0,0,1704,0,48567010.0,22055139.0,400,9359069388,S111,U1113,Risk Merkezi,Limit Yenileme,Ret,40.0,45073876.0,399.0,2026-05-27,23156296.0,61112617.0,0.0,0.0,1688.0,2.0,12717794.0,86.0,,,1,0.3875,0.3789,0.4541,0.6332,A,A
2026-03-03,11565846.0,6715966.0,2204280.0,6,0,0,1376,0,6658106.0,2923708.0,452,9361872311,S002,U0021,Risk Merkezi,Yeni Basvuru,Aksiyon Yok,40.0,4511686.0,,,,,,,,,,,6934864.0,0.0,0,0.4353,,0.4391,0.7727,C,
2026-07-22,11921900.0,6934864.0,2276126.0,6,0,0,1317,0,7049418.0,3295769.0,453,9361872311,S002,U0023,Risk Merkezi,Limit Yenileme,Teklif,40.0,4658738.0,452.0,2026-03-03,2923708.0,6715966.0,0.0,0.0,1376.0,6.0,2204280.0,141.0,,,1,0.4752,0.4353,0.4675,0.7469,C,C
2025-12-23,5684669.0,3403590.0,679523.0,5,0,0,1343,0,1012309.0,531306.0,732,9362340049,S052,U0521,Ticari Kredi Notu,Limit Yenileme,Kullandirim,65.0,2724067.0,,,,,,,,,,,,,1,0.1561,,0.5248,0.6147,C,
2025-11-11,31708404.0,20209272.0,5284066.0,5,0,0,1618,0,4398594.0,3390559.0,786,9365396061,S022,U0222,Risk Merkezi,Limit Yenileme,Kullandirim,40.0,14925206.0,,,,,,,,,,,,,1,0.1678,,0.7708,0.6158,A,
2026-01-09,1135451588.0,771014433.0,261616859.0,3,0,0,1436,0,219070412.0,93989466.0,477,9365517287,S030,U0302,Ticari Kredi Notu,Limit Yenileme,Aksiyon Yok,65.0,509397574.0,,,,,,,,,,,786634363.0,0.0,0,0.1219,,0.429,0.7388,B,
2026-02-24,1046656924.0,786634363.0,266916938.0,3,0,0,1458,0,120918397.0,60648858.0,478,9365517287,S030,U0303,Ticari Kredi Notu,Limit Yenileme,Ret,65.0,519717425.0,477.0,2026-01-09,93989466.0,771014433.0,0.0,0.0,1436.0,3.0,261616859.0,46.0,892386142.0,0.0,0,0.0771,0.1219,0.5016,0.7842,B,B
2026-05-22,1173739709.0,892386142.0,302800116.0,3,0,0,1431,0,45813071.0,23378092.0,479,9365517287,S030,U0303,Risk Merkezi,Periyodik Izleme,Izleme,40.0,589586026.0,478.0,2026-02-24,60648858.0,786634363.0,0.0,0.0,1458.0,3.0,266916938.0,87.0,,,1,0.0262,0.0771,0.5103,0.7704,B,B
2025-12-12,904647121.0,624275398.0,90509850.0,7,0,0,1370,0,190232293.0,129571010.0,1738,9366026516,S030,U0301,Risk Merkezi,Tahsis Revizyonu,Izleme,40.0,533765548.0,,,,,,,,,,,647516569.0,0.0,0,0.2076,,0.6811,0.6925,C,
2026-02-20,973317863.0,647516569.0,93879444.0,7,0,0,1417,0,199953458.0,130997133.0,1739,9366026516,S030,U0302,Risk Merkezi,Limit Yenileme,Aksiyon Yok,40.0,553637125.0,1738.0,2025-12-12,129571010.0,624275398.0,0.0,0.0,1370.0,7.0,90509850.0,70.0,675508552.0,0.0,0,0.2023,0.2076,0.6551,0.6679,B,C
2026-03-12,950343363.0,675508552.0,97937829.0,7,0,0,1442,0,236762978.0,140014488.0,1740,9366026516,S030,U0302,Ticari Kredi Notu,Tahsis Revizyonu,Izleme,65.0,577570723.0,1739.0,2026-02-20,130997133.0,647516569.0,0.0,0.0,1417.0,7.0,93879444.0,20.0,673329350.0,0.0,0,0.2073,0.2023,0.5914,0.7504,B,B
2026-03-16,956426887.0,673329350.0,97621880.0,7,0,0,1368,0,173113515.0,150944874.0,1741,9366026516,S030,U0303,Risk Merkezi,Periyodik Izleme,Izleme,40.0,575707470.0,1740.0,2026-03-12,140014488.0,675508552.0,0.0,0.0,1442.0,7.0,97937829.0,4.0,674492198.0,0.0,0,0.2242,0.2073,0.8719,0.6669,C,B
2026-08-24,958762673.0,674492198.0,97790475.0,7,0,0,1427,0,254965066.0,171631963.0,1742,9366026516,S030,U0301,Ticari Kredi Notu,Limit Yenileme,Kullandirim,65.0,576701723.0,1741.0,2026-03-16,150944874.0,673329350.0,0.0,0.0,1368.0,7.0,97621880.0,161.0,,,1,0.2545,0.2242,0.6732,0.7145,B,C
2025-10-09,15460645.0,8137508.0,1144344.0,3,0,0,1617,0,5665526.0,2341679.0,1676,9367406500,S082,U0822,Risk Merkezi,Limit Yenileme,Kullandirim,40.0,6993164.0,,,,,,,,,,,8496282.0,0.0,0,0.2878,,0.4133,0.5917,A,
2026-01-23,14962556.0,8496282.0,1194797.0,3,0,0,1666,0,5314550.0,2900163.0,1677,9367406500,S082,U0822,Ticari Kredi Notu,Limit Yenileme,Kullandirim,65.0,7301485.0,1676.0,2025-10-09,2341679.0,8137508.0,0.0,0.0,1617.0,3.0,1144344.0,106.0,10155652.0,0.0,0,0.3413,0.2878,0.5457,0.58,A,A
2026-07-21,20280486.0,10155652.0,1428147.0,3,0,0,1695,0,12043118.0,3796931.0,1678,9367406500,S082,U0823,Risk Merkezi,Limit Yenileme,Teklif,40.0,8727505.0,1677.0,2026-01-23,2900163.0,8496282.0,0.0,0.0,1666.0,3.0,1194797.0,179.0,,,1,0.3739,0.3413,0.3153,0.7719,A,A
2026-03-27,49538468.0,38560459.0,13236905.0,6,0,0,1623,0,13810176.0,9015882.0,1493,9370701380,S112,U1121,Ticari Kredi Notu,Limit Yenileme,Aksiyon Yok,65.0,25323554.0,,,,,,,,,,,36944630.0,0.0,0,0.2338,,0.6528,0.8269,A,
2026-04-02,49592341.0,36944630.0,12682229.0,6,0,0,1593,0,13520905.0,8817761.0,1494,9370701380,S112,U1121,Risk Merkezi,Periyodik Izleme,Izleme,40.0,24262401.0,1493.0,2026-03-27,9015882.0,38560459.0,0.0,0.0,1623.0,6.0,13236905.0,6.0,39945447.0,0.0,0,0.2387,0.2338,0.6522,0.7798,B,A
2026-06-05,57749353.0,39945447.0,13712339.0,6,0,0,1575,0,13974800.0,8734054.0,1495,9370701380,S112,U1123,Risk Merkezi,Tahsis Revizyonu,Izleme,40.0,26233108.0,1494.0,2026-04-02,8817761.0,36944630.0,0.0,0.0,1593.0,6.0,12682229.0,64.0,39879422.0,0.0,0,0.2186,0.2387,0.625,0.713,B,B
2026-06-22,54835791.0,39879422.0,13689674.0,6,0,0,1592,0,15007506.0,9761278.0,1496,9370701380,S112,U1122,Risk Merkezi,Tahsis Revizyonu,Izleme,40.0,26189748.0,1495.0,2026-06-05,8734054.0,39945447.0,0.0,0.0,1575.0,6.0,13712339.0,17.0,38971419.0,0.0,0,0.2448,0.2186,0.6504,0.7562,B,B
2026-06-26,52422724.0,38971419.0,13377978.0,6,0,0,1561,0,12302058.0,8879303.0,1497,9370701380,S112,U1123,Risk Merkezi,Periyodik Izleme,Izleme,40.0,25593441.0,1496.0,2026-06-22,9761278.0,39879422.0,0.0,0.0,1592.0,6.0,13689674.0,4.0,,,1,0.2278,0.2448,0.7218,0.75,B,B
2026-02-20,17640385.0,12606881.0,3340388.0,4,0,0,1613,0,6647737.0,3976508.0,1131,9371612080,S032,U0322,Ticari Kredi Notu,Tahsis Revizyonu,Izleme,65.0,9266493.0,,,,,,,,,,,12725974.0,0.0,0,0.3154,,0.5982,0.7851,A,
2026-02-25,17912513.0,12725974.0,3371944.0,4,0,0,1573,0,7595779.0,4253565.0,1132,9371612080,S032,U0323,Risk Merkezi,Periyodik Izleme,Izleme,40.0,9354030.0,1131.0,2026-02-20,3976508.0,12606881.0,0.0,0.0,1613.0,4.0,3340388.0,5.0,14298986.0,1.0,0,0.3342,0.3154,0.56,0.8212,B,A
2026-07-03,17502236.0,14298986.0,3788738.0,5,1,0,1445,3,5344046.0,3974085.0,1133,9371612080,S032,U0322,Risk Merkezi,Limit Yenileme,Aksiyon Yok,40.0,10510248.0,1132.0,2026-02-25,4253565.0,12725974.0,0.0,0.0,1573.0,4.0,3371944.0,128.0,14291109.0,1.0,0,0.2779,0.3342,0.7436,0.8492,B,B
2026-07-10,17425971.0,14291109.0,3786651.0,5,1,0,1371,0,4912018.0,4283788.0,1134,9371612080,S032,U0323,Risk Merkezi,Periyodik Izleme,Izleme,40.0,10504458.0,1133.0,2026-07-03,3974085.0,14298986.0,1.0,0.0,1445.0,5.0,3788738.0,7.0,14137270.0,1.0,0,0.2998,0.2779,0.8721,0.7997,C,B
2026-08-28,16264632.0,14137270.0,3745889.0,6,1,1,1348,3,5059169.0,4127098.0,1135,9371612080,S032,U0322,Cek Raporu,Periyodik Izleme,Izleme,30.0,10391381.0,1134.0,2026-07-10,4283788.0,14291109.0,1.0,0.0,1371.0,5.0,3786651.0,49.0,14772798.0,0.0,0,0.2919,0.2998,0.8158,0.8933,C,C
2026-08-31,17252392.0,14772798.0,3914282.0,6,0,0,1292,0,5503581.0,4367896.0,1136,9371612080,S032,U0323,Risk Merkezi,Tahsis Revizyonu,Izleme,40.0,10858516.0,1135.0,2026-08-28,4127098.0,14137270.0,1.0,1.0,1348.0,6.0,3745889.0,3.0,,,1,0.2957,0.2919,0.7936,0.8856,C,C
2025-10-30,33498876.0,19312196.0,2055064.0,5,0,0,1351,0,4169944.0,2339509.0,519,9372881868,S092,U0921,Risk Merkezi,Periyodik Izleme,Izleme,40.0,17257132.0,,,,,,,,,,,19204027.0,0.0,0,0.1211,,0.561,0.5787,C,
2026-01-13,31289074.0,19204027.0,2043553.0,6,0,0,1233,0,5105411.0,2698143.0,520,9372881868,S092,U0921,Risk Merkezi,Limit Yenileme,Kullandirim,40.0,17160474.0,519.0,2025-10-30,2339509.0,19312196.0,0.0,0.0,1351.0,5.0,2055064.0,75.0,22669368.0,1.0,0,0.1405,0.1211,0.5285,0.6304,C,C
2026-04-24,31170822.0,22669368.0,2412309.0,7,1,0,1109,1,3883422.0,2316266.0,521,9372881868,S092,U0923,Ticari Kredi Notu,Limit Yenileme,Aksiyon Yok,65.0,20257059.0,520.0,2026-01-13,2698143.0,19204027.0,0.0,0.0,1233.0,6.0,2043553.0,101.0,,,1,0.1022,0.1405,0.5964,0.7459,C,C
2026-03-13,167971607.0,92035671.0,22138323.0,6,0,0,1723,0,40396537.0,22079071.0,647,9375519696,S071,U0713,Ticari Kredi Notu,Yeni Basvuru,Kullandirim,65.0,69897348.0,,,,,,,,,,,88369817.0,0.0,0,0.2399,,0.5466,0.5484,A,
2026-07-10,162513523.0,88369817.0,21256536.0,6,0,0,1735,0,50877185.0,21746818.0,648,9375519696,S071,U0713,Ticari Kredi Notu,Periyodik Izleme,Izleme,65.0,67113281.0,647.0,2026-03-13,22079071.0,92035671.0,0.0,0.0,1723.0,6.0,22138323.0,119.0,,,1,0.2461,0.2399,0.4274,0.5968,A,A
2026-02-17,64663938.0,44342472.0,10792063.0,5,0,0,1330,0,38857284.0,19018581.0,461,9376779777,S021,U0213,Risk Merkezi,Periyodik Izleme,Izleme,40.0,33550409.0,,,,,,,,,,,42682056.0,0.0,0,0.4289,,0.4894,0.9813,C,
2026-03-25,69229898.0,42682056.0,10387951.0,5,0,0,1311,0,48524437.0,18669857.0,462,9376779777,S021,U0211,Risk Merkezi,Tahsis Revizyonu,Izleme,40.0,32294105.0,461.0,2026-02-17,19018581.0,44342472.0,0.0,0.0,1330.0,5.0,10792063.0,36.0,44901961.0,0.0,0,0.4374,0.4289,0.3848,1.1597,C,C
2026-08-10,67679277.0,44901961.0,10928231.0,5,0,0,1367,0,33705531.0,18515820.0,463,9376779777,S021,U0211,Risk Merkezi,Periyodik Izleme,Izleme,40.0,33973730.0,462.0,2026-03-25,18669857.0,42682056.0,0.0,0.0,1311.0,5.0,10387951.0,138.0,,,1,0.4124,0.4374,0.5493,0.7767,C,C
2026-06-24,13564392.0,5985473.0,1678647.0,4,0,0,1751,0,3564894.0,1587996.0,799,9376952771,S062,U0622,Risk Merkezi,Limit Yenileme,Kullandirim,40.0,4306826.0,,,,,,,,,,,5790295.0,0.0,0,0.2653,,0.4455,0.4398,A,
2026-07-10,12657673.0,5790295.0,1623908.0,4,0,0,1711,0,4346202.0,1455328.0,800,9376952771,S062,U0621,Ticari Kredi Notu,Limit Yenileme,Aksiyon Yok,65.0,4166387.0,799.0,2026-06-24,1587996.0,5985473.0,0.0,0.0,1751.0,4.0,1678647.0,16.0,6200001.0,0.0,0,0.2513,0.2653,0.3349,0.5216,A,A
2026-07-24,12971692.0,6200001.0,1738812.0,4,0,0,1763,0,4053824.0,1647133.0,801,9376952771,S062,U0622,Cek Raporu,Limit Yenileme,Teklif,30.0,4461189.0,800.0,2026-07-10,1455328.0,5790295.0,0.0,0.0,1711.0,4.0,1623908.0,14.0,,,1,0.2657,0.2513,0.4063,0.5105,A,A
2025-12-19,413496478.0,208565794.0,55189808.0,2,0,0,1722,0,160693416.0,62188362.0,507,9377257875,S011,U0112,Cek Raporu,Yeni Basvuru,Aksiyon Yok,30.0,153375986.0,,,,,,,,,,,212744699.0,0.0,0,0.2982,,0.387,0.579,A,
2026-03-06,391525085.0,212744699.0,56295612.0,2,0,0,1758,0,138988764.0,62152451.0,508,9377257875,S011,U0112,Ticari Kredi Notu,Limit Yenileme,Kullandirim,65.0,156449087.0,507.0,2025-12-19,62188362.0,208565794.0,0.0,0.0,1722.0,2.0,55189808.0,77.0,224844492.0,0.0,0,0.2921,0.2982,0.4472,0.5963,A,A
2026-06-11,427545433.0,224844492.0,59497409.0,2,0,0,1734,0,120008171.0,67989262.0,509,9377257875,S011,U0113,Ticari Kredi Notu,Periyodik Izleme,Izleme,65.0,165347083.0,508.0,2026-03-06,62152451.0,212744699.0,0.0,0.0,1758.0,2.0,56295612.0,97.0,227587486.0,0.0,0,0.3024,0.2921,0.5665,0.51,A,A
2026-09-28,403361381.0,227587486.0,60223249.0,2,0,0,1734,0,99421927.0,66438136.0,510,9377257875,S011,U0113,Ticari Kredi Notu,Tahsis Revizyonu,Izleme,65.0,167364237.0,509.0,2026-06-11,67989262.0,224844492.0,0.0,0.0,1734.0,2.0,59497409.0,109.0,,,1,0.2919,0.3024,0.6682,0.5302,A,A
2025-10-30,17438197.0,8347329.0,2936067.0,3,0,0,1375,0,5232779.0,1791669.0,278,9377499883,S042,U0423,Risk Merkezi,Limit Yenileme,Kullandirim,40.0,5411262.0,,,,,,,,,,,,,1,0.2146,,0.3424,0.5371,C,
2025-12-31,2236940317.0,1258742942.0,208047042.0,5,0,0,1772,0,981817180.0,307021529.0,624,9379109355,S030,U0302,Risk Merkezi,Yeni Basvuru,Ret,40.0,1050695900.0,,,,,,,,,,,1211367420.0,0.0,0,0.2439,,0.3127,0.7583,A,
2026-01-19,2077047844.0,1211367420.0,200216740.0,6,0,0,1805,0,704996786.0,234916170.0,625,9379109355,S030,U0301,Risk Merkezi,Tahsis Revizyonu,Izleme,40.0,1011150680.0,624.0,2025-12-31,307021529.0,1258742942.0,0.0,0.0,1772.0,5.0,208047042.0,19.0,1257985474.0,0.0,0,0.1939,0.2439,0.3332,0.7117,A,A
2026-01-26,2270181844.0,1257985474.0,207921847.0,6,0,0,1736,0,817948128.0,248766026.0,626,9379109355,S030,U0301,Cek Raporu,Limit Yenileme,Aksiyon Yok,30.0,1050063627.0,625.0,2026-01-19,234916170.0,1211367420.0,0.0,0.0,1805.0,6.0,200216740.0,7.0,1451161994.0,0.0,0,0.1977,0.1939,0.3041,0.6949,A,A
2026-06-12,2431663401.0,1451161994.0,239850370.0,6,0,0,1731,0,385858873.0,133807174.0,627,9379109355,S030,U0301,Ticari Kredi Notu,Periyodik Izleme,Izleme,65.0,1211311624.0,626.0,2026-01-26,248766026.0,1257985474.0,0.0,0.0,1736.0,6.0,207921847.0,137.0,1611712872.0,0.0,0,0.0922,0.1977,0.3468,0.6439,A,A
2026-09-25,2584229839.0,1611712872.0,266386475.0,7,0,0,1767,0,258422984.0,0.0,628,9379109355,S030,U0302,Risk Merkezi,Periyodik Izleme,Izleme,40.0,1345326397.0,627.0,2026-06-12,133807174.0,1451161994.0,0.0,0.0,1731.0,6.0,239850370.0,105.0,,,1,0.0,0.0922,0.0,0.693,A,A
2026-08-20,187717779.0,85206343.0,23983882.0,4,0,0,1387,0,28550036.0,13673467.0,449,9379405529,S091,U0911,Ticari Kredi Notu,Limit Yenileme,Teklif,65.0,61222461.0,,,,,,,,,,,,,1,0.1605,,0.4789,0.4494,C,
2025-10-13,74807060.0,33563486.0,4387961.0,2,0,0,1348,0,39014819.0,7750971.0,174,9379588766,S031,U0312,Ticari Kredi Notu,Limit Yenileme,Aksiyon Yok,65.0,29175525.0,,,,,,,,,,,37964668.0,0.0,0,0.2309,,0.1987,0.7212,C,
2026-01-06,77471217.0,37964668.0,4963355.0,3,0,0,1335,0,26823590.0,6438968.0,175,9379588766,S031,U0311,Ticari Kredi Notu,Periyodik Izleme,Izleme,65.0,33001313.0,174.0,2025-10-13,7750971.0,33563486.0,0.0,0.0,1348.0,2.0,4387961.0,85.0,37927281.0,0.0,0,0.1696,0.2309,0.24,0.6225,C,C
2026-02-04,73634137.0,37927281.0,4958467.0,3,0,0,1396,0,25737761.0,6822499.0,176,9379588766,S031,U0313,Ticari Kredi Notu,Periyodik Izleme,Izleme,65.0,32968814.0,175.0,2026-01-06,6438968.0,37964668.0,0.0,0.0,1335.0,3.0,4963355.0,29.0,47114576.0,0.0,0,0.1799,0.1696,0.2651,0.6494,C,C
2026-07-27,84169046.0,47114576.0,6159579.0,4,0,0,1343,0,8416905.0,0.0,177,9379588766,S031,U0311,Risk Merkezi,Periyodik Izleme,Izleme,40.0,40954997.0,176.0,2026-02-04,6822499.0,37927281.0,0.0,0.0,1396.0,3.0,4958467.0,173.0,49068871.0,0.0,0,0.0,0.1799,0.0,0.622,C,C
2026-08-25,80113388.0,49068871.0,6415076.0,4,0,0,1338,0,8011339.0,0.0,178,9379588766,S031,U0311,Ticari Kredi Notu,Limit Yenileme,Aksiyon Yok,65.0,42653795.0,177.0,2026-07-27,0.0,47114576.0,0.0,0.0,1343.0,4.0,6159579.0,29.0,,,1,0.0,0.0,0.0,0.6805,C,C
2025-10-27,97548941.0,55065710.0,6807840.0,2,0,0,1447,0,39665545.0,22140125.0,1165,9379946592,S001,U0012,Ticari Kredi Notu,Tahsis Revizyonu,Izleme,65.0,48257870.0,,,,,,,,,,,60460934.0,0.0,0,0.4021,,0.5582,0.5688,B,
2026-04-17,88810459.0,60460934.0,7474858.0,2,0,0,1449,0,34368070.0,21819293.0,1166,9379946592,S001,U0013,Risk Merkezi,Periyodik Izleme,Izleme,40.0,52986076.0,1165.0,2025-10-27,22140125.0,55065710.0,0.0,0.0,1447.0,2.0,6807840.0,172.0,60779628.0,0.0,0,0.3609,0.4021,0.6349,0.7098,B,B
2026-04-24,102053832.0,60779628.0,7514258.0,2,0,0,1466,0,39972448.0,22876719.0,1167,9379946592,S001,U0012,Risk Merkezi,Periyodik Izleme,Izleme,40.0,53265370.0,1166.0,2026-04-17,21819293.0,60460934.0,0.0,0.0,1449.0,2.0,7474858.0,7.0,,,1,0.3764,0.3609,0.5723,0.6105,B,B
2025-10-03,182766262.0,108762136.0,38798210.0,6,0,0,1671,0,93547982.0,32282351.0,319,9382913148,S111,U1112,Risk Merkezi,Yeni Basvuru,Aksiyon Yok,40.0,69963926.0,,,,,,,,,,,115156098.0,0.0,0,0.2968,,0.3451,0.8572,A,
2025-10-24,164185447.0,115156098.0,41079098.0,6,0,0,1692,0,77011441.0,34761287.0,320,9382913148,S111,U1111,Ticari Kredi Notu,Limit Yenileme,Teklif,65.0,74077000.0,319.0,2025-10-03,32282351.0,108762136.0,0.0,0.0,1671.0,6.0,38798210.0,21.0,116206810.0,0.0,0,0.3019,0.2968,0.4514,0.9222,A,A
2025-11-18,184370994.0,116206810.0,41453914.0,6,0,0,1695,0,89261951.0,33945242.0,321,9382913148,S111,U1113,Ticari Kredi Notu,Periyodik Izleme,Izleme,65.0,74752896.0,320.0,2025-10-24,34761287.0,115156098.0,0.0,0.0,1692.0,6.0,41079098.0,25.0,118618831.0,0.0,0,0.2921,0.3019,0.3803,0.8649,A,A
2025-12-31,178026150.0,118618831.0,42314343.0,6,0,0,1665,0,74476337.0,31004502.0,322,9382913148,S111,U1113,Risk Merkezi,Limit Yenileme,Aksiyon Yok,40.0,76304488.0,321.0,2025-11-18,33945242.0,116206810.0,0.0,0.0,1695.0,6.0,41453914.0,43.0,136632859.0,0.0,0,0.2614,0.2921,0.4163,0.8461,A,A
2026-04-10,188091611.0,136632859.0,48740403.0,7,0,0,1685,0,51831828.0,24693541.0,323,9382913148,S111,U1112,Cek Raporu,Limit Yenileme,Aksiyon Yok,30.0,87892456.0,322.0,2025-12-31,31004502.0,118618831.0,0.0,0.0,1665.0,6.0,42314343.0,100.0,142546541.0,0.0,0,0.1807,0.2614,0.4764,0.8215,A,A
2026-05-29,203884618.0,142546541.0,50849963.0,7,0,0,1738,0,30014678.0,13481182.0,324,9382913148,S111,U1111,Ticari Kredi Notu,Limit Yenileme,Ret,65.0,91696578.0,323.0,2026-04-10,24693541.0,136632859.0,0.0,0.0,1685.0,7.0,48740403.0,49.0,,,1,0.0946,0.1807,0.4492,0.7423,A,A
2025-11-10,11307925.0,5776968.0,725627.0,7,0,0,1290,0,4205746.0,2330671.0,1414,9383152069,S062,U0623,Risk Merkezi,Yeni Basvuru,Ret,40.0,5051341.0,,,,,,,,,,,5624652.0,0.0,0,0.4034,,0.5542,0.4852,C,
2025-11-26,10637286.0,5624652.0,706496.0,7,0,0,1292,0,4735573.0,2322855.0,1415,9383152069,S062,U0622,Risk Merkezi,Limit Yenileme,Kullandirim,40.0,4918156.0,1414.0,2025-11-10,2330671.0,5776968.0,0.0,0.0,1290.0,7.0,725627.0,16.0,5349414.0,0.0,0,0.413,0.4034,0.4905,0.5595,C,C
2026-04-10,9952558.0,5349414.0,671924.0,7,0,0,1283,0,4128063.0,2251152.0,1416,9383152069,S062,U0622,Ticari Kredi Notu,Limit Yenileme,Kullandirim,65.0,4677490.0,1415.0,2025-11-26,2322855.0,5624652.0,0.0,0.0,1292.0,7.0,706496.0,135.0,5782469.0,0.0,0,0.4208,0.413,0.5453,0.5319,C,C
2026-07-14,10621971.0,5782469.0,726318.0,7,0,0,1321,0,4760161.0,2458214.0,1417,9383152069,S062,U0623,Ticari Kredi Notu,Periyodik Izleme,Izleme,65.0,5056151.0,1416.0,2026-04-10,2251152.0,5349414.0,0.0,0.0,1283.0,7.0,671924.0,95.0,,,1,0.4251,0.4208,0.5164,0.5671,C,C
2026-02-27,6465918.0,4741603.0,903466.0,6,0,0,1490,0,3140422.0,1769736.0,1659,9383229922,S072,U0723,Risk Merkezi,Limit Yenileme,Aksiyon Yok,40.0,3838137.0,,,,,,,,,,,4922631.0,0.0,0,0.3732,,0.5635,0.8937,B,
2026-03-18,6475174.0,4922631.0,937959.0,6,0,0,1463,3,2248980.0,1626034.0,1660,9383229922,S072,U0722,Risk Merkezi,Tahsis Revizyonu,Izleme,40.0,3984672.0,1659.0,2026-02-27,1769736.0,4741603.0,0.0,0.0,1490.0,6.0,903466.0,19.0,5500150.0,1.0,0,0.3303,0.3732,0.723,0.78,B,B
2026-06-19,6636090.0,5500150.0,1047999.0,7,1,0,1363,0,2417049.0,1935839.0,1661,9383229922,S072,U0723,Risk Merkezi,Periyodik Izleme,Izleme,40.0,4452151.0,1660.0,2026-03-18,1626034.0,4922631.0,0.0,0.0,1463.0,6.0,937959.0,93.0,5922745.0,1.0,0,0.352,0.3303,0.8009,0.8448,C,B
2026-09-02,6202973.0,5922745.0,1128520.0,8,1,0,1249,2,2186228.0,1919712.0,1662,9383229922,S072,U0723,Risk Merkezi,Tahsis Revizyonu,Izleme,40.0,4794225.0,1661.0,2026-06-19,1935839.0,5500150.0,1.0,0.0,1363.0,7.0,1047999.0,75.0,,,1,0.3241,0.352,0.8781,0.9966,C,C
2025-10-27,1381772126.0,604158852.0,156344258.0,3,0,0,1375,0,491721582.0,255480243.0,796,9383245702,S050,U0501,Risk Merkezi,Yeni Basvuru,Ret,40.0,447814594.0,,,,,,,,,,,593699676.0,0.0,0,0.4229,,0.5196,0.3918,C,
2025-11-27,1168960985.0,593699676.0,153637632.0,3,0,0,1403,0,502035428.0,250216475.0,797,9383245702,S050,U0503,Risk Merkezi,Periyodik Izleme,Izleme,40.0,440062044.0,796.0,2025-10-27,255480243.0,604158852.0,0.0,0.0,1375.0,3.0,156344258.0,31.0,679881036.0,0.0,0,0.4215,0.4229,0.4984,0.515,B,C
2026-04-20,1455117424.0,679881036.0,175939649.0,3,0,0,1367,0,600087361.0,275132233.0,798,9383245702,S050,U0501,Risk Merkezi,Limit Yenileme,Kullandirim,40.0,503941387.0,797.0,2025-11-27,250216475.0,593699676.0,0.0,0.0,1403.0,3.0,153637632.0,144.0,,,1,0.4047,0.4215,0.4585,0.4734,C,B
2025-10-02,18106782.0,10974155.0,2021787.0,5,0,0,1373,0,4662351.0,2756371.0,199,9383698032,S022,U0222,Ticari Kredi Notu,Yeni Basvuru,Kullandirim,65.0,8952368.0,,,,,,,,,,,12391274.0,0.0,0,0.2512,,0.5912,0.6112,C,
2026-01-15,21364595.0,12391274.0,2282866.0,5,0,0,1349,0,6676845.0,3384121.0,200,9383698032,S022,U0223,Risk Merkezi,Limit Yenileme,Kullandirim,40.0,10108408.0,199.0,2025-10-02,2756371.0,10974155.0,0.0,0.0,1373.0,5.0,2021787.0,105.0,,,1,0.2731,0.2512,0.5068,0.6132,C,C
2025-12-26,29401263.0,15551979.0,2914742.0,5,0,0,1384,0,9919380.0,4289065.0,633,9385740951,S082,U0822,Risk Merkezi,Yeni Basvuru,Teklif,40.0,12637237.0,,,,,,,,,,,14934652.0,0.0,0,0.2758,,0.4324,0.5781,C,
2026-05-27,35089448.0,14934652.0,2799043.0,5,0,0,1347,0,8082037.0,3736839.0,634,9385740951,S082,U0823,Ticari Kredi Notu,Periyodik Izleme,Izleme,65.0,12135609.0,633.0,2025-12-26,4289065.0,15551979.0,0.0,0.0,1384.0,5.0,2914742.0,152.0,,,1,0.2502,0.2758,0.4624,0.4146,C,C
2025-11-25,118800826.0,85490721.0,27409771.0,6,0,0,1777,0,36647809.0,27264574.0,1605,9387256574,S011,U0111,Risk Merkezi,Limit Yenileme,Kullandirim,40.0,58080950.0,,,,,,,,,,,,,1,0.3189,,0.744,0.7088,A,
2025-11-21,26953645.0,15342125.0,3961607.0,4,0,0,1328,0,12316095.0,6965004.0,1032,9387699010,S062,U0623,Ticari Kredi Notu,Yeni Basvuru,Teklif,65.0,11380518.0,,,,,,,,,,,16258643.0,0.0,0,0.454,,0.5655,0.5723,C,
2025-11-24,29975982.0,16258643.0,4265084.0,4,0,0,1359,0,16992291.0,7333469.0,1033,9387699010,S062,U0622,Risk Merkezi,Periyodik Izleme,Izleme,40.0,11993559.0,1032.0,2025-11-21,6965004.0,15342125.0,0.0,0.0,1328.0,4.0,3961607.0,3.0,17857554.0,0.0,0,0.4511,0.454,0.4316,0.6874,C,C
2026-04-13,33671744.0,17857554.0,8109258.0,4,0,0,1346,0,14306125.0,8132666.0,1034,9387699010,S062,U0621,Risk Merkezi,Limit Yenileme,Kullandirim,40.0,9748296.0,1033.0,2025-11-24,7333469.0,16258643.0,0.0,0.0,1359.0,4.0,4265084.0,140.0,18570676.0,0.0,0,0.4554,0.4511,0.5685,0.5022,C,C
2026-04-24,36472781.0,18570676.0,8712925.0,4,0,0,1295,0,23104402.0,8123649.0,1035,9387699010,S062,U0622,Risk Merkezi,Limit Yenileme,Kullandirim,40.0,9857751.0,1034.0,2026-04-13,8132666.0,17857554.0,0.0,0.0,1346.0,4.0,8109258.0,11.0,18576438.0,0.0,0,0.4374,0.4554,0.3516,0.7815,C,C
2026-05-28,34352452.0,18576438.0,9580832.0,4,0,0,1351,0,16732327.0,8858206.0,1036,9387699010,S062,U0622,Ticari Kredi Notu,Tahsis Revizyonu,Izleme,65.0,8995606.0,1035.0,2026-04-24,8123649.0,18570676.0,0.0,0.0,1295.0,4.0,8712925.0,34.0,21152335.0,0.0,0,0.4769,0.4374,0.5294,0.5515,C,C
2026-08-28,38116020.0,21152335.0,13575129.0,4,0,0,1376,0,22394772.0,9383080.0,1037,9387699010,S062,U0621,Risk Merkezi,Tahsis Revizyonu,Izleme,40.0,7577206.0,1036.0,2026-05-28,8858206.0,18576438.0,0.0,0.0,1351.0,4.0,9580832.0,92.0,,,1,0.4436,0.4769,0.419,0.7486,C,C
2025-12-12,483715926.0,349969574.0,95728198.0,7,0,0,1446,0,127739626.0,91745142.0,1610,9388605780,S000,U0002,Risk Merkezi,Periyodik Izleme,Izleme,40.0,254241376.0,,,,,,,,,,,374678797.0,0.0,0,0.2622,,0.7182,0.7254,B,
2026-05-01,520429038.0,374678797.0,102486983.0,7,0,0,1482,0,160848536.0,111983724.0,1611,9388605780,S000,U0002,Ticari Kredi Notu,Periyodik Izleme,Izleme,65.0,272191814.0,1610.0,2025-12-12,91745142.0,349969574.0,0.0,0.0,1446.0,7.0,95728198.0,140.0,391321917.0,0.0,0,0.2989,0.2622,0.6962,0.7306,B,B
2026-09-10,534902860.0,391321917.0,107039424.0,7,0,0,1452,0,138883044.0,103850521.0,1612,9388605780,S000,U0003,Cek Raporu,Limit Yenileme,Teklif,30.0,284282493.0,1611.0,2026-05-01,111983724.0,374678797.0,0.0,0.0,1482.0,7.0,102486983.0,132.0,,,1,0.2654,0.2989,0.7478,0.7259,B,B
2025-10-24,235886018.0,164194096.0,50773612.0,4,0,0,1436,0,44389294.0,31707229.0,1283,9388753206,S051,U0511,Ticari Kredi Notu,Tahsis Revizyonu,Izleme,65.0,113420484.0,,,,,,,,,,,193152533.0,0.0,0,0.1931,,0.7143,0.6918,B,
2026-02-25,266619061.0,193152533.0,59728406.0,4,0,0,1499,0,78263359.0,46396599.0,1284,9388753206,S051,U0513,Risk Merkezi,Periyodik Izleme,Izleme,40.0,133424127.0,1283.0,2025-10-24,31707229.0,164194096.0,0.0,0.0,1436.0,4.0,50773612.0,124.0,208034804.0,0.0,0,0.2402,0.1931,0.5928,0.7791,B,B
2026-04-03,280943501.0,208034804.0,64330439.0,4,0,0,1537,0,85703789.0,56020844.0,1285,9388753206,S051,U0512,Risk Merkezi,Periyodik Izleme,Izleme,40.0,143704365.0,1284.0,2026-02-25,46396599.0,193152533.0,0.0,0.0,1499.0,4.0,59728406.0,37.0,198412287.0,0.0,0,0.2693,0.2402,0.6537,0.7786,B,B
2026-05-26,293601665.0,198412287.0,61354876.0,4,0,0,1530,0,90349819.0,53505104.0,1286,9388753206,S051,U0512,Risk Merkezi,Periyodik Izleme,Izleme,40.0,137057411.0,1285.0,2026-04-03,56020844.0,208034804.0,0.0,0.0,1537.0,4.0,64330439.0,53.0,,,1,0.2697,0.2693,0.5922,0.7129,B,B
2026-02-06,167920802.0,124480549.0,30902098.0,7,0,0,1476,0,82464557.0,51779076.0,527,9388765066,S011,U0112,Risk Merkezi,Limit Yenileme,Ret,40.0,93578451.0,,,,,,,,,,,123304315.0,0.0,0,0.416,,0.6279,0.8507,B,
2026-02-17,165154398.0,123304315.0,30610100.0,7,0,0,1475,0,74218094.0,54056430.0,528,9388765066,S011,U0112,Cek Raporu,Limit Yenileme,Aksiyon Yok,30.0,92694215.0,527.0,2026-02-06,51779076.0,124480549.0,0.0,0.0,1476.0,7.0,30902098.0,11.0,127967135.0,0.0,0,0.4384,0.416,0.7283,0.7615,B,B
2026-05-01,171702523.0,127967135.0,31767637.0,8,0,0,1367,0,64982259.0,50107242.0,529,9388765066,S011,U0113,Risk Merkezi,Limit Yenileme,Teklif,40.0,96199498.0,528.0,2026-02-17,54056430.0,123304315.0,0.0,0.0,1475.0,7.0,30610100.0,73.0,145093413.0,1.0,0,0.3916,0.4384,0.7711,0.7296,C,B
2026-06-26,170426292.0,145093413.0,36019208.0,8,1,0,1263,1,77820667.0,52599495.0,530,9388765066,S011,U0113,Ticari Kredi Notu,Limit Yenileme,Ret,65.0,109074205.0,529.0,2026-05-01,50107242.0,127967135.0,0.0,0.0,1367.0,8.0,31767637.0,56.0,,,1,0.3625,0.3916,0.6759,0.9988,C,C
2025-10-07,232177444.0,148181638.0,50765460.0,4,0,0,1245,0,52582403.0,20413846.0,659,9392160065,S011,U0112,Ticari Kredi Notu,Yeni Basvuru,Aksiyon Yok,65.0,97416178.0,,,,,,,,,,,182531336.0,0.0,0,0.1378,,0.3882,0.7114,C,
2026-05-29,238395955.0,182531336.0,62533303.0,5,0,0,1299,0,23839595.0,0.0,660,9392160065,S011,U0111,Risk Merkezi,Periyodik Izleme,Izleme,40.0,119998033.0,659.0,2025-10-07,20413846.0,148181638.0,0.0,0.0,1245.0,4.0,50765460.0,234.0,205002281.0,0.0,0,0.0,0.1378,0.0,0.8507,C,C
2026-08-05,253980606.0,205002281.0,70231611.0,6,0,0,1299,0,25398061.0,0.0,661,9392160065,S011,U0113,Risk Merkezi,Periyodik Izleme,Izleme,40.0,134770670.0,660.0,2026-05-29,0.0,182531336.0,0.0,0.0,1299.0,5.0,62533303.0,68.0,212838218.0,0.0,0,0.0,0.0,0.0,0.8968,C,C
2026-09-30,272686501.0,212838218.0,72916120.0,6,0,0,1290,0,27268650.0,0.0,662,9392160065,S011,U0113,Cek Raporu,Tahsis Revizyonu,Izleme,30.0,139922098.0,661.0,2026-08-05,0.0,205002281.0,0.0,0.0,1299.0,6.0,70231611.0,56.0,,,1,0.0,0.0,0.0,0.8672,C,C
2025-11-14,7494485.0,4464428.0,1079637.0,5,0,0,1502,0,1252843.0,724230.0,909,9394208516,S062,U0621,Risk Merkezi,Yeni Basvuru,Teklif,40.0,3384791.0,,,,,,,,,,,4956397.0,0.0,0,0.1622,,0.5781,0.5992,B,
2026-01-27,8376027.0,4956397.0,1198610.0,5,0,0,1544,0,1484742.0,880779.0,910,9394208516,S062,U0622,Risk Merkezi,Periyodik Izleme,Izleme,40.0,3757787.0,909.0,2025-11-14,724230.0,4464428.0,0.0,0.0,1502.0,5.0,1079637.0,74.0,5182348.0,0.0,0,0.1777,0.1622,0.5932,0.5914,B,B
2026-02-20,8306744.0,5182348.0,1253252.0,5,0,0,1559,0,2114718.0,1186915.0,911,9394208516,S062,U0623,Risk Merkezi,Periyodik Izleme,Izleme,40.0,3929096.0,910.0,2026-01-27,880779.0,4956397.0,0.0,0.0,1544.0,5.0,1198610.0,24.0,5921983.0,0.0,0,0.229,0.1777,0.5613,0.6453,B,B
2026-08-21,9224753.0,5921983.0,1432119.0,5,0,0,1584,0,2823861.0,1536314.0,912,9394208516,S062,U0622,Ticari Kredi Notu,Limit Yenileme,Kullandirim,65.0,4489864.0,911.0,2026-02-20,1186915.0,5182348.0,0.0,0.0,1559.0,5.0,1253252.0,182.0,,,1,0.2594,0.229,0.544,0.6852,B,B
2025-12-26,89728078.0,59199904.0,15197307.0,5,0,0,1446,0,36780230.0,19267591.0,1723,9395907037,S021,U0213,Ticari Kredi Notu,Yeni Basvuru,Ret,65.0,44002597.0,,,,,,,,,,,60770059.0,0.0,0,0.3255,,0.5239,0.7542,B,
2025-12-31,99308193.0,60770059.0,15600384.0,5,0,0,1438,0,32118027.0,17721336.0,1724,9395907037,S021,U0213,Risk Merkezi,Limit Yenileme,Aksiyon Yok,40.0,45169675.0,1723.0,2025-12-26,19267591.0,59199904.0,0.0,0.0,1446.0,5.0,15197307.0,5.0,52580725.0,0.0,0,0.2916,0.3255,0.5518,0.6407,B,B
2026-03-24,99706490.0,52580725.0,13498086.0,4,0,0,1467,0,23787428.0,14962307.0,1725,9395907037,S021,U0212,Cek Raporu,Limit Yenileme,Ret,30.0,39082639.0,1724.0,2025-12-31,17721336.0,60770059.0,0.0,0.0,1438.0,5.0,15600384.0,83.0,55884300.0,0.0,0,0.2846,0.2916,0.629,0.4955,B,B
2026-03-27,99917354.0,55884300.0,14346152.0,4,0,0,1477,0,37952803.0,17632204.0,1726,9395907037,S021,U0213,Ticari Kredi Notu,Limit Yenileme,Teklif,65.0,41538148.0,1725.0,2026-03-24,14962307.0,52580725.0,0.0,0.0,1467.0,4.0,13498086.0,3.0,,,1,0.3155,0.2846,0.4646,0.6173,B,B
2026-01-09,375487226.0,236545944.0,32711897.0,5,0,0,1371,0,102580747.0,76093482.0,1474,9399139421,S050,U0501,Risk Merkezi,Yeni Basvuru,Aksiyon Yok,40.0,203834047.0,,,,,,,,,,,222207997.0,0.0,0,0.3217,,0.7418,0.5879,C,
2026-05-29,335587793.0,222207997.0,30729105.0,5,0,0,1354,0,119420848.0,75906513.0,1475,9399139421,S050,U0501,Risk Merkezi,Periyodik Izleme,Izleme,40.0,191478892.0,1474.0,2026-01-09,76093482.0,236545944.0,0.0,0.0,1371.0,5.0,32711897.0,140.0,237618614.0,0.0,0,0.3416,0.3217,0.6356,0.6768,C,C
2026-09-25,352403047.0,237618614.0,32860236.0,5,0,0,1354,0,132988763.0,88931568.0,1476,9399139421,S050,U0501,Risk Merkezi,Periyodik Izleme,Izleme,40.0,204758378.0,1475.0,2026-05-29,75906513.0,222207997.0,0.0,0.0,1354.0,5.0,30729105.0,119.0,,,1,0.3743,0.3416,0.6687,0.6777,C,C
2026-01-15,53100235.0,28618503.0,10449492.0,5,0,0,1740,0,16114460.0,7822507.0,537,9400194933,S031,U0311,Risk Merkezi,Limit Yenileme,Kullandirim,40.0,18169011.0,,,,,,,,,,,32429330.0,0.0,0,0.2733,,0.4854,0.5623,A,
2026-02-25,59598323.0,32429330.0,12205216.0,5,0,0,1760,0,16363432.0,9125170.0,538,9400194933,S031,U0313,Risk Merkezi,Limit Yenileme,Teklif,40.0,20224114.0,537.0,2026-01-15,7822507.0,28618503.0,0.0,0.0,1740.0,5.0,10449492.0,41.0,37713941.0,0.0,0,0.2814,0.2733,0.5577,0.539,A,A
2026-08-24,81962925.0,37713941.0,16054016.0,5,0,0,1798,0,42567656.0,13181436.0,539,9400194933,S031,U0311,Ticari Kredi Notu,Limit Yenileme,Kullandirim,65.0,21659925.0,538.0,2026-02-25,9125170.0,32429330.0,0.0,0.0,1760.0,5.0,12205216.0,180.0,38074485.0,0.0,0,0.3495,0.2814,0.3097,0.6227,A,A
2026-08-25,69214157.0,38074485.0,16217923.0,5,0,0,1805,0,25055821.0,11389970.0,540,9400194933,S031,U0311,Cek Raporu,Periyodik Izleme,Izleme,30.0,21856562.0,539.0,2026-08-24,13181436.0,37713941.0,0.0,0.0,1798.0,5.0,16054016.0,1.0,,,1,0.2991,0.3495,0.4546,0.6043,A,A
2025-11-25,24418016.0,15781311.0,1774721.0,3,0,0,1755,0,4208343.0,3096823.0,920,9401943791,S112,U1121,Ticari Kredi Notu,Periyodik Izleme,Izleme,65.0,14006590.0,,,,,,,,,,,17177013.0,0.0,0,0.1962,,0.7359,0.6276,A,
2026-03-27,25256062.0,17177013.0,1931678.0,3,0,0,1765,0,5522182.0,3461552.0,921,9401943791,S112,U1123,Risk Merkezi,Limit Yenileme,Aksiyon Yok,40.0,15245335.0,920.0,2025-11-25,3096823.0,15781311.0,0.0,0.0,1755.0,3.0,1774721.0,122.0,16344937.0,0.0,0,0.2015,0.1962,0.6268,0.695,A,A
2026-07-30,23280199.0,16344937.0,1838105.0,3,0,0,1733,0,5321126.0,3235639.0,922,9401943791,S112,U1122,Risk Merkezi,Limit Yenileme,Aksiyon Yok,40.0,14506832.0,921.0,2026-03-27,3461552.0,17177013.0,0.0,0.0,1765.0,3.0,1931678.0,125.0,,,1,0.198,0.2015,0.6081,0.73,A,A
2025-11-27,1145527860.0,760302144.0,135034870.0,2,0,0,1340,0,431477042.0,282366389.0,1606,9402040153,S050,U0502,Risk Merkezi,Limit Yenileme,Kullandirim,40.0,625267274.0,,,,,,,,,,,796858803.0,0.0,0,0.3714,,0.6544,0.6693,C,
2026-02-20,1339243340.0,796858803.0,141527583.0,2,0,0,1340,0,477071223.0,284955311.0,1607,9402040153,S050,U0501,Ticari Kredi Notu,Periyodik Izleme,Izleme,65.0,655331220.0,1606.0,2025-11-27,282366389.0,760302144.0,0.0,0.0,1340.0,2.0,135034870.0,85.0,786471124.0,0.0,0,0.3576,0.3714,0.5973,0.5937,C,C
2026-04-10,1303879391.0,786471124.0,139682660.0,2,0,0,1327,0,723962982.0,302348462.0,1608,9402040153,S050,U0503,Risk Merkezi,Periyodik Izleme,Izleme,40.0,646788464.0,1607.0,2026-02-20,284955311.0,796858803.0,0.0,0.0,1340.0,2.0,141527583.0,49.0,820995879.0,0.0,0,0.3844,0.3576,0.4176,0.8348,C,C
2026-09-29,1246118878.0,820995879.0,145814493.0,2,0,0,1350,0,467292968.0,319592685.0,1609,9402040153,S050,U0501,Ticari Kredi Notu,Periyodik Izleme,Izleme,65.0,675181386.0,1608.0,2026-04-10,302348462.0,786471124.0,0.0,0.0,1327.0,2.0,139682660.0,172.0,,,1,0.3893,0.3844,0.6839,0.6438,C,C
2025-11-20,66526541.0,42844101.0,4900343.0,4,0,0,1685,0,21937972.0,10830596.0,1356,9402742979,S001,U0011,Ticari Kredi Notu,Yeni Basvuru,Kullandirim,65.0,37943758.0,,,,,,,,,,,43277565.0,0.0,0,0.2528,,0.4937,0.718,A,
2026-05-22,71988494.0,43277565.0,4949921.0,4,0,0,1705,0,16524008.0,9685118.0,1357,9402742979,S001,U0011,Risk Merkezi,Periyodik Izleme,Izleme,40.0,38327644.0,1356.0,2025-11-20,10830596.0,42844101.0,0.0,0.0,1685.0,4.0,4900343.0,183.0,,,1,0.2238,0.2528,0.5861,0.6057,A,A
2025-12-19,4934679.0,3875837.0,666494.0,5,0,0,1761,0,2447263.0,1695577.0,1729,9403003726,S092,U0921,Ticari Kredi Notu,Yeni Basvuru,Kullandirim,65.0,3209343.0,,,,,,,,,,,3956638.0,0.0,0,0.4375,,0.6928,0.8765,A,
2026-04-01,5588643.0,3956638.0,680389.0,5,0,0,1774,0,2363463.0,1709089.0,1730,9403003726,S092,U0921,Risk Merkezi,Periyodik Izleme,Izleme,40.0,3276249.0,1729.0,2025-12-19,1695577.0,3875837.0,0.0,0.0,1761.0,5.0,666494.0,103.0,4014638.0,0.0,0,0.432,0.4375,0.7231,0.6969,A,A
2026-05-11,6044930.0,4014638.0,690362.0,5,0,0,1752,0,2614770.0,1548405.0,1731,9403003726,S092,U0922,Risk Merkezi,Periyodik Izleme,Izleme,40.0,3324276.0,1730.0,2026-04-01,1709089.0,3956638.0,0.0,0.0,1774.0,5.0,680389.0,40.0,,,1,0.3857,0.432,0.5922,0.719,A,A
2026-01-16,230765808.0,121976621.0,34175665.0,6,0,0,1563,0,67402614.0,33561505.0,422,9403170889,S071,U0713,Ticari Kredi Notu,Limit Yenileme,Kullandirim,65.0,87800956.0,,,,,,,,,,,125236196.0,0.0,0,0.2751,,0.4979,0.5412,B,
2026-04-08,223046990.0,125236196.0,35088940.0,6,0,0,1536,0,69370362.0,34804825.0,423,9403170889,S071,U0711,Risk Merkezi,Tahsis Revizyonu,Izleme,40.0,90147256.0,422.0,2026-01-16,33561505.0,121976621.0,0.0,0.0,1563.0,6.0,34175665.0,82.0,140536740.0,0.0,0,0.2779,0.2751,0.5017,0.5885,B,B
2026-07-13,255069985.0,140536740.0,39375878.0,6,0,0,1592,0,99889414.0,51325344.0,424,9403170889,S071,U0712,Cek Raporu,Limit Yenileme,Kullandirim,30.0,101160862.0,423.0,2026-04-08,34804825.0,125236196.0,0.0,0.0,1536.0,6.0,35088940.0,96.0,,,1,0.3652,0.2779,0.5138,0.5749,B,B
2025-10-28,582619009.0,311206229.0,100620545.0,2,0,0,1243,0,232264953.0,125248403.0,784,9403241394,S050,U0501,Risk Merkezi,Limit Yenileme,Kullandirim,40.0,210585684.0,,,,,,,,,,,251939826.0,0.0,0,0.4025,,0.5392,0.5308,C,
2026-04-10,505599703.0,251939826.0,81458275.0,1,0,0,1312,0,480319718.0,251939826.0,785,9403241394,S050,U0503,Risk Merkezi,Limit Yenileme,Aksiyon Yok,40.0,170481551.0,784.0,2025-10-28,125248403.0,311206229.0,0.0,0.0,1243.0,2.0,100620545.0,164.0,,,1,1.0,0.4025,0.5245,0.0,C,C
2026-02-06,295206361.0,170089089.0,64917183.0,6,0,0,1478,0,87616032.0,52475088.0,1581,9404826069,S001,U0011,Risk Merkezi,Periyodik Izleme,Izleme,40.0,105171906.0,,,,,,,,,,,161370185.0,0.0,0,0.3085,,0.5989,0.5666,B,
2026-04-10,292286744.0,161370185.0,61589476.0,6,0,0,1566,0,79062362.0,47030503.0,1582,9404826069,S001,U0012,Risk Merkezi,Limit Yenileme,Aksiyon Yok,40.0,99780709.0,1581.0,2026-02-06,52475088.0,170089089.0,0.0,0.0,1478.0,6.0,64917183.0,63.0,154298988.0,0.0,0,0.2914,0.3085,0.5949,0.5362,B,B
2026-06-01,258762296.0,154298988.0,58890642.0,6,0,0,1533,0,72909946.0,48538697.0,1583,9404826069,S001,U0012,Risk Merkezi,Limit Yenileme,Aksiyon Yok,40.0,95408346.0,1582.0,2026-04-10,47030503.0,161370185.0,0.0,0.0,1566.0,6.0,61589476.0,52.0,155170844.0,0.0,0,0.3146,0.2914,0.6657,0.5691,B,B
2026-09-21,258859958.0,155170844.0,59223400.0,6,0,0,1489,0,86596230.0,43572848.0,1584,9404826069,S001,U0012,Ticari Kredi Notu,Limit Yenileme,Teklif,65.0,95947444.0,1583.0,2026-06-01,48538697.0,154298988.0,0.0,0.0,1533.0,6.0,58890642.0,112.0,,,1,0.2808,0.3146,0.5032,0.6478,B,B
2026-05-27,8203045.0,5435965.0,908676.0,8,0,0,1340,0,628712.0,259455.0,805,9405114271,S012,U0122,Risk Merkezi,Yeni Basvuru,Aksiyon Yok,40.0,4527289.0,,,,,,,,,,,5706693.0,0.0,0,0.0477,,0.4127,0.6834,C,
2026-06-30,8107430.0,5706693.0,953931.0,8,0,0,1337,0,810743.0,0.0,806,9405114271,S012,U0122,Risk Merkezi,Periyodik Izleme,Izleme,40.0,4752762.0,805.0,2026-05-27,259455.0,5435965.0,0.0,0.0,1340.0,8.0,908676.0,34.0,5897072.0,0.0,0,0.0,0.0477,0.0,0.7821,C,C
2026-07-14,8269219.0,5897072.0,985755.0,9,0,0,1349,0,27517.0,12744.0,807,9405114271,S012,U0123,Ticari Kredi Notu,Periyodik Izleme,Izleme,65.0,4911317.0,806.0,2026-06-30,0.0,5706693.0,0.0,0.0,1337.0,8.0,953931.0,14.0,6045491.0,0.0,0,0.0022,0.0,0.4631,0.714,C,C
2026-08-31,8072266.0,6045491.0,1010565.0,9,0,0,1346,0,807227.0,0.0,808,9405114271,S012,U0121,Risk Merkezi,Periyodik Izleme,Izleme,40.0,5034926.0,807.0,2026-07-14,12744.0,5897072.0,0.0,0.0,1349.0,9.0,985755.0,48.0,,,1,0.0,0.0022,0.0,0.8321,C,C
2025-11-05,114442459.0,59221079.0,14024936.0,7,0,0,1317,0,30525610.0,8164829.0,727,9407518238,S041,U0413,Ticari Kredi Notu,Tahsis Revizyonu,Izleme,65.0,45196143.0,,,,,,,,,,,58031015.0,0.0,0,0.1379,,0.2675,0.6084,C,
2025-11-13,99945626.0,58031015.0,13743101.0,7,0,0,1337,0,19708733.0,6516217.0,728,9407518238,S041,U0411,Ticari Kredi Notu,Limit Yenileme,Ret,65.0,44287914.0,727.0,2025-11-05,8164829.0,59221079.0,0.0,0.0,1317.0,7.0,14024936.0,8.0,65614518.0,0.0,0,0.1123,0.1379,0.3306,0.642,C,C
2026-02-10,108734485.0,65614518.0,15539052.0,8,0,0,1323,0,6806087.0,2405530.0,729,9407518238,S041,U0413,Risk Merkezi,Limit Yenileme,Aksiyon Yok,40.0,50075466.0,728.0,2025-11-13,6516217.0,58031015.0,0.0,0.0,1337.0,7.0,13743101.0,89.0,71537077.0,0.0,0,0.0367,0.1123,0.3534,0.6201,C,C
2026-03-27,123319898.0,71537077.0,16941652.0,8,0,0,1293,0,2331266.0,769536.0,730,9407518238,S041,U0411,Ticari Kredi Notu,Periyodik Izleme,Izleme,65.0,54595425.0,729.0,2026-02-10,2405530.0,65614518.0,0.0,0.0,1323.0,8.0,15539052.0,45.0,81880592.0,0.0,0,0.0108,0.0367,0.3301,0.5849,C,C
2026-07-31,135422257.0,81880592.0,19391239.0,9,0,0,1343,0,13542226.0,0.0,731,9407518238,S041,U0412,Risk Merkezi,Periyodik Izleme,Izleme,40.0,62489353.0,730.0,2026-03-27,769536.0,71537077.0,0.0,0.0,1293.0,8.0,16941652.0,126.0,,,1,0.0,0.0108,0.0,0.6718,C,C
2025-10-17,5628998.0,2951828.0,931999.0,2,0,0,1479,0,3597603.0,987171.0,288,9409020143,S042,U0422,Ticari Kredi Notu,Tahsis Revizyonu,Izleme,65.0,2019829.0,,,,,,,,,,,3119959.0,0.0,0,0.3344,,0.2744,0.9671,B,
2025-11-28,5485108.0,3119959.0,985084.0,2,0,0,1466,0,3106523.0,990376.0,289,9409020143,S042,U0422,Risk Merkezi,Limit Yenileme,Teklif,40.0,2134875.0,288.0,2025-10-17,987171.0,2951828.0,0.0,0.0,1479.0,2.0,931999.0,42.0,3251522.0,0.0,0,0.3174,0.3344,0.3188,0.8953,B,B
2025-12-15,5369551.0,3251522.0,1026623.0,2,0,0,1476,0,2712788.0,964527.0,290,9409020143,S042,U0423,Risk Merkezi,Limit Yenileme,Ret,40.0,2224899.0,289.0,2025-11-28,990376.0,3119959.0,0.0,0.0,1466.0,2.0,985084.0,17.0,3180972.0,0.0,0,0.2966,0.3174,0.3555,0.8608,B,B
2025-12-26,5208913.0,3180972.0,1004348.0,2,0,0,1458,0,2449872.0,883617.0,291,9409020143,S042,U0423,Cek Raporu,Periyodik Izleme,Izleme,30.0,2176624.0,290.0,2025-12-15,964527.0,3251522.0,0.0,0.0,1476.0,2.0,1026623.0,11.0,3848829.0,0.0,0,0.2778,0.2966,0.3607,0.8327,B,B
2026-05-26,5631930.0,3848829.0,1215215.0,3,0,0,1456,0,1388629.0,601824.0,292,9409020143,S042,U0421,Cek Raporu,Limit Yenileme,Aksiyon Yok,30.0,2633614.0,291.0,2025-12-26,883617.0,3180972.0,0.0,0.0,1458.0,2.0,1004348.0,151.0,3960193.0,0.0,0,0.1564,0.2778,0.4334,0.7652,B,B
2026-06-25,6206186.0,3960193.0,1250376.0,3,0,0,1465,0,1382070.0,536387.0,293,9409020143,S042,U0422,Risk Merkezi,Periyodik Izleme,Izleme,40.0,2709817.0,292.0,2026-05-26,601824.0,3848829.0,0.0,0.0,1456.0,3.0,1215215.0,30.0,,,1,0.1354,0.1564,0.3881,0.7097,B,B
2026-05-21,70003011.0,50866087.0,10689232.0,5,0,0,1704,0,30402692.0,18825052.0,450,9414607250,S111,U1112,Risk Merkezi,Periyodik Izleme,Izleme,40.0,40176855.0,,,,,,,,,,,,,1,0.3701,,0.6192,0.8091,A,
2025-10-13,608089056.0,385281252.0,66412209.0,5,0,0,1403,0,128508471.0,49295010.0,1631,9416214714,S030,U0302,Risk Merkezi,Periyodik Izleme,Izleme,40.0,318869043.0,,,,,,,,,,,444433303.0,0.0,0,0.1279,,0.3836,0.7006,B,
2026-01-07,730851434.0,444433303.0,76608444.0,6,0,0,1342,0,70308949.0,25177880.0,1632,9416214714,S030,U0303,Risk Merkezi,Periyodik Izleme,Izleme,40.0,367824859.0,1631.0,2025-10-13,49295010.0,385281252.0,0.0,0.0,1403.0,5.0,66412209.0,86.0,534342621.0,0.0,0,0.0567,0.1279,0.3581,0.6347,C,B
2026-05-15,823785802.0,534342621.0,92106412.0,6,0,0,1412,0,82378580.0,0.0,1633,9416214714,S030,U0301,Cek Raporu,Tahsis Revizyonu,Izleme,30.0,442236209.0,1632.0,2026-01-07,25177880.0,444433303.0,0.0,0.0,1342.0,6.0,76608444.0,128.0,581133180.0,0.0,0,0.0,0.0567,0.0,0.7207,B,C
2026-07-17,855075961.0,581133180.0,100171856.0,7,0,0,1355,0,85507596.0,0.0,1634,9416214714,S030,U0303,Risk Merkezi,Tahsis Revizyonu,Izleme,40.0,480961324.0,1633.0,2026-05-15,0.0,534342621.0,0.0,0.0,1412.0,6.0,92106412.0,63.0,581684837.0,0.0,0,0.0,0.0,0.0,0.7551,C,B
2026-09-10,845527142.0,581684837.0,100266947.0,7,0,0,1333,0,84552714.0,0.0,1635,9416214714,S030,U0303,Cek Raporu,Tahsis Revizyonu,Izleme,30.0,481417890.0,1634.0,2026-07-17,0.0,581133180.0,0.0,0.0,1355.0,7.0,100171856.0,55.0,,,1,0.0,0.0,0.0,0.7644,C,C
2026-03-02,143820473.0,100876962.0,19136720.0,7,0,0,1303,0,61704377.0,41324270.0,411,9416845606,S091,U0911,Risk Merkezi,Yeni Basvuru,Teklif,40.0,81740242.0,,,,,,,,,,,93672543.0,0.0,0,0.4097,,0.6697,0.7252,C,
2026-04-17,139349476.0,93672543.0,17770016.0,7,0,0,1241,0,60326809.0,37799220.0,412,9416845606,S091,U0912,Risk Merkezi,Periyodik Izleme,Izleme,40.0,75902527.0,411.0,2026-03-02,41324270.0,100876962.0,0.0,0.0,1303.0,7.0,19136720.0,46.0,101714823.0,0.0,0,0.4035,0.4097,0.6266,0.7071,C,C
2026-08-21,154101628.0,101714823.0,19295665.0,7,0,0,1278,0,58483825.0,36566998.0,413,9416845606,S091,U0911,Risk Merkezi,Limit Yenileme,Kullandirim,40.0,82419158.0,412.0,2026-04-17,37799220.0,93672543.0,0.0,0.0,1241.0,7.0,17770016.0,126.0,,,1,0.3595,0.4035,0.6252,0.6813,C,C
2026-04-16,17386630.0,10060020.0,1598403.0,7,0,0,1541,0,3253927.0,1973354.0,1599,9417470384,S082,U0823,Ticari Kredi Notu,Limit Yenileme,Ret,65.0,8461617.0,,,,,,,,,,,,,1,0.1962,,0.6065,0.5722,B,
2025-12-19,186857418.0,109009618.0,35520449.0,3,0,0,1373,0,104480804.0,34832223.0,1547,9419321727,S071,U0713,Ticari Kredi Notu,Yeni Basvuru,Teklif,65.0,73489169.0,,,,,,,,,,,130321848.0,0.0,0,0.3195,,0.3334,0.9005,C,
2026-05-15,190928134.0,130321848.0,42464973.0,4,0,0,1351,0,66448347.0,28743573.0,1548,9419321727,S071,U0711,Risk Merkezi,Tahsis Revizyonu,Izleme,40.0,87856875.0,1547.0,2025-12-19,34832223.0,109009618.0,0.0,0.0,1373.0,3.0,35520449.0,147.0,150458474.0,0.0,0,0.2206,0.3195,0.4326,0.816,C,C
2026-07-20,213078537.0,150458474.0,49026431.0,5,0,0,1376,0,37210650.0,16972427.0,1549,9419321727,S071,U0712,Risk Merkezi,Limit Yenileme,Ret,40.0,101432043.0,1548.0,2026-05-15,28743573.0,130321848.0,0.0,0.0,1351.0,4.0,42464973.0,66.0,150943131.0,0.0,0,0.1128,0.2206,0.4561,0.759,C,C
2026-09-11,211082092.0,150943131.0,49184355.0,5,0,0,1405,0,21752798.0,10117054.0,1550,9419321727,S071,U0711,Ticari Kredi Notu,Tahsis Revizyonu,Izleme,65.0,101758776.0,1549.0,2026-07-20,16972427.0,150458474.0,0.0,0.0,1376.0,5.0,49026431.0,53.0,,,1,0.067,0.1128,0.4651,0.7438,B,C
2025-10-13,73950693.0,38061230.0,8649647.0,5,0,0,1720,0,40651143.0,10759703.0,273,9421914368,S071,U0712,Risk Merkezi,Yeni Basvuru,Kullandirim,40.0,29411583.0,,,,,,,,,,,49441322.0,0.0,0,0.2827,,0.2647,0.8199,A,
2026-02-26,91507166.0,49441322.0,11235843.0,6,0,0,1743,0,34775752.0,10095401.0,274,9421914368,S071,U0712,Risk Merkezi,Limit Yenileme,Aksiyon Yok,40.0,38205479.0,273.0,2025-10-13,10759703.0,38061230.0,0.0,0.0,1720.0,5.0,8649647.0,136.0,52016601.0,0.0,0,0.2042,0.2827,0.2903,0.6935,A,A
2026-05-19,91994734.0,52016601.0,11821091.0,6,0,0,1682,0,17812483.0,5618595.0,275,9421914368,S071,U0713,Risk Merkezi,Periyodik Izleme,Izleme,40.0,40195510.0,274.0,2026-02-26,10095401.0,49441322.0,0.0,0.0,1743.0,6.0,11235843.0,82.0,54616141.0,0.0,0,0.108,0.2042,0.3154,0.6255,A,A
2026-07-16,88442247.0,54616141.0,12411852.0,7,0,0,1695,0,10599668.0,3895744.0,276,9421914368,S071,U0713,Risk Merkezi,Limit Yenileme,Aksiyon Yok,40.0,42204289.0,275.0,2026-05-19,5618595.0,52016601.0,0.0,0.0,1682.0,6.0,11821091.0,58.0,56932877.0,0.0,0,0.0713,0.108,0.3675,0.6516,A,A
2026-08-17,93182012.0,56932877.0,12938344.0,7,0,0,1655,0,7925961.0,2861158.0,277,9421914368,S071,U0712,Ticari Kredi Notu,Periyodik Izleme,Izleme,65.0,43994533.0,276.0,2026-07-16,3895744.0,54616141.0,0.0,0.0,1695.0,7.0,12411852.0,32.0,,,1,0.0503,0.0713,0.361,0.6342,A,A
2026-02-06,187849846.0,115563373.0,32280049.0,4,0,0,1449,0,36481816.0,18723259.0,71,9422805512,S081,U0812,Risk Merkezi,Limit Yenileme,Aksiyon Yok,40.0,83283324.0,,,,,,,,,,,118691950.0,0.0,0,0.162,,0.5132,0.6398,B,
2026-09-15,203201755.0,118691950.0,33153947.0,4,0,0,1415,0,34754849.0,19507073.0,72,9422805512,S081,U0812,Ticari Kredi Notu,Periyodik Izleme,Izleme,65.0,85538003.0,71.0,2026-02-06,18723259.0,115563373.0,0.0,0.0,1449.0,4.0,32280049.0,221.0,,,1,0.1644,0.162,0.5613,0.5888,B,B
2026-07-31,969540002.0,529134749.0,81695149.0,4,0,0,1519,0,264819535.0,137223439.0,513,9423995062,S030,U0301,Risk Merkezi,Yeni Basvuru,Kullandirim,40.0,447439600.0,,,,,,,,,,,550354642.0,0.0,0,0.2593,,0.5182,0.5561,B,
2026-09-22,1092152880.0,550354642.0,84971370.0,4,0,0,1511,0,390472289.0,162958769.0,514,9423995062,S030,U0301,Cek Raporu,Periyodik Izleme,Izleme,30.0,465383272.0,513.0,2026-07-31,137223439.0,529134749.0,0.0,0.0,1519.0,4.0,81695149.0,53.0,,,1,0.2961,0.2593,0.4173,0.5521,B,B
2026-04-24,39361564.0,20722504.0,6006877.0,2,0,0,1395,0,14757110.0,7533779.0,299,9428463121,S072,U0722,Risk Merkezi,Tahsis Revizyonu,Izleme,40.0,14715627.0,,,,,,,,,,,,,1,0.3636,,0.5105,0.536,C,
2026-03-13,929567985.0,519164352.0,160719768.0,5,0,0,1756,0,256560284.0,120948131.0,1697,9432085393,S030,U0302,Risk Merkezi,Yeni Basvuru,Ret,40.0,358444584.0,,,,,,,,,,,,,1,0.233,,0.4714,0.5917,A,
2026-02-24,13881829.0,7986673.0,2650413.0,7,0,0,1299,0,3239372.0,1309164.0,120,9432985930,S112,U1122,Ticari Kredi Notu,Yeni Basvuru,Aksiyon Yok,65.0,5336260.0,,,,,,,,,,,7501177.0,0.0,0,0.1639,,0.4041,0.6274,C,
2026-06-30,15790255.0,7501177.0,2489299.0,7,0,0,1272,0,4820899.0,1497520.0,121,9432985930,S112,U1122,Ticari Kredi Notu,Limit Yenileme,Aksiyon Yok,65.0,5011878.0,120.0,2026-02-24,1309164.0,7986673.0,0.0,0.0,1299.0,7.0,2650413.0,126.0,,,1,0.1996,0.1639,0.3106,0.5473,C,C
2026-04-01,23227894.0,15604868.0,2687365.0,4,0,0,1581,0,11405457.0,6984797.0,354,9434388887,S062,U0622,Cek Raporu,Yeni Basvuru,Kullandirim,30.0,12917503.0,,,,,,,,,,,16665696.0,0.0,0,0.4476,,0.6124,0.7291,B,
2026-07-24,21693869.0,16665696.0,2870053.0,4,0,0,1573,0,11099371.0,8090216.0,355,9434388887,S062,U0622,Ticari Kredi Notu,Tahsis Revizyonu,Izleme,65.0,13795643.0,354.0,2026-04-01,6984797.0,15604868.0,0.0,0.0,1581.0,4.0,2687365.0,114.0,,,1,0.4854,0.4476,0.7289,0.8094,B,B
2025-10-03,16071519.0,11540258.0,1737546.0,2,0,0,1568,0,6039742.0,3980966.0,1407,9435256716,S112,U1122,Cek Raporu,Periyodik Izleme,Izleme,30.0,9802712.0,,,,,,,,,,,10791772.0,0.0,0,0.345,,0.6591,0.7535,B,
2026-01-27,16257018.0,10791772.0,1624851.0,2,0,0,1534,0,8698350.0,3764761.0,1408,9435256716,S112,U1121,Risk Merkezi,Limit Yenileme,Aksiyon Yok,40.0,9166921.0,1407.0,2025-10-03,3980966.0,11540258.0,0.0,0.0,1568.0,2.0,1737546.0,116.0,,,1,0.3489,0.345,0.4328,0.9297,B,B
2026-08-24,189707834.0,86975296.0,13422645.0,4,0,0,1335,0,51314487.0,20093767.0,1282,9438822490,S051,U0511,Ticari Kredi Notu,Periyodik Izleme,Izleme,65.0,73552651.0,,,,,,,,,,,,,1,0.231,,0.3916,0.4833,C,
2026-09-07,91087679.0,55131601.0,16840919.0,3,0,0,1283,0,18498632.0,10290843.0,83,9440733508,S031,U0312,Risk Merkezi,Limit Yenileme,Kullandirim,40.0,38290682.0,,,,,,,,,,,,,1,0.1867,,0.5563,0.6177,C,
2025-12-19,98089478.0,59222393.0,11715632.0,5,0,0,1534,0,14578549.0,8006885.0,823,9440981160,S101,U1012,Risk Merkezi,Yeni Basvuru,Aksiyon Yok,40.0,47506761.0,,,,,,,,,,,64270933.0,0.0,0,0.1352,,0.5492,0.6133,B,
2026-02-12,91922598.0,64270933.0,12714356.0,5,0,0,1469,0,14164287.0,9204875.0,824,9440981160,S101,U1011,Risk Merkezi,Limit Yenileme,Kullandirim,40.0,51556577.0,823.0,2025-12-19,8006885.0,59222393.0,0.0,0.0,1534.0,5.0,11715632.0,55.0,70400431.0,0.0,0,0.1432,0.1352,0.6499,0.7082,B,B
2026-06-09,87592068.0,70400431.0,13926920.0,6,0,0,1321,0,13467548.0,9569433.0,825,9440981160,S101,U1011,Ticari Kredi Notu,Periyodik Izleme,Izleme,65.0,56473511.0,824.0,2026-02-12,9204875.0,64270933.0,0.0,0.0,1469.0,5.0,12714356.0,117.0,,,1,0.1359,0.1432,0.7106,0.8207,C,B
2026-03-20,17931617.0,11782245.0,3906968.0,6,0,0,1315,0,10687536.0,6267483.0,73,9441142289,S032,U0322,Ticari Kredi Notu,Yeni Basvuru,Kullandirim,65.0,7875277.0,,,,,,,,,,,11547468.0,0.0,0,0.5319,,0.5864,0.7613,C,
2026-04-24,18845466.0,11547468.0,3829116.0,6,0,0,1325,0,15188972.0,6614694.0,74,9441142289,S032,U0321,Risk Merkezi,Tahsis Revizyonu,Izleme,40.0,7718352.0,73.0,2026-03-20,6267483.0,11782245.0,0.0,0.0,1315.0,6.0,3906968.0,35.0,10611170.0,0.0,0,0.5728,0.5319,0.4355,1.349,C,C
2026-06-19,16416164.0,10611170.0,3518642.0,6,0,0,1294,0,9859588.0,6496089.0,75,9441142289,S032,U0323,Ticari Kredi Notu,Periyodik Izleme,Izleme,65.0,7092528.0,74.0,2026-04-24,6614694.0,11547468.0,0.0,0.0,1325.0,6.0,3829116.0,56.0,10105925.0,0.0,0,0.6122,0.5728,0.6589,0.6276,C,C
2026-09-18,17091062.0,10105925.0,3351104.0,6,0,0,1356,0,13439784.0,6824179.0,76,9441142289,S032,U0322,Risk Merkezi,Tahsis Revizyonu,Izleme,40.0,6754821.0,75.0,2026-06-19,6496089.0,10611170.0,0.0,0.0,1294.0,6.0,3518642.0,91.0,,,1,0.6753,0.6122,0.5078,0.8988,C,C
2026-08-07,851583804.0,435992140.0,147914743.0,6,0,0,1866,0,402430920.0,222033552.0,201,9445188790,S030,U0303,Risk Merkezi,Yeni Basvuru,Kullandirim,40.0,288077397.0,,,,,,,,,,,,,1,0.5093,,0.5517,0.4764,A,
2025-10-10,103215449.0,58364067.0,14856736.0,3,0,0,1362,0,60795586.0,19832487.0,815,9447329162,S011,U0113,Risk Merkezi,Periyodik Izleme,Izleme,40.0,43507331.0,,,,,,,,,,,57834898.0,0.0,0,0.3398,,0.3262,0.9083,C,
2025-11-07,93525264.0,57834898.0,14722034.0,3,0,0,1349,0,35729231.0,18619752.0,816,9447329162,S011,U0112,Ticari Kredi Notu,Periyodik Izleme,Izleme,65.0,43112864.0,815.0,2025-10-10,19832487.0,58364067.0,0.0,0.0,1362.0,3.0,14856736.0,28.0,,,1,0.3219,0.3398,0.5211,0.6785,C,C
2025-10-10,5896888.0,3102096.0,704500.0,4,0,0,1651,0,3197281.0,882630.0,1747,9447829316,S032,U0323,Ticari Kredi Notu,Yeni Basvuru,Aksiyon Yok,65.0,2397596.0,,,,,,,,,,,3174546.0,0.0,0,0.2845,,0.2761,0.8221,A,
2025-10-17,5938262.0,3174546.0,720954.0,4,0,0,1618,0,3129528.0,890638.0,1748,9447829316,S032,U0322,Risk Merkezi,Tahsis Revizyonu,Izleme,40.0,2453592.0,1747.0,2025-10-10,882630.0,3102096.0,0.0,0.0,1651.0,4.0,704500.0,7.0,3169531.0,0.0,0,0.2806,0.2845,0.2846,0.8131,A,A
2025-10-31,5775220.0,3169531.0,719815.0,4,0,0,1638,0,2430317.0,726217.0,1749,9447829316,S032,U0322,Risk Merkezi,Tahsis Revizyonu,Izleme,40.0,2449716.0,1748.0,2025-10-17,890638.0,3174546.0,0.0,0.0,1618.0,4.0,720954.0,14.0,3364715.0,0.0,0,0.2291,0.2806,0.2988,0.7305,A,A
2026-01-02,5832795.0,3364715.0,764142.0,5,0,0,1661,0,2147123.0,701812.0,1750,9447829316,S032,U0322,Cek Raporu,Periyodik Izleme,Izleme,30.0,2600573.0,1749.0,2025-10-31,726217.0,3169531.0,0.0,0.0,1638.0,4.0,719815.0,63.0,4142676.0,0.0,0,0.2086,0.2291,0.3269,0.7225,A,A
2026-06-09,6937091.0,4142676.0,940821.0,5,0,0,1684,0,762756.0,264812.0,1751,9447829316,S032,U0321,Risk Merkezi,Limit Yenileme,Aksiyon Yok,40.0,3201855.0,1750.0,2026-01-02,701812.0,3364715.0,0.0,0.0,1661.0,5.0,764142.0,158.0,4271648.0,0.0,0,0.0639,0.2086,0.3472,0.6281,A,A
2026-08-04,7122880.0,4271648.0,970111.0,6,0,0,1632,0,77365.0,27055.0,1752,9447829316,S032,U0323,Risk Merkezi,Limit Yenileme,Kullandirim,40.0,3301537.0,1751.0,2026-06-09,264812.0,4142676.0,0.0,0.0,1684.0,5.0,940821.0,56.0,,,1,0.0063,0.0639,0.3497,0.6025,A,A
2025-11-21,28347089.0,22040740.0,6941236.0,3,0,0,1737,0,13453193.0,9090979.0,84,9450187040,S062,U0622,Ticari Kredi Notu,Yeni Basvuru,Kullandirim,65.0,15099504.0,,,,,,,,,,,24106535.0,0.0,0,0.4125,,0.6757,0.8695,A,
2026-01-30,33566224.0,24106535.0,7591811.0,3,0,0,1691,0,19636150.0,10795196.0,85,9450187040,S062,U0623,Risk Merkezi,Limit Yenileme,Aksiyon Yok,40.0,16514724.0,84.0,2025-11-21,9090979.0,22040740.0,0.0,0.0,1737.0,3.0,6941236.0,70.0,,,1,0.4478,0.4125,0.5498,0.9556,A,A
2025-10-03,155104105.0,66997518.0,21551892.0,4,0,0,1727,0,28107118.0,11066967.0,1753,9450355148,S041,U0412,Risk Merkezi,Periyodik Izleme,Izleme,40.0,45445626.0,,,,,,,,,,,61591781.0,0.0,0,0.1652,,0.3937,0.4404,A,
2026-04-27,142919214.0,61591781.0,19812964.0,4,0,0,1713,0,54011924.0,18207203.0,1754,9450355148,S041,U0412,Risk Merkezi,Limit Yenileme,Aksiyon Yok,40.0,41778817.0,1753.0,2025-10-03,11066967.0,66997518.0,0.0,0.0,1727.0,4.0,21551892.0,206.0,53088651.0,0.0,0,0.2956,0.1652,0.3371,0.488,A,A
2026-08-26,105323557.0,53088651.0,17077660.0,4,0,0,1744,0,44721308.0,19640491.0,1755,9450355148,S041,U0413,Risk Merkezi,Limit Yenileme,Kullandirim,40.0,36010991.0,1754.0,2026-04-27,18207203.0,61591781.0,0.0,0.0,1713.0,4.0,19812964.0,121.0,54800260.0,0.0,0,0.37,0.2956,0.4392,0.5519,A,A
2026-09-28,116128056.0,54800260.0,17628254.0,4,0,0,1735,0,44480841.0,22590787.0,1756,9450355148,S041,U0413,Ticari Kredi Notu,Periyodik Izleme,Izleme,65.0,37172006.0,1755.0,2026-08-26,19640491.0,53088651.0,0.0,0.0,1744.0,4.0,17077660.0,33.0,,,1,0.4122,0.37,0.5079,0.4496,A,A
2026-02-27,19871875.0,11790242.0,1647870.0,7,0,0,1679,0,3665963.0,2359792.0,1454,9451562690,S062,U0623,Ticari Kredi Notu,Limit Yenileme,Aksiyon Yok,65.0,10142372.0,,,,,,,,,,,,,1,0.2001,,0.6437,0.5819,A,
2026-02-06,66108641.0,41309898.0,14054323.0,4,0,0,1466,0,26794221.0,16092727.0,1128,9451813732,S111,U1111,Risk Merkezi,Yeni Basvuru,Kullandirim,40.0,27255575.0,,,,,,,,,,,40953919.0,0.0,0,0.3896,,0.6006,0.6414,B,
2026-06-24,65985937.0,40953919.0,13933213.0,4,0,0,1440,0,30799466.0,17306145.0,1129,9451813732,S111,U1112,Ticari Kredi Notu,Limit Yenileme,Ret,65.0,27020706.0,1128.0,2026-02-06,16092727.0,41309898.0,0.0,0.0,1466.0,4.0,14054323.0,138.0,41081639.0,0.0,0,0.4226,0.3896,0.5619,0.6721,B,B
2026-08-07,62805059.0,41081639.0,13976666.0,4,0,0,1437,0,22870364.0,15912616.0,1130,9451813732,S111,U1113,Cek Raporu,Limit Yenileme,Kullandirim,30.0,27104973.0,1129.0,2026-06-24,17306145.0,40953919.0,0.0,0.0,1440.0,4.0,13933213.0,44.0,,,1,0.3873,0.4226,0.6958,0.6303,B,B
2025-11-28,70329180.0,41466022.0,10794767.0,5,0,0,1447,0,22317138.0,10097578.0,194,9452356157,S091,U0911,Risk Merkezi,Limit Yenileme,Kullandirim,40.0,30671255.0,,,,,,,,,,,43830864.0,0.0,0,0.2435,,0.4525,0.6533,B,
2026-03-02,77133257.0,43830864.0,11410401.0,5,0,0,1444,0,19123503.0,10690433.0,195,9452356157,S091,U0912,Risk Merkezi,Periyodik Izleme,Izleme,40.0,32420463.0,194.0,2025-11-28,10097578.0,41466022.0,0.0,0.0,1447.0,5.0,10794767.0,94.0,,,1,0.2439,0.2435,0.559,0.5713,B,B
2026-01-30,39640039.0,15232008.0,4914523.0,6,0,0,1549,0,9991565.0,4057693.0,684,9452653938,S072,U0721,Cek Raporu,Yeni Basvuru,Aksiyon Yok,30.0,10317485.0,,,,,,,,,,,13209628.0,0.0,0,0.2664,,0.4061,0.3769,B,
2026-05-28,37728280.0,13209628.0,4262013.0,5,0,0,1545,0,9220362.0,3035365.0,685,9452653938,S072,U0722,Ticari Kredi Notu,Periyodik Izleme,Izleme,65.0,8947615.0,684.0,2026-01-30,4057693.0,15232008.0,0.0,0.0,1549.0,6.0,4914523.0,118.0,12825214.0,0.0,0,0.2298,0.2664,0.3292,0.3569,B,B
2026-06-26,29462741.0,12825214.0,4137984.0,5,0,0,1548,0,5780416.0,2758069.0,686,9452653938,S072,U0721,Risk Merkezi,Limit Yenileme,Aksiyon Yok,40.0,8687230.0,685.0,2026-05-28,3035365.0,13209628.0,0.0,0.0,1545.0,5.0,4262013.0,29.0,,,1,0.2151,0.2298,0.4771,0.4251,B,B
2025-12-04,10349367.0,5883633.0,731052.0,7,0,0,1601,0,2290144.0,1195088.0,386,9453456356,S002,U0023,Risk Merkezi,Periyodik Izleme,Izleme,40.0,5152581.0,,,,,,,,,,,6167562.0,0.0,0,0.2031,,0.5218,0.5818,A,
2026-08-07,10735251.0,6167562.0,766331.0,7,0,0,1678,0,2919796.0,1057497.0,387,9453456356,S002,U0022,Cek Raporu,Periyodik Izleme,Izleme,30.0,5401231.0,386.0,2025-12-04,1195088.0,5883633.0,0.0,0.0,1601.0,7.0,731052.0,246.0,,,1,0.1715,0.2031,0.3622,0.6538,A,A
2026-02-24,5409886.0,3175408.0,1403878.0,3,0,0,1839,0,2086701.0,1110138.0,169,9457509971,S002,U0023,Risk Merkezi,Yeni Basvuru,Aksiyon Yok,40.0,1771530.0,,,,,,,,,,,3207119.0,0.0,0,0.3496,,0.532,0.6215,A,
2026-03-27,5907856.0,3207119.0,1554090.0,3,0,0,1820,0,2034273.0,961500.0,170,9457509971,S002,U0022,Cek Raporu,Limit Yenileme,Kullandirim,30.0,1653029.0,169.0,2026-02-24,1110138.0,3175408.0,0.0,0.0,1839.0,3.0,1403878.0,31.0,3478648.0,0.0,0,0.2998,0.3496,0.4727,0.5797,A,A
2026-06-17,6263704.0,3478648.0,2076419.0,3,0,0,1802,0,2518571.0,1248300.0,171,9457509971,S002,U0023,Risk Merkezi,Periyodik Izleme,Izleme,40.0,1402229.0,170.0,2026-03-27,961500.0,3207119.0,0.0,0.0,1820.0,3.0,1554090.0,82.0,3700324.0,0.0,0,0.3588,0.2998,0.4956,0.5955,A,A
2026-09-25,6157806.0,3700324.0,2715632.0,3,0,0,1801,0,2243246.0,1265395.0,172,9457509971,S002,U0021,Risk Merkezi,Periyodik Izleme,Izleme,40.0,984692.0,171.0,2026-06-17,1248300.0,3478648.0,0.0,0.0,1802.0,3.0,2076419.0,100.0,3726579.0,0.0,0,0.342,0.3588,0.5641,0.622,A,A
2026-09-29,7208860.0,3726579.0,2755319.0,3,0,0,1755,0,2194494.0,1091303.0,173,9457509971,S002,U0023,Ticari Kredi Notu,Periyodik Izleme,Izleme,65.0,971260.0,172.0,2026-09-25,1265395.0,3700324.0,0.0,0.0,1801.0,3.0,2715632.0,4.0,,,1,0.2928,0.342,0.4973,0.5255,A,A
2025-12-10,167211834.0,133666260.0,42060532.0,6,0,0,1390,0,33238037.0,18260405.0,61,9457772521,S000,U0002,Risk Merkezi,Yeni Basvuru,Ret,40.0,91605728.0,,,,,,,,,,,157778414.0,0.0,0,0.1366,,0.5494,0.8614,C,
2026-04-28,205634048.0,157778414.0,49647862.0,7,0,0,1379,0,7613083.0,3938078.0,62,9457772521,S000,U0001,Risk Merkezi,Tahsis Revizyonu,Izleme,40.0,108130552.0,61.0,2025-12-10,18260405.0,133666260.0,0.0,0.0,1390.0,6.0,42060532.0,139.0,171669696.0,0.0,0,0.025,0.1366,0.5173,0.7769,C,C
2026-05-29,217905051.0,171669696.0,54019008.0,7,0,0,1381,0,21790505.0,0.0,63,9457772521,S000,U0002,Ticari Kredi Notu,Limit Yenileme,Aksiyon Yok,65.0,117650688.0,62.0,2026-04-28,3938078.0,157778414.0,0.0,0.0,1379.0,7.0,49647862.0,31.0,185910518.0,0.0,0,0.0,0.025,0.0,0.8754,C,C
2026-07-16,241368195.0,185910518.0,58500143.0,8,0,0,1374,0,24136820.0,0.0,64,9457772521,S000,U0003,Risk Merkezi,Periyodik Izleme,Izleme,40.0,127410375.0,63.0,2026-05-29,0.0,171669696.0,0.0,0.0,1381.0,7.0,54019008.0,48.0,189213197.0,0.0,0,0.0,0.0,0.0,0.8558,C,C
2026-09-25,228884046.0,189213197.0,59539391.0,8,0,0,1375,0,22888405.0,0.0,65,9457772521,S000,U0001,Risk Merkezi,Periyodik Izleme,Izleme,40.0,129673806.0,64.0,2026-07-16,0.0,185910518.0,0.0,0.0,1374.0,8.0,58500143.0,71.0,,,1,0.0,0.0,0.0,0.9185,C,C
2026-02-06,1448600319.0,1118617753.0,161474455.0,4,0,0,1405,0,726552065.0,453825526.0,1313,9458140848,S030,U0301,Cek Raporu,Yeni Basvuru,Kullandirim,30.0,957143298.0,,,,,,,,,,,1104636784.0,0.0,0,0.4057,,0.6246,0.9207,B,
2026-04-10,1590996580.0,1104636784.0,159456278.0,4,0,0,1408,0,717356736.0,456797201.0,1314,9458140848,S030,U0302,Risk Merkezi,Tahsis Revizyonu,Izleme,40.0,945180506.0,1313.0,2026-02-06,453825526.0,1118617753.0,0.0,0.0,1405.0,4.0,161474455.0,63.0,1122618281.0,0.0,0,0.4135,0.4057,0.6368,0.7415,B,B
2026-04-24,1511322657.0,1122618281.0,162051939.0,4,0,0,1371,0,639672569.0,468599007.0,1315,9458140848,S030,U0302,Risk Merkezi,Tahsis Revizyonu,Izleme,40.0,960566342.0,1314.0,2026-04-10,456797201.0,1104636784.0,0.0,0.0,1408.0,4.0,159456278.0,14.0,,,1,0.4174,0.4135,0.7326,0.7503,C,B
2026-01-30,44046579.0,24219056.0,10801706.0,2,0,0,1351,0,9795664.0,6029102.0,1663,9458304875,S031,U0313,Risk Merkezi,Yeni Basvuru,Kullandirim,40.0,13417350.0,,,,,,,,,,,24696539.0,0.0,0,0.2489,,0.6155,0.5311,C,
2026-03-06,49005199.0,24696539.0,11251480.0,2,0,0,1426,0,11125187.0,5798510.0,1664,9458304875,S031,U0312,Risk Merkezi,Limit Yenileme,Ret,40.0,13445059.0,1663.0,2026-01-30,6029102.0,24219056.0,0.0,0.0,1351.0,2.0,10801706.0,35.0,27739764.0,0.0,0,0.2348,0.2489,0.5212,0.4989,B,C
2026-05-29,52303507.0,27739764.0,13276336.0,2,0,0,1461,0,16335990.0,8212734.0,1665,9458304875,S031,U0313,Ticari Kredi Notu,Limit Yenileme,Kullandirim,65.0,14463428.0,1664.0,2026-03-06,5798510.0,24696539.0,0.0,0.0,1426.0,2.0,11251480.0,84.0,27799638.0,0.0,0,0.2961,0.2348,0.5027,0.5429,B,B
2026-07-24,49267101.0,27799638.0,13731507.0,2,0,0,1416,0,16049187.0,8262931.0,1666,9458304875,S031,U0311,Risk Merkezi,Limit Yenileme,Kullandirim,40.0,14068131.0,1665.0,2026-05-29,8212734.0,27739764.0,0.0,0.0,1461.0,2.0,13276336.0,56.0,,,1,0.2972,0.2961,0.5149,0.5881,B,B
2026-03-11,17926319.0,11465574.0,1968937.0,7,0,0,1493,0,8628273.0,5587845.0,51,9461138467,S032,U0322,Risk Merkezi,Yeni Basvuru,Ret,40.0,9496637.0,,,,,,,,,,,11508451.0,0.0,0,0.4874,,0.6476,0.6321,B,
2026-03-20,17255198.0,11508451.0,2004677.0,7,0,0,1533,0,8254807.0,5457202.0,52,9461138467,S032,U0321,Risk Merkezi,Limit Yenileme,Kullandirim,40.0,9503774.0,51.0,2026-03-11,5587845.0,11465574.0,0.0,0.0,1493.0,7.0,1968937.0,9.0,11790368.0,0.0,0,0.4742,0.4874,0.6611,0.6723,B,B
2026-04-17,18495768.0,11790368.0,2144232.0,7,0,0,1578,0,10514343.0,5685958.0,53,9461138467,S032,U0323,Risk Merkezi,Periyodik Izleme,Izleme,40.0,9646136.0,52.0,2026-03-20,5457202.0,11508451.0,0.0,0.0,1533.0,7.0,2004677.0,28.0,12836338.0,0.0,0,0.4823,0.4742,0.5408,0.7648,B,B
2026-06-17,18867327.0,12836338.0,2548980.0,7,0,0,1562,0,10382476.0,6673137.0,54,9461138467,S032,U0321,Ticari Kredi Notu,Limit Yenileme,Ret,65.0,10287358.0,53.0,2026-04-17,5685958.0,11790368.0,0.0,0.0,1578.0,7.0,2144232.0,61.0,,,1,0.5199,0.4823,0.6427,0.7264,B,B
2025-11-28,399598260.0,273717438.0,40233592.0,2,0,0,1519,0,155904537.0,78989688.0,517,9461781639,S000,U0003,Risk Merkezi,Limit Yenileme,Teklif,40.0,233483846.0,,,,,,,,,,,236570984.0,0.0,0,0.2886,,0.5067,0.7991,B,
2026-09-14,383630878.0,236570984.0,34773453.0,2,0,0,1521,0,189786480.0,121698112.0,518,9461781639,S000,U0001,Risk Merkezi,Limit Yenileme,Teklif,40.0,201797531.0,517.0,2025-11-28,78989688.0,273717438.0,0.0,0.0,1519.0,2.0,40233592.0,290.0,,,1,0.5144,0.2886,0.6412,0.5926,B,B
2026-07-30,15096740.0,8665243.0,2675349.0,4,0,0,1494,0,5615500.0,3006130.0,991,9461924267,S082,U0822,Risk Merkezi,Yeni Basvuru,Ret,40.0,5989894.0,,,,,,,,,,,,,1,0.3469,,0.5353,0.5969,B,
2026-05-21,29294627.0,20910479.0,5044412.0,3,0,0,1723,0,10107857.0,6721560.0,809,9461997290,S112,U1122,Ticari Kredi Notu,Yeni Basvuru,Kullandirim,65.0,15866067.0,,,,,,,,,,,21030388.0,0.0,0,0.3214,,0.665,0.7395,A,
2026-05-22,28898993.0,21030388.0,5073339.0,3,0,0,1756,0,9575903.0,6796106.0,810,9461997290,S112,U1122,Risk Merkezi,Limit Yenileme,Kullandirim,40.0,15957049.0,809.0,2026-05-21,6721560.0,20910479.0,0.0,0.0,1723.0,3.0,5044412.0,1.0,20740281.0,0.0,0,0.3232,0.3214,0.7097,0.7366,A,A
2026-06-26,29664970.0,20740281.0,5003354.0,3,0,0,1729,0,13721426.0,7105878.0,811,9461997290,S112,U1122,Risk Merkezi,Limit Yenileme,Teklif,40.0,15736927.0,810.0,2026-05-22,6796106.0,21030388.0,0.0,0.0,1756.0,3.0,5073339.0,35.0,,,1,0.3426,0.3232,0.5179,0.8552,A,A
2025-12-25,65060616.0,51158066.0,11780323.0,7,0,0,1484,0,22965927.0,18574844.0,1073,9466170255,S051,U0512,Ticari Kredi Notu,Yeni Basvuru,Aksiyon Yok,65.0,39377743.0,,,,,,,,,,,55375214.0,0.0,0,0.3631,,0.8088,0.774,B,
2026-01-09,66489249.0,55375214.0,12751419.0,7,0,0,1516,0,22654025.0,19726715.0,1074,9466170255,S051,U0512,Cek Raporu,Periyodik Izleme,Izleme,30.0,42623795.0,1073.0,2025-12-25,18574844.0,51158066.0,0.0,0.0,1484.0,7.0,11780323.0,15.0,69016263.0,1.0,0,0.3562,0.3631,0.8708,0.8132,B,B
2026-09-28,69713397.0,69016263.0,15892585.0,9,1,1,1109,5,20671003.0,20464293.0,1075,9466170255,S051,U0513,Risk Merkezi,Periyodik Izleme,Izleme,40.0,53123678.0,1074.0,2026-01-09,19726715.0,55375214.0,0.0,0.0,1516.0,7.0,12751419.0,262.0,,,1,0.2965,0.3562,0.99,0.99,C,B
2026-04-28,52969791.0,31280458.0,12059252.0,5,0,0,1537,0,13968690.0,7503275.0,48,9466592382,S051,U0513,Risk Merkezi,Periyodik Izleme,Izleme,40.0,19221206.0,,,,,,,,,,,,,1,0.2399,,0.5371,0.6097,B,
2025-10-31,3387891.0,2205419.0,397781.0,3,0,0,1416,0,1737725.0,826646.0,1342,9470586724,S042,U0421,Risk Merkezi,Periyodik Izleme,Izleme,40.0,1807638.0,,,,,,,,,,,,,1,0.3748,,0.4757,0.8355,B,
2025-12-25,122173029.0,65770934.0,11765299.0,2,0,0,1445,0,35982332.0,20197049.0,681,9472165082,S001,U0013,Risk Merkezi,Yeni Basvuru,Kullandirim,40.0,54005635.0,,,,,,,,,,,,,1,0.3071,,0.5613,0.5288,B,
2025-10-30,340994155.0,184564791.0,49176417.0,2,0,0,1545,0,141500554.0,41212744.0,1291,9472984543,S050,U0503,Ticari Kredi Notu,Tahsis Revizyonu,Izleme,65.0,135388374.0,,,,,,,,,,,193064223.0,0.0,0,0.2233,,0.2913,0.7186,B,
2026-01-07,335503774.0,193064223.0,51441050.0,3,0,0,1513,0,116313217.0,37853643.0,1292,9472984543,S050,U0503,Ticari Kredi Notu,Periyodik Izleme,Izleme,65.0,141623173.0,1291.0,2025-10-30,41212744.0,184564791.0,0.0,0.0,1545.0,2.0,49176417.0,69.0,237772597.0,0.0,0,0.1961,0.2233,0.3254,0.7081,B,B
2026-04-17,443276700.0,237772597.0,63353385.0,3,0,0,1510,0,79051954.0,22640297.0,1293,9472984543,S050,U0503,Ticari Kredi Notu,Limit Yenileme,Aksiyon Yok,65.0,174419212.0,1292.0,2026-01-07,37853643.0,193064223.0,0.0,0.0,1513.0,3.0,51441050.0,100.0,230073784.0,0.0,0,0.0952,0.1961,0.2864,0.5907,B,B
2026-04-27,374047626.0,230073784.0,61302073.0,3,0,0,1520,0,47874717.0,17478687.0,1294,9472984543,S050,U0501,Risk Merkezi,Limit Yenileme,Teklif,40.0,168771711.0,1293.0,2026-04-17,22640297.0,237772597.0,0.0,0.0,1510.0,3.0,63353385.0,10.0,,,1,0.076,0.0952,0.3651,0.6518,B,B
2025-10-21,1450551225.0,762004001.0,113287565.0,6,0,0,1417,0,472935742.0,144611881.0,1295,9473402071,S000,U0003,Risk Merkezi,Yeni Basvuru,Teklif,40.0,648716436.0,,,,,,,,,,,890447259.0,0.0,0,0.1898,,0.3058,0.6315,B,
2026-05-18,1248657740.0,890447259.0,132383297.0,8,0,0,1136,0,203162074.0,153655665.0,1296,9473402071,S000,U0003,Ticari Kredi Notu,Limit Yenileme,Aksiyon Yok,65.0,758063962.0,1295.0,2025-10-21,144611881.0,762004001.0,0.0,0.0,1417.0,6.0,113287565.0,209.0,1011136146.0,1.0,0,0.1726,0.1898,0.7563,0.7047,C,B
2026-09-25,1220835269.0,1011136146.0,150326182.0,9,1,0,950,1,166602634.0,131612907.0,1297,9473402071,S000,U0002,Risk Merkezi,Limit Yenileme,Aksiyon Yok,40.0,860809964.0,1296.0,2026-05-18,153655665.0,890447259.0,0.0,0.0,1136.0,8.0,132383297.0,130.0,,,1,0.1302,0.1726,0.79,0.8343,D,C
2026-07-24,39688070.0,19412855.0,5626472.0,5,0,0,1593,0,8587526.0,3546844.0,466,9478637566,S072,U0723,Risk Merkezi,Yeni Basvuru,Teklif,40.0,13786383.0,,,,,,,,,,,17632268.0,0.0,0,0.1827,,0.413,0.5102,B,
2026-08-12,32236957.0,17632268.0,5110401.0,5,0,0,1649,0,8593445.0,3507728.0,467,9478637566,S072,U0721,Cek Raporu,Periyodik Izleme,Izleme,30.0,12521867.0,466.0,2026-07-24,3546844.0,19412855.0,0.0,0.0,1593.0,5.0,5626472.0,19.0,,,1,0.1989,0.1827,0.4082,0.5974,A,B
2026-06-30,81264827.0,46913571.0,4970962.0,6,0,0,1405,0,22975843.0,11037107.0,657,9479152114,S091,U0913,Cek Raporu,Tahsis Revizyonu,Izleme,30.0,41942609.0,,,,,,,,,,,48801349.0,0.0,0,0.2353,,0.4804,0.6155,B,
2026-07-17,83781942.0,48801349.0,5170991.0,6,0,0,1444,0,21006674.0,11808592.0,658,9479152114,S091,U0911,Ticari Kredi Notu,Periyodik Izleme,Izleme,65.0,43630358.0,657.0,2026-06-30,11037107.0,46913571.0,0.0,0.0,1405.0,6.0,4970962.0,17.0,,,1,0.242,0.2353,0.5621,0.5893,B,B
2026-03-31,118773623.0,100581025.0,23683318.0,6,0,0,1349,1,20212140.0,18494523.0,1671,9481902785,S011,U0112,Risk Merkezi,Tahsis Revizyonu,Izleme,40.0,76897707.0,,,,,,,,,,,98070661.0,0.0,0,0.1839,,0.915,0.8328,C,
2026-04-10,107832592.0,98070661.0,23092215.0,7,0,0,1367,1,20395337.0,17130275.0,1672,9481902785,S011,U0111,Risk Merkezi,Tahsis Revizyonu,Izleme,40.0,74978446.0,1671.0,2026-03-31,18494523.0,100581025.0,0.0,0.0,1349.0,6.0,23683318.0,10.0,101735574.0,1.0,0,0.1747,0.1839,0.8399,0.9257,C,C
2026-05-29,110217754.0,101735574.0,23955174.0,7,1,0,1241,0,15818840.0,14643807.0,1673,9481902785,S011,U0112,Risk Merkezi,Limit Yenileme,Aksiyon Yok,40.0,77780400.0,1672.0,2026-04-10,17130275.0,98070661.0,0.0,0.0,1367.0,7.0,23092215.0,49.0,106634453.0,1.0,0,0.1439,0.1747,0.9257,0.9226,C,C
2026-07-07,108430504.0,106634453.0,25108689.0,7,1,0,1207,1,17206545.0,17034479.0,1674,9481902785,S011,U0113,Ticari Kredi Notu,Periyodik Izleme,Izleme,65.0,81525764.0,1673.0,2026-05-29,14643807.0,101735574.0,1.0,0.0,1241.0,7.0,23955174.0,39.0,111770310.0,1.0,0,0.1597,0.1439,0.99,0.9822,C,C
2026-08-25,112899303.0,111770310.0,26318003.0,8,1,0,1157,0,15515067.0,15322487.0,1675,9481902785,S011,U0112,Ticari Kredi Notu,Periyodik Izleme,Izleme,65.0,85452307.0,1674.0,2026-07-07,17034479.0,106634453.0,1.0,0.0,1207.0,7.0,25108689.0,49.0,,,1,0.1371,0.1597,0.9876,0.9904,C,C
2025-10-24,755596692.0,378850642.0,68708786.0,5,0,0,1514,0,456086719.0,161731159.0,1719,9485151398,S000,U0003,Risk Merkezi,Limit Yenileme,Teklif,40.0,310141856.0,,,,,,,,,,,368047348.0,0.0,0,0.4269,,0.3546,0.7249,B,
2026-07-08,605680319.0,368047348.0,66749488.0,5,0,0,1559,0,285810109.0,146447212.0,1720,9485151398,S000,U0002,Risk Merkezi,Limit Yenileme,Teklif,40.0,301297860.0,1719.0,2025-10-24,161731159.0,378850642.0,0.0,0.0,1514.0,5.0,68708786.0,257.0,368984431.0,0.0,0,0.3979,0.4269,0.5124,0.6928,B,B
2026-09-25,640400815.0,368984431.0,66919438.0,5,0,0,1508,0,248645347.0,145021298.0,1721,9485151398,S000,U0002,Ticari Kredi Notu,Tahsis Revizyonu,Izleme,65.0,302064993.0,1720.0,2026-07-08,146447212.0,368047348.0,0.0,0.0,1559.0,5.0,66749488.0,79.0,,,1,0.393,0.3979,0.5832,0.5717,B,B
2026-04-10,55521246.0,38754454.0,5174744.0,6,0,0,1656,0,9579982.0,6656252.0,1278,9489698393,S111,U1113,Ticari Kredi Notu,Yeni Basvuru,Kullandirim,65.0,33579710.0,,,,,,,,,,,38285821.0,0.0,0,0.1718,,0.6948,0.6987,A,
2026-04-24,55781895.0,38285821.0,5112169.0,6,0,0,1665,0,11796168.0,7297302.0,1279,9489698393,S111,U1113,Ticari Kredi Notu,Limit Yenileme,Ret,65.0,33173652.0,1278.0,2026-04-10,6656252.0,38754454.0,0.0,0.0,1656.0,6.0,5174744.0,14.0,,,1,0.1906,0.1718,0.6186,0.7045,A,A
2025-10-28,658762891.0,506560332.0,223636057.0,3,0,0,1472,0,292130295.0,151603060.0,739,9490914323,S030,U0301,Cek Raporu,Tahsis Revizyonu,Izleme,30.0,282924275.0,,,,,,,,,,,590236652.0,0.0,0,0.2993,,0.519,0.9682,B,
2026-01-26,779007632.0,590236652.0,260577446.0,4,0,0,1458,0,265963540.0,135023738.0,740,9490914323,S030,U0303,Risk Merkezi,Periyodik Izleme,Izleme,40.0,329659206.0,739.0,2025-10-28,151603060.0,506560332.0,0.0,0.0,1472.0,3.0,223636057.0,90.0,639194664.0,0.0,0,0.2288,0.2993,0.5077,0.8873,B,B
2026-05-04,838345448.0,639194664.0,282191409.0,4,0,0,1441,0,153835768.0,78832805.0,741,9490914323,S030,U0301,Risk Merkezi,Periyodik Izleme,Izleme,40.0,357003255.0,740.0,2026-01-26,135023738.0,590236652.0,0.0,0.0,1458.0,4.0,260577446.0,98.0,668789299.0,0.0,0,0.1233,0.2288,0.5124,0.8186,B,B
2026-05-15,839992274.0,668789299.0,295256837.0,4,0,0,1414,0,147761942.0,80705365.0,742,9490914323,S030,U0301,Cek Raporu,Tahsis Revizyonu,Izleme,30.0,373532462.0,741.0,2026-05-04,78832805.0,639194664.0,0.0,0.0,1441.0,4.0,282191409.0,11.0,,,1,0.1207,0.1233,0.5462,0.8495,B,B
2026-04-20,9130268.0,6228552.0,1217075.0,6,0,0,1560,0,1996124.0,1288831.0,586,9492387041,S062,U0622,Risk Merkezi,Limit Yenileme,Kullandirim,40.0,5011477.0,,,,,,,,,,,,,1,0.2069,,0.6457,0.6924,B,
2026-03-27,34617434.0,20322433.0,3765720.0,2,0,0,1786,0,18381267.0,7225058.0,950,9493415237,S022,U0221,Ticari Kredi Notu,Yeni Basvuru,Kullandirim,65.0,16556713.0,,,,,,,,,,,23280517.0,0.0,0,0.3555,,0.3931,0.8067,A,
2026-09-18,42228380.0,23280517.0,4313849.0,2,0,0,1831,0,18028592.0,9807990.0,951,9493415237,S022,U0221,Ticari Kredi Notu,Limit Yenileme,Kullandirim,65.0,18966668.0,950.0,2026-03-27,7225058.0,20322433.0,0.0,0.0,1786.0,2.0,3765720.0,175.0,,,1,0.4213,0.3555,0.544,0.5567,A,A
2025-12-31,129291689.0,66914878.0,7715849.0,2,0,0,1416,0,73621395.0,29134425.0,443,9498306165,S001,U0012,Risk Merkezi,Limit Yenileme,Ret,40.0,59199029.0,,,,,,,,,,,80247273.0,0.0,0,0.4354,,0.3957,0.6786,B,
2026-06-22,154654290.0,80247273.0,9253186.0,2,0,0,1503,0,59593055.0,39182290.0,444,9498306165,S001,U0011,Ticari Kredi Notu,Tahsis Revizyonu,Izleme,65.0,70994087.0,443.0,2025-12-31,29134425.0,66914878.0,0.0,0.0,1416.0,2.0,7715849.0,173.0,,,1,0.4883,0.4354,0.6575,0.432,B,B
2026-05-12,7835222.0,4746461.0,687458.0,2,0,0,1702,0,3788290.0,1724151.0,833,9499345925,S092,U0922,Risk Merkezi,Yeni Basvuru,Aksiyon Yok,40.0,4059003.0,,,,,,,,,,,4907968.0,0.0,0,0.3632,,0.4551,0.7468,A,
2026-06-22,7766801.0,4907968.0,710850.0,2,0,0,1706,0,3339303.0,1799168.0,834,9499345925,S092,U0921,Ticari Kredi Notu,Limit Yenileme,Aksiyon Yok,65.0,4197118.0,833.0,2026-05-12,1724151.0,4746461.0,0.0,0.0,1702.0,2.0,687458.0,41.0,,,1,0.3666,0.3632,0.5388,0.7022,A,A
2026-04-15,73884735.0,54777827.0,9451875.0,6,0,0,1621,0,9693392.0,4763291.0,1431,9501428547,S041,U0411,Risk Merkezi,Yeni Basvuru,Teklif,40.0,45325952.0,,,,,,,,,,,56082365.0,0.0,0,0.087,,0.4914,0.7791,A,
2026-05-27,71941829.0,56082365.0,9676972.0,6,0,0,1628,0,6213162.0,3290190.0,1432,9501428547,S041,U0413,Ticari Kredi Notu,Periyodik Izleme,Izleme,65.0,46405393.0,1431.0,2026-04-15,4763291.0,54777827.0,0.0,0.0,1621.0,6.0,9451875.0,42.0,56836550.0,0.0,0,0.0587,0.087,0.5296,0.8032,A,A
2026-07-02,74263791.0,56836550.0,9807106.0,7,0,0,1672,0,7426379.0,0.0,1433,9501428547,S041,U0413,Ticari Kredi Notu,Tahsis Revizyonu,Izleme,65.0,47029444.0,1432.0,2026-05-27,3290190.0,56082365.0,0.0,0.0,1628.0,6.0,9676972.0,36.0,,,1,0.0,0.0587,0.0,0.8504,A,A
2025-11-28,76283697.0,45108140.0,5903598.0,4,0,0,1327,0,37635517.0,12845786.0,196,9501465603,S081,U0812,Risk Merkezi,Yeni Basvuru,Aksiyon Yok,40.0,39204542.0,,,,,,,,,,,52228520.0,0.0,0,0.2848,,0.3413,0.8348,C,
2026-03-19,81559158.0,52228520.0,6835489.0,5,0,0,1381,0,20598395.0,8041117.0,197,9501465603,S081,U0813,Ticari Kredi Notu,Tahsis Revizyonu,Izleme,65.0,45393031.0,196.0,2025-11-28,12845786.0,45108140.0,0.0,0.0,1327.0,4.0,5903598.0,111.0,64749296.0,0.0,0,0.154,0.2848,0.3904,0.7248,C,C
2026-08-07,107150648.0,64749296.0,8474165.0,6,0,0,1352,0,8537949.0,3024849.0,198,9501465603,S081,U0811,Ticari Kredi Notu,Tahsis Revizyonu,Izleme,65.0,56275131.0,197.0,2026-03-19,8041117.0,52228520.0,0.0,0.0,1381.0,5.0,6835489.0,141.0,,,1,0.0467,0.154,0.3543,0.6259,C,C
2026-05-08,10609964.0,5853107.0,2278447.0,5,0,0,1473,0,5408546.0,2512170.0,1413,9502645665,S032,U0321,Risk Merkezi,Periyodik Izleme,Izleme,40.0,3574660.0,,,,,,,,,,,,,1,0.4292,,0.4645,0.6423,B,
2025-12-26,63044307.0,36487885.0,11449090.0,3,0,0,1272,0,15337033.0,8308481.0,464,9502653476,S041,U0413,Ticari Kredi Notu,Periyodik Izleme,Izleme,65.0,25038795.0,,,,,,,,,,,48807628.0,0.0,0,0.2277,,0.5417,0.5907,C,
2026-09-21,77928501.0,48807628.0,15314753.0,3,0,0,1397,0,30331200.0,15780165.0,465,9502653476,S041,U0411,Ticari Kredi Notu,Tahsis Revizyonu,Izleme,65.0,33492875.0,464.0,2025-12-26,8308481.0,36487885.0,0.0,0.0,1272.0,3.0,11449090.0,269.0,,,1,0.3233,0.2277,0.5203,0.6939,C,C
2026-01-07,142761377.0,75502971.0,24158101.0,5,0,0,1447,0,35665327.0,9946180.0,754,9503394478,S041,U0413,Risk Merkezi,Yeni Basvuru,Aksiyon Yok,40.0,51344870.0,,,,,,,,,,,82460201.0,0.0,0,0.1317,,0.2789,0.6121,B,
2026-03-26,148911135.0,82460201.0,26384152.0,5,0,0,1502,0,20150456.0,6120790.0,755,9503394478,S041,U0411,Risk Merkezi,Periyodik Izleme,Izleme,40.0,56076049.0,754.0,2026-01-07,9946180.0,75502971.0,0.0,0.0,1447.0,5.0,24158101.0,78.0,85787227.0,0.0,0,0.0742,0.1317,0.3038,0.5929,B,B
2026-04-27,160599211.0,85787227.0,27448675.0,5,0,0,1479,0,9155794.0,2601799.0,756,9503394478,S041,U0413,Ticari Kredi Notu,Periyodik Izleme,Izleme,65.0,58338552.0,755.0,2026-03-26,6120790.0,82460201.0,0.0,0.0,1502.0,5.0,26384152.0,32.0,90943507.0,0.0,0,0.0303,0.0742,0.2842,0.5493,B,B
2026-06-26,164813985.0,90943507.0,29098490.0,5,0,0,1477,0,16481399.0,0.0,757,9503394478,S041,U0412,Risk Merkezi,Periyodik Izleme,Izleme,40.0,61845017.0,756.0,2026-04-27,2601799.0,85787227.0,0.0,0.0,1479.0,5.0,27448675.0,60.0,93689967.0,0.0,0,0.0,0.0303,0.0,0.6131,B,B
2026-07-20,165256809.0,93689967.0,29977254.0,6,0,0,1397,0,16525681.0,0.0,758,9503394478,S041,U0412,Risk Merkezi,Periyodik Izleme,Izleme,40.0,63712713.0,757.0,2026-06-26,0.0,90943507.0,0.0,0.0,1477.0,5.0,29098490.0,24.0,,,1,0.0,0.0,0.0,0.6299,C,B
2026-03-06,224143637.0,152483150.0,37350150.0,5,0,0,1459,0,48893694.0,21038571.0,1397,9503944590,S071,U0712,Ticari Kredi Notu,Limit Yenileme,Kullandirim,65.0,115133000.0,,,,,,,,,,,167093180.0,0.0,0,0.138,,0.4303,0.75,B,
2026-05-26,215662312.0,167093180.0,40928819.0,5,0,0,1461,0,8159185.0,4281865.0,1398,9503944590,S071,U0712,Risk Merkezi,Tahsis Revizyonu,Izleme,40.0,126164361.0,1397.0,2026-03-06,21038571.0,152483150.0,0.0,0.0,1459.0,5.0,37350150.0,81.0,184125891.0,0.0,0,0.0256,0.138,0.5248,0.7846,B,B
2026-09-04,242432034.0,184125891.0,45100915.0,6,0,0,1486,0,24243203.0,0.0,1399,9503944590,S071,U0712,Risk Merkezi,Limit Yenileme,Aksiyon Yok,40.0,139024976.0,1398.0,2026-05-26,4281865.0,167093180.0,0.0,0.0,1461.0,5.0,40928819.0,101.0,187018871.0,0.0,0,0.0,0.0256,0.0,0.8439,B,B
2026-09-16,227373277.0,187018871.0,45809539.0,6,0,0,1434,0,22737328.0,0.0,1400,9503944590,S071,U0712,Risk Merkezi,Limit Yenileme,Teklif,40.0,141209332.0,1399.0,2026-09-04,0.0,184125891.0,0.0,0.0,1486.0,6.0,45100915.0,12.0,,,1,0.0,0.0,0.0,0.9139,B,B
2025-10-10,5783756.0,4135268.0,1170153.0,5,0,0,1646,0,3938321.0,1831239.0,1239,9506045038,S072,U0721,Risk Merkezi,Periyodik Izleme,Izleme,40.0,2965115.0,,,,,,,,,,,3958885.0,0.0,0,0.4428,,0.465,1.2485,A,
2025-11-07,5219293.0,3958885.0,1120242.0,5,0,0,1610,0,3294751.0,1675413.0,1240,9506045038,S072,U0723,Risk Merkezi,Limit Yenileme,Teklif,40.0,2838643.0,1239.0,2025-10-10,1831239.0,4135268.0,0.0,0.0,1646.0,5.0,1170153.0,28.0,4454455.0,0.0,0,0.4232,0.4428,0.5085,1.1865,A,A
2025-12-10,6017126.0,4454455.0,1260473.0,5,0,0,1671,0,3502556.0,1717290.0,1241,9506045038,S072,U0721,Risk Merkezi,Limit Yenileme,Aksiyon Yok,40.0,3193982.0,1240.0,2025-11-07,1675413.0,3958885.0,0.0,0.0,1610.0,5.0,1120242.0,33.0,4550780.0,0.0,0,0.3855,0.4232,0.4903,1.0885,A,A
2025-12-26,5724740.0,4550780.0,1287730.0,5,0,0,1638,0,2646512.0,1442169.0,1242,9506045038,S072,U0723,Ticari Kredi Notu,Limit Yenileme,Aksiyon Yok,65.0,3263050.0,1241.0,2025-12-10,1717290.0,4454455.0,0.0,0.0,1671.0,5.0,1260473.0,16.0,5993429.0,0.0,0,0.3169,0.3855,0.5449,1.0099,A,A
2026-09-18,7577759.0,5993429.0,1695955.0,7,0,0,1649,0,1602269.0,866705.0,1243,9506045038,S072,U0723,Risk Merkezi,Limit Yenileme,Aksiyon Yok,40.0,4297474.0,1242.0,2025-12-26,1442169.0,4550780.0,0.0,0.0,1638.0,5.0,1287730.0,266.0,,,1,0.1446,0.3169,0.5409,0.858,A,A
2026-06-26,9809557.0,6685476.0,1814692.0,7,0,0,1599,0,3936769.0,2614782.0,309,9506218841,S032,U0321,Cek Raporu,Yeni Basvuru,Teklif,30.0,4870784.0,,,,,,,,,,,6504821.0,0.0,0,0.3911,,0.6642,0.6931,B,
2026-06-30,10312469.0,6504821.0,1765656.0,7,0,0,1645,0,5663548.0,2721143.0,310,9506218841,S032,U0323,Ticari Kredi Notu,Limit Yenileme,Aksiyon Yok,65.0,4739165.0,309.0,2026-06-26,2614782.0,6685476.0,0.0,0.0,1599.0,7.0,1814692.0,4.0,6662111.0,0.0,0,0.4183,0.3911,0.4805,0.8139,A,B
2026-09-10,10464145.0,6662111.0,1808350.0,7,0,0,1669,0,5108580.0,2825010.0,311,9506218841,S032,U0322,Risk Merkezi,Periyodik Izleme,Izleme,40.0,4853761.0,310.0,2026-06-30,2721143.0,6504821.0,0.0,0.0,1645.0,7.0,1765656.0,72.0,,,1,0.424,0.4183,0.553,0.7165,A,A
2025-12-22,24117206.0,14634758.0,4555008.0,4,0,0,1799,0,2573009.0,918096.0,556,9506687736,S002,U0021,Risk Merkezi,Yeni Basvuru,Kullandirim,40.0,10079750.0,,,,,,,,,,,14813586.0,0.0,0,0.0627,,0.3568,0.6367,A,
2025-12-26,24478519.0,14813586.0,4610668.0,4,0,0,1764,0,3039389.0,1079490.0,557,9506687736,S002,U0023,Risk Merkezi,Limit Yenileme,Aksiyon Yok,40.0,10202918.0,556.0,2025-12-22,918096.0,14634758.0,0.0,0.0,1799.0,4.0,4555008.0,4.0,15271633.0,0.0,0,0.0729,0.0627,0.3552,0.6406,A,A
2026-02-03,25439813.0,15271633.0,4753233.0,5,0,0,1803,0,2874819.0,1007062.0,558,9506687736,S002,U0022,Risk Merkezi,Tahsis Revizyonu,Izleme,40.0,10518400.0,557.0,2025-12-26,1079490.0,14813586.0,0.0,0.0,1764.0,4.0,4610668.0,39.0,17972305.0,0.0,0,0.0659,0.0729,0.3503,0.6322,A,A
2026-05-11,27102272.0,17972305.0,5593806.0,5,0,0,1824,0,2710227.0,0.0,559,9506687736,S002,U0022,Risk Merkezi,Limit Yenileme,Aksiyon Yok,40.0,12378499.0,558.0,2026-02-03,1007062.0,15271633.0,0.0,0.0,1803.0,5.0,4753233.0,97.0,19648604.0,0.0,0,0.0,0.0659,0.0,0.7368,A,A
2026-09-18,28091366.0,19648604.0,6115547.0,6,0,0,1796,0,2809137.0,0.0,560,9506687736,S002,U0023,Ticari Kredi Notu,Limit Yenileme,Aksiyon Yok,65.0,13533057.0,559.0,2026-05-11,0.0,17972305.0,0.0,0.0,1824.0,5.0,5593806.0,130.0,,,1,0.0,0.0,0.0,0.7772,A,A
2025-10-23,15863788.0,10508788.0,1697947.0,6,0,0,1433,0,9050443.0,3732753.0,1226,9508491514,S002,U0023,Cek Raporu,Periyodik Izleme,Izleme,30.0,8810841.0,,,,,,,,,,,15065087.0,0.0,0,0.3552,,0.4124,0.9945,B,
2026-08-26,20782175.0,15065087.0,2434127.0,8,0,0,1465,0,2965526.0,1408341.0,1227,9508491514,S002,U0021,Risk Merkezi,Periyodik Izleme,Izleme,40.0,12630960.0,1226.0,2025-10-23,3732753.0,10508788.0,0.0,0.0,1433.0,6.0,1697947.0,307.0,15536696.0,0.0,0,0.0935,0.3552,0.4749,0.7665,B,B
2026-09-08,20829009.0,15536696.0,2510327.0,8,0,0,1449,0,3179853.0,1576941.0,1228,9508491514,S002,U0021,Risk Merkezi,Periyodik Izleme,Izleme,40.0,13026369.0,1227.0,2026-08-26,1408341.0,15065087.0,0.0,0.0,1465.0,8.0,2434127.0,13.0,14906814.0,0.0,0,0.1015,0.0935,0.4959,0.791,B,B
2026-09-18,19348497.0,14906814.0,2408554.0,8,0,0,1438,0,1556270.0,809942.0,1229,9508491514,S002,U0021,Risk Merkezi,Limit Yenileme,Kullandirim,40.0,12498260.0,1228.0,2026-09-08,1576941.0,15536696.0,0.0,0.0,1449.0,8.0,2510327.0,10.0,,,1,0.0543,0.1015,0.5204,0.7923,B,B
2026-06-26,513921345.0,366080339.0,155070142.0,6,0,0,1441,0,128950868.0,85203025.0,1338,9510622576,S000,U0003,Risk Merkezi,Limit Yenileme,Aksiyon Yok,40.0,211010197.0,,,,,,,,,,,,,1,0.2327,,0.6607,0.7296,B,
2026-04-03,215912570.0,125549043.0,12820488.0,2,0,0,1296,0,53251107.0,26398552.0,191,9510991509,S091,U0913,Risk Merkezi,Yeni Basvuru,Aksiyon Yok,40.0,112728555.0,,,,,,,,,,,134235497.0,0.0,0,0.2103,,0.4957,0.6096,C,
2026-05-22,209076234.0,134235497.0,13707509.0,2,0,0,1280,0,47623838.0,31412997.0,192,9510991509,S091,U0912,Ticari Kredi Notu,Limit Yenileme,Aksiyon Yok,65.0,120527988.0,191.0,2026-04-03,26398552.0,125549043.0,0.0,0.0,1296.0,2.0,12820488.0,49.0,134870975.0,0.0,0,0.234,0.2103,0.6596,0.6369,C,C
2026-05-28,221041822.0,134870975.0,13772401.0,2,0,0,1284,0,47413865.0,33076833.0,193,9510991509,S091,U0911,Risk Merkezi,Periyodik Izleme,Izleme,40.0,121098574.0,192.0,2026-05-22,31412997.0,134235497.0,0.0,0.0,1280.0,2.0,13707509.0,6.0,,,1,0.2452,0.234,0.6976,0.5863,C,C
2025-12-03,92297952.0,42035723.0,4952932.0,6,0,0,1499,0,74544679.0,16677500.0,1046,9512725349,S031,U0312,Ticari Kredi Notu,Yeni Basvuru,Kullandirim,65.0,37082791.0,,,,,,,,,,,42846442.0,0.0,0,0.3967,,0.2237,1.4284,B,
2026-03-18,98336127.0,42846442.0,5048456.0,6,0,0,1509,0,61936023.0,17638932.0,1047,9512725349,S031,U0313,Risk Merkezi,Periyodik Izleme,Izleme,40.0,37797986.0,1046.0,2025-12-03,16677500.0,42035723.0,0.0,0.0,1499.0,6.0,4952932.0,105.0,42486781.0,0.0,0,0.4117,0.3967,0.2848,0.6925,B,B
2026-05-26,89667964.0,42486781.0,5006079.0,6,0,0,1516,0,29195980.0,15528032.0,1048,9512725349,S031,U0312,Risk Merkezi,Periyodik Izleme,Izleme,40.0,37480702.0,1047.0,2026-03-18,17638932.0,42846442.0,0.0,0.0,1509.0,6.0,5048456.0,69.0,41871797.0,0.0,0,0.3655,0.4117,0.5319,0.4458,B,B
2026-07-03,96438899.0,41871797.0,4933617.0,6,0,0,1504,0,55636767.0,16077088.0,1049,9512725349,S031,U0312,Risk Merkezi,Limit Yenileme,Aksiyon Yok,40.0,36938180.0,1048.0,2026-05-26,15528032.0,42486781.0,0.0,0.0,1516.0,6.0,5006079.0,38.0,,,1,0.384,0.3655,0.289,0.6322,B,B
2026-06-09,4220350.0,2807910.0,364250.0,5,0,0,1783,0,2617883.0,1115573.0,691,9514217895,S092,U0921,Risk Merkezi,Yeni Basvuru,Ret,40.0,2443660.0,,,,,,,,,,,2773084.0,0.0,0,0.3973,,0.4261,1.0561,A,
2026-06-29,3866041.0,2773084.0,359732.0,5,0,0,1763,0,1611165.0,1117512.0,692,9514217895,S092,U0922,Risk Merkezi,Limit Yenileme,Kullandirim,40.0,2413352.0,691.0,2026-06-09,1115573.0,2807910.0,0.0,0.0,1783.0,5.0,364250.0,20.0,,,1,0.403,0.3973,0.6936,0.7342,A,A
2025-11-26,50014911.0,24610378.0,7607507.0,2,0,0,1422,0,23716710.0,9229631.0,1005,9516340054,S032,U0321,Ticari Kredi Notu,Limit Yenileme,Teklif,65.0,17002871.0,,,,,,,,,,,25396681.0,0.0,0,0.375,,0.3892,0.5849,B,
2026-01-27,54491280.0,25396681.0,7850567.0,2,0,0,1493,0,15736573.0,10318143.0,1006,9516340054,S032,U0322,Cek Raporu,Limit Yenileme,Aksiyon Yok,30.0,17546114.0,1005.0,2025-11-26,9229631.0,24610378.0,0.0,0.0,1422.0,2.0,7607507.0,62.0,24674394.0,0.0,0,0.4063,0.375,0.6557,0.3891,B,B
2026-02-25,46546777.0,24674394.0,7627295.0,1,0,0,1451,0,44219438.0,24674394.0,1007,9516340054,S032,U0322,Ticari Kredi Notu,Periyodik Izleme,Izleme,65.0,17047099.0,1006.0,2026-01-27,10318143.0,25396681.0,0.0,0.0,1493.0,2.0,7850567.0,29.0,22540977.0,0.0,0,1.0,0.4063,0.558,0.0,B,B
2026-03-20,49606814.0,22540977.0,6967818.0,1,0,0,1462,0,47126474.0,22540977.0,1008,9516340054,S032,U0322,Risk Merkezi,Periyodik Izleme,Izleme,40.0,15573159.0,1007.0,2026-02-25,24674394.0,24674394.0,0.0,0.0,1451.0,1.0,7627295.0,23.0,,,1,1.0,1.0,0.4783,0.0,B,B
2026-01-09,13010587.0,9737431.0,2917934.0,7,0,0,1518,0,2314202.0,1633359.0,4,9517727538,S022,U0222,Risk Merkezi,Yeni Basvuru,Teklif,40.0,6819497.0,,,,,,,,,,,9158751.0,0.0,0,0.1677,,0.7058,0.7576,B,
2026-02-17,12244140.0,9158751.0,2744526.0,7,0,0,1499,0,2081314.0,1427915.0,5,9517727538,S022,U0222,Risk Merkezi,Limit Yenileme,Ret,40.0,6414225.0,4.0,2026-01-09,1633359.0,9737431.0,0.0,0.0,1518.0,7.0,2917934.0,39.0,9255202.0,0.0,0,0.1559,0.1677,0.6861,0.7607,B,B
2026-04-28,12644307.0,9255202.0,2773428.0,7,0,0,1531,0,2104665.0,1585063.0,6,9517727538,S022,U0222,Risk Merkezi,Periyodik Izleme,Izleme,40.0,6481774.0,5.0,2026-02-17,1427915.0,9158751.0,0.0,0.0,1499.0,7.0,2744526.0,70.0,,,1,0.1713,0.1559,0.7531,0.7277,B,B
2026-04-14,8894961.0,6970244.0,1996775.0,6,0,0,1463,0,3114878.0,2286455.0,100,9519181696,S052,U0522,Ticari Kredi Notu,Limit Yenileme,Teklif,65.0,4973469.0,,,,,,,,,,,6714414.0,0.0,0,0.328,,0.734,0.8103,B,
2026-09-03,8997169.0,6714414.0,1923487.0,6,0,0,1484,0,4124966.0,2666203.0,101,9519181696,S052,U0522,Risk Merkezi,Limit Yenileme,Ret,40.0,4790927.0,100.0,2026-04-14,2286455.0,6970244.0,0.0,0.0,1463.0,6.0,1996775.0,142.0,,,1,0.3971,0.328,0.6464,0.8309,B,B
2025-11-10,150118311.0,73186704.0,11143754.0,3,0,0,1259,0,60398130.0,27943818.0,1387,9520622191,S021,U0213,Risk Merkezi,Yeni Basvuru,Teklif,40.0,62042950.0,,,,,,,,,,,73393704.0,0.0,0,0.3818,,0.4627,0.5043,C,
2026-01-05,151913246.0,73393704.0,11175272.0,3,0,0,1265,0,61441628.0,26685126.0,1388,9520622191,S021,U0211,Cek Raporu,Limit Yenileme,Kullandirim,30.0,62218432.0,1387.0,2025-11-10,27943818.0,73186704.0,0.0,0.0,1259.0,3.0,11143754.0,56.0,72058062.0,0.0,0,0.3636,0.3818,0.4343,0.5163,C,C
2026-01-12,144027906.0,72058062.0,10971901.0,3,0,0,1297,0,53033299.0,26146979.0,1389,9520622191,S021,U0212,Risk Merkezi,Limit Yenileme,Kullandirim,40.0,61086161.0,1388.0,2026-01-05,26685126.0,73393704.0,0.0,0.0,1265.0,3.0,11175272.0,7.0,74782143.0,0.0,0,0.3629,0.3636,0.493,0.5045,C,C
2026-02-12,157955868.0,74782143.0,11386683.0,3,0,0,1274,0,68521874.0,27584386.0,1390,9520622191,S021,U0211,Ticari Kredi Notu,Periyodik Izleme,Izleme,65.0,63395460.0,1389.0,2026-01-12,26146979.0,72058062.0,0.0,0.0,1297.0,3.0,10971901.0,31.0,,,1,0.3689,0.3629,0.4026,0.5277,C,C
2026-01-21,9323914.0,6587500.0,994819.0,6,0,0,1297,0,3663404.0,2422881.0,1366,9522220093,S052,U0522,Risk Merkezi,Yeni Basvuru,Aksiyon Yok,40.0,5592681.0,,,,,,,,,,,5100667.0,0.0,0,0.3678,,0.6614,0.7357,C,
2026-06-19,7855812.0,5100667.0,770283.0,5,0,0,1346,0,2601743.0,1664337.0,1367,9522220093,S052,U0523,Risk Merkezi,Periyodik Izleme,Izleme,40.0,4330384.0,1366.0,2026-01-21,2422881.0,6587500.0,0.0,0.0,1297.0,6.0,994819.0,149.0,4622244.0,0.0,0,0.3263,0.3678,0.6397,0.654,C,C
2026-08-07,7003081.0,4622244.0,698033.0,5,0,0,1287,0,2072359.0,1366749.0,1368,9522220093,S052,U0522,Ticari Kredi Notu,Tahsis Revizyonu,Izleme,65.0,3924211.0,1367.0,2026-06-19,1664337.0,5100667.0,0.0,0.0,1346.0,5.0,770283.0,49.0,4962208.0,0.0,0,0.2957,0.3263,0.6595,0.6602,C,C
2026-08-27,8652874.0,4962208.0,749373.0,5,0,0,1299,0,2585707.0,1459225.0,1369,9522220093,S052,U0522,Risk Merkezi,Periyodik Izleme,Izleme,40.0,4212835.0,1368.0,2026-08-07,1366749.0,4622244.0,0.0,0.0,1287.0,5.0,698033.0,20.0,,,1,0.2941,0.2957,0.5643,0.5774,C,C
2025-11-07,111014990.0,80120731.0,18429745.0,6,0,0,1409,0,18035556.0,8507569.0,1309,9522599668,S051,U0512,Risk Merkezi,Limit Yenileme,Kullandirim,40.0,61690986.0,,,,,,,,,,,81433811.0,0.0,0,0.1062,,0.4717,0.7702,B,
2025-12-19,115769502.0,81433811.0,18731786.0,6,0,0,1447,0,13499679.0,6120934.0,1310,9522599668,S051,U0513,Cek Raporu,Periyodik Izleme,Izleme,30.0,62702025.0,1309.0,2025-11-07,8507569.0,80120731.0,0.0,0.0,1409.0,6.0,18429745.0,42.0,86928732.0,0.0,0,0.0752,0.1062,0.4534,0.7364,B,B
2026-01-09,116831780.0,86928732.0,19995754.0,7,0,0,1428,0,10829110.0,5350126.0,1311,9522599668,S051,U0513,Ticari Kredi Notu,Limit Yenileme,Aksiyon Yok,65.0,66932978.0,1310.0,2025-12-19,6120934.0,81433811.0,0.0,0.0,1447.0,6.0,18731786.0,21.0,119405882.0,0.0,0,0.0615,0.0752,0.4941,0.7696,B,B
2026-09-30,143914167.0,119405882.0,27466300.0,8,0,0,1421,0,14391417.0,0.0,1312,9522599668,S051,U0511,Risk Merkezi,Periyodik Izleme,Izleme,40.0,91939582.0,1311.0,2026-01-09,5350126.0,86928732.0,0.0,0.0,1428.0,7.0,19995754.0,264.0,,,1,0.0,0.0615,0.0,0.9219,B,B
2025-12-02,45451821.0,24243567.0,8752846.0,2,0,0,1435,0,26230909.0,10515950.0,1568,9525316159,S071,U0711,Ticari Kredi Notu,Yeni Basvuru,Teklif,65.0,15490721.0,,,,,,,,,,,23712619.0,0.0,0,0.4338,,0.4009,0.7142,B,
2026-05-05,47331008.0,23712619.0,8561153.0,2,0,0,1425,0,28169981.0,12244371.0,1569,9525316159,S071,U0712,Risk Merkezi,Limit Yenileme,Kullandirim,40.0,15151466.0,1568.0,2025-12-02,10515950.0,24243567.0,0.0,0.0,1435.0,2.0,8752846.0,154.0,,,1,0.5164,0.4338,0.4347,0.5985,B,B
2025-12-26,18675970.0,10841701.0,2718909.0,2,0,0,1328,0,7698078.0,4367894.0,356,9531475367,S062,U0621,Risk Merkezi,Limit Yenileme,Kullandirim,40.0,8122792.0,,,,,,,,,,,10369042.0,0.0,0,0.4029,,0.5674,0.5897,C,
2026-08-31,18546696.0,10369042.0,2600375.0,2,0,0,1408,0,6339575.0,3936013.0,357,9531475367,S062,U0623,Risk Merkezi,Limit Yenileme,Kullandirim,40.0,7768667.0,356.0,2025-12-26,4367894.0,10841701.0,0.0,0.0,1328.0,2.0,2718909.0,248.0,,,1,0.3796,0.4029,0.6209,0.527,B,C
2025-10-09,255724359.0,109747315.0,28600573.0,5,0,0,1415,0,119148047.0,49418209.0,421,9532048228,S001,U0013,Cek Raporu,Yeni Basvuru,Kullandirim,30.0,81146742.0,,,,,,,,,,,,,1,0.4503,,0.4148,0.4417,B,
2025-10-10,1959079053.0,1123448711.0,185732902.0,5,0,0,1407,0,249538313.0,145556881.0,1654,9532548233,S050,U0503,Risk Merkezi,Yeni Basvuru,Kullandirim,40.0,937715809.0,,,,,,,,,,,1508505727.0,0.0,0,0.1296,,0.5833,0.572,B,
2026-08-17,2588134640.0,1508505727.0,249392023.0,5,0,0,1499,0,580006298.0,333668016.0,1655,9532548233,S050,U0503,Ticari Kredi Notu,Limit Yenileme,Kullandirim,65.0,1259113704.0,1654.0,2025-10-10,145556881.0,1123448711.0,0.0,0.0,1407.0,5.0,185732902.0,311.0,,,1,0.2212,0.1296,0.5753,0.585,B,B
2025-12-23,39094798.0,25136747.0,7912542.0,6,0,0,1461,0,13216570.0,8673114.0,599,9532900577,S012,U0123,Ticari Kredi Notu,Limit Yenileme,Kullandirim,65.0,17224205.0,,,,,,,,,,,28786462.0,0.0,0,0.345,,0.6562,0.6362,B,
2026-01-27,44056138.0,28786462.0,9337434.0,6,0,0,1429,0,17955747.0,9805831.0,600,9532900577,S012,U0122,Risk Merkezi,Periyodik Izleme,Izleme,40.0,19449028.0,599.0,2025-12-23,8673114.0,25136747.0,0.0,0.0,1461.0,6.0,7912542.0,35.0,28663384.0,0.0,0,0.3406,0.345,0.5461,0.7272,B,B
2026-01-30,43720483.0,28663384.0,9321070.0,6,0,0,1436,0,13556743.0,10587351.0,601,9532900577,S012,U0121,Cek Raporu,Periyodik Izleme,Izleme,30.0,19342314.0,600.0,2026-01-27,9805831.0,28786462.0,0.0,0.0,1429.0,6.0,9337434.0,3.0,,,1,0.3694,0.3406,0.781,0.5993,B,B
2025-10-28,279578663.0,147850511.0,43330626.0,7,0,0,1430,0,46759742.0,20981757.0,569,9533832130,S030,U0301,Risk Merkezi,Yeni Basvuru,Ret,40.0,104519885.0,,,,,,,,,,,167232800.0,0.0,0,0.1419,,0.4487,0.5449,B,
2026-01-05,258033949.0,167232800.0,49011004.0,8,0,0,1365,0,52339788.0,24859657.0,570,9533832130,S030,U0302,Ticari Kredi Notu,Periyodik Izleme,Izleme,65.0,118221796.0,569.0,2025-10-28,20981757.0,147850511.0,0.0,0.0,1430.0,7.0,43330626.0,69.0,174532249.0,1.0,0,0.1487,0.1419,0.475,0.6922,C,B
2026-05-15,248411349.0,174532249.0,51150257.0,9,1,0,1166,1,32369332.0,24441200.0,571,9533832130,S030,U0303,Ticari Kredi Notu,Periyodik Izleme,Izleme,65.0,123381992.0,570.0,2026-01-05,24859657.0,167232800.0,0.0,0.0,1365.0,8.0,49011004.0,130.0,192091413.0,1.0,0,0.14,0.1487,0.7551,0.6947,C,C
2026-06-26,252985511.0,192091413.0,56296330.0,9,1,0,1087,2,28359910.0,22778480.0,572,9533832130,S030,U0301,Risk Merkezi,Tahsis Revizyonu,Izleme,40.0,135795083.0,571.0,2026-05-15,24441200.0,174532249.0,1.0,0.0,1166.0,9.0,51150257.0,42.0,187023723.0,1.0,0,0.1186,0.14,0.8032,0.7538,D,C
2026-07-17,244537167.0,187023723.0,54811140.0,9,1,0,1066,3,33849107.0,25058948.0,573,9533832130,S030,U0301,Risk Merkezi,Limit Yenileme,Ret,40.0,132212583.0,572.0,2026-06-26,22778480.0,192091413.0,1.0,0.0,1087.0,9.0,56296330.0,21.0,198540508.0,1.0,0,0.134,0.1186,0.7403,0.7687,D,D
2026-09-07,236426443.0,198540508.0,58186370.0,10,1,0,999,0,17244329.0,13518056.0,574,9533832130,S030,U0301,Risk Merkezi,Periyodik Izleme,Izleme,40.0,140354138.0,573.0,2026-07-17,25058948.0,187023723.0,1.0,0.0,1066.0,9.0,54811140.0,52.0,,,1,0.0681,0.134,0.7839,0.8441,D,D
2026-04-03,94722554.0,45617199.0,12795144.0,2,0,0,1667,0,32203383.0,16155990.0,1418,9539083448,S021,U0211,Risk Merkezi,Yeni Basvuru,Kullandirim,40.0,32822055.0,,,,,,,,,,,,,1,0.3542,,0.5017,0.4712,A,
2025-11-05,6615237.0,4033670.0,698774.0,5,0,0,1690,0,2613457.0,1430475.0,1518,9542361855,S112,U1122,Risk Merkezi,Yeni Basvuru,Aksiyon Yok,40.0,3334896.0,,,,,,,,,,,4157352.0,0.0,0,0.3546,,0.5473,0.6505,A,
2025-11-12,6819285.0,4157352.0,720200.0,5,0,0,1696,0,2423091.0,1504105.0,1519,9542361855,S112,U1123,Risk Merkezi,Periyodik Izleme,Izleme,40.0,3437152.0,1518.0,2025-11-05,1430475.0,4033670.0,0.0,0.0,1690.0,5.0,698774.0,7.0,4296250.0,0.0,0,0.3618,0.3546,0.6207,0.6035,A,A
2026-03-20,7413993.0,4296250.0,744262.0,5,0,0,1659,0,3786463.0,1559064.0,1520,9542361855,S112,U1122,Risk Merkezi,Limit Yenileme,Ret,40.0,3551988.0,1519.0,2025-11-12,1504105.0,4157352.0,0.0,0.0,1696.0,5.0,720200.0,128.0,4270652.0,0.0,0,0.3629,0.3618,0.4117,0.7546,A,A
2026-04-14,6707240.0,4270652.0,739828.0,5,0,0,1724,0,2341987.0,1521512.0,1521,9542361855,S112,U1122,Cek Raporu,Limit Yenileme,Aksiyon Yok,30.0,3530824.0,1520.0,2026-03-20,1559064.0,4296250.0,0.0,0.0,1659.0,5.0,744262.0,25.0,,,1,0.3563,0.3629,0.6497,0.6298,A,A
2025-11-28,106458457.0,79638016.0,23314686.0,7,0,0,1803,0,19742636.0,15085518.0,430,9546044570,S111,U1112,Risk Merkezi,Limit Yenileme,Kullandirim,40.0,56323330.0,,,,,,,,,,,,,1,0.1894,,0.7641,0.7444,A,
2026-04-10,513580503.0,270890923.0,78388580.0,5,0,0,1632,0,125220608.0,57828544.0,1602,9547281604,S000,U0003,Risk Merkezi,Periyodik Izleme,Izleme,40.0,192502343.0,,,,,,,,,,,288637509.0,0.0,0,0.2135,,0.4618,0.5486,A,
2026-04-20,547019354.0,288637509.0,83523966.0,5,0,0,1652,0,94848149.0,58381782.0,1603,9547281604,S000,U0003,Risk Merkezi,Periyodik Izleme,Izleme,40.0,205113543.0,1602.0,2026-04-10,57828544.0,270890923.0,0.0,0.0,1632.0,5.0,78388580.0,10.0,230081896.0,0.0,0,0.2023,0.2135,0.6155,0.5092,A,A
2026-07-24,489605599.0,230081896.0,66579540.0,5,0,0,1664,0,78857249.0,36210277.0,1604,9547281604,S000,U0002,Risk Merkezi,Periyodik Izleme,Izleme,40.0,163502356.0,1603.0,2026-04-20,58381782.0,288637509.0,0.0,0.0,1652.0,5.0,83523966.0,95.0,,,1,0.1574,0.2023,0.4592,0.472,A,A
2025-12-26,28815995.0,20314934.0,2148217.0,2,0,0,1402,0,5131397.0,2334725.0,1757,9552956633,S032,U0322,Risk Merkezi,Periyodik Izleme,Izleme,40.0,18166717.0,,,,,,,,,,,25378031.0,0.0,0,0.1149,,0.455,0.7592,B,
2026-05-27,33334393.0,25378031.0,2683618.0,3,0,0,1396,0,202241.0,103409.0,1758,9552956633,S032,U0322,Risk Merkezi,Periyodik Izleme,Izleme,40.0,22694413.0,1757.0,2025-12-26,2334725.0,20314934.0,0.0,0.0,1402.0,2.0,2148217.0,152.0,25920425.0,0.0,0,0.0041,0.1149,0.5113,0.7628,C,B
2026-06-17,30508687.0,25920425.0,2740974.0,3,0,0,1389,0,3050869.0,0.0,1759,9552956633,S032,U0323,Risk Merkezi,Periyodik Izleme,Izleme,40.0,23179451.0,1758.0,2026-05-27,103409.0,25378031.0,0.0,0.0,1396.0,3.0,2683618.0,21.0,29244386.0,0.0,0,0.0,0.0041,0.0,0.944,C,C
2026-09-21,36048913.0,29244386.0,3092469.0,4,0,0,1383,0,3604891.0,0.0,1760,9552956633,S032,U0323,Ticari Kredi Notu,Limit Yenileme,Kullandirim,65.0,26151917.0,1759.0,2026-06-17,0.0,25920425.0,0.0,0.0,1389.0,3.0,2740974.0,96.0,,,1,0.0,0.0,0.0,0.9014,C,C
2025-11-05,109776978.0,65433331.0,21145853.0,5,0,0,1514,0,69590868.0,27116740.0,675,9553657515,S071,U0711,Risk Merkezi,Yeni Basvuru,Aksiyon Yok,40.0,44287478.0,,,,,,,,,,,65381495.0,0.0,0,0.4144,,0.3897,0.9535,B,
2026-01-09,124980076.0,65381495.0,21129102.0,5,0,0,1592,0,42038173.0,26969899.0,676,9553657515,S071,U0711,Ticari Kredi Notu,Limit Yenileme,Kullandirim,65.0,44252393.0,675.0,2025-11-05,27116740.0,65433331.0,0.0,0.0,1514.0,5.0,21145853.0,65.0,65691356.0,0.0,0,0.4125,0.4144,0.6416,0.4631,B,B
2026-04-15,129112113.0,65691356.0,21229238.0,5,0,0,1523,0,64855157.0,28586399.0,677,9553657515,S071,U0713,Ticari Kredi Notu,Periyodik Izleme,Izleme,65.0,44462118.0,676.0,2026-01-09,26969899.0,65381495.0,0.0,0.0,1592.0,5.0,21129102.0,96.0,66064848.0,0.0,0,0.4352,0.4125,0.4408,0.5774,B,B
2026-05-22,117111384.0,66064848.0,21349938.0,5,0,0,1533,0,66571177.0,27968187.0,678,9553657515,S071,U0712,Risk Merkezi,Limit Yenileme,Teklif,40.0,44714910.0,677.0,2026-04-15,28586399.0,65691356.0,0.0,0.0,1523.0,5.0,21229238.0,37.0,,,1,0.4233,0.4352,0.4201,0.7538,B,B
2025-10-30,335854643.0,232538685.0,38773753.0,6,0,0,1424,0,65770661.0,42516278.0,733,9553797419,S050,U0503,Ticari Kredi Notu,Yeni Basvuru,Aksiyon Yok,65.0,193764932.0,,,,,,,,,,,226353973.0,0.0,0,0.1828,,0.6464,0.7036,B,
2025-12-31,343934537.0,226353973.0,37742507.0,6,0,0,1393,0,64659643.0,41385774.0,734,9553797419,S050,U0501,Risk Merkezi,Limit Yenileme,Aksiyon Yok,40.0,188611466.0,733.0,2025-10-30,42516278.0,232538685.0,0.0,0.0,1424.0,6.0,38773753.0,62.0,215687999.0,0.0,0,0.1828,0.1828,0.6401,0.6623,C,B
2026-02-26,311781507.0,215687999.0,35964051.0,6,0,0,1403,0,60001226.0,40666042.0,735,9553797419,S050,U0503,Risk Merkezi,Periyodik Izleme,Izleme,40.0,179723948.0,734.0,2025-12-31,41385774.0,226353973.0,0.0,0.0,1393.0,6.0,37742507.0,57.0,223000887.0,0.0,0,0.1885,0.1828,0.6778,0.6951,B,C
2026-05-01,340704297.0,223000887.0,37183410.0,6,0,0,1409,0,79242236.0,44688461.0,736,9553797419,S050,U0501,Ticari Kredi Notu,Periyodik Izleme,Izleme,65.0,185817477.0,735.0,2026-02-26,40666042.0,215687999.0,0.0,0.0,1403.0,6.0,35964051.0,64.0,,,1,0.2004,0.1885,0.5639,0.682,B,B
2025-12-26,20976013.0,14921547.0,2017665.0,2,0,0,1590,0,5526957.0,4140449.0,305,9553852690,S062,U0622,Ticari Kredi Notu,Limit Yenileme,Kullandirim,65.0,12903882.0,,,,,,,,,,,14946691.0,0.0,0,0.2775,,0.7491,0.6978,B,
2026-02-16,22340629.0,14946691.0,2021065.0,2,0,0,1590,0,6306068.0,3921529.0,306,9553852690,S062,U0623,Risk Merkezi,Periyodik Izleme,Izleme,40.0,12925626.0,305.0,2025-12-26,4140449.0,14921547.0,0.0,0.0,1590.0,2.0,2017665.0,52.0,15031769.0,0.0,0,0.2624,0.2775,0.6219,0.6876,B,B
2026-06-09,22029067.0,15031769.0,2032569.0,2,0,0,1634,0,5917264.0,4076238.0,307,9553852690,S062,U0622,Risk Merkezi,Periyodik Izleme,Izleme,40.0,12999200.0,306.0,2026-02-16,3921529.0,14946691.0,0.0,0.0,1590.0,2.0,2021065.0,113.0,,,1,0.2712,0.2624,0.6889,0.68,A,B
2025-10-03,40261848.0,17786575.0,3612083.0,7,0,0,1731,0,11061203.0,5394240.0,679,9554090715,S081,U0812,Risk Merkezi,Periyodik Izleme,Izleme,40.0,14174492.0,,,,,,,,,,,17841200.0,0.0,0,0.3033,,0.4877,0.4244,A,
2026-02-23,38568707.0,17841200.0,3623177.0,7,0,0,1709,0,16017214.0,5665413.0,680,9554090715,S081,U0811,Risk Merkezi,Periyodik Izleme,Izleme,40.0,14218023.0,679.0,2025-10-03,5394240.0,17786575.0,0.0,0.0,1731.0,7.0,3612083.0,143.0,,,1,0.3175,0.3033,0.3537,0.5399,A,A
2025-11-25,124046429.0,76018373.0,11788197.0,5,0,0,1346,0,36564824.0,20454775.0,401,9554749229,S101,U1011,Risk Merkezi,Yeni Basvuru,Kullandirim,40.0,64230176.0,,,,,,,,,,,71396270.0,0.0,0,0.2691,,0.5594,0.6351,C,
2025-11-28,123755943.0,71396270.0,11071446.0,5,0,0,1367,0,42011931.0,18915487.0,402,9554749229,S101,U1012,Cek Raporu,Limit Yenileme,Kullandirim,30.0,60324824.0,401.0,2025-11-25,20454775.0,76018373.0,0.0,0.0,1346.0,5.0,11788197.0,3.0,79650371.0,0.0,0,0.2649,0.2691,0.4502,0.642,C,C
2026-03-03,143663102.0,79650371.0,12351413.0,5,0,0,1403,0,68991181.0,24712086.0,403,9554749229,S101,U1012,Risk Merkezi,Limit Yenileme,Kullandirim,40.0,67298958.0,402.0,2025-11-28,18915487.0,71396270.0,0.0,0.0,1367.0,5.0,11071446.0,95.0,91981684.0,0.0,0,0.3103,0.2649,0.3582,0.7357,B,C
2026-08-07,170674784.0,91981684.0,14263634.0,5,0,0,1453,0,51744792.0,32962275.0,404,9554749229,S101,U1013,Risk Merkezi,Limit Yenileme,Kullandirim,40.0,77718050.0,403.0,2026-03-03,24712086.0,79650371.0,0.0,0.0,1403.0,5.0,12351413.0,157.0,94388429.0,0.0,0,0.3584,0.3103,0.637,0.4963,B,B
2026-08-13,169257061.0,94388429.0,14636849.0,5,0,0,1388,0,81212270.0,33293984.0,405,9554749229,S101,U1012,Ticari Kredi Notu,Periyodik Izleme,Izleme,65.0,79751580.0,404.0,2026-08-07,32962275.0,91981684.0,0.0,0.0,1453.0,5.0,14263634.0,6.0,,,1,0.3527,0.3584,0.41,0.6939,C,B
2025-10-24,690792141.0,400309601.0,121894188.0,4,0,0,1568,0,132138205.0,97365689.0,1370,9555152229,S030,U0301,Risk Merkezi,Periyodik Izleme,Izleme,40.0,278415413.0,,,,,,,,,,,423833099.0,0.0,0,0.2432,,0.7368,0.5423,B,
2026-08-18,747914355.0,423833099.0,129057088.0,4,0,0,1586,0,225676294.0,114984765.0,1371,9555152229,S030,U0303,Ticari Kredi Notu,Limit Yenileme,Teklif,65.0,294776011.0,1370.0,2025-10-24,97365689.0,400309601.0,0.0,0.0,1568.0,4.0,121894188.0,298.0,,,1,0.2713,0.2432,0.5095,0.5914,B,B
2025-10-13,78961516.0,42609657.0,11739711.0,2,0,0,1419,0,29252066.0,13534959.0,687,9556260484,S011,U0113,Ticari Kredi Notu,Limit Yenileme,Aksiyon Yok,65.0,30869946.0,,,,,,,,,,,49797012.0,0.0,0,0.3177,,0.4627,0.5849,B,
2026-04-24,98841513.0,49797012.0,26885466.0,2,0,0,1372,0,32566498.0,16305277.0,688,9556260484,S011,U0112,Ticari Kredi Notu,Limit Yenileme,Kullandirim,65.0,22911546.0,687.0,2025-10-13,13534959.0,42609657.0,0.0,0.0,1419.0,2.0,11739711.0,193.0,51300846.0,0.0,0,0.3274,0.3177,0.5007,0.5053,C,B
2026-04-27,103219696.0,51300846.0,27908213.0,2,0,0,1419,0,47146038.0,17675592.0,689,9556260484,S011,U0111,Risk Merkezi,Periyodik Izleme,Izleme,40.0,23392633.0,688.0,2026-04-24,16305277.0,49797012.0,0.0,0.0,1372.0,2.0,26885466.0,3.0,53671719.0,0.0,0,0.3445,0.3274,0.3749,0.5997,B,C
2026-05-27,99665188.0,53671719.0,31403681.0,2,0,0,1383,0,37044121.0,18020430.0,690,9556260484,S011,U0113,Risk Merkezi,Limit Yenileme,Ret,40.0,22268038.0,689.0,2026-04-27,17675592.0,51300846.0,0.0,0.0,1419.0,2.0,27908213.0,30.0,,,1,0.3358,0.3445,0.4865,0.5693,C,B
2025-12-17,22873127.0,16420257.0,3037258.0,6,0,0,1540,0,7414079.0,5277889.0,1027,9556471107,S002,U0021,Risk Merkezi,Limit Yenileme,Ret,40.0,13382999.0,,,,,,,,,,,19848510.0,0.0,0,0.3214,,0.7119,0.7208,B,
2026-06-05,27164065.0,19848510.0,4595834.0,6,0,0,1593,0,8490791.0,7009303.0,1028,9556471107,S002,U0022,Cek Raporu,Limit Yenileme,Kullandirim,30.0,15252676.0,1027.0,2025-12-17,5277889.0,16420257.0,0.0,0.0,1540.0,6.0,3037258.0,170.0,19158541.0,0.0,0,0.3531,0.3214,0.8255,0.6876,B,B
2026-06-19,26373551.0,19158541.0,4509559.0,6,0,0,1550,0,11155207.0,7035886.0,1029,9556471107,S002,U0023,Risk Merkezi,Limit Yenileme,Kullandirim,40.0,14648982.0,1028.0,2026-06-05,7009303.0,19848510.0,0.0,0.0,1593.0,6.0,4595834.0,14.0,21315486.0,0.0,0,0.3672,0.3531,0.6307,0.7966,B,B
2026-09-11,29303606.0,21315486.0,5507811.0,6,0,0,1587,0,10696781.0,8438642.0,1030,9556471107,S002,U0023,Risk Merkezi,Tahsis Revizyonu,Izleme,40.0,15807675.0,1029.0,2026-06-19,7035886.0,19158541.0,0.0,0.0,1550.0,6.0,4509559.0,84.0,,,1,0.3959,0.3672,0.7889,0.692,B,B
2025-10-23,13877962.0,9622962.0,1678600.0,3,0,0,1269,0,4358087.0,2895690.0,1149,9560029386,S042,U0423,Risk Merkezi,Yeni Basvuru,Teklif,40.0,7944362.0,,,,,,,,,,,9964363.0,0.0,0,0.3009,,0.6644,0.7067,C,
2026-04-30,14251584.0,9964363.0,1738153.0,3,0,0,1268,0,4410442.0,3171852.0,1150,9560029386,S042,U0423,Ticari Kredi Notu,Periyodik Izleme,Izleme,65.0,8226210.0,1149.0,2025-10-23,2895690.0,9622962.0,0.0,0.0,1269.0,3.0,1678600.0,189.0,10141071.0,0.0,0,0.3183,0.3009,0.7192,0.6902,C,C
2026-05-07,13859768.0,10141071.0,1768977.0,3,0,0,1283,0,4449672.0,3252856.0,1151,9560029386,S042,U0422,Ticari Kredi Notu,Tahsis Revizyonu,Izleme,65.0,8372094.0,1150.0,2026-04-30,3171852.0,9964363.0,0.0,0.0,1268.0,3.0,1738153.0,7.0,9444658.0,0.0,0,0.3208,0.3183,0.731,0.732,C,C
2026-06-02,12544036.0,9444658.0,1647497.0,3,0,0,1277,0,5315892.0,3366940.0,1152,9560029386,S042,U0422,Risk Merkezi,Periyodik Izleme,Izleme,40.0,7797161.0,1151.0,2026-05-07,3252856.0,10141071.0,0.0,0.0,1283.0,3.0,1768977.0,26.0,,,1,0.3565,0.3208,0.6334,0.8408,C,C
2025-12-26,20763821.0,12044135.0,5736532.0,3,0,0,1490,0,3985409.0,2313399.0,1211,9562643376,S092,U0922,Risk Merkezi,Yeni Basvuru,Teklif,40.0,6307603.0,,,,,,,,,,,12582889.0,0.0,0,0.1921,,0.5805,0.58,B,
2026-02-18,21804458.0,12582889.0,6923925.0,3,0,0,1481,0,4603749.0,2134466.0,1212,9562643376,S092,U0923,Ticari Kredi Notu,Periyodik Izleme,Izleme,65.0,5658964.0,1211.0,2025-12-26,2313399.0,12044135.0,0.0,0.0,1490.0,3.0,5736532.0,54.0,12851645.0,0.0,0,0.1696,0.1921,0.4636,0.6074,B,B
2026-02-27,23066173.0,12851645.0,7230257.0,3,0,0,1504,0,4051785.0,2320586.0,1213,9562643376,S092,U0921,Risk Merkezi,Tahsis Revizyonu,Izleme,40.0,5621388.0,1212.0,2026-02-18,2134466.0,12582889.0,0.0,0.0,1481.0,3.0,6923925.0,9.0,13850005.0,0.0,0,0.1806,0.1696,0.5727,0.5538,B,B
2026-05-29,22936620.0,13850005.0,9518436.0,3,0,0,1471,0,4236586.0,2596473.0,1214,9562643376,S092,U0921,Cek Raporu,Limit Yenileme,Teklif,30.0,4331569.0,1213.0,2026-02-27,2320586.0,12851645.0,0.0,0.0,1504.0,3.0,7230257.0,91.0,13419850.0,0.0,0,0.1875,0.1806,0.6129,0.6018,B,B
2026-06-26,21314848.0,13419850.0,9737545.0,3,0,0,1540,0,4074404.0,2624208.0,1215,9562643376,S092,U0922,Risk Merkezi,Periyodik Izleme,Izleme,40.0,3682305.0,1214.0,2026-05-29,2596473.0,13850005.0,0.0,0.0,1471.0,3.0,9518436.0,28.0,14684460.0,0.0,0,0.1955,0.1875,0.6441,0.6262,B,B
2026-08-17,25814418.0,14684460.0,11701172.0,3,0,0,1480,0,6520033.0,2875268.0,1216,9562643376,S092,U0921,Ticari Kredi Notu,Limit Yenileme,Aksiyon Yok,65.0,2983288.0,1215.0,2026-06-26,2624208.0,13419850.0,0.0,0.0,1540.0,3.0,9737545.0,52.0,,,1,0.1958,0.1955,0.441,0.6121,B,B
2025-10-09,64652787.0,31735830.0,8075530.0,7,0,0,1648,0,14321356.0,7278613.0,553,9567050564,S111,U1113,Risk Merkezi,Limit Yenileme,Kullandirim,40.0,23660300.0,,,,,,,,,,,32231752.0,0.0,0,0.2294,,0.5082,0.4859,A,
2026-04-17,67305089.0,32231752.0,8201723.0,7,0,0,1661,0,14909992.0,6900916.0,554,9567050564,S111,U1111,Ticari Kredi Notu,Periyodik Izleme,Izleme,65.0,24030029.0,553.0,2025-10-09,7278613.0,31735830.0,0.0,0.0,1648.0,7.0,8075530.0,190.0,34382588.0,0.0,0,0.2141,0.2294,0.4628,0.4835,A,A
2026-08-10,67501777.0,34382588.0,8749026.0,7,0,0,1571,0,13532803.0,6742609.0,555,9567050564,S111,U1112,Ticari Kredi Notu,Limit Yenileme,Aksiyon Yok,65.0,25633562.0,554.0,2026-04-17,6900916.0,32231752.0,0.0,0.0,1661.0,7.0,8201723.0,115.0,,,1,0.1961,0.2141,0.4982,0.5121,B,A
2026-01-22,28988036.0,13389936.0,2798739.0,7,0,0,1653,0,11475061.0,5172289.0,610,9568946291,S042,U0421,Ticari Kredi Notu,Yeni Basvuru,Kullandirim,65.0,10591197.0,,,,,,,,,,,14541831.0,0.0,0,0.3863,,0.4507,0.4692,A,
2026-05-04,29113437.0,14541831.0,3039506.0,7,0,0,1582,0,14498351.0,5645058.0,611,9568946291,S042,U0422,Risk Merkezi,Tahsis Revizyonu,Izleme,40.0,11502325.0,610.0,2026-01-22,5172289.0,13389936.0,0.0,0.0,1653.0,7.0,2798739.0,102.0,13915787.0,0.0,0,0.3882,0.3863,0.3894,0.6087,B,A
2026-05-06,28650918.0,13915787.0,2908652.0,7,0,0,1583,0,14799418.0,5487367.0,612,9568946291,S042,U0422,Risk Merkezi,Periyodik Izleme,Izleme,40.0,11007135.0,611.0,2026-05-04,5645058.0,14541831.0,0.0,0.0,1582.0,7.0,3039506.0,2.0,,,1,0.3943,0.3882,0.3708,0.6085,B,B
2025-10-17,676335579.0,431133353.0,72810650.0,5,0,0,1385,0,269013770.0,180021615.0,851,9569542792,S050,U0503,Risk Merkezi,Yeni Basvuru,Teklif,40.0,358322703.0,,,,,,,,,,,456422884.0,0.0,0,0.4176,,0.6692,0.6165,C,
2025-11-14,792721550.0,456422884.0,77081596.0,5,0,0,1324,0,381820234.0,191079930.0,852,9569542792,S050,U0502,Risk Merkezi,Periyodik Izleme,Izleme,40.0,379341288.0,851.0,2025-10-17,180021615.0,431133353.0,0.0,0.0,1385.0,5.0,72810650.0,28.0,463050830.0,0.0,0,0.4186,0.4176,0.5004,0.6458,C,C
2025-11-17,676779885.0,463050830.0,78200936.0,5,0,0,1311,0,350443408.0,197130944.0,853,9569542792,S050,U0503,Risk Merkezi,Periyodik Izleme,Izleme,40.0,384849894.0,852.0,2025-11-14,191079930.0,456422884.0,0.0,0.0,1324.0,5.0,77081596.0,3.0,445532995.0,0.0,0,0.4257,0.4186,0.5625,0.8149,C,C
2026-06-30,705411727.0,445532995.0,75242490.0,5,0,0,1346,0,310081358.0,180791348.0,854,9569542792,S050,U0501,Risk Merkezi,Periyodik Izleme,Izleme,40.0,370290505.0,853.0,2025-11-17,197130944.0,463050830.0,0.0,0.0,1311.0,5.0,78200936.0,225.0,,,1,0.4058,0.4257,0.583,0.6697,C,C
2026-01-08,93316492.0,75671123.0,20503610.0,4,0,0,1477,0,42129712.0,30397928.0,1681,9570297688,S111,U1112,Risk Merkezi,Yeni Basvuru,Kullandirim,40.0,55167513.0,,,,,,,,,,,79069916.0,0.0,0,0.4017,,0.7215,0.8845,B,
2026-01-29,103854570.0,79069916.0,21424536.0,4,0,0,1523,0,43849205.0,30313483.0,1682,9570297688,S111,U1113,Risk Merkezi,Limit Yenileme,Kullandirim,40.0,57645380.0,1681.0,2026-01-08,30397928.0,75671123.0,0.0,0.0,1477.0,4.0,20503610.0,21.0,92844812.0,0.0,0,0.3834,0.4017,0.6913,0.8125,B,B
2026-09-04,125303541.0,92844812.0,25156939.0,4,0,0,1575,0,73905053.0,42725013.0,1683,9570297688,S111,U1111,Ticari Kredi Notu,Limit Yenileme,Kullandirim,65.0,67687873.0,1682.0,2026-01-29,30313483.0,79069916.0,0.0,0.0,1523.0,4.0,21424536.0,218.0,95972608.0,0.0,0,0.4602,0.3834,0.5781,0.9751,B,B
2026-09-24,123255050.0,95972608.0,26004437.0,4,0,0,1610,0,47720043.0,44553530.0,1684,9570297688,S111,U1111,Ticari Kredi Notu,Periyodik Izleme,Izleme,65.0,69968171.0,1683.0,2026-09-04,42725013.0,92844812.0,0.0,0.0,1575.0,4.0,25156939.0,20.0,,,1,0.4642,0.4602,0.9336,0.6807,A,B
2025-11-05,463208953.0,361724444.0,52611158.0,4,0,0,1402,0,134361149.0,105887349.0,606,9571461236,S000,U0001,Risk Merkezi,Periyodik Izleme,Izleme,40.0,309113286.0,,,,,,,,,,,359045662.0,0.0,0,0.2927,,0.7881,0.778,B,
2026-02-05,499458660.0,359045662.0,52221541.0,4,0,0,1375,0,200766901.0,110159080.0,607,9571461236,S000,U0002,Ticari Kredi Notu,Periyodik Izleme,Izleme,65.0,306824121.0,606.0,2025-11-05,105887349.0,361724444.0,0.0,0.0,1402.0,4.0,52611158.0,92.0,366439550.0,0.0,0,0.3068,0.2927,0.5487,0.8333,C,B
2026-03-13,512328137.0,366439550.0,53296948.0,4,0,0,1422,0,172623130.0,124184450.0,608,9571461236,S000,U0003,Ticari Kredi Notu,Limit Yenileme,Kullandirim,65.0,313142602.0,607.0,2026-02-05,110159080.0,359045662.0,0.0,0.0,1375.0,4.0,52221541.0,36.0,374582916.0,0.0,0,0.3389,0.3068,0.7194,0.7131,B,C
2026-09-25,502579407.0,374582916.0,54481363.0,4,0,0,1422,0,172210531.0,119428847.0,609,9571461236,S000,U0002,Ticari Kredi Notu,Limit Yenileme,Kullandirim,65.0,320101553.0,608.0,2026-03-13,124184450.0,366439550.0,0.0,0.0,1422.0,4.0,53296948.0,196.0,,,1,0.3188,0.3389,0.6935,0.7723,B,B
2026-03-25,200026464.0,115962794.0,26704166.0,7,0,0,1631,0,102247826.0,52594876.0,1021,9573945892,S091,U0913,Ticari Kredi Notu,Yeni Basvuru,Kullandirim,65.0,89258628.0,,,,,,,,,,,114922819.0,0.0,0,0.4535,,0.5144,0.6481,A,
2026-04-24,203234572.0,114922819.0,27409249.0,7,0,0,1658,0,134610126.0,54677995.0,1022,9573945892,S091,U0912,Ticari Kredi Notu,Limit Yenileme,Ret,65.0,87513570.0,1021.0,2026-03-25,52594876.0,115962794.0,0.0,0.0,1631.0,7.0,26704166.0,30.0,,,1,0.4758,0.4535,0.4062,0.8779,A,A
2025-11-28,20585776.0,8488174.0,1839383.0,7,0,0,1772,0,10807508.0,3331741.0,1232,9575008790,S082,U0823,Risk Merkezi,Limit Yenileme,Aksiyon Yok,40.0,6648791.0,,,,,,,,,,,8399050.0,0.0,0,0.3925,,0.3083,0.5273,A,
2026-01-23,16998996.0,8399050.0,1820070.0,7,0,0,1794,0,6028846.0,3104516.0,1233,9575008790,S082,U0821,Ticari Kredi Notu,Limit Yenileme,Kullandirim,65.0,6578980.0,1232.0,2025-11-28,3331741.0,8488174.0,0.0,0.0,1772.0,7.0,1839383.0,56.0,,,1,0.3696,0.3925,0.5149,0.4826,A,A
2026-05-25,3523254.0,1693819.0,588353.0,5,0,0,1526,0,683400.0,346529.0,1718,9575796176,S062,U0622,Ticari Kredi Notu,Tahsis Revizyonu,Izleme,65.0,1105466.0,,,,,,,,,,,,,1,0.2046,,0.5071,0.4744,B,
2025-10-28,249111337.0,171894095.0,41014773.0,4,0,0,1570,0,70161904.0,53922095.0,55,9577757216,S050,U0503,Ticari Kredi Notu,Limit Yenileme,Aksiyon Yok,65.0,130879322.0,,,,,,,,,,,181926676.0,0.0,0,0.3137,,0.7685,0.6592,B,
2025-11-03,259358835.0,181926676.0,43408596.0,4,0,0,1466,0,110967012.0,58989946.0,56,9577757216,S050,U0503,Risk Merkezi,Tahsis Revizyonu,Izleme,40.0,138518080.0,55.0,2025-10-28,53922095.0,171894095.0,0.0,0.0,1570.0,4.0,41014773.0,6.0,200299340.0,0.0,0,0.3243,0.3137,0.5316,0.8285,B,B
2026-01-30,256533812.0,200299340.0,47792404.0,5,0,0,1304,0,74479822.0,58325671.0,57,9577757216,S050,U0502,Risk Merkezi,Limit Yenileme,Aksiyon Yok,40.0,152506936.0,56.0,2025-11-03,58989946.0,181926676.0,0.0,0.0,1466.0,4.0,43408596.0,88.0,195407243.0,0.0,0,0.2912,0.3243,0.7831,0.7798,C,B
2026-02-23,238518247.0,195407243.0,46625125.0,5,0,0,1316,0,69975154.0,53428778.0,58,9577757216,S050,U0501,Risk Merkezi,Limit Yenileme,Teklif,40.0,148782118.0,57.0,2026-01-30,58325671.0,200299340.0,0.0,0.0,1304.0,5.0,47792404.0,24.0,217597647.0,1.0,0,0.2734,0.2912,0.7635,0.8424,C,C
2026-06-15,243193670.0,217597647.0,51919865.0,6,1,0,1214,0,84200329.0,60642186.0,59,9577757216,S050,U0502,Ticari Kredi Notu,Limit Yenileme,Aksiyon Yok,65.0,165677782.0,58.0,2026-02-23,53428778.0,195407243.0,0.0,0.0,1316.0,5.0,46625125.0,112.0,217602749.0,1.0,0,0.2787,0.2734,0.7202,0.9872,C,C
2026-07-22,231236752.0,217602749.0,51921082.0,6,1,0,1182,1,69861472.0,61711550.0,60,9577757216,S050,U0503,Ticari Kredi Notu,Limit Yenileme,Kullandirim,65.0,165681667.0,59.0,2026-06-15,60642186.0,217597647.0,1.0,0.0,1214.0,6.0,51919865.0,37.0,,,1,0.2836,0.2787,0.8833,0.966,C,C
2025-10-20,8112063.0,5806903.0,649621.0,2,0,0,1444,0,2164689.0,1609824.0,232,9577971496,S012,U0121,Risk Merkezi,Yeni Basvuru,Aksiyon Yok,40.0,5157282.0,,,,,,,,,,,6237726.0,0.0,0,0.2772,,0.7437,0.7057,B,
2025-12-10,8158154.0,6237726.0,697818.0,3,0,0,1349,0,2406777.0,1745826.0,233,9577971496,S012,U0123,Ticari Kredi Notu,Limit Yenileme,Kullandirim,65.0,5539908.0,232.0,2025-10-20,1609824.0,5806903.0,0.0,0.0,1444.0,2.0,649621.0,51.0,6949152.0,0.0,0,0.2799,0.2772,0.7254,0.781,C,B
2026-02-24,7929881.0,6949152.0,777405.0,3,0,0,1235,0,2117228.0,1772763.0,234,9577971496,S012,U0121,Risk Merkezi,Limit Yenileme,Ret,40.0,6171747.0,233.0,2025-12-10,1745826.0,6237726.0,0.0,0.0,1349.0,3.0,697818.0,76.0,,,1,0.2551,0.2799,0.8373,0.8905,C,C
2025-12-09,53263946.0,34761975.0,8331219.0,3,0,0,1701,0,15656387.0,8149652.0,445,9578451626,S061,U0613,Ticari Kredi Notu,Periyodik Izleme,Izleme,65.0,26430756.0,,,,,,,,,,,35623833.0,0.0,0,0.2344,,0.5205,0.7076,A,
2026-02-20,69893099.0,35623833.0,8537776.0,3,0,0,1722,0,16538085.0,7816295.0,446,9578451626,S061,U0612,Ticari Kredi Notu,Periyodik Izleme,Izleme,65.0,27086057.0,445.0,2025-12-09,8149652.0,34761975.0,0.0,0.0,1701.0,3.0,8331219.0,73.0,35058308.0,0.0,0,0.2194,0.2344,0.4726,0.5212,A,A
2026-04-24,63761210.0,35058308.0,8402240.0,3,0,0,1730,0,23950332.0,9905798.0,447,9578451626,S061,U0613,Risk Merkezi,Periyodik Izleme,Izleme,40.0,26656068.0,446.0,2026-02-20,7816295.0,35623833.0,0.0,0.0,1722.0,3.0,8537776.0,63.0,37078625.0,0.0,0,0.2826,0.2194,0.4136,0.6318,A,A
2026-07-13,68719656.0,37078625.0,8886438.0,3,0,0,1693,0,15837455.0,8797531.0,448,9578451626,S061,U0613,Risk Merkezi,Periyodik Izleme,Izleme,40.0,28192187.0,447.0,2026-04-24,9905798.0,35058308.0,0.0,0.0,1730.0,3.0,8402240.0,80.0,,,1,0.2373,0.2826,0.5555,0.5348,A,A
2026-01-28,5257874160.0,2491370423.0,405416305.0,4,0,0,1487,0,1221504808.0,549731051.0,86,9579189070,S030,U0303,Risk Merkezi,Yeni Basvuru,Aksiyon Yok,40.0,2085954118.0,,,,,,,,,,,2581502004.0,0.0,0,0.2207,,0.45,0.481,B,
2026-05-06,4714567779.0,2581502004.0,420083258.0,4,0,0,1507,0,1368381617.0,552576997.0,87,9579189070,S030,U0301,Ticari Kredi Notu,Periyodik Izleme,Izleme,65.0,2161418746.0,86.0,2026-01-28,549731051.0,2491370423.0,0.0,0.0,1487.0,4.0,405416305.0,98.0,2538480401.0,0.0,0,0.2141,0.2207,0.4038,0.6063,B,B
2026-07-17,5091304012.0,2538480401.0,413082428.0,4,0,0,1490,0,1397896884.0,522439840.0,88,9579189070,S030,U0303,Risk Merkezi,Limit Yenileme,Aksiyon Yok,40.0,2125397973.0,87.0,2026-05-06,552576997.0,2581502004.0,0.0,0.0,1507.0,4.0,420083258.0,72.0,2502832783.0,0.0,0,0.2058,0.2141,0.3737,0.5458,B,B
2026-07-29,5492944654.0,2502832783.0,407281554.0,4,0,0,1478,0,1467696085.0,477886172.0,89,9579189070,S030,U0303,Risk Merkezi,Limit Yenileme,Aksiyon Yok,40.0,2095551229.0,88.0,2026-07-17,522439840.0,2538480401.0,0.0,0.0,1490.0,4.0,413082428.0,12.0,,,1,0.1909,0.2058,0.3256,0.5031,B,B
2026-08-28,29131139.0,21150823.0,3050336.0,2,0,0,1523,0,13086327.0,8337512.0,712,9579924828,S111,U1111,Risk Merkezi,Periyodik Izleme,Izleme,40.0,18100487.0,,,,,,,,,,,,,1,0.3942,,0.6371,0.7986,B,
2026-06-04,1095052380.0,386056077.0,119189345.0,1,0,0,1469,0,1040299761.0,386056077.0,663,9582552063,S050,U0501,Ticari Kredi Notu,Limit Yenileme,Aksiyon Yok,65.0,266866732.0,,,,,,,,,,,360600213.0,0.0,0,1.0,,0.3711,0.0,B,
2026-08-28,1024553720.0,360600213.0,111330208.0,1,0,0,1496,0,973326034.0,360600213.0,664,9582552063,S050,U0503,Risk Merkezi,Limit Yenileme,Aksiyon Yok,40.0,249270005.0,663.0,2026-06-04,386056077.0,386056077.0,0.0,0.0,1469.0,1.0,119189345.0,85.0,,,1,1.0,1.0,0.3705,0.0,B,B
2026-02-09,398249361.0,251361772.0,54985227.0,6,0,0,1597,0,140105832.0,77093089.0,107,9582839131,S000,U0003,Ticari Kredi Notu,Yeni Basvuru,Kullandirim,65.0,196376545.0,,,,,,,,,,,258150557.0,0.0,0,0.3067,,0.5502,0.6751,B,
2026-03-23,424418450.0,258150557.0,56470270.0,6,0,0,1601,0,132499496.0,83366109.0,108,9582839131,S000,U0002,Ticari Kredi Notu,Periyodik Izleme,Izleme,65.0,201680287.0,107.0,2026-02-09,77093089.0,251361772.0,0.0,0.0,1597.0,6.0,54985227.0,42.0,251496676.0,0.0,0,0.3229,0.3067,0.6292,0.5987,A,B
2026-03-28,380940385.0,251496676.0,55014738.0,6,0,0,1611,0,109592157.0,79295966.0,109,9582839131,S000,U0002,Risk Merkezi,Limit Yenileme,Kullandirim,40.0,196481938.0,108.0,2026-03-23,83366109.0,258150557.0,0.0,0.0,1601.0,6.0,56470270.0,5.0,270684304.0,0.0,0,0.3153,0.3229,0.7236,0.6346,A,A
2026-04-27,407683304.0,270684304.0,59212019.0,6,0,0,1682,0,159021837.0,85090565.0,110,9582839131,S000,U0001,Risk Merkezi,Limit Yenileme,Teklif,40.0,211472285.0,109.0,2026-03-28,79295966.0,251496676.0,0.0,0.0,1611.0,6.0,55014738.0,30.0,,,1,0.3144,0.3153,0.5351,0.7464,A,A
2025-10-17,118606623.0,67257800.0,13547283.0,5,0,0,1332,0,31891404.0,19433685.0,812,9583455383,S061,U0612,Risk Merkezi,Periyodik Izleme,Izleme,40.0,53710517.0,,,,,,,,,,,71471372.0,0.0,0,0.2889,,0.6094,0.5515,C,
2026-05-26,136885927.0,71471372.0,14395994.0,5,0,0,1326,0,49542997.0,22553815.0,813,9583455383,S061,U0613,Cek Raporu,Periyodik Izleme,Izleme,30.0,57075378.0,812.0,2025-10-17,19433685.0,67257800.0,0.0,0.0,1332.0,5.0,13547283.0,221.0,65881726.0,0.0,0,0.3156,0.2889,0.4552,0.5601,C,C
2026-09-01,123825139.0,65881726.0,13270110.0,5,0,0,1354,0,50989469.0,21598826.0,814,9583455383,S061,U0611,Risk Merkezi,Periyodik Izleme,Izleme,40.0,52611616.0,813.0,2026-05-26,22553815.0,71471372.0,0.0,0.0,1326.0,5.0,14395994.0,98.0,,,1,0.3278,0.3156,0.4236,0.608,C,C
2025-10-27,453499346.0,313928821.0,39483503.0,6,0,0,1609,0,86993880.0,51273288.0,392,9583904337,S030,U0301,Ticari Kredi Notu,Limit Yenileme,Kullandirim,65.0,274445318.0,,,,,,,,,,,357471266.0,0.0,0,0.1633,,0.5894,0.7166,A,
2026-03-12,495717286.0,357471266.0,44959929.0,6,0,0,1630,0,116426301.0,75544963.0,393,9583904337,S030,U0301,Risk Merkezi,Periyodik Izleme,Izleme,40.0,312511337.0,392.0,2025-10-27,51273288.0,313928821.0,0.0,0.0,1609.0,6.0,39483503.0,136.0,,,1,0.2113,0.1633,0.6489,0.7433,A,A
2025-11-28,10059036.0,6533885.0,1737189.0,3,0,0,1511,0,1215193.0,485535.0,1449,9585576534,S062,U0621,Cek Raporu,Yeni Basvuru,Aksiyon Yok,30.0,4796696.0,,,,,,,,,,,7609645.0,0.0,0,0.0743,,0.3996,0.6839,B,
2026-04-24,10626602.0,7609645.0,2023205.0,4,0,0,1456,0,1062660.0,0.0,1450,9585576534,S062,U0622,Risk Merkezi,Periyodik Izleme,Izleme,40.0,5586440.0,1449.0,2025-11-28,485535.0,6533885.0,0.0,0.0,1511.0,3.0,1737189.0,147.0,8068986.0,0.0,0,0.0,0.0743,0.0,0.7957,B,B
2026-05-11,11220467.0,8068986.0,2145332.0,4,0,0,1504,0,1122047.0,0.0,1451,9585576534,S062,U0623,Ticari Kredi Notu,Limit Yenileme,Aksiyon Yok,65.0,5923654.0,1450.0,2026-04-24,0.0,7609645.0,0.0,0.0,1456.0,4.0,2023205.0,17.0,8760423.0,0.0,0,0.0,0.0,0.0,0.799,B,B
2026-09-09,11339925.0,8760423.0,2329167.0,5,0,0,1489,0,1133993.0,0.0,1452,9585576534,S062,U0621,Risk Merkezi,Limit Yenileme,Teklif,40.0,6431256.0,1451.0,2026-05-11,0.0,8068986.0,0.0,0.0,1504.0,4.0,2145332.0,121.0,8607719.0,0.0,0,0.0,0.0,0.0,0.8584,B,B
2026-09-25,10543909.0,8607719.0,2288567.0,5,0,0,1409,0,1054391.0,0.0,1453,9585576534,S062,U0621,Cek Raporu,Periyodik Izleme,Izleme,30.0,6319152.0,1452.0,2026-09-09,0.0,8760423.0,0.0,0.0,1489.0,5.0,2329167.0,16.0,,,1,0.0,0.0,0.0,0.9071,B,B
2025-11-27,15852604.0,10830634.0,2105909.0,6,0,0,1751,0,5427066.0,3347016.0,492,9586451252,S042,U0422,Risk Merkezi,Yeni Basvuru,Kullandirim,40.0,8724725.0,,,,,,,,,,,12726579.0,0.0,0,0.309,,0.6167,0.7178,A,
2026-06-23,17850932.0,12726579.0,2474556.0,6,0,0,1888,0,5905476.0,4397940.0,493,9586451252,S042,U0422,Risk Merkezi,Tahsis Revizyonu,Izleme,40.0,10252023.0,492.0,2025-11-27,3347016.0,10830634.0,0.0,0.0,1751.0,6.0,2105909.0,208.0,13476121.0,0.0,0,0.3456,0.309,0.7447,0.6972,A,A
2026-09-25,19647024.0,13476121.0,2620297.0,6,0,0,1900,0,8298000.0,5336499.0,494,9586451252,S042,U0421,Risk Merkezi,Periyodik Izleme,Izleme,40.0,10855824.0,493.0,2026-06-23,4397940.0,12726579.0,0.0,0.0,1888.0,6.0,2474556.0,94.0,,,1,0.396,0.3456,0.6431,0.7172,A,A
2025-10-24,4304096.0,3446524.0,496746.0,2,0,0,1515,0,2272120.0,1251381.0,644,9588106364,S032,U0322,Risk Merkezi,Yeni Basvuru,Ret,40.0,2949778.0,,,,,,,,,,,3334008.0,0.0,0,0.3631,,0.5508,1.0803,B,
2025-11-24,4163018.0,3334008.0,480529.0,2,0,0,1549,0,2155086.0,1187157.0,645,9588106364,S032,U0322,Ticari Kredi Notu,Tahsis Revizyonu,Izleme,65.0,2853479.0,644.0,2025-10-24,1251381.0,3446524.0,0.0,0.0,1515.0,2.0,496746.0,31.0,3813688.0,0.0,0,0.3561,0.3631,0.5509,1.0692,B,B
2026-01-16,5100683.0,3813688.0,549665.0,3,0,0,1510,0,2403205.0,1196032.0,646,9588106364,S032,U0323,Ticari Kredi Notu,Limit Yenileme,Kullandirim,65.0,3264023.0,645.0,2025-11-24,1187157.0,3334008.0,0.0,0.0,1549.0,2.0,480529.0,53.0,,,1,0.3136,0.3561,0.4977,0.9704,B,B
2025-10-27,2046272848.0,1144192279.0,335641211.0,6,0,0,1577,0,872337117.0,349258911.0,1613,9591448659,S030,U0303,Risk Merkezi,Yeni Basvuru,Teklif,40.0,808551068.0,,,,,,,,,,,1397192211.0,0.0,0,0.3052,,0.4004,0.6772,B,
2026-05-27,2880371193.0,1397192211.0,409857062.0,6,0,0,1636,0,892367662.0,512340693.0,1614,9591448659,S030,U0301,Risk Merkezi,Limit Yenileme,Aksiyon Yok,40.0,987335149.0,1613.0,2025-10-27,349258911.0,1144192279.0,0.0,0.0,1577.0,6.0,335641211.0,212.0,,,1,0.3667,0.3052,0.5741,0.4451,A,B
2025-10-14,24062910.0,13085706.0,4303925.0,6,0,0,1256,0,11980980.0,5415587.0,1012,9593752653,S062,U0621,Cek Raporu,Periyodik Izleme,Izleme,30.0,8781781.0,,,,,,,,,,,16438485.0,0.0,0,0.4139,,0.452,0.6348,C,
2026-04-27,31852012.0,16438485.0,5406664.0,6,0,0,1277,0,18702113.0,7474950.0,1013,9593752653,S062,U0623,Risk Merkezi,Periyodik Izleme,Izleme,40.0,11031821.0,1012.0,2025-10-14,5415587.0,13085706.0,0.0,0.0,1256.0,6.0,4303925.0,195.0,16685255.0,0.0,0,0.4547,0.4139,0.3997,0.6816,C,C
2026-06-12,33750162.0,16685255.0,5487827.0,6,0,0,1353,0,14890993.0,8281909.0,1014,9593752653,S062,U0621,Cek Raporu,Limit Yenileme,Kullandirim,30.0,11197428.0,1013.0,2026-04-27,7474950.0,16438485.0,0.0,0.0,1277.0,6.0,5406664.0,46.0,17108932.0,0.0,0,0.4964,0.4547,0.5562,0.4456,C,C
2026-06-26,34375514.0,17108932.0,5627176.0,6,0,0,1373,0,18581982.0,8192814.0,1015,9593752653,S062,U0621,Risk Merkezi,Limit Yenileme,Teklif,40.0,11481756.0,1014.0,2026-06-12,8281909.0,16685255.0,0.0,0.0,1353.0,6.0,5487827.0,14.0,,,1,0.4789,0.4964,0.4409,0.5645,C,C
2026-03-26,607189286.0,321854629.0,76965222.0,2,0,0,1774,0,189071259.0,76352823.0,1620,9595273410,S000,U0001,Risk Merkezi,Yeni Basvuru,Teklif,40.0,244889407.0,,,,,,,,,,,302788606.0,0.0,0,0.2372,,0.4038,0.5872,A,
2026-03-27,495841410.0,302788606.0,72405956.0,2,0,0,1745,0,107127826.0,78792532.0,1621,9595273410,S000,U0002,Ticari Kredi Notu,Limit Yenileme,Aksiyon Yok,65.0,230382650.0,1620.0,2026-03-26,76352823.0,321854629.0,0.0,0.0,1774.0,2.0,76965222.0,1.0,320044938.0,0.0,0,0.2602,0.2372,0.7355,0.5762,A,A
2026-05-01,541033317.0,320044938.0,76532470.0,2,0,0,1782,0,185641191.0,82794300.0,1622,9595273410,S000,U0003,Ticari Kredi Notu,Limit Yenileme,Teklif,65.0,243512468.0,1621.0,2026-03-27,78792532.0,302788606.0,0.0,0.0,1745.0,2.0,72405956.0,35.0,340934126.0,0.0,0,0.2587,0.2602,0.446,0.6676,A,A
2026-08-26,555672608.0,340934126.0,81527709.0,2,0,0,1790,0,114106993.0,75639749.0,1623,9595273410,S000,U0003,Risk Merkezi,Limit Yenileme,Kullandirim,40.0,259406417.0,1622.0,2026-05-01,82794300.0,320044938.0,0.0,0.0,1782.0,2.0,76532470.0,117.0,330981399.0,0.0,0,0.2219,0.2587,0.6629,0.6008,A,A
2026-08-30,568424294.0,330981399.0,79147710.0,2,0,0,1806,0,111675876.0,82112339.0,1624,9595273410,S000,U0003,Risk Merkezi,Limit Yenileme,Aksiyon Yok,40.0,251833689.0,1623.0,2026-08-26,75639749.0,340934126.0,0.0,0.0,1790.0,2.0,81527709.0,4.0,,,1,0.2481,0.2219,0.7353,0.5449,A,A
2026-04-06,17446818.0,12151473.0,3294548.0,4,0,0,1216,1,5995122.0,3401301.0,966,9599350356,S052,U0522,Cek Raporu,Yeni Basvuru,Kullandirim,30.0,8856925.0,,,,,,,,,,,13190160.0,1.0,0,0.2799,,0.5673,0.7641,C,
2026-05-27,16880842.0,13190160.0,3576161.0,4,1,0,1135,2,4212094.0,3449420.0,967,9599350356,S052,U0521,Risk Merkezi,Limit Yenileme,Kullandirim,40.0,9613999.0,966.0,2026-04-06,3401301.0,12151473.0,0.0,0.0,1216.0,4.0,3294548.0,51.0,12231242.0,1.0,0,0.2615,0.2799,0.8189,0.7689,C,C
2026-05-29,16030073.0,12231242.0,3316176.0,4,1,0,1089,0,4829043.0,2825374.0,968,9599350356,S052,U0522,Ticari Kredi Notu,Periyodik Izleme,Izleme,65.0,8915066.0,967.0,2026-05-27,3449420.0,13190160.0,1.0,0.0,1135.0,4.0,3576161.0,2.0,13149219.0,1.0,0,0.231,0.2615,0.5851,0.8397,D,C
2026-07-09,15826546.0,13149219.0,3565061.0,4,1,0,1094,3,4425032.0,3281836.0,969,9599350356,S052,U0523,Risk Merkezi,Periyodik Izleme,Izleme,40.0,9584158.0,968.0,2026-05-29,2825374.0,12231242.0,1.0,0.0,1089.0,4.0,3316176.0,41.0,14022162.0,1.0,0,0.2496,0.231,0.7417,0.8654,D,D
2026-08-14,16664386.0,14022162.0,3801736.0,5,1,0,1066,3,5127482.0,3752165.0,970,9599350356,S052,U0521,Cek Raporu,Limit Yenileme,Ret,30.0,10220426.0,969.0,2026-07-09,3281836.0,13149219.0,1.0,0.0,1094.0,4.0,3565061.0,36.0,,,1,0.2676,0.2496,0.7318,0.8902,D,D
2026-02-19,64878007.0,38142458.0,4394472.0,2,0,0,1332,0,23815878.0,11713556.0,1531,9608601450,S011,U0111,Risk Merkezi,Yeni Basvuru,Kullandirim,40.0,33747986.0,,,,,,,,,,,37931765.0,0.0,0,0.3071,,0.4918,0.6436,C,
2026-03-25,61426983.0,37931765.0,4370197.0,2,0,0,1309,0,23073738.0,11870178.0,1532,9608601450,S011,U0111,Ticari Kredi Notu,Limit Yenileme,Kullandirim,65.0,33561568.0,1531.0,2026-02-19,11713556.0,38142458.0,0.0,0.0,1332.0,2.0,4394472.0,34.0,,,1,0.3129,0.3071,0.5144,0.6795,C,C
2025-11-21,272280522.0,195562793.0,42677724.0,2,0,0,1539,0,136114401.0,81230803.0,766,9609211197,S001,U0012,Ticari Kredi Notu,Limit Yenileme,Kullandirim,65.0,152885069.0,,,,,,,,,,,225620362.0,0.0,0,0.4154,,0.5968,0.8397,B,
2026-03-10,311388939.0,225620362.0,49237196.0,2,0,0,1569,0,176591544.0,101255097.0,767,9609211197,S001,U0012,Risk Merkezi,Periyodik Izleme,Izleme,40.0,176383166.0,766.0,2025-11-21,81230803.0,195562793.0,0.0,0.0,1539.0,2.0,42677724.0,109.0,248605187.0,0.0,0,0.4488,0.4154,0.5734,0.9226,B,B
2026-06-15,337664462.0,248605187.0,54253181.0,2,0,0,1599,0,171852446.0,115706465.0,768,9609211197,S001,U0011,Ticari Kredi Notu,Periyodik Izleme,Izleme,65.0,194352006.0,767.0,2026-03-10,101255097.0,225620362.0,0.0,0.0,1569.0,2.0,49237196.0,97.0,241357253.0,0.0,0,0.4654,0.4488,0.6733,0.8015,B,B
2026-06-19,359156815.0,241357253.0,52671462.0,2,0,0,1609,0,164900784.0,115814061.0,769,9609211197,S001,U0013,Ticari Kredi Notu,Limit Yenileme,Kullandirim,65.0,188685791.0,768.0,2026-06-15,115706465.0,248605187.0,0.0,0.0,1599.0,2.0,54253181.0,4.0,,,1,0.4798,0.4654,0.7023,0.6463,A,B
2025-10-27,60726812.0,36719740.0,5652194.0,7,0,0,1573,0,17829623.0,10250738.0,1,9609778585,S101,U1012,Ticari Kredi Notu,Yeni Basvuru,Aksiyon Yok,65.0,31067546.0,,,,,,,,,,,36865117.0,0.0,0,0.2792,,0.5749,0.617,B,
2025-11-04,59436646.0,36865117.0,6078573.0,7,0,0,1645,0,21580180.0,11775009.0,2,9609778585,S101,U1013,Risk Merkezi,Periyodik Izleme,Izleme,40.0,30786544.0,1.0,2025-10-27,10250738.0,36719740.0,0.0,0.0,1573.0,7.0,5652194.0,8.0,39902866.0,0.0,0,0.3194,0.2792,0.5456,0.6628,A,B
2026-03-13,63729008.0,39902866.0,13630786.0,7,0,0,1568,0,20803793.0,12587575.0,3,9609778585,S101,U1012,Ticari Kredi Notu,Periyodik Izleme,Izleme,65.0,26272080.0,2.0,2025-11-04,11775009.0,36865117.0,0.0,0.0,1645.0,7.0,6078573.0,129.0,,,1,0.3155,0.3194,0.6051,0.6363,B,A
2025-10-31,75932804.0,45897081.0,12448689.0,2,0,0,1609,0,36202945.0,17614088.0,1244,9614307055,S081,U0811,Risk Merkezi,Yeni Basvuru,Kullandirim,40.0,33448392.0,,,,,,,,,,,47440777.0,0.0,0,0.3838,,0.4865,0.7119,A,
2025-11-14,72803869.0,47440777.0,13777209.0,2,0,0,1610,0,34502939.0,17926259.0,1245,9614307055,S081,U0812,Risk Merkezi,Limit Yenileme,Teklif,40.0,33663568.0,1244.0,2025-10-31,17614088.0,45897081.0,0.0,0.0,1609.0,2.0,12448689.0,14.0,47400462.0,0.0,0,0.3779,0.3838,0.5196,0.7706,A,A
2025-11-28,78158359.0,47400462.0,14674551.0,2,0,0,1603,0,31367703.0,18428707.0,1246,9614307055,S081,U0812,Risk Merkezi,Periyodik Izleme,Izleme,40.0,32725911.0,1245.0,2025-11-14,17926259.0,47440777.0,0.0,0.0,1610.0,2.0,13777209.0,14.0,57321249.0,0.0,0,0.3888,0.3779,0.5875,0.6192,A,A
2026-07-01,97000757.0,57321249.0,34628181.0,2,0,0,1647,0,48722696.0,21321042.0,1247,9614307055,S081,U0812,Ticari Kredi Notu,Periyodik Izleme,Izleme,65.0,22693068.0,1246.0,2025-11-28,18428707.0,47400462.0,0.0,0.0,1603.0,2.0,14674551.0,215.0,,,1,0.372,0.3888,0.4376,0.7457,A,A
2026-05-25,9747223.0,6560728.0,1573226.0,6,0,0,1535,0,2309109.0,1644665.0,958,9614412805,S042,U0422,Cek Raporu,Limit Yenileme,Aksiyon Yok,30.0,4987502.0,,,,,,,,,,,6586463.0,0.0,0,0.2507,,0.7123,0.6609,B,
2026-07-10,8608378.0,6586463.0,1579397.0,6,0,0,1526,0,1797694.0,1528376.0,959,9614412805,S042,U0421,Risk Merkezi,Limit Yenileme,Teklif,40.0,5007066.0,958.0,2026-05-25,1644665.0,6560728.0,0.0,0.0,1535.0,6.0,1573226.0,46.0,7065172.0,0.0,0,0.232,0.2507,0.8502,0.7427,B,B
2026-09-29,10225066.0,7065172.0,1694189.0,6,0,0,1559,0,2810041.0,1831874.0,960,9614412805,S042,U0421,Cek Raporu,Tahsis Revizyonu,Izleme,30.0,5370983.0,959.0,2026-07-10,1528376.0,6586463.0,0.0,0.0,1526.0,6.0,1579397.0,81.0,,,1,0.2593,0.232,0.6519,0.7058,B,B
2025-10-13,145964648.0,75855726.0,23380249.0,3,0,0,1436,0,52606245.0,20430138.0,988,9616134047,S091,U0912,Ticari Kredi Notu,Limit Yenileme,Teklif,65.0,52475477.0,,,,,,,,,,,79556157.0,0.0,0,0.2693,,0.3884,0.5937,B,
2026-01-26,155711598.0,79556157.0,24520795.0,3,0,0,1393,0,46504338.0,22433769.0,989,9616134047,S091,U0913,Risk Merkezi,Periyodik Izleme,Izleme,40.0,55035362.0,988.0,2025-10-13,20430138.0,75855726.0,0.0,0.0,1436.0,3.0,23380249.0,105.0,77447516.0,0.0,0,0.282,0.2693,0.4824,0.5231,C,B
2026-04-03,128859325.0,77447516.0,23870870.0,3,0,0,1406,0,30773691.0,20917745.0,990,9616134047,S091,U0913,Cek Raporu,Limit Yenileme,Teklif,30.0,53576646.0,989.0,2026-01-26,22433769.0,79556157.0,0.0,0.0,1393.0,3.0,24520795.0,67.0,,,1,0.2701,0.282,0.6797,0.5763,B,C
2025-10-21,7852791.0,4353341.0,763150.0,5,0,0,1688,0,2749769.0,1408224.0,531,9618130408,S002,U0021,Risk Merkezi,Limit Yenileme,Teklif,40.0,3590191.0,,,,,,,,,,,4435215.0,0.0,0,0.3235,,0.5121,0.5771,A,
2025-10-24,7799112.0,4435215.0,777503.0,5,0,0,1642,0,3132897.0,1499391.0,532,9618130408,S002,U0023,Ticari Kredi Notu,Periyodik Izleme,Izleme,65.0,3657712.0,531.0,2025-10-21,1408224.0,4353341.0,0.0,0.0,1688.0,5.0,763150.0,3.0,4508704.0,0.0,0,0.3381,0.3235,0.4786,0.6292,A,A
2025-10-31,8013411.0,4508704.0,790386.0,5,0,0,1638,0,2396811.0,1436324.0,533,9618130408,S002,U0022,Risk Merkezi,Tahsis Revizyonu,Izleme,40.0,3718318.0,532.0,2025-10-24,1499391.0,4435215.0,0.0,0.0,1642.0,5.0,777503.0,7.0,4656002.0,0.0,0,0.3186,0.3381,0.5993,0.547,A,A
2025-11-07,8901525.0,4656002.0,816208.0,5,0,0,1636,0,3965643.0,1634431.0,534,9618130408,S002,U0022,Ticari Kredi Notu,Limit Yenileme,Teklif,65.0,3839794.0,533.0,2025-10-31,1436324.0,4508704.0,0.0,0.0,1638.0,5.0,790386.0,7.0,5324248.0,0.0,0,0.351,0.3186,0.4121,0.6122,A,A
2026-01-30,8267832.0,5324248.0,933353.0,6,0,0,1549,0,2884954.0,1817483.0,535,9618130408,S002,U0021,Risk Merkezi,Limit Yenileme,Teklif,40.0,4390895.0,534.0,2025-11-07,1634431.0,4656002.0,0.0,0.0,1636.0,5.0,816208.0,84.0,5524297.0,1.0,0,0.3414,0.351,0.63,0.6515,B,A
2026-05-29,7312041.0,5524297.0,968422.0,7,1,0,1403,1,2895199.0,1721538.0,536,9618130408,S002,U0023,Risk Merkezi,Periyodik Izleme,Izleme,40.0,4555875.0,535.0,2026-01-30,1817483.0,5324248.0,0.0,0.0,1549.0,6.0,933353.0,119.0,,,1,0.3116,0.3414,0.5946,0.861,B,B
2025-11-28,75971348.0,53880537.0,18859894.0,5,0,0,1334,0,12780527.0,8178757.0,458,9622216194,S061,U0611,Risk Merkezi,Limit Yenileme,Aksiyon Yok,40.0,35020643.0,,,,,,,,,,,64702643.0,1.0,0,0.1518,,0.6399,0.7232,C,
2026-06-12,68363127.0,64702643.0,22647974.0,7,1,0,1060,3,8016436.0,7496393.0,459,9622216194,S061,U0612,Risk Merkezi,Tahsis Revizyonu,Izleme,40.0,42054669.0,458.0,2025-11-28,8178757.0,53880537.0,0.0,0.0,1334.0,5.0,18859894.0,196.0,67840685.0,1.0,0,0.1159,0.1518,0.9351,0.948,D,C
2026-08-31,70244672.0,67840685.0,23746388.0,8,1,0,978,2,9742319.0,9234911.0,460,9622216194,S061,U0612,Risk Merkezi,Limit Yenileme,Aksiyon Yok,40.0,44094297.0,459.0,2026-06-12,7496393.0,64702643.0,1.0,0.0,1060.0,7.0,22647974.0,80.0,,,1,0.1361,0.1159,0.9479,0.9687,D,D
2026-04-27,19547497.0,12808913.0,3792578.0,6,0,0,1411,0,6950893.0,4175250.0,550,9623554567,S072,U0723,Risk Merkezi,Yeni Basvuru,Aksiyon Yok,40.0,9016335.0,,,,,,,,,,,13571250.0,0.0,0,0.326,,0.6007,0.6854,B,
2026-07-27,19636413.0,13571250.0,4018297.0,6,0,0,1415,0,6912305.0,4088578.0,551,9623554567,S072,U0721,Risk Merkezi,Periyodik Izleme,Izleme,40.0,9552953.0,550.0,2026-04-27,4175250.0,12808913.0,0.0,0.0,1411.0,6.0,3792578.0,91.0,13036729.0,0.0,0,0.3013,0.326,0.5915,0.7453,B,B
2026-08-05,19271916.0,13036729.0,3860032.0,6,0,0,1416,0,6140768.0,4171671.0,552,9623554567,S072,U0722,Risk Merkezi,Periyodik Izleme,Izleme,40.0,9176697.0,551.0,2026-07-27,4088578.0,13571250.0,0.0,0.0,1415.0,6.0,4018297.0,9.0,,,1,0.32,0.3013,0.6793,0.6751,B,B
2025-11-05,192092346.0,112454512.0,18806818.0,4,0,0,1324,0,115429016.0,38717087.0,1137,9623799215,S031,U0312,Ticari Kredi Notu,Yeni Basvuru,Aksiyon Yok,65.0,93647694.0,,,,,,,,,,,126226760.0,0.0,0,0.3443,,0.3354,0.9618,C,
2026-01-16,234295287.0,126226760.0,21110080.0,5,0,0,1275,0,125204967.0,36153027.0,1138,9623799215,S031,U0311,Risk Merkezi,Limit Yenileme,Ret,40.0,105116680.0,1137.0,2025-11-05,38717087.0,112454512.0,0.0,0.0,1324.0,4.0,18806818.0,72.0,135290703.0,0.0,0,0.2864,0.3443,0.2888,0.8257,C,C
2026-04-15,240089168.0,135290703.0,22625928.0,5,0,0,1290,0,86627672.0,27157940.0,1139,9623799215,S031,U0311,Cek Raporu,Tahsis Revizyonu,Izleme,30.0,112664775.0,1138.0,2026-01-16,36153027.0,126226760.0,0.0,0.0,1275.0,5.0,21110080.0,89.0,145176243.0,0.0,0,0.2007,0.2864,0.3135,0.7046,C,C
2026-06-22,263140752.0,145176243.0,24279179.0,5,0,0,1301,0,64967249.0,19600987.0,1140,9623799215,S031,U0311,Ticari Kredi Notu,Tahsis Revizyonu,Izleme,65.0,120897064.0,1139.0,2026-04-15,27157940.0,135290703.0,0.0,0.0,1290.0,5.0,22625928.0,68.0,148717342.0,0.0,0,0.135,0.2007,0.3017,0.6337,C,C
2026-06-26,240299364.0,148717342.0,24871390.0,5,0,0,1360,0,62524778.0,23064367.0,1141,9623799215,S031,U0312,Cek Raporu,Periyodik Izleme,Izleme,30.0,123845952.0,1140.0,2026-06-22,19600987.0,145176243.0,0.0,0.0,1301.0,5.0,24279179.0,4.0,,,1,0.1551,0.135,0.3689,0.7068,C,C
2026-03-03,19709223.0,10476252.0,2422429.0,3,0,0,1548,0,6208341.0,2455443.0,30,9627194192,S092,U0922,Ticari Kredi Notu,Yeni Basvuru,Kullandirim,65.0,8053823.0,,,,,,,,,,,11046558.0,0.0,0,0.2344,,0.3955,0.5941,B,
2026-07-28,24615037.0,11046558.0,2554301.0,3,0,0,1550,0,6603053.0,2387795.0,31,9627194192,S092,U0922,Risk Merkezi,Tahsis Revizyonu,Izleme,40.0,8492257.0,30.0,2026-03-03,2455443.0,10476252.0,0.0,0.0,1548.0,3.0,2422429.0,147.0,11090320.0,0.0,0,0.2162,0.2344,0.3616,0.4807,B,B
2026-08-28,24886729.0,11090320.0,2564420.0,3,0,0,1542,0,6775053.0,2308825.0,32,9627194192,S092,U0923,Risk Merkezi,Limit Yenileme,Kullandirim,40.0,8525900.0,31.0,2026-07-28,2387795.0,11046558.0,0.0,0.0,1550.0,3.0,2554301.0,31.0,,,1,0.2082,0.2162,0.3408,0.4849,B,B
2026-06-08,13694573.0,7139477.0,1580221.0,2,0,0,1647,0,3073404.0,1513646.0,843,9628076396,S102,U1021,Risk Merkezi,Yeni Basvuru,Aksiyon Yok,40.0,5559256.0,,,,,,,,,,,6753814.0,0.0,0,0.212,,0.4925,0.5297,A,
2026-06-12,10453271.0,6753814.0,1494860.0,2,0,0,1621,0,2539272.0,1452485.0,844,9628076396,S102,U1023,Risk Merkezi,Limit Yenileme,Kullandirim,40.0,5258954.0,843.0,2026-06-08,1513646.0,7139477.0,0.0,0.0,1647.0,2.0,1580221.0,4.0,6966547.0,0.0,0,0.2151,0.212,0.572,0.6699,A,A
2026-09-04,11774407.0,6966547.0,1541945.0,2,0,0,1629,0,3643336.0,1572083.0,845,9628076396,S102,U1021,Risk Merkezi,Periyodik Izleme,Izleme,40.0,5424602.0,844.0,2026-06-12,1452485.0,6753814.0,0.0,0.0,1621.0,2.0,1494860.0,84.0,,,1,0.2257,0.2151,0.4315,0.6634,A,A
2025-10-17,11778481.0,8128591.0,1941333.0,6,0,0,1385,0,4700317.0,2814863.0,1203,9628730762,S112,U1121,Risk Merkezi,Yeni Basvuru,Ret,40.0,6187258.0,,,,,,,,,,,8276873.0,0.0,0,0.3463,,0.5989,0.7507,C,
2025-12-26,10295575.0,8276873.0,1976747.0,7,0,0,1319,0,3456049.0,2658870.0,1204,9628730762,S112,U1123,Risk Merkezi,Periyodik Izleme,Izleme,40.0,6300126.0,1203.0,2025-10-17,2814863.0,8128591.0,0.0,0.0,1385.0,6.0,1941333.0,70.0,8304278.0,0.0,0,0.3212,0.3463,0.7693,0.8214,C,C
2026-01-28,10044591.0,8304278.0,1983292.0,7,0,0,1221,0,3693201.0,2699443.0,1205,9628730762,S112,U1123,Risk Merkezi,Periyodik Izleme,Izleme,40.0,6320986.0,1204.0,2025-12-26,2658870.0,8276873.0,0.0,0.0,1319.0,7.0,1976747.0,33.0,10240536.0,1.0,0,0.3251,0.3212,0.7309,0.8825,C,C
2026-07-24,10343976.0,10240536.0,2445725.0,8,1,0,1025,1,3215003.0,3093749.0,1206,9628730762,S112,U1121,Risk Merkezi,Limit Yenileme,Ret,40.0,7794811.0,1205.0,2026-01-28,2699443.0,8304278.0,0.0,0.0,1221.0,7.0,1983292.0,177.0,,,1,0.3021,0.3251,0.9623,1.0025,D,C
2026-06-25,8037719.0,5770618.0,1185615.0,2,0,0,1524,0,2169981.0,1343396.0,788,9628871477,S002,U0021,Risk Merkezi,Yeni Basvuru,Kullandirim,40.0,4585003.0,,,,,,,,,,,5702758.0,0.0,0,0.2328,,0.6191,0.7545,B,
2026-08-25,8584131.0,5702758.0,1171673.0,2,0,0,1579,0,2332137.0,1456444.0,789,9628871477,S002,U0021,Risk Merkezi,Limit Yenileme,Teklif,40.0,4531085.0,788.0,2026-06-25,1343396.0,5770618.0,0.0,0.0,1524.0,2.0,1185615.0,61.0,,,1,0.2554,0.2328,0.6245,0.6792,B,B
2025-10-16,90036108.0,49978117.0,9129629.0,5,0,0,1343,0,24387090.0,10384444.0,1280,9629039736,S111,U1113,Risk Merkezi,Yeni Basvuru,Aksiyon Yok,40.0,40848488.0,,,,,,,,,,,47766687.0,0.0,0,0.2078,,0.4258,0.6031,C,
2025-11-14,101223285.0,47766687.0,8725662.0,5,0,0,1264,0,21387908.0,9945702.0,1281,9629039736,S111,U1113,Ticari Kredi Notu,Periyodik Izleme,Izleme,65.0,39041025.0,1280.0,2025-10-16,10384444.0,49978117.0,0.0,0.0,1343.0,5.0,9129629.0,29.0,,,1,0.2082,0.2078,0.465,0.4737,C,C
2026-02-05,516713654.0,355582467.0,99521713.0,5,0,0,1381,0,118720406.0,74194524.0,501,9630071989,S030,U0301,Risk Merkezi,Periyodik Izleme,Izleme,40.0,256060754.0,,,,,,,,,,,327913483.0,0.0,0,0.2087,,0.625,0.707,C,
2026-02-10,467321485.0,327913483.0,91777617.0,5,0,0,1363,0,109949141.0,76647557.0,502,9630071989,S030,U0302,Ticari Kredi Notu,Limit Yenileme,Aksiyon Yok,65.0,236135866.0,501.0,2026-02-05,74194524.0,355582467.0,0.0,0.0,1381.0,5.0,99521713.0,5.0,,,1,0.2337,0.2087,0.6971,0.7031,C,C
2026-06-01,639246280.0,313257816.0,64648760.0,3,0,0,1444,0,419571993.0,130150232.0,837,9631755299,S050,U0501,Ticari Kredi Notu,Limit Yenileme,Kullandirim,65.0,248609056.0,,,,,,,,,,,,,1,0.4155,,0.3102,0.8335,B,
2025-10-10,84412993.0,51756500.0,6414183.0,5,0,0,1334,0,36712513.0,13331572.0,973,9632226348,S081,U0813,Risk Merkezi,Tahsis Revizyonu,Izleme,40.0,45342317.0,,,,,,,,,,,54259107.0,0.0,0,0.2576,,0.3631,0.8055,C,
2025-12-26,91742695.0,54259107.0,6724331.0,5,0,0,1295,0,36600795.0,12496500.0,974,9632226348,S081,U0812,Risk Merkezi,Limit Yenileme,Aksiyon Yok,40.0,47534776.0,973.0,2025-10-10,13331572.0,51756500.0,0.0,0.0,1334.0,5.0,6414183.0,77.0,60829971.0,0.0,0,0.2303,0.2576,0.3414,0.7574,C,C
2026-02-20,102286581.0,60829971.0,7538658.0,6,0,0,1295,0,30908459.0,10654189.0,975,9632226348,S081,U0813,Ticari Kredi Notu,Limit Yenileme,Aksiyon Yok,65.0,53291313.0,974.0,2025-12-26,12496500.0,54259107.0,0.0,0.0,1295.0,5.0,6724331.0,56.0,74632515.0,0.0,0,0.1751,0.2303,0.3447,0.703,C,C
2026-09-18,110196119.0,74632515.0,9249207.0,7,0,0,1315,0,11019612.0,0.0,976,9632226348,S081,U0812,Cek Raporu,Periyodik Izleme,Izleme,30.0,65383308.0,975.0,2026-02-20,10654189.0,60829971.0,0.0,0.0,1295.0,6.0,7538658.0,210.0,,,1,0.0,0.1751,0.0,0.7525,C,C
2025-12-03,867372639.0,545193597.0,110841079.0,5,0,0,1469,0,185120909.0,124567442.0,1327,9633650607,S000,U0001,Ticari Kredi Notu,Periyodik Izleme,Izleme,65.0,434352518.0,,,,,,,,,,,625729573.0,0.0,0,0.2285,,0.6729,0.6165,B,
2026-03-06,897720703.0,625729573.0,127214519.0,5,0,0,1353,2,270782620.0,159305817.0,1328,9633650607,S000,U0003,Ticari Kredi Notu,Periyodik Izleme,Izleme,65.0,498515054.0,1327.0,2025-12-03,124567442.0,545193597.0,0.0,0.0,1469.0,5.0,110841079.0,93.0,637803678.0,0.0,0,0.2546,0.2285,0.5883,0.744,C,B
2026-03-13,919933596.0,637803678.0,129669256.0,5,0,0,1332,0,202194077.0,139809484.0,1329,9633650607,S000,U0003,Risk Merkezi,Periyodik Izleme,Izleme,40.0,508134422.0,1328.0,2026-03-06,159305817.0,625729573.0,0.0,0.0,1353.0,5.0,127214519.0,7.0,634223719.0,0.0,0,0.2192,0.2546,0.6915,0.6938,C,C
2026-03-20,928172157.0,634223719.0,128941429.0,5,0,0,1343,0,190200016.0,137246709.0,1330,9633650607,S000,U0001,Risk Merkezi,Limit Yenileme,Aksiyon Yok,40.0,505282290.0,1329.0,2026-03-13,139809484.0,637803678.0,0.0,0.0,1332.0,5.0,129669256.0,7.0,649337879.0,1.0,0,0.2164,0.2192,0.7216,0.6734,C,C
2026-05-15,859624781.0,649337879.0,132014227.0,6,1,0,1224,2,159804682.0,136113802.0,1331,9633650607,S000,U0002,Risk Merkezi,Limit Yenileme,Kullandirim,40.0,517323652.0,1330.0,2026-03-20,137246709.0,634223719.0,0.0,0.0,1343.0,5.0,128941429.0,56.0,,,1,0.2096,0.2164,0.8518,0.7334,C,C
2025-10-30,3894613.0,2639945.0,818901.0,6,0,0,1413,0,923269.0,656896.0,1184,9634053032,S032,U0323,Risk Merkezi,Yeni Basvuru,Aksiyon Yok,40.0,1821044.0,,,,,,,,,,,2665502.0,0.0,0,0.2488,,0.7115,0.6674,B,
2026-06-05,3864180.0,2665502.0,826829.0,6,0,0,1435,0,1113156.0,630008.0,1185,9634053032,S032,U0322,Cek Raporu,Periyodik Izleme,Izleme,30.0,1838673.0,1184.0,2025-10-30,656896.0,2639945.0,0.0,0.0,1413.0,6.0,818901.0,218.0,,,1,0.2364,0.2488,0.566,0.7399,B,B
2025-10-10,328162948.0,160210526.0,31686866.0,7,0,0,1310,0,154105771.0,70597992.0,561,9634592203,S101,U1012,Risk Merkezi,Periyodik Izleme,Izleme,40.0,128523660.0,,,,,,,,,,,165400331.0,0.0,0,0.4407,,0.4581,0.5148,C,
2026-04-24,337822611.0,165400331.0,32713320.0,7,0,0,1287,0,236465274.0,69495652.0,562,9634592203,S101,U1011,Risk Merkezi,Tahsis Revizyonu,Izleme,40.0,132687011.0,561.0,2025-10-10,70597992.0,160210526.0,0.0,0.0,1310.0,7.0,31686866.0,196.0,161342767.0,0.0,0,0.4202,0.4407,0.2939,0.9462,C,C
2026-05-29,384586603.0,161342767.0,31910804.0,7,0,0,1243,0,240408732.0,67409719.0,563,9634592203,S101,U1013,Ticari Kredi Notu,Periyodik Izleme,Izleme,65.0,129431963.0,562.0,2026-04-24,69495652.0,165400331.0,0.0,0.0,1287.0,7.0,32713320.0,35.0,,,1,0.4178,0.4202,0.2804,0.6515,C,C
2026-03-27,162477476.0,123295399.0,45048391.0,5,0,0,1526,0,41449690.0,21091513.0,257,9639162006,S030,U0302,Risk Merkezi,Yeni Basvuru,Kullandirim,40.0,78247008.0,,,,,,,,,,,121796047.0,0.0,0,0.1711,,0.5088,0.8445,B,
2026-03-30,175764528.0,121796047.0,44500574.0,5,0,0,1485,0,42521204.0,18834771.0,258,9639162006,S030,U0301,Risk Merkezi,Limit Yenileme,Aksiyon Yok,40.0,77295473.0,257.0,2026-03-27,21091513.0,123295399.0,0.0,0.0,1526.0,5.0,45048391.0,3.0,138433488.0,0.0,0,0.1546,0.1711,0.443,0.7727,B,B
2026-07-24,179976701.0,138433488.0,50579389.0,6,0,0,1519,0,11295653.0,5864415.0,259,9639162006,S030,U0301,Risk Merkezi,Periyodik Izleme,Izleme,40.0,87854099.0,258.0,2026-03-30,18834771.0,121796047.0,0.0,0.0,1485.0,5.0,44500574.0,116.0,,,1,0.0424,0.1546,0.5192,0.7859,B,B
2025-10-20,22054833.0,15047394.0,1737453.0,7,0,0,1795,0,5336599.0,2817932.0,1406,9642175265,S102,U1021,Risk Merkezi,Yeni Basvuru,Teklif,40.0,13309941.0,,,,,,,,,,,,,1,0.1873,,0.528,0.7315,A,
2025-11-13,21030985.0,13788040.0,4763182.0,7,0,0,1619,0,3418099.0,1386401.0,39,9649436560,S092,U0921,Cek Raporu,Yeni Basvuru,Aksiyon Yok,30.0,9024858.0,,,,,,,,,,,16755712.0,0.0,0,0.1006,,0.4056,0.7041,A,
2026-04-07,24935601.0,16755712.0,5788387.0,8,0,0,1628,0,193240.0,81539.0,40,9649436560,S092,U0922,Risk Merkezi,Limit Yenileme,Aksiyon Yok,40.0,10967325.0,39.0,2025-11-13,1386401.0,13788040.0,0.0,0.0,1619.0,7.0,4763182.0,145.0,18772611.0,0.0,0,0.0049,0.1006,0.422,0.6739,A,A
2026-06-17,28120838.0,18772611.0,6485140.0,8,0,0,1592,0,2812084.0,0.0,41,9649436560,S092,U0923,Risk Merkezi,Limit Yenileme,Teklif,40.0,12287471.0,40.0,2026-04-07,81539.0,16755712.0,0.0,0.0,1628.0,8.0,5788387.0,71.0,,,1,0.0,0.0049,0.0,0.7417,B,A
2025-12-12,120982572.0,52443812.0,13217342.0,6,0,0,1430,0,32799914.0,8259452.0,1444,9649862810,S061,U0612,Cek Raporu,Yeni Basvuru,Kullandirim,30.0,39226470.0,,,,,,,,,,,57080932.0,0.0,0,0.1575,,0.2518,0.5011,B,
2026-01-16,124734949.0,57080932.0,14933380.0,6,0,0,1474,0,23610541.0,7875042.0,1445,9649862810,S061,U0611,Risk Merkezi,Limit Yenileme,Kullandirim,40.0,42147552.0,1444.0,2025-12-12,8259452.0,52443812.0,0.0,0.0,1430.0,6.0,13217342.0,35.0,57723604.0,0.0,0,0.138,0.1575,0.3335,0.4866,B,B
2026-04-17,115870744.0,57723604.0,16540651.0,6,0,0,1487,0,25875144.0,11727792.0,1446,9649862810,S061,U0611,Risk Merkezi,Periyodik Izleme,Izleme,40.0,41182953.0,1445.0,2026-01-16,7875042.0,57080932.0,0.0,0.0,1474.0,6.0,14933380.0,91.0,65384458.0,0.0,0,0.2032,0.138,0.4532,0.5111,B,B
2026-06-26,142943895.0,65384458.0,19989811.0,6,0,0,1509,0,32143375.0,14138712.0,1447,9649862810,S061,U0611,Risk Merkezi,Periyodik Izleme,Izleme,40.0,45394647.0,1446.0,2026-04-17,11727792.0,57723604.0,0.0,0.0,1487.0,6.0,16540651.0,70.0,,,1,0.2162,0.2032,0.4399,0.4625,B,B
2026-04-01,49120879.0,32491563.0,7774785.0,3,0,0,1686,0,26315482.0,11161077.0,238,9650052945,S041,U0413,Ticari Kredi Notu,Tahsis Revizyonu,Izleme,65.0,24716778.0,,,,,,,,,,,31823169.0,0.0,0,0.3435,,0.4241,0.9353,A,
2026-04-09,49530331.0,31823169.0,7614848.0,3,0,0,1677,0,16442782.0,10934701.0,239,9650052945,S041,U0413,Risk Merkezi,Limit Yenileme,Teklif,40.0,24208321.0,238.0,2026-04-01,11161077.0,32491563.0,0.0,0.0,1686.0,3.0,7774785.0,8.0,33153566.0,0.0,0,0.3436,0.3435,0.665,0.6313,A,A
2026-06-12,55308512.0,33153566.0,7933193.0,3,0,0,1698,0,19764578.0,10699211.0,240,9650052945,S041,U0412,Risk Merkezi,Limit Yenileme,Kullandirim,40.0,25220373.0,239.0,2026-04-09,10934701.0,31823169.0,0.0,0.0,1677.0,3.0,7614848.0,64.0,34623091.0,0.0,0,0.3227,0.3436,0.5413,0.6317,A,A
2026-08-28,55905190.0,34623091.0,8284830.0,3,0,0,1751,0,16604291.0,11301423.0,241,9650052945,S041,U0411,Ticari Kredi Notu,Limit Yenileme,Aksiyon Yok,65.0,26338261.0,240.0,2026-06-12,10699211.0,33153566.0,0.0,0.0,1698.0,3.0,7933193.0,77.0,,,1,0.3264,0.3227,0.6806,0.5934,A,A
2025-12-02,866880409.0,677857906.0,210943861.0,4,0,0,1701,0,159250128.0,84713247.0,925,9650660307,S030,U0303,Risk Merkezi,Periyodik Izleme,Izleme,40.0,466914045.0,,,,,,,,,,,742251859.0,0.0,0,0.125,,0.532,0.8382,A,
2026-02-06,1014273624.0,742251859.0,230982735.0,5,0,0,1676,0,141381482.0,68118493.0,926,9650660307,S030,U0301,Ticari Kredi Notu,Limit Yenileme,Aksiyon Yok,65.0,511269124.0,925.0,2025-12-02,84713247.0,677857906.0,0.0,0.0,1701.0,4.0,210943861.0,66.0,827729470.0,0.0,0,0.0918,0.125,0.4818,0.7723,A,A
2026-04-13,1017818491.0,827729470.0,257582672.0,5,0,0,1751,0,9171259.0,5165609.0,927,9650660307,S030,U0303,Risk Merkezi,Periyodik Izleme,Izleme,40.0,570146798.0,926.0,2026-02-06,68118493.0,742251859.0,0.0,0.0,1676.0,5.0,230982735.0,66.0,885322775.0,0.0,0,0.0062,0.0918,0.5632,0.8155,A,A
2026-06-08,1102228707.0,885322775.0,275505240.0,5,0,0,1783,0,110222871.0,0.0,928,9650660307,S030,U0302,Ticari Kredi Notu,Limit Yenileme,Aksiyon Yok,65.0,609817535.0,927.0,2026-04-13,5165609.0,827729470.0,0.0,0.0,1751.0,5.0,257582672.0,56.0,893921917.0,0.0,0,0.0,0.0062,0.0,0.8925,A,A
2026-06-26,1144453862.0,893921917.0,278181222.0,5,0,0,1787,0,114445386.0,0.0,929,9650660307,S030,U0301,Risk Merkezi,Limit Yenileme,Kullandirim,40.0,615740695.0,928.0,2026-06-08,0.0,885322775.0,0.0,0.0,1783.0,5.0,275505240.0,18.0,922052680.0,0.0,0,0.0,0.0,0.0,0.8679,A,A
2026-07-28,1171943503.0,922052680.0,286935287.0,6,0,0,1694,0,117194350.0,0.0,930,9650660307,S030,U0302,Cek Raporu,Limit Yenileme,Ret,30.0,635117393.0,929.0,2026-06-26,0.0,893921917.0,0.0,0.0,1787.0,5.0,278181222.0,32.0,,,1,0.0,0.0,0.0,0.8742,A,A
2026-01-30,227599870.0,116923181.0,17790256.0,6,0,0,1440,0,89470563.0,44948526.0,1372,9650792448,S061,U0611,Risk Merkezi,Yeni Basvuru,Kullandirim,40.0,99132925.0,,,,,,,,,,,,,1,0.3844,,0.5024,0.5211,B,
2026-04-27,70113884.0,48786251.0,13922282.0,4,0,0,1384,0,20870293.0,14187012.0,1419,9653145597,S101,U1012,Risk Merkezi,Tahsis Revizyonu,Izleme,40.0,34863969.0,,,,,,,,,,,51266750.0,0.0,0,0.2908,,0.6798,0.7026,C,
2026-05-20,70000790.0,51266750.0,14630149.0,4,0,0,1312,0,23462217.0,14096226.0,1420,9653145597,S101,U1012,Ticari Kredi Notu,Limit Yenileme,Kullandirim,65.0,36636601.0,1419.0,2026-04-27,14187012.0,48786251.0,0.0,0.0,1384.0,4.0,13922282.0,23.0,54108426.0,0.0,0,0.275,0.2908,0.6008,0.7987,C,C
2026-08-13,73074069.0,54108426.0,15441087.0,4,0,0,1374,0,21044175.0,16717515.0,1421,9653145597,S101,U1011,Ticari Kredi Notu,Limit Yenileme,Ret,65.0,38667339.0,1420.0,2026-05-20,14096226.0,51266750.0,0.0,0.0,1312.0,4.0,14630149.0,85.0,,,1,0.309,0.275,0.7944,0.7186,C,C
2025-11-05,10891899.0,7303717.0,1436584.0,6,0,0,1502,0,1800670.0,1075973.0,1106,9653638876,S062,U0621,Risk Merkezi,Yeni Basvuru,Ret,40.0,5867133.0,,,,,,,,,,,7631264.0,0.0,0,0.1473,,0.5975,0.685,B,
2025-12-15,11510416.0,7631264.0,1501009.0,6,0,0,1503,0,2729657.0,1491913.0,1107,9653638876,S062,U0623,Risk Merkezi,Periyodik Izleme,Izleme,40.0,6130255.0,1106.0,2025-11-05,1075973.0,7303717.0,0.0,0.0,1502.0,6.0,1436584.0,40.0,9161549.0,0.0,0,0.1955,0.1473,0.5466,0.6992,B,B
2026-05-28,13449972.0,9161549.0,1802004.0,6,0,0,1582,0,2732144.0,2061811.0,1108,9653638876,S062,U0623,Ticari Kredi Notu,Periyodik Izleme,Izleme,65.0,7359545.0,1107.0,2025-12-15,1491913.0,7631264.0,0.0,0.0,1503.0,6.0,1501009.0,164.0,,,1,0.2251,0.1955,0.7546,0.6624,B,B
2025-10-03,998585432.0,530813343.0,176162440.0,2,0,0,1653,0,189090619.0,100023902.0,1702,9655618059,S000,U0003,Ticari Kredi Notu,Periyodik Izleme,Izleme,65.0,354650903.0,,,,,,,,,,,426062397.0,0.0,0,0.1884,,0.529,0.5322,A,
2026-04-03,911309204.0,426062397.0,141398465.0,1,0,0,1674,0,865743744.0,426062397.0,1703,9655618059,S000,U0002,Risk Merkezi,Limit Yenileme,Kullandirim,40.0,284663932.0,1702.0,2025-10-03,100023902.0,530813343.0,0.0,0.0,1653.0,2.0,176162440.0,182.0,418429532.0,0.0,0,1.0,0.1884,0.4921,0.0,A,A
2026-04-09,873765943.0,418429532.0,138865325.0,1,0,0,1660,0,802329916.0,418429532.0,1704,9655618059,S000,U0002,Risk Merkezi,Limit Yenileme,Teklif,40.0,279564207.0,1703.0,2026-04-03,426062397.0,426062397.0,0.0,0.0,1674.0,1.0,141398465.0,6.0,433207803.0,0.0,0,1.0,1.0,0.5215,0.0,A,A
2026-04-24,968005584.0,433207803.0,143769830.0,1,0,0,1664,0,919605305.0,433207803.0,1705,9655618059,S000,U0003,Risk Merkezi,Periyodik Izleme,Izleme,40.0,289437973.0,1704.0,2026-04-09,418429532.0,418429532.0,0.0,0.0,1660.0,1.0,138865325.0,15.0,353250475.0,0.0,0,1.0,1.0,0.4711,0.0,A,A
2026-09-14,829601243.0,353250475.0,117234178.0,1,0,0,1674,0,788121181.0,353250475.0,1706,9655618059,S000,U0002,Risk Merkezi,Limit Yenileme,Aksiyon Yok,40.0,236016297.0,1705.0,2026-04-24,433207803.0,433207803.0,0.0,0.0,1664.0,1.0,143769830.0,143.0,,,1,1.0,1.0,0.4482,0.0,A,A
2025-11-21,31796203.0,20549237.0,4596525.0,2,0,0,1644,0,4417358.0,2602517.0,855,9656003254,S062,U0622,Cek Raporu,Yeni Basvuru,Ret,30.0,15952712.0,,,,,,,,,,,25016346.0,1.0,0,0.1266,,0.5892,0.6555,A,
2026-07-14,28576741.0,25016346.0,5595744.0,4,1,0,1327,2,2538746.0,2377655.0,856,9656003254,S062,U0623,Ticari Kredi Notu,Limit Yenileme,Aksiyon Yok,65.0,19420602.0,855.0,2025-11-21,2602517.0,20549237.0,0.0,0.0,1644.0,2.0,4596525.0,235.0,26169803.0,1.0,0,0.095,0.1266,0.9365,0.8694,C,A
2026-08-10,29345508.0,26169803.0,5853753.0,5,1,1,1290,2,3911470.0,2903672.0,857,9656003254,S062,U0622,Risk Merkezi,Tahsis Revizyonu,Izleme,40.0,20316050.0,856.0,2026-07-14,2377655.0,25016346.0,1.0,0.0,1327.0,4.0,5595744.0,27.0,,,1,0.111,0.095,0.7423,0.9148,C,C
2025-10-16,1059555637.0,646963813.0,187300697.0,5,0,0,1252,0,401114317.0,144641498.0,134,9656843300,S030,U0302,Cek Raporu,Periyodik Izleme,Izleme,30.0,459663116.0,,,,,,,,,,,685004903.0,0.0,0,0.2236,,0.3606,0.7629,C,
2025-12-09,974210357.0,685004903.0,198313867.0,5,0,0,1306,0,299824872.0,135862222.0,135,9656843300,S030,U0303,Risk Merkezi,Tahsis Revizyonu,Izleme,40.0,486691036.0,134.0,2025-10-16,144641498.0,646963813.0,0.0,0.0,1252.0,5.0,187300697.0,54.0,684798508.0,0.0,0,0.1983,0.2236,0.4531,0.8143,C,C
2025-12-29,993914948.0,684798508.0,198254115.0,5,0,0,1258,0,215395814.0,94556835.0,136,9656843300,S030,U0301,Ticari Kredi Notu,Tahsis Revizyonu,Izleme,65.0,486544393.0,135.0,2025-12-09,135862222.0,685004903.0,0.0,0.0,1306.0,5.0,198313867.0,20.0,783047673.0,0.0,0,0.1381,0.1983,0.439,0.7582,C,C
2026-02-25,1111928788.0,783047673.0,226697957.0,6,0,0,1324,0,197604375.0,89756780.0,137,9656843300,S030,U0301,Risk Merkezi,Limit Yenileme,Aksiyon Yok,40.0,556349716.0,136.0,2025-12-29,94556835.0,684798508.0,0.0,0.0,1258.0,5.0,198254115.0,58.0,840264600.0,0.0,0,0.1146,0.1381,0.4542,0.7583,C,C
2026-05-20,1176692016.0,840264600.0,243262671.0,6,0,0,1242,0,99546645.0,46198653.0,138,9656843300,S030,U0303,Risk Merkezi,Limit Yenileme,Kullandirim,40.0,597001929.0,137.0,2026-02-25,89756780.0,783047673.0,0.0,0.0,1324.0,6.0,226697957.0,84.0,,,1,0.055,0.1146,0.4641,0.7372,C,C
2025-11-14,12249675.0,7530569.0,2627547.0,3,0,0,1606,0,5860367.0,3346183.0,7,9657261830,S032,U0323,Risk Merkezi,Yeni Basvuru,Ret,40.0,4903022.0,,,,,,,,,,,7703253.0,0.0,0,0.4443,,0.571,0.6549,A,
2025-12-05,11312034.0,7703253.0,2687799.0,4,0,0,1549,0,6495643.0,3206761.0,8,9657261830,S032,U0321,Ticari Kredi Notu,Periyodik Izleme,Izleme,65.0,5015454.0,7.0,2025-11-14,3346183.0,7530569.0,0.0,0.0,1606.0,3.0,2627547.0,21.0,8715095.0,0.0,0,0.4163,0.4443,0.4937,0.9336,B,A
2026-04-13,10941315.0,8715095.0,3040849.0,5,0,0,1430,0,5340967.0,3480888.0,9,9657261830,S032,U0323,Risk Merkezi,Periyodik Izleme,Izleme,40.0,5674246.0,8.0,2025-12-05,3206761.0,7703253.0,0.0,0.0,1549.0,4.0,2687799.0,129.0,9799612.0,0.0,0,0.3994,0.4163,0.6517,0.9346,B,B
2026-07-31,11871502.0,9799612.0,3419256.0,5,0,0,1237,1,5022218.0,3963277.0,10,9657261830,S032,U0321,Risk Merkezi,Limit Yenileme,Aksiyon Yok,40.0,6380356.0,9.0,2026-04-13,3480888.0,8715095.0,0.0,0.0,1430.0,5.0,3040849.0,109.0,,,1,0.4044,0.3994,0.7891,0.8521,C,B
2025-11-27,112464503.0,51304005.0,14968163.0,2,0,0,1812,0,64529925.0,18642243.0,480,9659675827,S001,U0012,Risk Merkezi,Yeni Basvuru,Aksiyon Yok,40.0,36335842.0,,,,,,,,,,,57578613.0,0.0,0,0.3634,,0.2889,0.6814,A,
2026-01-29,117758659.0,57578613.0,21767920.0,2,0,0,1781,0,36474167.0,19086023.0,481,9659675827,S001,U0011,Cek Raporu,Periyodik Izleme,Izleme,30.0,35810693.0,480.0,2025-11-27,18642243.0,51304005.0,0.0,0.0,1812.0,2.0,14968163.0,63.0,56809102.0,0.0,0,0.3315,0.3634,0.5233,0.4736,A,A
2026-02-18,136482915.0,56809102.0,23033416.0,2,0,0,1779,0,61243388.0,22510383.0,482,9659675827,S001,U0011,Risk Merkezi,Periyodik Izleme,Izleme,40.0,33775686.0,481.0,2026-01-29,19086023.0,57578613.0,0.0,0.0,1781.0,2.0,21767920.0,20.0,56092044.0,0.0,0,0.3962,0.3315,0.3676,0.4559,A,A
2026-03-13,130533114.0,56092044.0,24509966.0,2,0,0,1830,0,41252933.0,20309239.0,483,9659675827,S001,U0012,Cek Raporu,Periyodik Izleme,Izleme,30.0,31582078.0,482.0,2026-02-18,22510383.0,56809102.0,0.0,0.0,1779.0,2.0,23033416.0,23.0,58225308.0,0.0,0,0.3621,0.3962,0.4923,0.4008,A,A
2026-03-27,117014504.0,58225308.0,26558767.0,2,0,0,1764,0,43529929.0,20483217.0,484,9659675827,S001,U0012,Risk Merkezi,Tahsis Revizyonu,Izleme,40.0,31666541.0,483.0,2026-03-13,20309239.0,56092044.0,0.0,0.0,1830.0,2.0,24509966.0,14.0,61236417.0,0.0,0,0.3518,0.3621,0.4706,0.5136,A,A
2026-04-24,130419215.0,61236417.0,30281042.0,2,0,0,1770,0,75158874.0,21452010.0,485,9659675827,S001,U0012,Risk Merkezi,Periyodik Izleme,Izleme,40.0,30955375.0,484.0,2026-03-27,20483217.0,58225308.0,0.0,0.0,1764.0,2.0,26558767.0,28.0,,,1,0.3503,0.3518,0.2854,0.7199,A,A
2026-03-13,564647025.0,415792419.0,114707936.0,6,0,0,1332,0,148348293.0,103659103.0,1598,9665628967,S000,U0003,Risk Merkezi,Yeni Basvuru,Kullandirim,40.0,301084483.0,,,,,,,,,,,,,1,0.2493,,0.6988,0.7498,C,
2025-12-16,1002883929.0,634383729.0,199554756.0,2,0,0,1588,0,409624926.0,156705896.0,1102,9667136772,S000,U0003,Risk Merkezi,Yeni Basvuru,Aksiyon Yok,40.0,434828973.0,,,,,,,,,,,687666954.0,0.0,0,0.247,,0.3826,0.8052,B,
2026-02-23,917104728.0,687666954.0,216315780.0,3,0,0,1557,0,245285303.0,122599433.0,1103,9667136772,S000,U0002,Risk Merkezi,Periyodik Izleme,Izleme,40.0,471351174.0,1102.0,2025-12-16,156705896.0,634383729.0,0.0,0.0,1588.0,2.0,199554756.0,69.0,710724731.0,0.0,0,0.1783,0.247,0.4998,0.8411,B,B
2026-02-27,1033772146.0,710724731.0,223568944.0,3,0,0,1577,0,267195118.0,116899513.0,1104,9667136772,S000,U0002,Risk Merkezi,Tahsis Revizyonu,Izleme,40.0,487155787.0,1103.0,2026-02-23,122599433.0,687666954.0,0.0,0.0,1557.0,3.0,216315780.0,4.0,802133784.0,0.0,0,0.1645,0.1783,0.4375,0.7746,B,B
2026-06-04,1116105981.0,802133784.0,252323010.0,3,0,0,1585,0,157062266.0,73613454.0,1105,9667136772,S000,U0001,Risk Merkezi,Periyodik Izleme,Izleme,40.0,549810774.0,1104.0,2026-02-27,116899513.0,710724731.0,0.0,0.0,1577.0,3.0,223568944.0,97.0,,,1,0.0918,0.1645,0.4687,0.7596,B,B
2025-10-29,147002016.0,84869062.0,13392802.0,5,0,0,1655,0,38609356.0,16971824.0,1019,9668157325,S031,U0311,Risk Merkezi,Yeni Basvuru,Kullandirim,40.0,71476260.0,,,,,,,,,,,91347186.0,0.0,0,0.2,,0.4396,0.6264,A,
2026-05-27,172000444.0,91347186.0,14415086.0,5,0,0,1653,0,58194498.0,17319594.0,1020,9668157325,S031,U0312,Cek Raporu,Limit Yenileme,Kullandirim,30.0,76932100.0,1019.0,2025-10-29,16971824.0,84869062.0,0.0,0.0,1655.0,5.0,13392802.0,210.0,,,1,0.1896,0.2,0.2976,0.6505,A,A
2025-12-05,11176996.0,7821032.0,1412745.0,6,0,0,1624,0,4899893.0,3296897.0,116,9674267814,S112,U1121,Risk Merkezi,Limit Yenileme,Ret,40.0,6408287.0,,,,,,,,,,,8937538.0,0.0,0,0.4215,,0.6729,0.7207,A,
2026-04-30,12064229.0,8937538.0,1614424.0,6,0,0,1711,0,6070406.0,4377412.0,117,9674267814,S112,U1121,Risk Merkezi,Periyodik Izleme,Izleme,40.0,7323114.0,116.0,2025-12-05,3296897.0,7821032.0,0.0,0.0,1624.0,6.0,1412745.0,146.0,9228101.0,0.0,0,0.4898,0.4215,0.7211,0.7608,A,A
2026-05-27,14146993.0,9228101.0,1666910.0,6,0,0,1681,0,7295609.0,4528076.0,118,9674267814,S112,U1121,Risk Merkezi,Periyodik Izleme,Izleme,40.0,7561191.0,117.0,2026-04-30,4377412.0,8937538.0,0.0,0.0,1711.0,6.0,1614424.0,27.0,10220266.0,0.0,0,0.4907,0.4898,0.6207,0.686,A,A
2026-09-03,14238818.0,10220266.0,1846129.0,6,0,0,1701,0,6668807.0,5227300.0,119,9674267814,S112,U1123,Cek Raporu,Limit Yenileme,Kullandirim,30.0,8374137.0,118.0,2026-05-27,4528076.0,9228101.0,0.0,0.0,1681.0,6.0,1666910.0,99.0,,,1,0.5115,0.4907,0.7838,0.6596,A,A
2026-04-10,1220395265.0,833225088.0,288914446.0,4,0,0,1689,0,544376837.0,290371144.0,1050,9676298913,S050,U0501,Risk Merkezi,Limit Yenileme,Ret,40.0,544310642.0,,,,,,,,,,,849776043.0,0.0,0,0.3485,,0.5334,0.803,A,
2026-05-28,1335564381.0,849776043.0,294653364.0,4,0,0,1682,0,465181922.0,292709125.0,1051,9676298913,S050,U0501,Risk Merkezi,Limit Yenileme,Ret,40.0,555122679.0,1050.0,2026-04-10,290371144.0,833225088.0,0.0,0.0,1689.0,4.0,288914446.0,48.0,812652342.0,0.0,0,0.3445,0.3485,0.6292,0.64,A,A
2026-05-29,1313787592.0,812652342.0,281781004.0,4,0,0,1726,0,445344811.0,287244053.0,1052,9676298913,S050,U0502,Risk Merkezi,Tahsis Revizyonu,Izleme,40.0,530871338.0,1051.0,2026-05-28,292709125.0,849776043.0,0.0,0.0,1682.0,4.0,294653364.0,1.0,,,1,0.3535,0.3445,0.645,0.605,A,A
2026-01-05,17731753.0,10484713.0,3241508.0,7,0,0,1329,0,4611145.0,1573765.0,1316,9680912167,S002,U0021,Risk Merkezi,Limit Yenileme,Ret,40.0,7243205.0,,,,,,,,,,,11945070.0,0.0,0,0.1501,,0.3413,0.6792,C,
2026-04-07,18358898.0,11945070.0,3692999.0,7,0,0,1354,0,2728920.0,1093320.0,1317,9680912167,S002,U0021,Risk Merkezi,Periyodik Izleme,Izleme,40.0,8252071.0,1316.0,2026-01-05,1573765.0,10484713.0,0.0,0.0,1329.0,7.0,3241508.0,92.0,11679937.0,0.0,0,0.0915,0.1501,0.4006,0.6943,C,C
2026-04-30,17933078.0,11679937.0,3611029.0,7,0,0,1385,0,1438745.0,577378.0,1318,9680912167,S002,U0023,Risk Merkezi,Periyodik Izleme,Izleme,40.0,8068908.0,1317.0,2026-04-07,1093320.0,11945070.0,0.0,0.0,1354.0,7.0,3692999.0,23.0,,,1,0.0494,0.0915,0.4013,0.6731,C,C
2025-12-25,156666361.0,85508064.0,16110925.0,3,0,0,1335,0,82870184.0,29503429.0,503,9681555488,S091,U0913,Risk Merkezi,Yeni Basvuru,Kullandirim,40.0,69397139.0,,,,,,,,,,,,,1,0.345,,0.356,0.7589,C,
2025-10-20,42360211.0,25471778.0,4284123.0,6,0,0,1696,0,14865417.0,8950660.0,1527,9683089732,S111,U1111,Risk Merkezi,Tahsis Revizyonu,Izleme,40.0,21187655.0,,,,,,,,,,,25553270.0,0.0,0,0.3514,,0.6021,0.6009,A,
2025-12-26,40807370.0,25553270.0,4297830.0,6,0,0,1709,0,16561204.0,8740565.0,1528,9683089732,S111,U1111,Risk Merkezi,Periyodik Izleme,Izleme,40.0,21255440.0,1527.0,2025-10-20,8950660.0,25471778.0,0.0,0.0,1696.0,6.0,4284123.0,67.0,26875882.0,0.0,0,0.3421,0.3514,0.5278,0.6934,A,A
2026-03-31,43061484.0,26875882.0,4520281.0,6,0,0,1647,0,16609385.0,8897222.0,1529,9683089732,S111,U1113,Risk Merkezi,Periyodik Izleme,Izleme,40.0,22355601.0,1528.0,2025-12-26,8740565.0,25553270.0,0.0,0.0,1709.0,6.0,4297830.0,95.0,26412602.0,0.0,0,0.331,0.3421,0.5357,0.6797,A,A
2026-04-29,40541677.0,26412602.0,4442362.0,6,0,0,1780,0,12937519.0,8096883.0,1530,9683089732,S111,U1113,Ticari Kredi Notu,Limit Yenileme,Aksiyon Yok,65.0,21970240.0,1529.0,2026-03-31,8897222.0,26875882.0,0.0,0.0,1647.0,6.0,4520281.0,29.0,,,1,0.3066,0.331,0.6258,0.6635,A,A
2025-10-13,207533617.0,96792181.0,30740897.0,6,0,0,1565,0,166091338.0,35940967.0,245,9683365356,S111,U1113,Risk Merkezi,Periyodik Izleme,Izleme,40.0,66051284.0,,,,,,,,,,,114807900.0,0.0,0,0.3713,,0.2164,1.4683,B,
2026-04-13,234316100.0,114807900.0,36462633.0,7,0,0,1501,0,93922121.0,22538508.0,246,9683365356,S111,U1111,Risk Merkezi,Periyodik Izleme,Izleme,40.0,78345267.0,245.0,2025-10-13,35940967.0,96792181.0,0.0,0.0,1565.0,6.0,30740897.0,182.0,122213509.0,0.0,0,0.1963,0.3713,0.24,0.6572,B,B
2026-05-27,222327037.0,122213509.0,38814632.0,7,0,0,1485,0,68114256.0,20413946.0,247,9683365356,S111,U1113,Ticari Kredi Notu,Limit Yenileme,Aksiyon Yok,65.0,83398877.0,246.0,2026-04-13,22538508.0,114807900.0,0.0,0.0,1501.0,7.0,36462633.0,44.0,125267505.0,0.0,0,0.167,0.1963,0.2997,0.6601,B,B
2026-06-09,225626977.0,125267505.0,39784571.0,7,0,0,1566,0,55313340.0,16881486.0,248,9683365356,S111,U1111,Ticari Kredi Notu,Limit Yenileme,Aksiyon Yok,65.0,85482934.0,247.0,2026-05-27,20413946.0,122213509.0,0.0,0.0,1485.0,7.0,38814632.0,13.0,137660779.0,0.0,0,0.1348,0.167,0.3052,0.6364,B,B
2026-09-18,241396460.0,137660779.0,43720637.0,8,0,0,1506,0,21491798.0,6883144.0,249,9683365356,S111,U1113,Ticari Kredi Notu,Limit Yenileme,Aksiyon Yok,65.0,93940142.0,248.0,2026-06-09,16881486.0,125267505.0,0.0,0.0,1566.0,7.0,39784571.0,101.0,,,1,0.05,0.1348,0.3203,0.5947,B,B
2026-02-03,1979426415.0,886904819.0,262896002.0,4,0,0,1436,0,489115345.0,204167720.0,992,9683896248,S030,U0303,Ticari Kredi Notu,Yeni Basvuru,Kullandirim,65.0,624008817.0,,,,,,,,,,,952789664.0,0.0,0,0.2302,,0.4174,0.4581,B,
2026-04-06,2005612925.0,952789664.0,363347425.0,4,0,0,1412,0,431995047.0,185741389.0,993,9683896248,S030,U0303,Risk Merkezi,Limit Yenileme,Teklif,40.0,589442239.0,992.0,2026-02-03,204167720.0,886904819.0,0.0,0.0,1436.0,4.0,262896002.0,62.0,1059675919.0,0.0,0,0.1949,0.2302,0.43,0.4874,B,B
2026-07-23,2194842118.0,1059675919.0,560882592.0,4,0,0,1464,0,574809785.0,218378573.0,994,9683896248,S030,U0302,Ticari Kredi Notu,Limit Yenileme,Teklif,65.0,498793327.0,993.0,2026-04-06,185741389.0,952789664.0,0.0,0.0,1412.0,4.0,363347425.0,108.0,,,1,0.2061,0.1949,0.3799,0.5193,B,B
2025-10-27,101763267.0,72185800.0,25719816.0,5,0,0,1694,0,24710907.0,15759642.0,1685,9684535692,S031,U0312,Risk Merkezi,Yeni Basvuru,Aksiyon Yok,40.0,46465984.0,,,,,,,,,,,74673668.0,0.0,0,0.2183,,0.6378,0.7323,A,
2025-10-29,94044354.0,74673668.0,26606244.0,5,0,0,1661,0,22513023.0,15227634.0,1686,9684535692,S031,U0311,Risk Merkezi,Limit Yenileme,Kullandirim,40.0,48067424.0,1685.0,2025-10-27,15759642.0,72185800.0,0.0,0.0,1694.0,5.0,25719816.0,2.0,78135504.0,0.0,0,0.2039,0.2183,0.6764,0.831,A,A
2025-12-05,98685050.0,78135504.0,27839697.0,6,0,0,1654,0,24693270.0,18102816.0,1687,9684535692,S031,U0311,Risk Merkezi,Limit Yenileme,Aksiyon Yok,40.0,50295807.0,1686.0,2025-10-29,15227634.0,74673668.0,0.0,0.0,1661.0,5.0,26606244.0,37.0,77824640.0,0.0,0,0.2317,0.2039,0.7331,0.8113,A,A
2025-12-10,93750895.0,77824640.0,27728936.0,6,0,0,1562,0,20807304.0,16948010.0,1688,9684535692,S031,U0312,Ticari Kredi Notu,Periyodik Izleme,Izleme,65.0,50095704.0,1687.0,2025-12-05,18102816.0,78135504.0,0.0,0.0,1654.0,6.0,27839697.0,5.0,84644064.0,0.0,0,0.2178,0.2317,0.8145,0.8346,B,A
2026-01-02,112356062.0,84644064.0,30158698.0,6,0,0,1589,0,29246122.0,16363014.0,1689,9684535692,S031,U0312,Ticari Kredi Notu,Limit Yenileme,Kullandirim,65.0,54485366.0,1688.0,2025-12-10,16948010.0,77824640.0,0.0,0.0,1562.0,6.0,27728936.0,23.0,92902610.0,0.0,0,0.1933,0.2178,0.5595,0.8216,B,B
2026-06-11,94645023.0,92902610.0,33101220.0,7,0,0,1411,3,17721730.0,17544513.0,1690,9684535692,S031,U0312,Risk Merkezi,Limit Yenileme,Aksiyon Yok,40.0,59801390.0,1689.0,2026-01-02,16363014.0,84644064.0,0.0,0.0,1589.0,6.0,30158698.0,160.0,,,1,0.1888,0.1933,0.99,0.9797,B,B
2025-10-03,63876728.0,40976926.0,13854501.0,7,0,0,1419,0,23505814.0,12526520.0,635,9685715130,S071,U0712,Risk Merkezi,Tahsis Revizyonu,Izleme,40.0,27122425.0,,,,,,,,,,,51073098.0,0.0,0,0.3057,,0.5329,0.7047,B,
2026-05-15,82415342.0,51073098.0,32939812.0,7,0,0,1404,0,25860594.0,15679250.0,636,9685715130,S071,U0711,Risk Merkezi,Limit Yenileme,Ret,40.0,18133286.0,635.0,2025-10-03,12526520.0,40976926.0,0.0,0.0,1419.0,7.0,13854501.0,224.0,56188331.0,0.0,0,0.307,0.3057,0.6063,0.6258,B,B
2026-07-01,89440379.0,56188331.0,39856508.0,7,0,0,1370,0,31945407.0,17950489.0,637,9685715130,S071,U0711,Risk Merkezi,Limit Yenileme,Aksiyon Yok,40.0,16331823.0,636.0,2026-05-15,15679250.0,51073098.0,0.0,0.0,1404.0,7.0,32939812.0,47.0,,,1,0.3195,0.307,0.5619,0.6651,C,B
2025-11-14,4550703.0,3409462.0,1055990.0,4,0,0,1711,0,2205023.0,1652996.0,215,9686702194,S082,U0823,Risk Merkezi,Yeni Basvuru,Kullandirim,40.0,2353472.0,,,,,,,,,,,3625251.0,0.0,0,0.4848,,0.7497,0.7488,A,
2025-12-26,4716747.0,3625251.0,1122825.0,4,0,0,1777,0,2445473.0,1592474.0,216,9686702194,S082,U0823,Risk Merkezi,Limit Yenileme,Kullandirim,40.0,2502426.0,215.0,2025-11-14,1652996.0,3409462.0,0.0,0.0,1711.0,4.0,1055990.0,42.0,4782061.0,0.0,0,0.4393,0.4848,0.6512,0.895,A,A
2026-09-25,6501544.0,4782061.0,1481116.0,4,0,0,1805,0,3200098.0,2553177.0,217,9686702194,S082,U0822,Risk Merkezi,Limit Yenileme,Teklif,40.0,3300945.0,216.0,2025-12-26,1592474.0,3625251.0,0.0,0.0,1777.0,4.0,1122825.0,273.0,,,1,0.5339,0.4393,0.7978,0.6751,A,A
2026-04-16,14656583.0,6816128.0,2953272.0,7,0,0,1302,0,6681380.0,2772520.0,80,9692878068,S022,U0221,Risk Merkezi,Yeni Basvuru,Kullandirim,40.0,3862856.0,,,,,,,,,,,6896719.0,0.0,0,0.4068,,0.415,0.507,C,
2026-06-18,15383029.0,6896719.0,3583386.0,7,0,0,1317,0,9868022.0,3183107.0,81,9692878068,S022,U0222,Risk Merkezi,Limit Yenileme,Teklif,40.0,3313333.0,80.0,2026-04-16,2772520.0,6816128.0,0.0,0.0,1302.0,7.0,2953272.0,63.0,7116838.0,0.0,0,0.4615,0.4068,0.3226,0.6734,C,C
2026-09-16,16566851.0,7116838.0,4575173.0,7,0,0,1330,0,8540365.0,3149181.0,82,9692878068,S022,U0221,Risk Merkezi,Limit Yenileme,Kullandirim,40.0,2541665.0,81.0,2026-06-18,3183107.0,6896719.0,0.0,0.0,1317.0,7.0,3583386.0,90.0,,,1,0.4425,0.4615,0.3687,0.4943,C,C
2025-10-13,1391905175.0,740796995.0,253805664.0,7,0,0,1367,0,284984077.0,157863845.0,1698,9692961533,S030,U0302,Risk Merkezi,Yeni Basvuru,Kullandirim,40.0,486991331.0,,,,,,,,,,,731180244.0,0.0,0,0.2131,,0.5539,0.5266,C,
2026-03-20,1286310112.0,731180244.0,250510853.0,7,0,0,1352,0,297807646.0,150181907.0,1699,9692961533,S030,U0303,Cek Raporu,Periyodik Izleme,Izleme,30.0,480669391.0,1698.0,2025-10-13,157863845.0,740796995.0,0.0,0.0,1367.0,7.0,253805664.0,158.0,746687866.0,0.0,0,0.2054,0.2131,0.5043,0.5878,C,C
2026-04-28,1477073161.0,746687866.0,255823945.0,7,0,0,1312,0,414233190.0,154884878.0,1700,9692961533,S030,U0302,Ticari Kredi Notu,Limit Yenileme,Teklif,65.0,490863921.0,1699.0,2026-03-20,150181907.0,731180244.0,0.0,0.0,1352.0,7.0,250510853.0,39.0,704060978.0,0.0,0,0.2074,0.2054,0.3739,0.5568,C,C
2026-06-15,1247252841.0,704060978.0,241219477.0,7,0,0,1378,0,500306174.0,135509091.0,1701,9692961533,S030,U0302,Risk Merkezi,Tahsis Revizyonu,Izleme,40.0,462841501.0,1700.0,2026-04-28,154884878.0,746687866.0,0.0,0.0,1312.0,7.0,255823945.0,48.0,,,1,0.1925,0.2074,0.2709,0.7612,C,C
2025-10-24,223928655.0,123898803.0,27659012.0,2,0,0,1506,0,89823682.0,48303336.0,1001,9693066967,S051,U0512,Risk Merkezi,Yeni Basvuru,Aksiyon Yok,40.0,96239791.0,,,,,,,,,,,135241164.0,0.0,0,0.3899,,0.5378,0.5637,B,
2025-10-27,243822135.0,135241164.0,30746853.0,2,0,0,1502,0,122516559.0,53678310.0,1002,9693066967,S051,U0511,Risk Merkezi,Limit Yenileme,Aksiyon Yok,40.0,104494311.0,1001.0,2025-10-24,48303336.0,123898803.0,0.0,0.0,1506.0,2.0,27659012.0,3.0,144254057.0,0.0,0,0.3969,0.3899,0.4381,0.6724,B,B
2026-02-06,265368756.0,144254057.0,52951965.0,2,0,0,1528,0,165653505.0,51938809.0,1003,9693066967,S051,U0511,Risk Merkezi,Tahsis Revizyonu,Izleme,40.0,91302092.0,1002.0,2025-10-27,53678310.0,135241164.0,0.0,0.0,1502.0,2.0,30746853.0,102.0,145992928.0,0.0,0,0.3601,0.3969,0.3135,0.9258,B,B
2026-05-07,245765774.0,145992928.0,71589388.0,2,0,0,1489,0,117861485.0,58068015.0,1004,9693066967,S051,U0513,Risk Merkezi,Limit Yenileme,Ret,40.0,74403540.0,1003.0,2026-02-06,51938809.0,144254057.0,0.0,0.0,1528.0,2.0,52951965.0,90.0,,,1,0.3977,0.3601,0.4927,0.6874,B,B
2026-01-23,48541073.0,24348255.0,6930314.0,5,0,0,1329,0,26523060.0,8917152.0,212,9694080718,S062,U0621,Ticari Kredi Notu,Yeni Basvuru,Kullandirim,65.0,17417941.0,,,,,,,,,,,25793351.0,0.0,0,0.3662,,0.3362,0.7008,C,
2026-02-13,53288357.0,25793351.0,7341636.0,5,0,0,1380,0,22427292.0,9489829.0,213,9694080718,S062,U0622,Risk Merkezi,Limit Yenileme,Kullandirim,40.0,18451715.0,212.0,2026-01-23,8917152.0,24348255.0,0.0,0.0,1329.0,5.0,6930314.0,21.0,26139393.0,0.0,0,0.3679,0.3662,0.4231,0.5283,C,C
2026-04-23,51257875.0,26139393.0,7440131.0,5,0,0,1352,0,21950711.0,10098256.0,214,9694080718,S062,U0622,Ticari Kredi Notu,Periyodik Izleme,Izleme,65.0,18699262.0,213.0,2026-02-13,9489829.0,25793351.0,0.0,0.0,1380.0,5.0,7341636.0,69.0,,,1,0.3863,0.3679,0.46,0.5473,C,C
2025-11-26,9987254.0,5209878.0,1345666.0,4,0,0,1724,0,5563243.0,1511270.0,158,9694640063,S032,U0321,Risk Merkezi,Periyodik Izleme,Izleme,40.0,3864212.0,,,,,,,,,,,6924696.0,0.0,0,0.2901,,0.2717,0.836,A,
2026-07-03,11532894.0,6924696.0,1788588.0,6,0,0,1730,0,2325300.0,814855.0,159,9694640063,S032,U0322,Cek Raporu,Limit Yenileme,Teklif,30.0,5136108.0,158.0,2025-11-26,1511270.0,5209878.0,0.0,0.0,1724.0,4.0,1345666.0,219.0,7142135.0,0.0,0,0.1177,0.2901,0.3504,0.6636,A,A
2026-07-24,11514886.0,7142135.0,1844751.0,6,0,0,1750,0,1186505.0,439306.0,160,9694640063,S032,U0322,Risk Merkezi,Periyodik Izleme,Izleme,40.0,5297384.0,159.0,2026-07-03,814855.0,6924696.0,0.0,0.0,1730.0,6.0,1788588.0,21.0,,,1,0.0615,0.1177,0.3703,0.649,A,A
2026-01-30,40776867.0,18290010.0,9193986.0,6,0,0,1278,0,12065932.0,5012523.0,254,9696276634,S061,U0611,Risk Merkezi,Periyodik Izleme,Izleme,40.0,9096024.0,,,,,,,,,,,20654831.0,0.0,0,0.2741,,0.4154,0.4625,C,
2026-06-09,40032231.0,20654831.0,14060987.0,6,0,0,1281,0,12183546.0,4599207.0,255,9696276634,S061,U0613,Risk Merkezi,Limit Yenileme,Kullandirim,40.0,6593844.0,254.0,2026-01-30,5012523.0,18290010.0,0.0,0.0,1278.0,6.0,9193986.0,130.0,21644348.0,0.0,0,0.2227,0.2741,0.3775,0.5765,C,C
2026-08-27,49706909.0,21644348.0,17076944.0,6,0,0,1272,0,11308223.0,5688094.0,256,9696276634,S061,U0613,Risk Merkezi,Limit Yenileme,Kullandirim,40.0,4567404.0,255.0,2026-06-09,4599207.0,20654831.0,0.0,0.0,1281.0,6.0,14060987.0,79.0,,,1,0.2628,0.2227,0.503,0.4155,C,C
2025-11-12,64164836.0,32606809.0,9012164.0,5,0,0,1254,0,25516152.0,13107412.0,1679,9698642242,S081,U0812,Ticari Kredi Notu,Periyodik Izleme,Izleme,65.0,23594645.0,,,,,,,,,,,28760734.0,0.0,0,0.402,,0.5137,0.5045,C,
2026-05-08,72092079.0,28760734.0,7949151.0,4,0,0,1248,0,45002386.0,9205970.0,1680,9698642242,S081,U0811,Risk Merkezi,Periyodik Izleme,Izleme,40.0,20811583.0,1679.0,2025-11-12,13107412.0,32606809.0,0.0,0.0,1254.0,5.0,9012164.0,177.0,,,1,0.3201,0.402,0.2046,0.7219,C,C
2026-01-09,13095089.0,8995554.0,3061826.0,7,0,0,1678,0,2589595.0,1929265.0,770,9702526764,S032,U0323,Ticari Kredi Notu,Periyodik Izleme,Izleme,65.0,5933728.0,,,,,,,,,,,8944206.0,0.0,0,0.2145,,0.745,0.6726,A,
2026-03-20,13492329.0,8944206.0,3044349.0,7,0,0,1674,0,3824211.0,2073261.0,771,9702526764,S032,U0321,Ticari Kredi Notu,Periyodik Izleme,Izleme,65.0,5899857.0,770.0,2026-01-09,1929265.0,8995554.0,0.0,0.0,1678.0,7.0,3061826.0,70.0,,,1,0.2318,0.2145,0.5421,0.7107,A,A
2026-02-24,34906162.0,23432841.0,3312018.0,7,0,0,1179,0,18428948.0,10155384.0,1509,9704786083,S052,U0523,Ticari Kredi Notu,Periyodik Izleme,Izleme,65.0,20120823.0,,,,,,,,,,,23187507.0,0.0,0,0.4334,,0.5511,0.8058,C,
2026-02-25,35348267.0,23187507.0,3277342.0,7,0,0,1206,0,18258440.0,9441639.0,1510,9704786083,S052,U0521,Risk Merkezi,Limit Yenileme,Teklif,40.0,19910165.0,1509.0,2026-02-24,10155384.0,23432841.0,0.0,0.0,1179.0,7.0,3312018.0,1.0,23716273.0,0.0,0,0.4072,0.4334,0.5171,0.8043,C,C
2026-03-27,33911486.0,23716273.0,3352078.0,7,0,0,1159,1,14362911.0,10177531.0,1511,9704786083,S052,U0522,Risk Merkezi,Limit Yenileme,Teklif,40.0,20364195.0,1510.0,2026-02-25,9441639.0,23187507.0,0.0,0.0,1206.0,7.0,3277342.0,30.0,24763250.0,1.0,0,0.4291,0.4072,0.7086,0.6926,C,C
2026-06-19,32561870.0,24763250.0,3500059.0,8,1,0,1051,0,14276844.0,9600978.0,1512,9704786083,S052,U0523,Risk Merkezi,Limit Yenileme,Ret,40.0,21263191.0,1511.0,2026-03-27,10177531.0,23716273.0,0.0,0.0,1159.0,7.0,3352078.0,84.0,27703049.0,1.0,0,0.3877,0.4291,0.6725,0.8292,D,C
2026-09-16,31315106.0,27703049.0,3915573.0,9,1,1,917,1,12621442.0,10580093.0,1513,9704786083,S052,U0522,Risk Merkezi,Limit Yenileme,Aksiyon Yok,40.0,23787476.0,1512.0,2026-06-19,9600978.0,24763250.0,1.0,0.0,1051.0,8.0,3500059.0,89.0,,,1,0.3819,0.3877,0.8383,0.916,D,D
2025-10-15,7518474.0,4759086.0,993819.0,6,0,0,1216,0,1485652.0,915800.0,1468,9705995476,S022,U0222,Ticari Kredi Notu,Limit Yenileme,Teklif,65.0,3765267.0,,,,,,,,,,,4811139.0,0.0,0,0.1924,,0.6164,0.6371,C,
2025-10-27,8128200.0,4811139.0,1083776.0,6,0,0,1254,0,2204054.0,1009741.0,1469,9705995476,S022,U0222,Ticari Kredi Notu,Periyodik Izleme,Izleme,65.0,3727363.0,1468.0,2025-10-15,915800.0,4759086.0,0.0,0.0,1216.0,6.0,993819.0,12.0,5129278.0,0.0,0,0.2099,0.1924,0.4581,0.6417,C,C
2025-11-28,8270839.0,5129278.0,1380286.0,6,0,0,1220,0,2088955.0,1071295.0,1470,9705995476,S022,U0222,Risk Merkezi,Tahsis Revizyonu,Izleme,40.0,3748992.0,1469.0,2025-10-27,1009741.0,4811139.0,0.0,0.0,1254.0,6.0,1083776.0,32.0,5140728.0,0.0,0,0.2089,0.2099,0.5128,0.6564,C,C
2025-12-01,8161299.0,5140728.0,1404494.0,6,0,0,1248,0,1753157.0,1127554.0,1471,9705995476,S022,U0222,Ticari Kredi Notu,Periyodik Izleme,Izleme,65.0,3736234.0,1470.0,2025-11-28,1071295.0,5129278.0,0.0,0.0,1220.0,6.0,1380286.0,3.0,5922814.0,0.0,0,0.2193,0.2089,0.6432,0.6263,C,C
2026-04-24,9548431.0,5922814.0,2786503.0,6,0,0,1280,0,2865931.0,1252157.0,1472,9705995476,S022,U0223,Cek Raporu,Limit Yenileme,Teklif,30.0,3136311.0,1471.0,2025-12-01,1127554.0,5140728.0,0.0,0.0,1248.0,6.0,1404494.0,144.0,6409247.0,0.0,0,0.2114,0.2193,0.4369,0.6989,C,C
2026-09-29,10649050.0,6409247.0,4402561.0,6,0,0,1250,0,2775194.0,1352365.0,1473,9705995476,S022,U0221,Risk Merkezi,Limit Yenileme,Kullandirim,40.0,2006686.0,1472.0,2026-04-24,1252157.0,5922814.0,0.0,0.0,1280.0,6.0,2786503.0,158.0,,,1,0.211,0.2114,0.4873,0.6422,C,C
2025-10-21,31042970.0,17468302.0,2246404.0,4,0,0,1287,0,13644182.0,4266721.0,179,9706543930,S022,U0221,Risk Merkezi,Periyodik Izleme,Izleme,40.0,15221898.0,,,,,,,,,,,20948695.0,0.0,0,0.2443,,0.3127,0.7588,C,
2026-02-27,36365082.0,20948695.0,2693979.0,5,0,0,1291,0,7583794.0,2472819.0,180,9706543930,S022,U0222,Ticari Kredi Notu,Limit Yenileme,Aksiyon Yok,65.0,18254716.0,179.0,2025-10-21,4266721.0,17468302.0,0.0,0.0,1287.0,4.0,2246404.0,129.0,23238667.0,0.0,0,0.118,0.2443,0.3261,0.6419,C,C
2026-05-06,36405725.0,23238667.0,2988467.0,5,0,0,1259,0,3170827.0,1231310.0,181,9706543930,S022,U0222,Ticari Kredi Notu,Limit Yenileme,Kullandirim,65.0,20250200.0,180.0,2026-02-27,2472819.0,20948695.0,0.0,0.0,1291.0,5.0,2693979.0,68.0,23534845.0,0.0,0,0.053,0.118,0.3883,0.6622,C,C
2026-06-05,38749835.0,23534845.0,3026555.0,5,0,0,1252,0,2533108.0,905215.0,182,9706543930,S022,U0221,Risk Merkezi,Limit Yenileme,Kullandirim,40.0,20508290.0,181.0,2026-05-06,1231310.0,23238667.0,0.0,0.0,1259.0,5.0,2988467.0,30.0,23327531.0,0.0,0,0.0385,0.053,0.3574,0.6248,C,C
2026-06-26,38398554.0,23327531.0,2999895.0,5,0,0,1266,0,616312.0,220338.0,183,9706543930,S022,U0222,Cek Raporu,Periyodik Izleme,Izleme,30.0,20327636.0,182.0,2026-06-05,905215.0,23534845.0,0.0,0.0,1252.0,5.0,3026555.0,21.0,24391428.0,0.0,0,0.0094,0.0385,0.3575,0.6116,C,C
2026-06-29,38499109.0,24391428.0,3136711.0,5,0,0,1253,0,1512454.0,580114.0,184,9706543930,S022,U0223,Risk Merkezi,Periyodik Izleme,Izleme,40.0,21254717.0,183.0,2026-06-26,220338.0,23327531.0,0.0,0.0,1266.0,5.0,2999895.0,3.0,,,1,0.0238,0.0094,0.3836,0.6438,C,C
2026-03-09,56619048.0,41990133.0,8843931.0,5,0,0,1797,0,11032320.0,6203291.0,1199,9706737760,S031,U0311,Risk Merkezi,Yeni Basvuru,Kullandirim,40.0,33146202.0,,,,,,,,,,,45343632.0,0.0,0,0.1477,,0.5623,0.785,A,
2026-04-27,60043661.0,45343632.0,9550243.0,5,0,0,1787,0,9603345.0,7249402.0,1200,9706737760,S031,U0311,Ticari Kredi Notu,Periyodik Izleme,Izleme,65.0,35793389.0,1199.0,2026-03-09,6203291.0,41990133.0,0.0,0.0,1797.0,5.0,8843931.0,49.0,43899803.0,0.0,0,0.1599,0.1477,0.7549,0.7552,A,A
2026-09-11,66123827.0,43899803.0,9246145.0,5,0,0,1774,0,10987430.0,6603315.0,1201,9706737760,S031,U0312,Ticari Kredi Notu,Limit Yenileme,Kullandirim,65.0,34653658.0,1200.0,2026-04-27,7249402.0,45343632.0,0.0,0.0,1787.0,5.0,9550243.0,137.0,43976179.0,0.0,0,0.1504,0.1599,0.601,0.6764,A,A
2026-09-29,65363752.0,43976179.0,9262231.0,5,0,0,1750,0,10179062.0,6465121.0,1202,9706737760,S031,U0311,Risk Merkezi,Tahsis Revizyonu,Izleme,40.0,34713948.0,1201.0,2026-09-11,6603315.0,43899803.0,0.0,0.0,1774.0,5.0,9246145.0,18.0,,,1,0.147,0.1504,0.6351,0.6797,A,A
2026-07-03,8603748.0,5816871.0,1746121.0,6,0,0,1366,0,4411319.0,2467594.0,515,9713997692,S002,U0021,Risk Merkezi,Yeni Basvuru,Aksiyon Yok,40.0,4070750.0,,,,,,,,,,,,,1,0.4242,,0.5594,0.7989,C,
2025-11-28,34950538.0,22685358.0,3863207.0,5,0,0,1755,0,3439807.0,2273528.0,1477,9715095307,S111,U1112,Risk Merkezi,Yeni Basvuru,Aksiyon Yok,40.0,18822151.0,,,,,,,,,,,23529057.0,0.0,0,0.1002,,0.6609,0.6478,A,
2026-01-08,31138312.0,23529057.0,4006885.0,6,0,0,1642,0,3705220.0,2764419.0,1478,9715095307,S111,U1113,Risk Merkezi,Periyodik Izleme,Izleme,40.0,19522172.0,1477.0,2025-11-28,2273528.0,22685358.0,0.0,0.0,1755.0,5.0,3863207.0,41.0,23190939.0,0.0,0,0.1175,0.1002,0.7461,0.7569,A,A
2026-01-29,33642644.0,23190939.0,3949305.0,6,0,0,1596,0,4227942.0,2781899.0,1479,9715095307,S111,U1112,Ticari Kredi Notu,Limit Yenileme,Aksiyon Yok,65.0,19241634.0,1478.0,2026-01-08,2764419.0,23529057.0,0.0,0.0,1642.0,6.0,4006885.0,21.0,28212894.0,1.0,0,0.12,0.1175,0.658,0.6938,B,A
2026-08-11,29931201.0,28212894.0,4804519.0,8,1,1,1288,2,2240402.0,2183151.0,1480,9715095307,S111,U1113,Risk Merkezi,Limit Yenileme,Teklif,40.0,23408375.0,1479.0,2026-01-29,2781899.0,23190939.0,0.0,0.0,1596.0,6.0,3949305.0,194.0,29257197.0,1.0,0,0.0774,0.12,0.9744,0.94,C,B
2026-09-23,30637230.0,29257197.0,4982359.0,8,1,0,1285,1,2449841.0,2226461.0,1481,9715095307,S111,U1113,Cek Raporu,Periyodik Izleme,Izleme,30.0,24274838.0,1480.0,2026-08-11,2183151.0,28212894.0,1.0,1.0,1288.0,8.0,4804519.0,43.0,,,1,0.0761,0.0774,0.9088,0.959,C,C
2025-10-13,30213331.0,16747135.0,2113479.0,4,0,0,1795,0,5332432.0,2570397.0,129,9721114092,S062,U0621,Risk Merkezi,Limit Yenileme,Teklif,40.0,14633656.0,,,,,,,,,,,16128230.0,0.0,0,0.1535,,0.482,0.5698,A,
2025-10-24,30766776.0,16128230.0,2035373.0,4,0,0,1734,0,4194217.0,2582530.0,130,9721114092,S062,U0621,Ticari Kredi Notu,Limit Yenileme,Aksiyon Yok,65.0,14092857.0,129.0,2025-10-13,2570397.0,16747135.0,0.0,0.0,1795.0,4.0,2113479.0,11.0,20005166.0,0.0,0,0.1601,0.1535,0.6157,0.5098,A,A
2026-03-31,29252887.0,20005166.0,2524640.0,5,0,0,1513,3,5636124.0,3124688.0,131,9721114092,S062,U0623,Risk Merkezi,Periyodik Izleme,Izleme,40.0,17480526.0,130.0,2025-10-24,2582530.0,16128230.0,0.0,0.0,1734.0,4.0,2035373.0,158.0,20421437.0,1.0,0,0.1562,0.1601,0.5544,0.7148,B,A
2026-04-27,25358720.0,20421437.0,2577174.0,6,1,0,1499,1,2887083.0,2342537.0,132,9721114092,S062,U0623,Risk Merkezi,Limit Yenileme,Teklif,40.0,17844263.0,131.0,2026-03-31,3124688.0,20005166.0,0.0,0.0,1513.0,5.0,2524640.0,27.0,22477042.0,1.0,0,0.1147,0.1562,0.8114,0.8045,B,B
2026-07-30,27480319.0,22477042.0,2836590.0,6,1,0,1356,1,2630314.0,2418063.0,133,9721114092,S062,U0622,Ticari Kredi Notu,Limit Yenileme,Teklif,65.0,19640452.0,132.0,2026-04-27,2342537.0,20421437.0,1.0,0.0,1499.0,6.0,2577174.0,94.0,,,1,0.1076,0.1147,0.9193,0.8072,C,B
2025-11-03,122599455.0,55153047.0,7689889.0,2,0,0,1725,0,34208594.0,19732080.0,1221,9722696583,S071,U0713,Ticari Kredi Notu,Yeni Basvuru,Kullandirim,65.0,47463158.0,,,,,,,,,,,51232871.0,0.0,0,0.3578,,0.5768,0.4007,A,
2025-11-28,122406038.0,51232871.0,7143306.0,2,0,0,1765,0,39222561.0,16932695.0,1222,9722696583,S071,U0711,Risk Merkezi,Tahsis Revizyonu,Izleme,40.0,44089565.0,1221.0,2025-11-03,19732080.0,55153047.0,0.0,0.0,1725.0,2.0,7689889.0,25.0,55157298.0,0.0,0,0.3305,0.3578,0.4317,0.4123,A,A
2025-11-30,117344611.0,55157298.0,7690482.0,2,0,0,1774,0,67379825.0,18891891.0,1223,9722696583,S071,U0712,Ticari Kredi Notu,Periyodik Izleme,Izleme,65.0,47466816.0,1222.0,2025-11-28,16932695.0,51232871.0,0.0,0.0,1765.0,2.0,7143306.0,2.0,52645835.0,0.0,0,0.3425,0.3305,0.2804,0.7258,A,A
2025-12-04,105953501.0,52645835.0,7340313.0,2,0,0,1691,0,73558277.0,18074449.0,1224,9722696583,S071,U0712,Risk Merkezi,Limit Yenileme,Aksiyon Yok,40.0,45305522.0,1223.0,2025-11-30,18891891.0,55157298.0,0.0,0.0,1774.0,2.0,7690482.0,4.0,51470650.0,0.0,0,0.3433,0.3425,0.2457,1.0672,A,A
2025-12-05,112506031.0,51470650.0,7176459.0,2,0,0,1727,0,49586487.0,16975630.0,1225,9722696583,S071,U0713,Risk Merkezi,Periyodik Izleme,Izleme,40.0,44294191.0,1224.0,2025-12-04,18074449.0,52645835.0,0.0,0.0,1691.0,2.0,7340313.0,1.0,,,1,0.3298,0.3433,0.3423,0.5482,A,A
2026-04-16,13973000.0,7868679.0,948018.0,7,0,0,1550,0,2013868.0,1243525.0,49,9722789982,S102,U1022,Risk Merkezi,Yeni Basvuru,Kullandirim,40.0,6920661.0,,,,,,,,,,,7928799.0,0.0,0,0.158,,0.6175,0.554,B,
2026-04-28,12397265.0,7928799.0,955261.0,7,0,0,1467,0,1522263.0,843136.0,50,9722789982,S102,U1023,Risk Merkezi,Limit Yenileme,Teklif,40.0,6973538.0,49.0,2026-04-16,1243525.0,7868679.0,0.0,0.0,1550.0,7.0,948018.0,12.0,,,1,0.1063,0.158,0.5539,0.6516,B,B
2026-08-07,132915956.0,74606703.0,22274151.0,2,0,0,1900,0,46468221.0,25205689.0,1042,9723494412,S021,U0211,Cek Raporu,Yeni Basvuru,Kullandirim,30.0,52332552.0,,,,,,,,,,,75896849.0,0.0,0,0.3378,,0.5424,0.5715,A,
2026-08-10,133347824.0,75896849.0,22659330.0,2,0,0,1900,0,43518746.0,26563378.0,1043,9723494412,S021,U0212,Risk Merkezi,Tahsis Revizyonu,Izleme,40.0,53237519.0,1042.0,2026-08-07,25205689.0,74606703.0,0.0,0.0,1900.0,2.0,22274151.0,3.0,,,1,0.35,0.3378,0.6104,0.5492,A,A
2026-04-28,10380065.0,5538149.0,1052201.0,4,0,0,1741,0,3601480.0,2313728.0,486,9724186422,S052,U0521,Cek Raporu,Yeni Basvuru,Aksiyon Yok,30.0,4485948.0,,,,,,,,,,,,,1,0.4178,,0.6424,0.4757,A,
2026-09-18,2205909.0,1294772.0,250898.0,6,0,0,1753,0,998432.0,572400.0,917,9724473400,S082,U0821,Ticari Kredi Notu,Limit Yenileme,Teklif,65.0,1043874.0,,,,,,,,,,,,,1,0.4421,,0.5733,0.5982,A,
2025-12-30,1162674856.0,768710446.0,223709366.0,5,0,0,1649,0,418416561.0,253923920.0,580,9725375690,S000,U0001,Cek Raporu,Limit Yenileme,Ret,30.0,545001080.0,,,,,,,,,,,888713136.0,0.0,0,0.3303,,0.6069,0.6917,A,
2026-05-15,1322555246.0,888713136.0,258632432.0,5,0,0,1684,0,518963181.0,367069183.0,581,9725375690,S000,U0003,Ticari Kredi Notu,Periyodik Izleme,Izleme,65.0,630080704.0,580.0,2025-12-30,253923920.0,768710446.0,0.0,0.0,1649.0,5.0,223709366.0,136.0,,,1,0.413,0.3303,0.7073,0.6491,A,A
2025-11-28,74246203.0,40360606.0,14049610.0,5,0,0,1324,0,13954537.0,8860972.0,829,9728486566,S001,U0013,Cek Raporu,Yeni Basvuru,Kullandirim,30.0,26310996.0,,,,,,,,,,,41417974.0,0.0,0,0.2195,,0.635,0.5225,C,
2026-07-24,74583876.0,41417974.0,14417682.0,5,0,0,1330,0,20212709.0,8227887.0,830,9728486566,S001,U0013,Ticari Kredi Notu,Periyodik Izleme,Izleme,65.0,27000292.0,829.0,2025-11-28,8860972.0,40360606.0,0.0,0.0,1324.0,5.0,14049610.0,238.0,38784758.0,0.0,0,0.1987,0.2195,0.4071,0.6104,C,C
2026-09-11,70388864.0,38784758.0,13501054.0,5,0,0,1365,0,15787991.0,8096722.0,831,9728486566,S001,U0013,Ticari Kredi Notu,Periyodik Izleme,Izleme,65.0,25283704.0,830.0,2026-07-24,8227887.0,41417974.0,0.0,0.0,1330.0,5.0,14417682.0,49.0,42668658.0,0.0,0,0.2088,0.1987,0.5128,0.562,C,C
2026-09-23,70237991.0,42668658.0,14853048.0,5,0,0,1374,0,15268289.0,9413438.0,832,9728486566,S001,U0013,Risk Merkezi,Limit Yenileme,Kullandirim,40.0,27815610.0,831.0,2026-09-11,8096722.0,38784758.0,0.0,0.0,1365.0,5.0,13501054.0,12.0,,,1,0.2206,0.2088,0.6165,0.605,C,C
2025-11-25,16088598.0,10238436.0,1442099.0,2,0,0,1244,0,2536682.0,1699419.0,42,9729478084,S022,U0223,Ticari Kredi Notu,Yeni Basvuru,Kullandirim,65.0,8796337.0,,,,,,,,,,,11222641.0,0.0,0,0.166,,0.6699,0.6301,C,
2026-02-13,17621133.0,11222641.0,1580726.0,3,0,0,1065,0,2448121.0,1585797.0,43,9729478084,S022,U0221,Ticari Kredi Notu,Limit Yenileme,Teklif,65.0,9641915.0,42.0,2025-11-25,1699419.0,10238436.0,0.0,0.0,1244.0,2.0,1442099.0,80.0,11078386.0,0.0,0,0.1413,0.166,0.6478,0.6351,D,C
2026-02-19,15971962.0,11078386.0,1560407.0,3,0,0,1122,0,2983303.0,1849640.0,44,9729478084,S022,U0221,Risk Merkezi,Tahsis Revizyonu,Izleme,40.0,9517979.0,43.0,2026-02-13,1585797.0,11222641.0,0.0,0.0,1065.0,3.0,1580726.0,6.0,11529095.0,0.0,0,0.167,0.1413,0.62,0.7105,C,D
2026-03-11,16378094.0,11529095.0,1623890.0,3,0,0,1128,0,2204545.0,1591274.0,45,9729478084,S022,U0223,Cek Raporu,Limit Yenileme,Aksiyon Yok,30.0,9905205.0,44.0,2026-02-19,1849640.0,11078386.0,0.0,0.0,1122.0,3.0,1560407.0,20.0,12680815.0,1.0,0,0.138,0.167,0.7218,0.7012,C,C
2026-05-29,16432037.0,12680815.0,1786112.0,4,1,0,975,1,2692065.0,1865439.0,46,9729478084,S022,U0221,Risk Merkezi,Limit Yenileme,Aksiyon Yok,40.0,10894703.0,45.0,2026-03-11,1591274.0,11529095.0,0.0,0.0,1128.0,3.0,1623890.0,79.0,12900754.0,1.0,0,0.1471,0.138,0.6929,0.7871,D,C
2026-07-22,15146932.0,12900754.0,1817090.0,4,1,0,956,1,2198391.0,1742122.0,47,9729478084,S022,U0221,Ticari Kredi Notu,Limit Yenileme,Ret,65.0,11083664.0,46.0,2026-05-29,1865439.0,12680815.0,1.0,0.0,975.0,4.0,1786112.0,54.0,,,1,0.135,0.1471,0.7925,0.8618,D,D
2026-03-27,66567054.0,46441847.0,6736208.0,6,0,0,1377,0,14330828.0,8772125.0,802,9734745168,S031,U0313,Ticari Kredi Notu,Yeni Basvuru,Kullandirim,65.0,39705639.0,,,,,,,,,,,49490081.0,0.0,0,0.1889,,0.6121,0.7211,C,
2026-05-29,67708623.0,49490081.0,7178343.0,6,0,0,1448,0,13746385.0,11112878.0,803,9734745168,S031,U0313,Ticari Kredi Notu,Limit Yenileme,Kullandirim,65.0,42311738.0,802.0,2026-03-27,8772125.0,46441847.0,0.0,0.0,1377.0,6.0,6736208.0,63.0,48317740.0,0.0,0,0.2245,0.1889,0.8084,0.7112,B,C
2026-05-31,72520431.0,48317740.0,7008299.0,6,0,0,1400,0,16291830.0,10953922.0,804,9734745168,S031,U0312,Risk Merkezi,Periyodik Izleme,Izleme,40.0,41309441.0,803.0,2026-05-29,11112878.0,49490081.0,0.0,0.0,1448.0,6.0,7178343.0,2.0,,,1,0.2267,0.2245,0.6724,0.6645,B,B
2025-12-18,64864202.0,44061174.0,9729059.0,5,0,0,1689,0,24151055.0,17994497.0,1178,9736804248,S071,U0711,Risk Merkezi,Yeni Basvuru,Ret,40.0,34332115.0,,,,,,,,,,,45942907.0,0.0,0,0.4084,,0.7451,0.6403,A,
2026-01-02,66835792.0,45942907.0,10144561.0,5,0,0,1646,0,26953251.0,18232192.0,1179,9736804248,S071,U0713,Risk Merkezi,Periyodik Izleme,Izleme,40.0,35798346.0,1178.0,2025-12-18,17994497.0,44061174.0,0.0,0.0,1689.0,5.0,9729059.0,15.0,46952091.0,0.0,0,0.3968,0.4084,0.6764,0.6948,A,A
2026-02-06,65327063.0,46952091.0,10367397.0,5,0,0,1600,0,32263141.0,18977493.0,1180,9736804248,S071,U0712,Ticari Kredi Notu,Limit Yenileme,Teklif,65.0,36584694.0,1179.0,2026-01-02,18232192.0,45942907.0,0.0,0.0,1646.0,5.0,10144561.0,35.0,52180137.0,1.0,0,0.4042,0.3968,0.5882,0.8461,A,A
2026-05-26,65656842.0,52180137.0,11521791.0,6,1,0,1478,0,22834782.0,19076552.0,1181,9736804248,S071,U0713,Ticari Kredi Notu,Periyodik Izleme,Izleme,65.0,40658346.0,1180.0,2026-02-06,18977493.0,46952091.0,0.0,0.0,1600.0,5.0,10367397.0,109.0,56367371.0,0.0,0,0.3656,0.4042,0.8354,0.773,B,A
2026-08-10,61975502.0,56367371.0,12446366.0,7,0,1,1337,1,30180468.0,22313819.0,1182,9736804248,S071,U0713,Risk Merkezi,Limit Yenileme,Aksiyon Yok,40.0,43921005.0,1181.0,2026-05-26,19076552.0,52180137.0,1.0,0.0,1478.0,6.0,11521791.0,76.0,57469340.0,1.0,0,0.3959,0.3656,0.7393,1.071,C,B
2026-09-25,59115212.0,57469340.0,12689689.0,7,1,1,1292,2,23465490.0,21087809.0,1183,9736804248,S071,U0711,Risk Merkezi,Periyodik Izleme,Izleme,40.0,44779651.0,1182.0,2026-08-10,22313819.0,56367371.0,0.0,1.0,1337.0,7.0,12446366.0,46.0,,,1,0.3669,0.3959,0.8987,1.0205,C,C
2025-10-31,97870521.0,55129866.0,12275919.0,3,0,0,1496,0,37566128.0,15397013.0,578,9740535238,S031,U0313,Risk Merkezi,Periyodik Izleme,Izleme,40.0,42853947.0,,,,,,,,,,,53126335.0,0.0,0,0.2793,,0.4099,0.6589,B,
2025-11-05,93822551.0,53126335.0,11829787.0,3,0,0,1499,0,23638881.0,13696711.0,579,9740535238,S031,U0312,Cek Raporu,Limit Yenileme,Aksiyon Yok,30.0,41296548.0,578.0,2025-10-31,15397013.0,55129866.0,0.0,0.0,1496.0,3.0,12275919.0,5.0,,,1,0.2578,0.2793,0.5794,0.5618,B,B
2026-06-01,14871306.0,11821367.0,3275403.0,4,0,0,1789,0,5809543.0,4503888.0,1492,9740545407,S082,U0823,Ticari Kredi Notu,Yeni Basvuru,Aksiyon Yok,65.0,8545964.0,,,,,,,,,,,,,1,0.381,,0.7753,0.8075,A,
2026-06-26,463018724.0,333096265.0,139327991.0,5,0,0,1303,0,182842150.0,126558833.0,790,9741592403,S000,U0001,Ticari Kredi Notu,Limit Yenileme,Teklif,65.0,193768274.0,,,,,,,,,,,,,1,0.3799,,0.6922,0.7372,C,
2026-02-03,1906923435.0,1335016413.0,195389689.0,3,0,0,1292,0,364611320.0,255178659.0,1565,9741915360,S050,U0502,Risk Merkezi,Periyodik Izleme,Izleme,40.0,1139626724.0,,,,,,,,,,,1361645661.0,0.0,0,0.1911,,0.6999,0.7001,C,
2026-06-03,1799697866.0,1361645661.0,199287079.0,3,0,0,1282,0,324561317.0,245565529.0,1566,9741915360,S050,U0502,Cek Raporu,Periyodik Izleme,Izleme,30.0,1162358582.0,1565.0,2026-02-03,255178659.0,1335016413.0,0.0,0.0,1292.0,3.0,195389689.0,120.0,1494401784.0,0.0,0,0.1803,0.1911,0.7566,0.7566,C,C
2026-08-14,2211591870.0,1494401784.0,218716936.0,3,0,0,1281,0,502678818.0,273111242.0,1567,9741915360,S050,U0502,Ticari Kredi Notu,Limit Yenileme,Ret,65.0,1275684848.0,1566.0,2026-06-03,245565529.0,1361645661.0,0.0,0.0,1282.0,3.0,199287079.0,72.0,,,1,0.1828,0.1803,0.5433,0.7147,C,C
2026-04-03,101988953.0,62250116.0,20800870.0,7,0,0,1422,0,17829445.0,10353970.0,1095,9742709001,S101,U1013,Risk Merkezi,Yeni Basvuru,Kullandirim,40.0,41449246.0,,,,,,,,,,,63474402.0,0.0,0,0.1663,,0.5807,0.6166,B,
2026-05-15,115657773.0,63474402.0,21209965.0,7,0,0,1412,0,22206505.0,13223022.0,1096,9742709001,S101,U1013,Risk Merkezi,Limit Yenileme,Ret,40.0,42264437.0,1095.0,2026-04-03,10353970.0,62250116.0,0.0,0.0,1422.0,7.0,20800870.0,42.0,66617442.0,0.0,0,0.2083,0.1663,0.5955,0.5377,B,B
2026-06-08,110594564.0,66617442.0,22260211.0,7,0,0,1436,0,27361341.0,12694383.0,1097,9742709001,S101,U1012,Risk Merkezi,Periyodik Izleme,Izleme,40.0,44357231.0,1096.0,2026-05-15,13223022.0,63474402.0,0.0,0.0,1412.0,7.0,21209965.0,24.0,,,1,0.1906,0.2083,0.464,0.6479,B,B
2025-12-26,6304750.0,4013252.0,1198165.0,7,0,0,1475,0,2336105.0,903008.0,1502,9743431872,S002,U0023,Risk Merkezi,Limit Yenileme,Aksiyon Yok,40.0,2815087.0,,,,,,,,,,,4521304.0,0.0,0,0.225,,0.3865,0.7837,B,
2026-02-23,6739395.0,4521304.0,1349845.0,8,0,0,1500,0,1808716.0,761247.0,1503,9743431872,S002,U0021,Risk Merkezi,Limit Yenileme,Teklif,40.0,3171459.0,1502.0,2025-12-26,903008.0,4013252.0,0.0,0.0,1475.0,7.0,1198165.0,59.0,4922939.0,0.0,0,0.1684,0.225,0.4209,0.7626,B,B
2026-06-04,6949356.0,4922939.0,1469754.0,8,0,0,1523,0,535222.0,245347.0,1504,9743431872,S002,U0023,Risk Merkezi,Limit Yenileme,Kullandirim,40.0,3453185.0,1503.0,2026-02-23,761247.0,4521304.0,0.0,0.0,1500.0,8.0,1349845.0,101.0,5457129.0,0.0,0,0.0498,0.1684,0.4584,0.7293,B,B
2026-09-11,7522084.0,5457129.0,1629238.0,9,0,0,1436,0,752208.0,0.0,1505,9743431872,S002,U0023,Risk Merkezi,Periyodik Izleme,Izleme,40.0,3827891.0,1504.0,2026-06-04,245347.0,4922939.0,0.0,0.0,1523.0,8.0,1469754.0,99.0,,,1,0.0,0.0498,0.0,0.8061,B,B
2026-02-25,80778711.0,59398728.0,14467621.0,3,0,0,1277,0,32325340.0,22656152.0,230,9743604799,S051,U0513,Ticari Kredi Notu,Yeni Basvuru,Aksiyon Yok,65.0,44931107.0,,,,,,,,,,,56591893.0,0.0,0,0.3814,,0.7009,0.7583,C,
2026-05-04,78715751.0,56591893.0,13783967.0,3,0,0,1279,0,32538767.0,22198477.0,231,9743604799,S051,U0512,Risk Merkezi,Periyodik Izleme,Izleme,40.0,42807926.0,230.0,2026-02-25,22656152.0,59398728.0,0.0,0.0,1277.0,3.0,14467621.0,68.0,,,1,0.3923,0.3814,0.6822,0.7448,C,C
2025-11-24,32484317.0,22197051.0,6932078.0,5,0,0,1466,0,13222371.0,8251827.0,1109,9744960480,S072,U0722,Risk Merkezi,Yeni Basvuru,Aksiyon Yok,40.0,15264973.0,,,,,,,,,,,19594453.0,0.0,0,0.3718,,0.6241,0.724,B,
2026-01-12,31545280.0,19594453.0,6119293.0,5,0,0,1465,0,12171890.0,7529717.0,1110,9744960480,S072,U0721,Ticari Kredi Notu,Limit Yenileme,Aksiyon Yok,65.0,13475160.0,1109.0,2025-11-24,8251827.0,22197051.0,0.0,0.0,1466.0,5.0,6932078.0,49.0,19654661.0,0.0,0,0.3843,0.3718,0.6186,0.6227,B,B
2026-04-24,38058862.0,19654661.0,6138096.0,4,0,0,1435,0,10457328.0,6126191.0,1111,9744960480,S072,U0721,Ticari Kredi Notu,Limit Yenileme,Kullandirim,65.0,13516565.0,1110.0,2026-01-12,7529717.0,19594453.0,0.0,0.0,1465.0,5.0,6119293.0,102.0,,,1,0.3117,0.3843,0.5858,0.4901,B,B
2025-10-17,16881631.0,8916199.0,2569479.0,7,0,0,1458,0,7352150.0,3617395.0,1409,9745819003,S092,U0921,Risk Merkezi,Yeni Basvuru,Aksiyon Yok,40.0,6346720.0,,,,,,,,,,,9095671.0,0.0,0,0.4057,,0.492,0.556,B,
2025-12-26,15547095.0,9095671.0,2621199.0,7,0,0,1537,0,6591447.0,3681719.0,1410,9745819003,S092,U0923,Ticari Kredi Notu,Limit Yenileme,Kullandirim,65.0,6474472.0,1409.0,2025-10-17,3617395.0,8916199.0,0.0,0.0,1458.0,7.0,2569479.0,70.0,,,1,0.4048,0.4057,0.5586,0.6045,B,B
2025-10-31,11582912.0,5363741.0,939662.0,6,0,0,1339,0,3834275.0,1574975.0,1373,9746289348,S092,U0923,Risk Merkezi,Periyodik Izleme,Izleme,40.0,4424079.0,,,,,,,,,,,5204633.0,0.0,0,0.2936,,0.4108,0.489,C,
2025-11-07,10577204.0,5204633.0,911788.0,6,0,0,1280,0,2723321.0,1312448.0,1374,9746289348,S092,U0921,Risk Merkezi,Limit Yenileme,Kullandirim,40.0,4292845.0,1373.0,2025-10-31,1574975.0,5363741.0,0.0,0.0,1339.0,6.0,939662.0,7.0,5629950.0,0.0,0,0.2522,0.2936,0.4819,0.4956,C,C
2026-03-12,12450350.0,5629950.0,986298.0,6,0,0,1314,0,3295790.0,1515904.0,1375,9746289348,S092,U0922,Ticari Kredi Notu,Periyodik Izleme,Izleme,65.0,4643652.0,1374.0,2025-11-07,1312448.0,5204633.0,0.0,0.0,1280.0,6.0,911788.0,125.0,5726058.0,0.0,0,0.2693,0.2522,0.46,0.4494,C,C
2026-08-25,12544527.0,5726058.0,1003135.0,6,0,0,1278,0,3022470.0,1452339.0,1376,9746289348,S092,U0922,Ticari Kredi Notu,Limit Yenileme,Aksiyon Yok,65.0,4722923.0,1375.0,2026-03-12,1515904.0,5629950.0,0.0,0.0,1314.0,6.0,986298.0,166.0,,,1,0.2536,0.2693,0.4805,0.4488,C,C
2025-11-05,115837488.0,57983410.0,6665677.0,7,0,0,1317,0,49195316.0,12326292.0,947,9746515506,S041,U0412,Ticari Kredi Notu,Periyodik Izleme,Izleme,65.0,51317733.0,,,,,,,,,,,60856346.0,0.0,0,0.2126,,0.2506,0.6851,C,
2025-12-15,134715695.0,60856346.0,6995946.0,7,0,0,1349,0,65980356.0,13310817.0,948,9746515506,S041,U0411,Ticari Kredi Notu,Limit Yenileme,Teklif,65.0,53860400.0,947.0,2025-11-05,12326292.0,57983410.0,0.0,0.0,1317.0,7.0,6665677.0,40.0,62249091.0,0.0,0,0.2187,0.2126,0.2017,0.6917,C,C
2025-12-19,114339395.0,62249091.0,7156053.0,7,0,0,1279,0,41593926.0,12246243.0,949,9746515506,S041,U0411,Risk Merkezi,Tahsis Revizyonu,Izleme,40.0,55093038.0,948.0,2025-12-15,13310817.0,60856346.0,0.0,0.0,1349.0,7.0,6995946.0,4.0,,,1,0.1967,0.2187,0.2944,0.6874,C,C
2026-07-10,53782679.0,41031172.0,13116917.0,3,0,0,1642,0,20614514.0,16308168.0,1058,9749898295,S111,U1113,Risk Merkezi,Yeni Basvuru,Teklif,40.0,27914255.0,,,,,,,,,,,42500107.0,0.0,0,0.3975,,0.7911,0.7454,A,
2026-08-21,58382362.0,42500107.0,13586508.0,3,0,0,1674,0,21608209.0,15943317.0,1059,9749898295,S111,U1112,Risk Merkezi,Periyodik Izleme,Izleme,40.0,28913599.0,1058.0,2026-07-10,16308168.0,41031172.0,0.0,0.0,1642.0,3.0,13116917.0,42.0,42526887.0,0.0,0,0.3751,0.3975,0.7378,0.7222,A,A
2026-09-28,62810533.0,42526887.0,13595069.0,3,0,0,1598,0,24002774.0,16397656.0,1060,9749898295,S111,U1111,Risk Merkezi,Periyodik Izleme,Izleme,40.0,28931818.0,1059.0,2026-08-21,15943317.0,42500107.0,0.0,0.0,1674.0,3.0,13586508.0,38.0,,,1,0.3856,0.3751,0.6832,0.6733,B,A
2026-01-02,11802273.0,7137956.0,1782965.0,4,0,0,1795,0,3185352.0,1217908.0,167,9749952104,S092,U0922,Ticari Kredi Notu,Periyodik Izleme,Izleme,65.0,5354991.0,,,,,,,,,,,7441364.0,0.0,0,0.1706,,0.3823,0.687,A,
2026-07-07,11280866.0,7441364.0,1858752.0,4,0,0,1770,0,1632376.0,1031973.0,168,9749952104,S092,U0921,Risk Merkezi,Limit Yenileme,Kullandirim,40.0,5582612.0,167.0,2026-01-02,1217908.0,7137956.0,0.0,0.0,1795.0,4.0,1782965.0,186.0,,,1,0.1387,0.1706,0.6322,0.6643,A,A
2025-11-26,150620641.0,95322657.0,25860187.0,2,0,0,1733,0,79235480.0,36269852.0,835,9751088231,S001,U0011,Risk Merkezi,Yeni Basvuru,Aksiyon Yok,40.0,69462470.0,,,,,,,,,,,98812438.0,0.0,0,0.3805,,0.4577,0.8272,A,
2026-07-09,155495107.0,98812438.0,26806934.0,2,0,0,1690,0,60875989.0,40943758.0,836,9751088231,S001,U0011,Risk Merkezi,Periyodik Izleme,Izleme,40.0,72005504.0,835.0,2025-11-26,36269852.0,95322657.0,0.0,0.0,1733.0,2.0,25860187.0,225.0,,,1,0.4144,0.3805,0.6726,0.6116,A,A
2025-11-25,1502489471.0,702476073.0,242881628.0,5,0,0,1339,0,546744023.0,118939476.0,1522,9754309815,S000,U0003,Ticari Kredi Notu,Periyodik Izleme,Izleme,65.0,459594445.0,,,,,,,,,,,733408551.0,0.0,0,0.1693,,0.2175,0.6106,C,
2025-12-30,1575093624.0,733408551.0,253576555.0,5,0,0,1327,0,356012935.0,76766551.0,1523,9754309815,S000,U0002,Ticari Kredi Notu,Limit Yenileme,Ret,65.0,479831996.0,1522.0,2025-11-25,118939476.0,702476073.0,0.0,0.0,1339.0,5.0,242881628.0,35.0,848738283.0,0.0,0,0.1047,0.1693,0.2156,0.5386,C,C
2026-03-27,1629369830.0,848738283.0,293451896.0,6,0,0,1321,0,167433843.0,45357781.0,1524,9754309815,S000,U0001,Risk Merkezi,Tahsis Revizyonu,Izleme,40.0,555286387.0,1523.0,2025-12-30,76766551.0,733408551.0,0.0,0.0,1327.0,5.0,253576555.0,87.0,905089041.0,0.0,0,0.0534,0.1047,0.2709,0.5495,C,C
2026-06-23,1682047470.0,905089041.0,312935213.0,6,0,0,1313,0,168204747.0,0.0,1525,9754309815,S000,U0003,Ticari Kredi Notu,Periyodik Izleme,Izleme,65.0,592153828.0,1524.0,2026-03-27,45357781.0,848738283.0,0.0,0.0,1321.0,6.0,293451896.0,88.0,,,1,0.0,0.0534,0.0,0.5979,C,C
2026-06-24,103016778.0,60921479.0,8898648.0,2,0,0,1273,0,42148587.0,16531708.0,271,9754886329,S001,U0011,Risk Merkezi,Limit Yenileme,Kullandirim,40.0,52022831.0,,,,,,,,,,,60953316.0,0.0,0,0.2714,,0.3922,0.7293,C,
2026-06-29,109943612.0,60953316.0,8903299.0,2,0,0,1266,0,32594461.0,17109782.0,272,9754886329,S001,U0012,Risk Merkezi,Limit Yenileme,Kullandirim,40.0,52050017.0,271.0,2026-06-24,16531708.0,60921479.0,0.0,0.0,1273.0,2.0,8898648.0,5.0,,,1,0.2807,0.2714,0.5249,0.5668,C,C
2026-01-29,22148401.0,13210880.0,2682133.0,7,0,0,1256,0,9552148.0,5644652.0,846,9756545578,S012,U0122,Risk Merkezi,Yeni Basvuru,Teklif,40.0,10528747.0,,,,,,,,,,,13965022.0,0.0,0,0.4273,,0.5909,0.6007,C,
2026-03-13,23218052.0,13965022.0,2835242.0,7,0,0,1240,0,11279763.0,6128598.0,847,9756545578,S012,U0121,Risk Merkezi,Tahsis Revizyonu,Izleme,40.0,11129780.0,846.0,2026-01-29,5644652.0,13210880.0,0.0,0.0,1256.0,7.0,2682133.0,43.0,,,1,0.4389,0.4273,0.5433,0.6564,C,C
2025-12-22,179111367.0,127829932.0,34708737.0,7,0,0,1366,0,51320743.0,35413114.0,267,9759199383,S111,U1112,Risk Merkezi,Limit Yenileme,Kullandirim,40.0,93121195.0,,,,,,,,,,,,,1,0.277,,0.69,0.7232,C,
2026-07-10,26014552.0,14979314.0,2057814.0,7,0,0,1486,0,10710772.0,4486018.0,1482,9759743475,S092,U0922,Ticari Kredi Notu,Periyodik Izleme,Izleme,65.0,12921500.0,,,,,,,,,,,15783245.0,0.0,0,0.2995,,0.4188,0.6857,B,
2026-07-28,27132122.0,15783245.0,2168256.0,7,0,0,1477,0,7690666.0,4695559.0,1483,9759743475,S092,U0923,Ticari Kredi Notu,Periyodik Izleme,Izleme,65.0,13614989.0,1482.0,2026-07-10,4486018.0,14979314.0,0.0,0.0,1486.0,7.0,2057814.0,18.0,,,1,0.2975,0.2995,0.6106,0.5703,B,B
2025-10-28,10604768.0,7161470.0,1359737.0,6,0,0,1384,0,5203985.0,2550507.0,439,9761284833,S062,U0622,Ticari Kredi Notu,Yeni Basvuru,Aksiyon Yok,65.0,5801733.0,,,,,,,,,,,5876964.0,0.0,0,0.3561,,0.4901,0.8538,C,
2026-05-01,9429009.0,5876964.0,1115850.0,5,0,0,1343,0,2876354.0,1820450.0,440,9761284833,S062,U0622,Ticari Kredi Notu,Tahsis Revizyonu,Izleme,65.0,4761114.0,439.0,2025-10-28,2550507.0,7161470.0,0.0,0.0,1384.0,6.0,1359737.0,185.0,5130827.0,0.0,0,0.3098,0.3561,0.6329,0.6191,C,C
2026-06-29,9297349.0,5130827.0,974182.0,5,0,0,1352,0,3680252.0,1503687.0,441,9761284833,S062,U0621,Risk Merkezi,Tahsis Revizyonu,Izleme,40.0,4156645.0,440.0,2026-05-01,1820450.0,5876964.0,0.0,0.0,1343.0,5.0,1115850.0,59.0,,,1,0.2931,0.3098,0.4086,0.6457,C,C
2026-04-23,98301060.0,58242646.0,11255834.0,6,0,0,1492,0,23271636.0,11768521.0,260,9762915783,S011,U0113,Risk Merkezi,Yeni Basvuru,Aksiyon Yok,40.0,46986812.0,,,,,,,,,,,,,1,0.2021,,0.5057,0.6194,B,
2026-04-29,86629660.0,55429422.0,17708946.0,2,0,0,1825,0,27071784.0,17831664.0,1615,9763714400,S091,U0911,Risk Merkezi,Periyodik Izleme,Izleme,40.0,37720476.0,,,,,,,,,,,62803754.0,0.0,0,0.3217,,0.6587,0.6313,A,
2026-07-22,91739174.0,62803754.0,20064945.0,2,0,0,1879,0,39829016.0,22792178.0,1616,9763714400,S091,U0912,Risk Merkezi,Limit Yenileme,Kullandirim,40.0,42738809.0,1615.0,2026-04-29,17831664.0,55429422.0,0.0,0.0,1825.0,2.0,17708946.0,84.0,,,1,0.3629,0.3217,0.5723,0.7708,A,A
2025-10-09,93672125.0,61522563.0,18235953.0,2,0,0,1613,0,40762007.0,16581424.0,1146,9765255089,S101,U1013,Risk Merkezi,Yeni Basvuru,Ret,40.0,43286610.0,,,,,,,,,,,61226772.0,0.0,0,0.2695,,0.4068,0.8494,A,
2025-11-27,89427427.0,61226772.0,18148278.0,2,0,0,1601,0,31880153.0,13856810.0,1147,9765255089,S101,U1013,Ticari Kredi Notu,Periyodik Izleme,Izleme,65.0,43078494.0,1146.0,2025-10-09,16581424.0,61522563.0,0.0,0.0,1613.0,2.0,18235953.0,49.0,79707722.0,0.0,0,0.2263,0.2695,0.4347,0.8231,A,A
2026-06-16,103448727.0,79707722.0,23626231.0,3,0,0,1605,0,11169851.0,5813959.0,1148,9765255089,S101,U1011,Risk Merkezi,Limit Yenileme,Kullandirim,40.0,56081491.0,1147.0,2025-11-27,13856810.0,61226772.0,0.0,0.0,1601.0,2.0,18148278.0,201.0,,,1,0.0729,0.2263,0.5205,0.8008,A,A
2025-11-25,123487375.0,85687034.0,29644406.0,2,0,0,1415,0,46195279.0,24747732.0,602,9765793023,S051,U0512,Risk Merkezi,Limit Yenileme,Kullandirim,40.0,56042628.0,,,,,,,,,,,86197992.0,0.0,0,0.2888,,0.5357,0.7884,B,
2025-12-29,126246301.0,86197992.0,29821178.0,2,0,0,1392,0,44561830.0,25584046.0,603,9765793023,S051,U0511,Risk Merkezi,Limit Yenileme,Ret,40.0,56376814.0,602.0,2025-11-25,24747732.0,85687034.0,0.0,0.0,1415.0,2.0,29644406.0,34.0,86093398.0,0.0,0,0.2968,0.2888,0.5741,0.742,C,B
2026-07-24,120888796.0,86093398.0,29784992.0,2,0,0,1366,0,29108227.0,21389645.0,604,9765793023,S051,U0512,Risk Merkezi,Periyodik Izleme,Izleme,40.0,56308406.0,603.0,2025-12-29,25584046.0,86197992.0,0.0,0.0,1392.0,2.0,29821178.0,207.0,90545526.0,0.0,0,0.2484,0.2968,0.7348,0.705,C,C
2026-08-21,128894043.0,90545526.0,31325257.0,2,0,0,1390,0,41666542.0,23233986.0,605,9765793023,S051,U0512,Risk Merkezi,Limit Yenileme,Kullandirim,40.0,59220269.0,604.0,2026-07-24,21389645.0,86093398.0,0.0,0.0,1366.0,2.0,29784992.0,28.0,,,1,0.2566,0.2484,0.5576,0.7717,C,C
2025-10-24,10477266.0,6495454.0,861715.0,5,0,0,1783,0,3976383.0,2367749.0,1230,9765847984,S042,U0421,Ticari Kredi Notu,Periyodik Izleme,Izleme,65.0,5633739.0,,,,,,,,,,,6692654.0,0.0,0,0.3645,,0.5955,0.6349,A,
2026-06-01,10121670.0,6692654.0,887876.0,5,0,0,1804,0,4534746.0,2527972.0,1231,9765847984,S042,U0421,Risk Merkezi,Tahsis Revizyonu,Izleme,40.0,5804778.0,1230.0,2025-10-24,2367749.0,6495454.0,0.0,0.0,1783.0,5.0,861715.0,220.0,,,1,0.3777,0.3645,0.5575,0.7454,A,A
2026-05-29,8531051.0,6009343.0,1616068.0,6,0,0,1268,0,853105.0,0.0,1362,9768900784,S002,U0022,Risk Merkezi,Yeni Basvuru,Teklif,40.0,4393275.0,,,,,,,,,,,6273795.0,0.0,0,0.0,,0.0,0.7827,C,
2026-06-04,8838321.0,6273795.0,1687186.0,6,0,0,1270,0,883832.0,0.0,1363,9768900784,S002,U0021,Ticari Kredi Notu,Periyodik Izleme,Izleme,65.0,4586609.0,1362.0,2026-05-29,0.0,6009343.0,0.0,0.0,1268.0,6.0,1616068.0,6.0,6330804.0,0.0,0,0.0,0.0,0.0,0.7887,C,C
2026-06-19,8967527.0,6330804.0,1702517.0,6,0,0,1234,0,896753.0,0.0,1364,9768900784,S002,U0023,Ticari Kredi Notu,Limit Yenileme,Kullandirim,65.0,4628287.0,1363.0,2026-06-04,0.0,6273795.0,0.0,0.0,1270.0,6.0,1687186.0,15.0,6585023.0,0.0,0,0.0,0.0,0.0,0.7844,C,C
2026-07-13,8929104.0,6585023.0,1770883.0,7,0,0,1218,0,892910.0,0.0,1365,9768900784,S002,U0022,Risk Merkezi,Periyodik Izleme,Izleme,40.0,4814140.0,1364.0,2026-06-19,0.0,6330804.0,0.0,0.0,1234.0,6.0,1702517.0,24.0,,,1,0.0,0.0,0.0,0.8194,C,C
2025-12-16,7068866.0,4025230.0,994436.0,3,0,0,1596,0,3428289.0,1700327.0,1142,9771083191,S032,U0323,Risk Merkezi,Limit Yenileme,Kullandirim,40.0,3030794.0,,,,,,,,,,,4114021.0,0.0,0,0.4224,,0.496,0.6386,B,
2026-05-15,6915414.0,4114021.0,1016372.0,3,0,0,1588,0,3351451.0,1752732.0,1143,9771083191,S032,U0321,Risk Merkezi,Tahsis Revizyonu,Izleme,40.0,3097649.0,1142.0,2025-12-16,1700327.0,4025230.0,0.0,0.0,1596.0,3.0,994436.0,150.0,4120196.0,0.0,0,0.426,0.4224,0.523,0.6625,B,B
2026-07-31,6964673.0,4120196.0,1017897.0,3,0,0,1577,0,3289761.0,1789247.0,1144,9771083191,S032,U0323,Ticari Kredi Notu,Tahsis Revizyonu,Izleme,65.0,3102299.0,1143.0,2026-05-15,1752732.0,4114021.0,0.0,0.0,1588.0,3.0,1016372.0,77.0,,,1,0.4343,0.426,0.5439,0.6343,B,B
2025-10-07,124820374.0,71619598.0,26722395.0,3,0,0,1690,0,25930330.0,13557612.0,701,9772399785,S071,U0713,Risk Merkezi,Yeni Basvuru,Kullandirim,40.0,44897203.0,,,,,,,,,,,79588747.0,0.0,0,0.1893,,0.5228,0.5871,A,
2026-08-26,116101171.0,79588747.0,29695809.0,3,0,0,1696,0,26656358.0,17791227.0,702,9772399785,S071,U0711,Risk Merkezi,Periyodik Izleme,Izleme,40.0,49892938.0,701.0,2025-10-07,13557612.0,71619598.0,0.0,0.0,1690.0,3.0,26722395.0,323.0,,,1,0.2235,0.1893,0.6674,0.6909,A,A
2026-05-15,102423822.0,74518262.0,28930161.0,6,0,0,1386,0,33024371.0,27971805.0,283,9773191115,S021,U0212,Ticari Kredi Notu,Periyodik Izleme,Izleme,65.0,45588101.0,,,,,,,,,,,,,1,0.3754,,0.847,0.6707,C,
2025-10-08,578033532.0,266365061.0,88554795.0,2,0,0,1490,0,111407983.0,44903124.0,431,9775374339,S050,U0502,Risk Merkezi,Yeni Basvuru,Kullandirim,40.0,177810266.0,,,,,,,,,,,315165689.0,0.0,0,0.1686,,0.4031,0.4746,B,
2026-03-04,697958030.0,315165689.0,117471855.0,2,0,0,1542,0,159226112.0,60820259.0,432,9775374339,S050,U0501,Risk Merkezi,Periyodik Izleme,Izleme,40.0,197693834.0,431.0,2025-10-08,44903124.0,266365061.0,0.0,0.0,1490.0,2.0,88554795.0,147.0,324593354.0,0.0,0,0.193,0.1686,0.382,0.4721,B,B
2026-03-06,750723804.0,324593354.0,121163692.0,2,0,0,1518,0,170312296.0,71020231.0,433,9775374339,S050,U0502,Risk Merkezi,Periyodik Izleme,Izleme,40.0,203429662.0,432.0,2026-03-04,60820259.0,315165689.0,0.0,0.0,1542.0,2.0,117471855.0,2.0,326172715.0,0.0,0,0.2188,0.193,0.417,0.4369,B,B
2026-03-25,807507129.0,326172715.0,123451119.0,2,0,0,1525,0,137246295.0,68759088.0,434,9775374339,S050,U0502,Cek Raporu,Limit Yenileme,Teklif,30.0,202721596.0,433.0,2026-03-06,71020231.0,324593354.0,0.0,0.0,1518.0,2.0,121163692.0,19.0,,,1,0.2108,0.2188,0.501,0.384,B,B
2025-10-10,79959377.0,35710002.0,8234661.0,5,0,0,1555,0,38709394.0,7610337.0,1393,9775752699,S101,U1013,Ticari Kredi Notu,Yeni Basvuru,Teklif,65.0,27475341.0,,,,,,,,,,,36334191.0,0.0,0,0.2131,,0.1966,0.6812,B,
2025-11-28,66915670.0,36334191.0,8378598.0,5,0,0,1579,0,16164370.0,4735915.0,1394,9775752699,S101,U1012,Risk Merkezi,Tahsis Revizyonu,Izleme,40.0,27955593.0,1393.0,2025-10-10,7610337.0,35710002.0,0.0,0.0,1555.0,5.0,8234661.0,49.0,42674872.0,0.0,0,0.1303,0.2131,0.293,0.6226,B,B
2026-04-24,74802042.0,42674872.0,9840747.0,6,0,0,1595,0,967020.0,309934.0,1395,9775752699,S101,U1013,Risk Merkezi,Limit Yenileme,Kullandirim,40.0,32834125.0,1394.0,2025-11-28,4735915.0,36334191.0,0.0,0.0,1579.0,5.0,8378598.0,147.0,46610966.0,0.0,0,0.0073,0.1303,0.3205,0.5738,B,B
2026-06-12,87502664.0,46610966.0,10748403.0,6,0,0,1569,0,1489245.0,420981.0,1396,9775752699,S101,U1013,Ticari Kredi Notu,Limit Yenileme,Aksiyon Yok,65.0,35862563.0,1395.0,2026-04-24,309934.0,42674872.0,0.0,0.0,1595.0,6.0,9840747.0,49.0,,,1,0.009,0.0073,0.2827,0.537,B,B
2026-01-30,93751932.0,45494489.0,8340419.0,5,0,0,1284,0,18948514.0,9937781.0,751,9776766621,S071,U0711,Ticari Kredi Notu,Limit Yenileme,Teklif,65.0,37154070.0,,,,,,,,,,,46269815.0,0.0,0,0.2184,,0.5245,0.4753,C,
2026-07-24,98627539.0,46269815.0,8482558.0,5,0,0,1251,0,27043501.0,8279012.0,752,9776766621,S071,U0712,Risk Merkezi,Tahsis Revizyonu,Izleme,40.0,37787257.0,751.0,2026-01-30,9937781.0,45494489.0,0.0,0.0,1284.0,5.0,8340419.0,175.0,47646378.0,0.0,0,0.1789,0.2184,0.3061,0.5307,C,C
2026-09-25,101078518.0,47646378.0,8734920.0,5,0,0,1263,0,26921989.0,8064167.0,753,9776766621,S071,U0711,Risk Merkezi,Limit Yenileme,Teklif,40.0,38911458.0,752.0,2026-07-24,8279012.0,46269815.0,0.0,0.0,1251.0,5.0,8482558.0,63.0,,,1,0.1693,0.1789,0.2995,0.5338,C,C
2026-02-04,21481926.0,14885434.0,3293398.0,4,0,0,1691,0,4696955.0,2080414.0,472,9777398662,S022,U0223,Risk Merkezi,Limit Yenileme,Kullandirim,40.0,11592036.0,,,,,,,,,,,15901037.0,0.0,0,0.1398,,0.4429,0.7629,A,
2026-04-08,22581768.0,15901037.0,3518099.0,4,0,0,1682,0,4333174.0,1967927.0,473,9777398662,S022,U0221,Cek Raporu,Periyodik Izleme,Izleme,30.0,12382938.0,472.0,2026-02-04,2080414.0,14885434.0,0.0,0.0,1691.0,4.0,3293398.0,63.0,17324928.0,0.0,0,0.1238,0.1398,0.4542,0.7635,A,A
2026-05-29,24052336.0,17324928.0,3833135.0,4,0,0,1685,0,2587215.0,1216770.0,474,9777398662,S022,U0221,Risk Merkezi,Periyodik Izleme,Izleme,40.0,13491793.0,473.0,2026-04-08,1967927.0,15901037.0,0.0,0.0,1682.0,4.0,3518099.0,51.0,18148458.0,0.0,0,0.0702,0.1238,0.4703,0.7504,A,A
2026-08-19,26363701.0,18148458.0,4015341.0,5,0,0,1714,0,2636370.0,0.0,475,9777398662,S022,U0221,Cek Raporu,Limit Yenileme,Aksiyon Yok,30.0,14133117.0,474.0,2026-05-29,1216770.0,17324928.0,0.0,0.0,1685.0,4.0,3833135.0,82.0,18870800.0,0.0,0,0.0,0.0702,0.0,0.7649,A,A
2026-09-24,23789163.0,18870800.0,4175159.0,5,0,0,1659,0,2378916.0,0.0,476,9777398662,S022,U0222,Risk Merkezi,Limit Yenileme,Kullandirim,40.0,14695641.0,475.0,2026-08-19,0.0,18148458.0,0.0,0.0,1714.0,5.0,4015341.0,36.0,,,1,0.0,0.0,0.0,0.8814,A,A
2025-10-27,36605547.0,20636823.0,6169069.0,3,0,0,1636,0,11500166.0,6154839.0,762,9781275411,S062,U0623,Ticari Kredi Notu,Tahsis Revizyonu,Izleme,65.0,14467754.0,,,,,,,,,,,20592532.0,0.0,0,0.2982,,0.5352,0.5768,A,
2025-10-31,44586829.0,20592532.0,6155829.0,3,0,0,1684,0,17523174.0,6675326.0,763,9781275411,S062,U0622,Ticari Kredi Notu,Limit Yenileme,Aksiyon Yok,65.0,14436703.0,762.0,2025-10-27,6154839.0,20636823.0,0.0,0.0,1636.0,3.0,6169069.0,4.0,21687447.0,0.0,0,0.3242,0.2982,0.3809,0.5142,A,A
2026-05-01,45368885.0,21687447.0,6483138.0,3,0,0,1658,0,17377675.0,6631417.0,764,9781275411,S062,U0622,Ticari Kredi Notu,Limit Yenileme,Kullandirim,65.0,15204309.0,763.0,2025-10-31,6675326.0,20592532.0,0.0,0.0,1684.0,3.0,6155829.0,182.0,,,1,0.3058,0.3242,0.3816,0.5379,A,A
2026-01-16,57203224.0,42798112.0,12007640.0,6,0,0,1670,0,31655301.0,15769929.0,1268,9782472222,S011,U0112,Risk Merkezi,Periyodik Izleme,Izleme,40.0,30790472.0,,,,,,,,,,,44154882.0,0.0,0,0.3685,,0.4982,1.0579,A,
2026-02-26,61192656.0,44154882.0,12388301.0,6,0,0,1704,0,28674521.0,13522089.0,1269,9782472222,S011,U0113,Risk Merkezi,Periyodik Izleme,Izleme,40.0,31766581.0,1268.0,2026-01-16,15769929.0,42798112.0,0.0,0.0,1670.0,6.0,12007640.0,41.0,46970341.0,0.0,0,0.3062,0.3685,0.4716,0.942,A,A
2026-03-19,64468503.0,46970341.0,13178220.0,6,0,0,1723,0,28837950.0,13801212.0,1270,9782472222,S011,U0111,Risk Merkezi,Periyodik Izleme,Izleme,40.0,33792121.0,1269.0,2026-02-26,13522089.0,44154882.0,0.0,0.0,1704.0,6.0,12388301.0,21.0,51753810.0,0.0,0,0.2938,0.3062,0.4786,0.9309,A,A
2026-06-05,74246767.0,51753810.0,14520292.0,6,0,0,1717,0,25543709.0,11419350.0,1271,9782472222,S011,U0113,Cek Raporu,Periyodik Izleme,Izleme,30.0,37233518.0,1270.0,2026-03-19,13801212.0,46970341.0,0.0,0.0,1723.0,6.0,13178220.0,78.0,59119960.0,0.0,0,0.2206,0.2938,0.4471,0.8282,A,A
2026-09-24,75301435.0,59119960.0,16586974.0,7,0,0,1722,0,15270515.0,8171416.0,1272,9782472222,S011,U0113,Risk Merkezi,Periyodik Izleme,Izleme,40.0,42532986.0,1271.0,2026-06-05,11419350.0,51753810.0,0.0,0.0,1717.0,6.0,14520292.0,111.0,,,1,0.1382,0.2206,0.5351,0.8487,A,A
2026-07-31,58128000.0,39058438.0,6672458.0,2,0,0,1310,0,30395887.0,17061606.0,1727,9785444396,S111,U1112,Ticari Kredi Notu,Tahsis Revizyonu,Izleme,65.0,32385980.0,,,,,,,,,,,40263661.0,0.0,0,0.4368,,0.5613,0.7932,C,
2026-08-06,58204787.0,40263661.0,6878350.0,2,0,0,1336,0,27015000.0,17486011.0,1728,9785444396,S111,U1113,Risk Merkezi,Periyodik Izleme,Izleme,40.0,33385311.0,1727.0,2026-07-31,17061606.0,39058438.0,0.0,0.0,1310.0,2.0,6672458.0,6.0,,,1,0.4343,0.4368,0.6473,0.7303,C,C
2025-11-26,6556455.0,4274801.0,993542.0,7,0,0,1502,0,2024942.0,1323241.0,858,9785969271,S002,U0021,Cek Raporu,Periyodik Izleme,Izleme,30.0,3281259.0,,,,,,,,,,,4230161.0,0.0,0,0.3095,,0.6535,0.6513,B,
2025-11-28,6722344.0,4230161.0,983166.0,7,0,0,1542,0,2014321.0,1342802.0,859,9785969271,S002,U0023,Ticari Kredi Notu,Periyodik Izleme,Izleme,65.0,3246995.0,858.0,2025-11-26,1323241.0,4274801.0,0.0,0.0,1502.0,7.0,993542.0,2.0,4380497.0,0.0,0,0.3174,0.3095,0.6666,0.6133,B,B
2025-12-05,6442944.0,4380497.0,1018107.0,7,0,0,1522,0,2218190.0,1385852.0,860,9785969271,S002,U0022,Cek Raporu,Tahsis Revizyonu,Izleme,30.0,3362390.0,859.0,2025-11-28,1342802.0,4230161.0,0.0,0.0,1542.0,7.0,983166.0,7.0,,,1,0.3164,0.3174,0.6248,0.7088,B,B
2026-08-05,86521938.0,52990716.0,8700934.0,4,0,0,1247,0,15919097.0,9370090.0,653,9788293633,S031,U0312,Ticari Kredi Notu,Tahsis Revizyonu,Izleme,65.0,44289782.0,,,,,,,,,,,,,1,0.1768,,0.5886,0.6178,C,
2025-12-16,15837590.0,7793920.0,2553145.0,2,0,0,1565,0,5059394.0,2087956.0,1189,9788330800,S072,U0721,Ticari Kredi Notu,Yeni Basvuru,Kullandirim,65.0,5240775.0,,,,,,,,,,,7778187.0,0.0,0,0.2679,,0.4127,0.5294,B,
2026-06-05,14561556.0,7778187.0,2547991.0,2,0,0,1639,0,3521332.0,1921621.0,1190,9788330800,S072,U0721,Risk Merkezi,Limit Yenileme,Teklif,40.0,5230196.0,1189.0,2025-12-16,2087956.0,7793920.0,0.0,0.0,1565.0,2.0,2553145.0,171.0,7735399.0,0.0,0,0.2471,0.2679,0.5457,0.5305,A,B
2026-08-11,15754609.0,7735399.0,2533974.0,2,0,0,1647,0,4986615.0,1800797.0,1191,9788330800,S072,U0722,Ticari Kredi Notu,Limit Yenileme,Ret,65.0,5201425.0,1190.0,2026-06-05,1921621.0,7778187.0,0.0,0.0,1639.0,2.0,2547991.0,67.0,,,1,0.2328,0.2471,0.3611,0.5511,A,A
2025-10-15,103748233.0,69165392.0,15848891.0,5,0,0,1388,0,48381841.0,29380032.0,328,9788997352,S101,U1011,Ticari Kredi Notu,Limit Yenileme,Kullandirim,65.0,53316501.0,,,,,,,,,,,72481918.0,0.0,0,0.4248,,0.6073,0.7186,C,
2025-12-22,118358872.0,72481918.0,23360596.0,5,0,0,1340,0,40869043.0,29699988.0,329,9788997352,S101,U1013,Cek Raporu,Periyodik Izleme,Izleme,30.0,49121322.0,328.0,2025-10-15,29380032.0,69165392.0,0.0,0.0,1388.0,5.0,15848891.0,68.0,78357142.0,0.0,0,0.4098,0.4248,0.7267,0.5521,C,C
2026-02-25,119982946.0,78357142.0,32231160.0,5,0,0,1375,0,46192755.0,31496082.0,330,9788997352,S101,U1011,Risk Merkezi,Tahsis Revizyonu,Izleme,40.0,46125982.0,329.0,2025-12-22,29699988.0,72481918.0,0.0,0.0,1340.0,5.0,23360596.0,65.0,86458853.0,0.0,0,0.402,0.4098,0.6818,0.6351,C,C
2026-05-12,127688988.0,86458853.0,44564886.0,5,0,0,1406,0,54536451.0,35115068.0,331,9788997352,S101,U1013,Risk Merkezi,Limit Yenileme,Kullandirim,40.0,41893967.0,330.0,2026-02-25,31496082.0,78357142.0,0.0,0.0,1375.0,5.0,32231160.0,76.0,83763812.0,0.0,0,0.4061,0.402,0.6439,0.7019,B,C
2026-06-26,142208400.0,83763812.0,48339260.0,5,0,0,1357,0,66010058.0,34038889.0,332,9788997352,S101,U1012,Risk Merkezi,Periyodik Izleme,Izleme,40.0,35424552.0,331.0,2026-05-12,35115068.0,86458853.0,0.0,0.0,1406.0,5.0,44564886.0,45.0,84583793.0,0.0,0,0.4064,0.4061,0.5157,0.6526,C,B
2026-07-31,133973568.0,84583793.0,52867850.0,5,0,0,1377,0,59486900.0,32820859.0,333,9788997352,S101,U1011,Risk Merkezi,Periyodik Izleme,Izleme,40.0,31715943.0,332.0,2026-06-26,34038889.0,83763812.0,0.0,0.0,1357.0,5.0,48339260.0,35.0,,,1,0.388,0.4064,0.5517,0.6949,C,C
2025-10-30,4371789.0,2969859.0,435476.0,5,0,0,1719,0,930665.0,617340.0,350,9790857820,S012,U0121,Risk Merkezi,Tahsis Revizyonu,Izleme,40.0,2534383.0,,,,,,,,,,,3173951.0,0.0,0,0.2079,,0.6633,0.6836,A,
2026-07-21,4376850.0,3173951.0,465403.0,5,0,0,1753,0,1197576.0,658522.0,351,9790857820,S012,U0123,Ticari Kredi Notu,Periyodik Izleme,Izleme,65.0,2708548.0,350.0,2025-10-30,617340.0,2969859.0,0.0,0.0,1719.0,5.0,435476.0,264.0,3164525.0,0.0,0,0.2075,0.2079,0.5499,0.7912,A,A
2026-07-24,4488943.0,3164525.0,464020.0,5,0,0,1796,0,889785.0,681051.0,352,9790857820,S012,U0121,Ticari Kredi Notu,Limit Yenileme,Aksiyon Yok,65.0,2700505.0,351.0,2026-07-21,658522.0,3173951.0,0.0,0.0,1753.0,5.0,465403.0,3.0,3139735.0,0.0,0,0.2152,0.2075,0.7654,0.69,A,A
2026-07-30,4426429.0,3139735.0,460385.0,5,0,0,1799,0,903925.0,651446.0,353,9790857820,S012,U0122,Cek Raporu,Tahsis Revizyonu,Izleme,30.0,2679350.0,352.0,2026-07-24,681051.0,3164525.0,0.0,0.0,1796.0,5.0,464020.0,6.0,,,1,0.2075,0.2152,0.7207,0.7064,A,A
2025-10-22,1275223317.0,751611556.0,136899722.0,3,0,0,1626,0,625438033.0,212271183.0,1067,9790894929,S000,U0001,Ticari Kredi Notu,Yeni Basvuru,Aksiyon Yok,65.0,614711834.0,,,,,,,,,,,875344201.0,0.0,0,0.2824,,0.3394,0.83,A,
2026-01-02,1488615288.0,875344201.0,159436583.0,4,0,0,1658,0,559918769.0,189266992.0,1068,9790894929,S000,U0001,Risk Merkezi,Limit Yenileme,Ret,40.0,715907618.0,1067.0,2025-10-22,212271183.0,751611556.0,0.0,0.0,1626.0,3.0,136899722.0,72.0,860634028.0,0.0,0,0.2162,0.2824,0.338,0.7388,A,A
2026-01-16,1342365402.0,860634028.0,156757248.0,4,0,0,1601,0,497247835.0,194489767.0,1069,9790894929,S000,U0002,Ticari Kredi Notu,Tahsis Revizyonu,Izleme,65.0,703876780.0,1068.0,2026-01-02,189266992.0,875344201.0,0.0,0.0,1658.0,4.0,159436583.0,14.0,910761331.0,0.0,0,0.226,0.2162,0.3911,0.7882,A,A
2026-03-11,1297036482.0,910761331.0,165887515.0,4,0,0,1608,0,313514648.0,141767049.0,1070,9790894929,S000,U0003,Ticari Kredi Notu,Tahsis Revizyonu,Izleme,65.0,744873816.0,1069.0,2026-01-16,194489767.0,860634028.0,0.0,0.0,1601.0,4.0,156757248.0,54.0,1124162935.0,0.0,0,0.1557,0.226,0.4522,0.7819,A,A
2026-07-31,1677523485.0,1124162935.0,204756822.0,5,0,0,1659,0,126516318.0,53153612.0,1071,9790894929,S000,U0003,Risk Merkezi,Tahsis Revizyonu,Izleme,40.0,919406113.0,1070.0,2026-03-11,141767049.0,910761331.0,0.0,0.0,1608.0,4.0,165887515.0,142.0,,,1,0.0473,0.1557,0.4201,0.6905,A,A
2025-10-24,32240989.0,19423617.0,3622635.0,6,0,0,1359,0,14007179.0,7343333.0,334,9792466882,S002,U0021,Risk Merkezi,Limit Yenileme,Kullandirim,40.0,15800982.0,,,,,,,,,,,20558589.0,0.0,0,0.3781,,0.5243,0.6625,C,
2026-02-27,36049491.0,20558589.0,3834315.0,6,0,0,1313,0,13807775.0,8402917.0,335,9792466882,S002,U0021,Risk Merkezi,Periyodik Izleme,Izleme,40.0,16724274.0,334.0,2025-10-24,7343333.0,19423617.0,0.0,0.0,1359.0,6.0,3622635.0,126.0,20259156.0,0.0,0,0.4087,0.3781,0.6086,0.5465,C,C
2026-07-27,34896766.0,20259156.0,3778469.0,6,0,0,1295,0,14249626.0,7701618.0,336,9792466882,S002,U0022,Ticari Kredi Notu,Periyodik Izleme,Izleme,65.0,16480687.0,335.0,2026-02-27,8402917.0,20558589.0,0.0,0.0,1313.0,6.0,3834315.0,150.0,20647608.0,0.0,0,0.3802,0.4087,0.5405,0.6082,C,C
2026-08-28,37873838.0,20647608.0,3850917.0,6,0,0,1308,0,14667365.0,7796773.0,337,9792466882,S002,U0021,Ticari Kredi Notu,Periyodik Izleme,Izleme,65.0,16796691.0,336.0,2026-07-27,7701618.0,20259156.0,0.0,0.0,1295.0,6.0,3778469.0,32.0,,,1,0.3776,0.3802,0.5316,0.5538,C,C
2026-01-05,128441112.0,72976795.0,15785398.0,4,0,0,1312,0,67733626.0,27645076.0,1234,9793355844,S011,U0113,Risk Merkezi,Periyodik Izleme,Izleme,40.0,57191397.0,,,,,,,,,,,70557144.0,0.0,0,0.3788,,0.4081,0.7467,C,
2026-02-13,127709381.0,70557144.0,15262010.0,4,0,0,1337,0,59403701.0,24823529.0,1235,9793355844,S011,U0112,Risk Merkezi,Limit Yenileme,Kullandirim,40.0,55295134.0,1234.0,2026-01-05,27645076.0,72976795.0,0.0,0.0,1312.0,4.0,15785398.0,39.0,71902828.0,0.0,0,0.3518,0.3788,0.4179,0.6695,C,C
2026-02-15,123922176.0,71902828.0,15553091.0,4,0,0,1310,0,49477103.0,27205336.0,1236,9793355844,S011,U0112,Risk Merkezi,Periyodik Izleme,Izleme,40.0,56349737.0,1235.0,2026-02-13,24823529.0,70557144.0,0.0,0.0,1337.0,4.0,15262010.0,2.0,72995275.0,0.0,0,0.3784,0.3518,0.5499,0.6004,C,C
2026-04-10,130462695.0,72995275.0,15789395.0,4,0,0,1297,0,42845509.0,26746716.0,1237,9793355844,S011,U0113,Risk Merkezi,Tahsis Revizyonu,Izleme,40.0,57205880.0,1236.0,2026-02-15,27205336.0,71902828.0,0.0,0.0,1310.0,4.0,15553091.0,54.0,79297333.0,0.0,0,0.3664,0.3784,0.6243,0.5278,C,C
2026-09-22,137488114.0,79297333.0,17152575.0,4,0,0,1358,0,61358196.0,27664083.0,1238,9793355844,S011,U0113,Risk Merkezi,Limit Yenileme,Ret,40.0,62144758.0,1237.0,2026-04-10,26746716.0,72995275.0,0.0,0.0,1297.0,4.0,15789395.0,165.0,,,1,0.3489,0.3664,0.4509,0.6782,C,C
2026-04-03,78572079.0,34456964.0,5852219.0,1,0,0,1589,0,74643475.0,34456964.0,316,9793490676,S071,U0713,Risk Merkezi,Limit Yenileme,Aksiyon Yok,40.0,28604745.0,,,,,,,,,,,30693497.0,0.0,0,1.0,,0.4616,0.0,B,
2026-08-14,93157803.0,30693497.0,5213026.0,1,0,0,1628,0,88499913.0,30693497.0,317,9793490676,S071,U0713,Ticari Kredi Notu,Periyodik Izleme,Izleme,65.0,25480471.0,316.0,2026-04-03,34456964.0,34456964.0,0.0,0.0,1589.0,1.0,5852219.0,133.0,28104107.0,0.0,0,1.0,1.0,0.3468,0.0,A,B
2026-09-25,77063999.0,28104107.0,4773241.0,1,0,0,1637,0,59052439.0,28104107.0,318,9793490676,S071,U0711,Risk Merkezi,Periyodik Izleme,Izleme,40.0,23330866.0,317.0,2026-08-14,30693497.0,30693497.0,0.0,0.0,1628.0,1.0,5213026.0,42.0,,,1,1.0,1.0,0.4759,0.0,A,A
2026-05-29,111013834.0,45171902.0,9257018.0,6,0,0,1659,0,32623840.0,10897543.0,568,9794463532,S001,U0011,Cek Raporu,Limit Yenileme,Aksiyon Yok,30.0,35914884.0,,,,,,,,,,,,,1,0.2412,,0.334,0.4372,A,
2025-12-31,13900134.0,9396209.0,2232968.0,5,0,0,1635,0,1530080.0,1094597.0,19,9796187133,S092,U0921,Risk Merkezi,Yeni Basvuru,Aksiyon Yok,40.0,7163241.0,,,,,,,,,,,10572337.0,0.0,0,0.1165,,0.7154,0.6711,A,
2026-01-30,15353108.0,10572337.0,2946950.0,5,0,0,1618,0,2801754.0,1684608.0,20,9796187133,S092,U0921,Ticari Kredi Notu,Limit Yenileme,Teklif,65.0,7625387.0,19.0,2025-12-31,1094597.0,9396209.0,0.0,0.0,1635.0,5.0,2232968.0,30.0,10798181.0,0.0,0,0.1593,0.1165,0.6013,0.7081,A,A
2026-03-17,15889928.0,10798181.0,3690335.0,5,0,0,1599,0,2145996.0,1409862.0,21,9796187133,S092,U0922,Risk Merkezi,Limit Yenileme,Kullandirim,40.0,7107846.0,20.0,2026-01-30,1684608.0,10572337.0,0.0,0.0,1618.0,5.0,2946950.0,46.0,11182958.0,0.0,0,0.1306,0.1593,0.657,0.6831,B,A
2026-04-21,16109770.0,11182958.0,4358004.0,5,0,0,1579,0,2090398.0,1412566.0,22,9796187133,S092,U0921,Ticari Kredi Notu,Periyodik Izleme,Izleme,65.0,6824954.0,21.0,2026-03-17,1409862.0,10798181.0,0.0,0.0,1599.0,5.0,3690335.0,35.0,11929021.0,0.0,0,0.1263,0.1306,0.6757,0.6969,B,B
2026-06-24,16765839.0,11929021.0,5694577.0,5,0,0,1601,0,2860813.0,1837637.0,23,9796187133,S092,U0922,Risk Merkezi,Periyodik Izleme,Izleme,40.0,6234444.0,22.0,2026-04-21,1412566.0,11182958.0,0.0,0.0,1579.0,5.0,4358004.0,64.0,12168819.0,0.0,0,0.154,0.1263,0.6423,0.7257,A,B
2026-09-29,18136916.0,12168819.0,7426002.0,5,0,0,1646,0,1856441.0,1271236.0,24,9796187133,S092,U0921,Risk Merkezi,Periyodik Izleme,Izleme,40.0,4742817.0,23.0,2026-06-24,1837637.0,11929021.0,0.0,0.0,1601.0,5.0,5694577.0,97.0,,,1,0.1045,0.154,0.6848,0.6694,A,A
2025-10-31,157550244.0,92983705.0,19190640.0,7,0,0,1303,0,25309697.0,13129229.0,1391,9796976050,S081,U0812,Risk Merkezi,Limit Yenileme,Kullandirim,40.0,73793065.0,,,,,,,,,,,96496617.0,0.0,0,0.1412,,0.5187,0.6039,C,
2026-05-15,171964050.0,96496617.0,19915659.0,7,0,0,1346,0,23110977.0,12161487.0,1392,9796976050,S081,U0812,Risk Merkezi,Limit Yenileme,Kullandirim,40.0,76580958.0,1391.0,2025-10-31,13129229.0,92983705.0,0.0,0.0,1303.0,7.0,19190640.0,196.0,,,1,0.126,0.1412,0.5262,0.5666,C,C
2026-06-26,143694354.0,93670427.0,22070773.0,2,0,0,1492,0,67103029.0,34092091.0,1192,9796988749,S101,U1013,Risk Merkezi,Periyodik Izleme,Izleme,40.0,71599654.0,,,,,,,,,,,89034984.0,0.0,0,0.364,,0.5081,0.7779,B,
2026-09-24,140290793.0,89034984.0,20978563.0,2,0,0,1464,0,56971932.0,39087293.0,1193,9796988749,S101,U1011,Ticari Kredi Notu,Limit Yenileme,Kullandirim,65.0,68056421.0,1192.0,2026-06-26,34092091.0,93670427.0,0.0,0.0,1492.0,2.0,22070773.0,90.0,,,1,0.439,0.364,0.6861,0.5995,B,B
2026-02-02,111235737.0,76083968.0,8039381.0,3,0,0,1678,0,10194720.0,7382480.0,343,9798211977,S021,U0213,Ticari Kredi Notu,Limit Yenileme,Aksiyon Yok,65.0,68044587.0,,,,,,,,,,,68405853.0,0.0,0,0.097,,0.7241,0.6799,A,
2026-05-01,110445716.0,68405853.0,7228076.0,3,0,0,1604,0,4947589.0,2281335.0,344,9798211977,S021,U0211,Risk Merkezi,Limit Yenileme,Kullandirim,40.0,61177777.0,343.0,2026-02-02,7382480.0,76083968.0,0.0,0.0,1678.0,3.0,8039381.0,88.0,,,1,0.0333,0.097,0.4611,0.6268,A,A
2026-02-02,256230525.0,161624311.0,43412280.0,6,0,0,1673,0,82033398.0,64753053.0,1501,9798685589,S050,U0502,Risk Merkezi,Yeni Basvuru,Kullandirim,40.0,118212031.0,,,,,,,,,,,,,1,0.4006,,0.7893,0.5561,A,
2026-03-06,152818720.0,113831711.0,27018793.0,5,0,0,1556,0,26213701.0,12972654.0,962,9799926935,S021,U0212,Risk Merkezi,Limit Yenileme,Aksiyon Yok,40.0,86812918.0,,,,,,,,,,,115006774.0,0.0,0,0.114,,0.4949,0.7966,B,
2026-03-25,150089636.0,115006774.0,27297703.0,5,0,0,1587,0,17168787.0,8863454.0,963,9799926935,S021,U0212,Risk Merkezi,Periyodik Izleme,Izleme,40.0,87709071.0,962.0,2026-03-06,12972654.0,113831711.0,0.0,0.0,1556.0,5.0,27018793.0,19.0,116959153.0,0.0,0,0.0771,0.114,0.5163,0.7985,B,B
2026-04-14,153298124.0,116959153.0,27761115.0,5,0,0,1592,0,24554575.0,12595325.0,964,9799926935,S021,U0211,Cek Raporu,Limit Yenileme,Kullandirim,30.0,89198038.0,963.0,2026-03-25,8863454.0,115006774.0,0.0,0.0,1587.0,5.0,27297703.0,20.0,132957371.0,0.0,0,0.1077,0.0771,0.513,0.8106,B,B
2026-08-24,156985754.0,132957371.0,31558409.0,6,0,0,1605,0,15698575.0,0.0,965,9799926935,S021,U0211,Ticari Kredi Notu,Periyodik Izleme,Izleme,65.0,101398962.0,964.0,2026-04-14,12595325.0,116959153.0,0.0,0.0,1592.0,5.0,27761115.0,132.0,,,1,0.0,0.1077,0.0,0.941,A,B
2025-10-14,469589522.0,324389902.0,103976161.0,5,0,0,1344,0,215273759.0,127745715.0,1023,9803319255,S050,U0503,Ticari Kredi Notu,Limit Yenileme,Kullandirim,65.0,220413741.0,,,,,,,,,,,438335472.0,0.0,0,0.3938,,0.5934,0.7732,C,
2026-05-27,691144944.0,438335472.0,140498947.0,5,0,0,1443,0,342759959.0,200501607.0,1024,9803319255,S050,U0503,Risk Merkezi,Limit Yenileme,Aksiyon Yok,40.0,297836525.0,1023.0,2025-10-14,127745715.0,324389902.0,0.0,0.0,1344.0,5.0,103976161.0,225.0,425072178.0,0.0,0,0.4574,0.3938,0.585,0.6827,B,C
2026-06-05,681448222.0,425072178.0,136247686.0,5,0,0,1483,0,317781076.0,203993080.0,1025,9803319255,S050,U0503,Ticari Kredi Notu,Limit Yenileme,Kullandirim,65.0,288824492.0,1024.0,2026-05-27,200501607.0,438335472.0,0.0,0.0,1443.0,5.0,140498947.0,9.0,463576062.0,0.0,0,0.4799,0.4574,0.6419,0.6079,B,B
2026-09-24,704900210.0,463576062.0,148589272.0,5,0,0,1490,0,401394409.0,247639846.0,1026,9803319255,S050,U0502,Ticari Kredi Notu,Limit Yenileme,Kullandirim,65.0,314986790.0,1025.0,2026-06-05,203993080.0,425072178.0,0.0,0.0,1483.0,5.0,136247686.0,111.0,,,1,0.5342,0.4799,0.6169,0.7115,B,B
2025-10-31,643032105.0,483341257.0,149317001.0,4,0,0,1253,0,163469060.0,143109622.0,1084,9807938196,S030,U0301,Risk Merkezi,Yeni Basvuru,Aksiyon Yok,40.0,334024256.0,,,,,,,,,,,482648271.0,0.0,0,0.2961,,0.8755,0.7095,C,
2026-03-30,643502698.0,482648271.0,149102919.0,4,0,0,1263,0,195813398.0,156494776.0,1085,9807938196,S030,U0302,Ticari Kredi Notu,Periyodik Izleme,Izleme,65.0,333545352.0,1084.0,2025-10-31,143109622.0,483341257.0,0.0,0.0,1253.0,4.0,149317001.0,150.0,508491685.0,0.0,0,0.3242,0.2961,0.7992,0.7285,C,C
2026-04-29,723758710.0,508491685.0,157086639.0,4,0,0,1258,0,276047979.0,150051774.0,1086,9807938196,S030,U0301,Ticari Kredi Notu,Limit Yenileme,Aksiyon Yok,65.0,351405046.0,1085.0,2026-03-30,156494776.0,482648271.0,0.0,0.0,1263.0,4.0,149102919.0,30.0,499171467.0,0.0,0,0.2951,0.3242,0.5436,0.8006,C,C
2026-08-21,674855442.0,499171467.0,154207375.0,4,0,0,1286,0,220866380.0,144559181.0,1087,9807938196,S030,U0303,Ticari Kredi Notu,Limit Yenileme,Ret,65.0,344964092.0,1086.0,2026-04-29,150051774.0,508491685.0,0.0,0.0,1258.0,4.0,157086639.0,114.0,,,1,0.2896,0.2951,0.6545,0.7811,C,C
2025-11-14,60209054.0,32996624.0,10838023.0,5,0,0,1480,0,14116090.0,6299614.0,1346,9808404116,S021,U0212,Ticari Kredi Notu,Yeni Basvuru,Kullandirim,65.0,22158601.0,,,,,,,,,,,34417924.0,0.0,0,0.1909,,0.4463,0.5792,B,
2025-11-28,74163449.0,34417924.0,11964931.0,5,0,0,1490,0,15207687.0,5916581.0,1347,9808404116,S021,U0213,Ticari Kredi Notu,Tahsis Revizyonu,Izleme,65.0,22452993.0,1346.0,2025-11-14,6299614.0,32996624.0,0.0,0.0,1480.0,5.0,10838023.0,14.0,35640163.0,0.0,0,0.1719,0.1909,0.3891,0.4834,B,B
2025-12-31,66258874.0,35640163.0,14000956.0,5,0,0,1484,0,15500136.0,7332798.0,1348,9808404116,S021,U0212,Risk Merkezi,Tahsis Revizyonu,Izleme,40.0,21639207.0,1347.0,2025-11-28,5916581.0,34417924.0,0.0,0.0,1490.0,5.0,11964931.0,33.0,37765405.0,0.0,0,0.2057,0.1719,0.4731,0.5577,B,B
2026-02-18,73794154.0,37765405.0,17370779.0,5,0,0,1428,0,18762421.0,7974760.0,1349,9808404116,S021,U0213,Risk Merkezi,Periyodik Izleme,Izleme,40.0,20394626.0,1348.0,2025-12-31,7332798.0,35640163.0,0.0,0.0,1484.0,5.0,14000956.0,49.0,37328992.0,0.0,0,0.2112,0.2057,0.425,0.5413,B,B
2026-03-27,71002291.0,37328992.0,19062061.0,5,0,0,1467,0,14317061.0,7423443.0,1350,9808404116,S021,U0211,Ticari Kredi Notu,Tahsis Revizyonu,Izleme,65.0,18266931.0,1349.0,2026-02-18,7974760.0,37765405.0,0.0,0.0,1428.0,5.0,17370779.0,37.0,42135606.0,0.0,0,0.1989,0.2112,0.5185,0.5276,B,B
2026-08-10,84661017.0,42135606.0,29366481.0,5,0,0,1527,0,19367680.0,7701676.0,1351,9808404116,S021,U0212,Ticari Kredi Notu,Limit Yenileme,Kullandirim,65.0,12769125.0,1350.0,2026-03-27,7423443.0,37328992.0,0.0,0.0,1467.0,5.0,19062061.0,136.0,,,1,0.1828,0.1989,0.3977,0.5274,B,B
2026-04-16,225299214.0,114966431.0,29743773.0,4,0,0,1507,0,149723526.0,49785281.0,961,9811218839,S101,U1012,Risk Merkezi,Limit Yenileme,Teklif,40.0,85222658.0,,,,,,,,,,,,,1,0.433,,0.3325,0.8625,B,
2025-11-14,9236115.0,6553928.0,1699835.0,2,0,0,1676,0,1850979.0,850706.0,1543,9811583925,S092,U0921,Risk Merkezi,Limit Yenileme,Kullandirim,40.0,4854093.0,,,,,,,,,,,7422530.0,0.0,0,0.1298,,0.4596,0.7723,A,
2026-02-24,10224309.0,7422530.0,1925117.0,3,0,0,1642,0,778775.0,370673.0,1544,9811583925,S092,U0923,Ticari Kredi Notu,Periyodik Izleme,Izleme,65.0,5497413.0,1543.0,2025-11-14,850706.0,6553928.0,0.0,0.0,1676.0,2.0,1699835.0,102.0,7950095.0,0.0,0,0.0499,0.1298,0.476,0.7466,A,A
2026-03-20,10569585.0,7950095.0,2061947.0,3,0,0,1706,0,1056958.0,0.0,1545,9811583925,S092,U0921,Risk Merkezi,Limit Yenileme,Ret,40.0,5888148.0,1544.0,2026-02-24,370673.0,7422530.0,0.0,0.0,1642.0,3.0,1925117.0,24.0,7595642.0,0.0,0,0.0,0.0499,0.0,0.8357,A,A
2026-03-31,9530244.0,7595642.0,1970016.0,3,0,0,1682,0,953024.0,0.0,1546,9811583925,S092,U0922,Risk Merkezi,Tahsis Revizyonu,Izleme,40.0,5625626.0,1545.0,2026-03-20,0.0,7950095.0,0.0,0.0,1706.0,3.0,2061947.0,11.0,,,1,0.0,0.0,0.0,0.8856,A,A
2026-02-24,71132993.0,37641271.0,8080971.0,7,0,0,1692,0,14740937.0,4115191.0,1743,9812662560,S101,U1013,Risk Merkezi,Yeni Basvuru,Kullandirim,40.0,29560300.0,,,,,,,,,,,40753920.0,0.0,0,0.1093,,0.2792,0.5945,A,
2026-06-09,84302638.0,40753920.0,8749206.0,7,0,0,1703,0,1638046.0,382359.0,1744,9812662560,S101,U1013,Risk Merkezi,Tahsis Revizyonu,Izleme,40.0,32004714.0,1743.0,2026-02-24,4115191.0,37641271.0,0.0,0.0,1692.0,7.0,8080971.0,105.0,47124036.0,0.0,0,0.0094,0.1093,0.2334,0.4884,A,A
2026-09-09,81141357.0,47124036.0,10116767.0,8,0,0,1768,0,8114136.0,0.0,1745,9812662560,S101,U1011,Risk Merkezi,Periyodik Izleme,Izleme,40.0,37007269.0,1744.0,2026-06-09,382359.0,40753920.0,0.0,0.0,1703.0,7.0,8749206.0,92.0,47499509.0,0.0,0,0.0,0.0094,0.0,0.6453,A,A
2026-09-28,82884340.0,47499509.0,10197375.0,8,0,0,1733,0,8288434.0,0.0,1746,9812662560,S101,U1013,Risk Merkezi,Periyodik Izleme,Izleme,40.0,37302134.0,1745.0,2026-09-09,0.0,47124036.0,0.0,0.0,1768.0,8.0,10116767.0,19.0,,,1,0.0,0.0,0.0,0.6368,A,A
2026-03-23,7922267.0,4830794.0,2565397.0,4,0,0,1291,0,2451357.0,1331927.0,1647,9815972680,S092,U0923,Risk Merkezi,Limit Yenileme,Kullandirim,40.0,2265397.0,,,,,,,,,,,4961058.0,0.0,0,0.2757,,0.5433,0.6395,C,
2026-05-15,8398889.0,4961058.0,2994761.0,4,0,0,1266,0,2486744.0,1424488.0,1648,9815972680,S092,U0921,Ticari Kredi Notu,Periyodik Izleme,Izleme,65.0,1966297.0,1647.0,2026-03-23,1331927.0,4830794.0,0.0,0.0,1291.0,4.0,2565397.0,53.0,5256019.0,0.0,0,0.2871,0.2757,0.5728,0.5982,C,C
2026-07-10,8917708.0,5256019.0,3576016.0,4,0,0,1264,0,3580062.0,1452583.0,1649,9815972680,S092,U0921,Ticari Kredi Notu,Tahsis Revizyonu,Izleme,65.0,1680003.0,1648.0,2026-05-15,1424488.0,4961058.0,0.0,0.0,1266.0,4.0,2994761.0,56.0,,,1,0.2764,0.2871,0.4057,0.7126,C,C
2026-07-21,179327830.0,128320038.0,43010134.0,2,0,0,1472,0,62381297.0,36353376.0,1353,9818515731,S051,U0512,Ticari Kredi Notu,Yeni Basvuru,Teklif,65.0,85309904.0,,,,,,,,,,,,,1,0.2833,,0.5828,0.7864,B,
2025-10-29,75703891.0,57924984.0,12349524.0,5,0,0,1285,0,22771756.0,17480563.0,1115,9818874844,S011,U0112,Risk Merkezi,Limit Yenileme,Kullandirim,40.0,45575460.0,,,,,,,,,,,,,1,0.3018,,0.7676,0.7641,C,
2026-08-07,1449094114.0,753214586.0,189000038.0,4,0,0,1852,0,701146028.0,357674045.0,442,9819143736,S000,U0003,Ticari Kredi Notu,Periyodik Izleme,Izleme,65.0,564214548.0,,,,,,,,,,,,,1,0.4749,,0.5101,0.5288,A,
2026-04-03,5912665.0,3200031.0,751383.0,6,0,0,1340,0,1689571.0,836069.0,749,9819300629,S032,U0323,Risk Merkezi,Yeni Basvuru,Teklif,40.0,2448648.0,,,,,,,,,,,3114811.0,0.0,0,0.2613,,0.4948,0.5598,C,
2026-04-09,5593324.0,3114811.0,731373.0,6,0,0,1375,0,1518420.0,843280.0,750,9819300629,S032,U0323,Risk Merkezi,Tahsis Revizyonu,Izleme,40.0,2383438.0,749.0,2026-04-03,836069.0,3200031.0,0.0,0.0,1340.0,6.0,751383.0,6.0,,,1,0.2707,0.2613,0.5554,0.5574,C,C
2026-03-30,66941289.0,43668038.0,15127284.0,4,0,0,1496,0,28341816.0,11402859.0,468,9819573704,S111,U1113,Ticari Kredi Notu,Periyodik Izleme,Izleme,65.0,28540754.0,,,,,,,,,,,44297538.0,0.0,0,0.2611,,0.4023,0.8359,B,
2026-04-27,69035146.0,44297538.0,15345353.0,4,0,0,1521,0,25145332.0,9848583.0,469,9819573704,S111,U1113,Risk Merkezi,Limit Yenileme,Ret,40.0,28952185.0,468.0,2026-03-30,11402859.0,43668038.0,0.0,0.0,1496.0,4.0,15127284.0,28.0,44001229.0,0.0,0,0.2223,0.2611,0.3917,0.7849,B,B
2026-05-01,63311264.0,44001229.0,15242707.0,4,0,0,1521,0,23519056.0,10465943.0,470,9819573704,S111,U1111,Ticari Kredi Notu,Periyodik Izleme,Izleme,65.0,28758522.0,469.0,2026-04-27,9848583.0,44297538.0,0.0,0.0,1521.0,4.0,15345353.0,4.0,,,1,0.2379,0.2223,0.445,0.8428,B,B
2025-10-01,10749365.0,7786678.0,1663266.0,2,0,0,1647,0,2193794.0,1225087.0,913,9825631514,S082,U0821,Ticari Kredi Notu,Periyodik Izleme,Izleme,65.0,6123412.0,,,,,,,,,,,7779752.0,0.0,0,0.1573,,0.5584,0.7669,A,
2026-04-20,10616377.0,7779752.0,1661787.0,2,0,0,1646,0,1841992.0,1319453.0,914,9825631514,S082,U0821,Risk Merkezi,Limit Yenileme,Kullandirim,40.0,6117965.0,913.0,2025-10-01,1225087.0,7786678.0,0.0,0.0,1647.0,2.0,1663266.0,201.0,8097562.0,0.0,0,0.1696,0.1573,0.7163,0.7363,A,A
2026-06-22,11243566.0,8097562.0,1729672.0,2,0,0,1615,0,2160000.0,1514227.0,915,9825631514,S082,U0822,Risk Merkezi,Tahsis Revizyonu,Izleme,40.0,6367890.0,914.0,2026-04-20,1319453.0,7779752.0,0.0,0.0,1646.0,2.0,1661787.0,63.0,7718386.0,0.0,0,0.187,0.1696,0.701,0.7248,A,A
2026-06-29,10325146.0,7718386.0,1648679.0,2,0,0,1681,0,2085196.0,1496298.0,916,9825631514,S082,U0823,Risk Merkezi,Limit Yenileme,Teklif,40.0,6069707.0,915.0,2026-06-22,1514227.0,8097562.0,0.0,0.0,1615.0,2.0,1729672.0,7.0,,,1,0.1939,0.187,0.7176,0.7551,A,A
2025-11-17,63555712.0,34822339.0,7302756.0,5,0,0,1312,0,10046973.0,5046468.0,564,9827446828,S031,U0313,Risk Merkezi,Limit Yenileme,Kullandirim,40.0,27519583.0,,,,,,,,,,,33577515.0,0.0,0,0.1449,,0.5023,0.5565,C,
2026-02-26,57844053.0,33577515.0,7041698.0,4,0,0,1258,0,7049158.0,3866711.0,565,9827446828,S031,U0312,Cek Raporu,Limit Yenileme,Ret,30.0,26535817.0,564.0,2025-11-17,5046468.0,34822339.0,0.0,0.0,1312.0,5.0,7302756.0,101.0,26884563.0,0.0,0,0.1152,0.1449,0.5485,0.5849,C,C
2026-07-08,54191281.0,26884563.0,5638088.0,4,0,0,1256,0,4034793.0,1966157.0,566,9827446828,S031,U0313,Risk Merkezi,Tahsis Revizyonu,Izleme,40.0,21246475.0,565.0,2026-02-26,3866711.0,33577515.0,0.0,0.0,1258.0,4.0,7041698.0,132.0,,,1,0.0731,0.1152,0.4873,0.4968,C,C
2026-03-13,8038747.0,5120373.0,3130697.0,7,0,0,1530,0,2068922.0,1229111.0,147,9828072642,S082,U0822,Cek Raporu,Yeni Basvuru,Kullandirim,30.0,1989676.0,,,,,,,,,,,5292790.0,0.0,0,0.24,,0.5941,0.6518,B,
2026-05-08,8216139.0,5292790.0,3642138.0,7,0,0,1509,0,1738771.0,1258434.0,148,9828072642,S082,U0821,Risk Merkezi,Limit Yenileme,Ret,40.0,1650652.0,147.0,2026-03-13,1229111.0,5120373.0,0.0,0.0,1530.0,7.0,3130697.0,56.0,5579186.0,0.0,0,0.2378,0.24,0.7237,0.6228,B,B
2026-05-10,8852361.0,5579186.0,3854501.0,7,0,0,1556,0,2237905.0,1244307.0,149,9828072642,S082,U0822,Ticari Kredi Notu,Limit Yenileme,Kullandirim,65.0,1724685.0,148.0,2026-05-08,1258434.0,5292790.0,0.0,0.0,1509.0,7.0,3642138.0,2.0,5570506.0,0.0,0,0.223,0.2378,0.556,0.6554,B,B
2026-06-05,9372643.0,5570506.0,4046907.0,7,0,0,1583,0,2732253.0,1473739.0,150,9828072642,S082,U0822,Risk Merkezi,Periyodik Izleme,Izleme,40.0,1523599.0,149.0,2026-05-10,1244307.0,5579186.0,0.0,0.0,1556.0,7.0,3854501.0,26.0,5421005.0,0.0,0,0.2646,0.223,0.5394,0.6169,B,B
2026-06-29,9375467.0,5421005.0,4116521.0,7,0,0,1583,0,2098861.0,1255871.0,151,9828072642,S082,U0821,Risk Merkezi,Limit Yenileme,Aksiyon Yok,40.0,1304484.0,150.0,2026-06-05,1473739.0,5570506.0,0.0,0.0,1583.0,7.0,4046907.0,24.0,5827497.0,0.0,0,0.2317,0.2646,0.5984,0.5724,B,B
2026-09-07,9056323.0,5827497.0,4983998.0,7,0,0,1560,0,2300054.0,1291234.0,152,9828072642,S082,U0821,Risk Merkezi,Limit Yenileme,Kullandirim,40.0,843499.0,151.0,2026-06-29,1255871.0,5421005.0,0.0,0.0,1583.0,7.0,4116521.0,70.0,,,1,0.2216,0.2317,0.5614,0.6714,B,B
2025-11-27,15169901.0,10215487.0,1659362.0,6,0,0,1661,0,5073721.0,3063442.0,1574,9828854867,S082,U0822,Risk Merkezi,Yeni Basvuru,Kullandirim,40.0,8556125.0,,,,,,,,,,,11509453.0,0.0,0,0.2999,,0.6038,0.7084,A,
2026-05-14,14262843.0,11509453.0,1869549.0,8,0,0,1459,3,3840449.0,3053966.0,1575,9828854867,S082,U0821,Cek Raporu,Periyodik Izleme,Izleme,30.0,9639904.0,1574.0,2025-11-27,3063442.0,10215487.0,0.0,0.0,1661.0,6.0,1659362.0,168.0,11490638.0,1.0,0,0.2653,0.2999,0.7952,0.8113,B,A
2026-06-16,12894583.0,11490638.0,1866493.0,8,1,0,1422,3,4020454.0,3050944.0,1576,9828854867,S082,U0822,Ticari Kredi Notu,Periyodik Izleme,Izleme,65.0,9624145.0,1575.0,2026-05-14,3053966.0,11509453.0,0.0,0.0,1459.0,8.0,1869549.0,33.0,12040502.0,1.0,0,0.2655,0.2653,0.7589,0.951,B,B
2026-07-09,13430186.0,12040502.0,1955810.0,8,1,0,1353,0,3885726.0,3553246.0,1577,9828854867,S082,U0823,Risk Merkezi,Periyodik Izleme,Izleme,40.0,10084692.0,1576.0,2026-06-16,3050944.0,11490638.0,1.0,0.0,1422.0,8.0,1866493.0,23.0,,,1,0.2951,0.2655,0.9144,0.8892,C,B
2025-10-28,18164903.0,7601750.0,1312838.0,7,0,0,1788,0,7019255.0,2597526.0,1162,9831067251,S112,U1122,Risk Merkezi,Limit Yenileme,Kullandirim,40.0,6288912.0,,,,,,,,,,,9870751.0,0.0,0,0.3417,,0.3701,0.449,A,
2026-03-31,19723198.0,9870751.0,1704699.0,7,0,0,1834,0,10279312.0,3629344.0,1163,9831067251,S112,U1121,Risk Merkezi,Periyodik Izleme,Izleme,40.0,8166052.0,1162.0,2025-10-28,2597526.0,7601750.0,0.0,0.0,1788.0,7.0,1312838.0,154.0,10631669.0,0.0,0,0.3677,0.3417,0.3531,0.6609,A,A
2026-07-28,22046558.0,10631669.0,1836111.0,7,0,0,1860,0,8706151.0,4253172.0,1164,9831067251,S112,U1121,Risk Merkezi,Limit Yenileme,Ret,40.0,8795558.0,1163.0,2026-03-31,3629344.0,9870751.0,0.0,0.0,1834.0,7.0,1704699.0,119.0,,,1,0.4,0.3677,0.4885,0.4781,A,A
2026-01-08,12779967.0,8012735.0,1263311.0,7,0,0,1697,0,4294145.0,2941189.0,776,9836404617,S112,U1123,Cek Raporu,Periyodik Izleme,Izleme,30.0,6749424.0,,,,,,,,,,,8059434.0,0.0,0,0.3671,,0.6849,0.5976,A,
2026-04-27,13195862.0,8059434.0,1270674.0,7,0,0,1635,0,5441502.0,3294296.0,777,9836404617,S112,U1123,Ticari Kredi Notu,Periyodik Izleme,Izleme,65.0,6788760.0,776.0,2026-01-08,2941189.0,8012735.0,0.0,0.0,1697.0,7.0,1263311.0,109.0,8147954.0,0.0,0,0.4088,0.3671,0.6054,0.6145,A,A
2026-06-24,12167578.0,8147954.0,1284630.0,7,0,0,1718,0,5386988.0,3228462.0,778,9836404617,S112,U1121,Ticari Kredi Notu,Limit Yenileme,Kullandirim,65.0,6863324.0,777.0,2026-04-27,3294296.0,8059434.0,0.0,0.0,1635.0,7.0,1270674.0,58.0,8020985.0,0.0,0,0.3962,0.4088,0.5993,0.7255,A,A
2026-07-24,12220339.0,8020985.0,1264611.0,7,0,0,1732,0,4337416.0,3142379.0,779,9836404617,S112,U1122,Ticari Kredi Notu,Limit Yenileme,Kullandirim,65.0,6756374.0,778.0,2026-06-24,3228462.0,8147954.0,0.0,0.0,1718.0,7.0,1284630.0,30.0,,,1,0.3918,0.3962,0.7245,0.6189,A,A
2025-12-26,244040237.0,162079784.0,30628792.0,2,0,0,1466,0,92520523.0,49837829.0,1072,9836432557,S111,U1111,Cek Raporu,Yeni Basvuru,Kullandirim,30.0,131450992.0,,,,,,,,,,,,,1,0.3075,,0.5387,0.7408,B,
2026-09-29,9949321.0,5891453.0,1418237.0,7,0,0,1648,0,3123101.0,1983765.0,1088,9837333446,S102,U1022,Risk Merkezi,Limit Yenileme,Kullandirim,40.0,4473216.0,,,,,,,,,,,,,1,0.3367,,0.6352,0.5725,A,
2026-03-11,68291967.0,48471802.0,16067295.0,2,0,0,1594,0,30503567.0,18850791.0,995,9837505679,S041,U0411,Risk Merkezi,Limit Yenileme,Kullandirim,40.0,32404507.0,,,,,,,,,,,49848847.0,0.0,0,0.3889,,0.618,0.7839,B,
2026-04-27,79919297.0,49848847.0,16523753.0,2,0,0,1612,0,34181386.0,21801164.0,996,9837505679,S041,U0412,Risk Merkezi,Tahsis Revizyonu,Izleme,40.0,33325094.0,995.0,2026-03-11,18850791.0,48471802.0,0.0,0.0,1594.0,2.0,16067295.0,47.0,52387515.0,0.0,0,0.4373,0.3889,0.6378,0.6132,A,B
2026-05-21,76009084.0,52387515.0,17365264.0,2,0,0,1670,0,38473179.0,21623499.0,997,9837505679,S041,U0413,Risk Merkezi,Limit Yenileme,Kullandirim,40.0,35022251.0,996.0,2026-04-27,21801164.0,49848847.0,0.0,0.0,1612.0,2.0,16523753.0,24.0,,,1,0.4128,0.4373,0.562,0.8196,A,A
2025-10-29,235591686.0,127020839.0,43201296.0,7,0,0,1290,0,49295360.0,29443795.0,1155,9837692397,S021,U0212,Cek Raporu,Yeni Basvuru,Aksiyon Yok,30.0,83819543.0,,,,,,,,,,,128911850.0,0.0,0,0.2318,,0.5973,0.5238,C,
2026-01-02,209156332.0,128911850.0,43844451.0,8,0,0,1254,0,43731143.0,25758338.0,1156,9837692397,S021,U0212,Ticari Kredi Notu,Tahsis Revizyonu,Izleme,65.0,85067399.0,1155.0,2025-10-29,29443795.0,127020839.0,0.0,0.0,1290.0,7.0,43201296.0,65.0,144047415.0,0.0,0,0.1998,0.2318,0.589,0.6236,C,C
2026-02-18,226694663.0,144047415.0,48992237.0,8,0,0,1121,0,39891584.0,27517003.0,1157,9837692397,S021,U0212,Risk Merkezi,Limit Yenileme,Aksiyon Yok,40.0,95055178.0,1156.0,2026-01-02,25758338.0,128911850.0,0.0,0.0,1254.0,8.0,43844451.0,47.0,161040827.0,1.0,0,0.191,0.1998,0.6898,0.6238,C,C
2026-06-26,196457765.0,161040827.0,54771898.0,9,1,0,965,1,33854000.0,30924545.0,1158,9837692397,S021,U0213,Risk Merkezi,Tahsis Revizyonu,Izleme,40.0,106268929.0,1157.0,2026-02-18,27517003.0,144047415.0,0.0,0.0,1121.0,8.0,48992237.0,128.0,157389884.0,1.0,0,0.192,0.191,0.9135,0.8002,D,C
2026-06-28,199437516.0,157389884.0,53530169.0,9,1,0,998,2,39479343.0,24151282.0,1159,9837692397,S021,U0211,Ticari Kredi Notu,Periyodik Izleme,Izleme,65.0,103859715.0,1158.0,2026-06-26,30924545.0,161040827.0,1.0,0.0,965.0,9.0,54771898.0,2.0,159144662.0,1.0,0,0.1534,0.192,0.6117,0.833,D,D
2026-07-17,194472646.0,159144662.0,54126990.0,9,1,0,911,1,40538306.0,32540928.0,1160,9837692397,S021,U0213,Risk Merkezi,Limit Yenileme,Ret,40.0,105017672.0,1159.0,2026-06-28,24151282.0,157389884.0,1.0,0.0,998.0,9.0,53530169.0,19.0,,,1,0.2045,0.1534,0.8027,0.8225,D,D
2026-01-22,5377572.0,3368636.0,1001365.0,6,0,0,1618,0,1886713.0,1352383.0,1589,9837829997,S002,U0021,Risk Merkezi,Yeni Basvuru,Kullandirim,40.0,2367271.0,,,,,,,,,,,3363109.0,0.0,0,0.4015,,0.7168,0.5776,A,
2026-02-02,5467015.0,3363109.0,999722.0,6,0,0,1596,0,2374505.0,1450612.0,1590,9837829997,S002,U0023,Ticari Kredi Notu,Limit Yenileme,Kullandirim,65.0,2363387.0,1589.0,2026-01-22,1352383.0,3368636.0,0.0,0.0,1618.0,6.0,1001365.0,11.0,3382318.0,0.0,0,0.4313,0.4015,0.6109,0.6184,B,A
2026-08-28,5884311.0,3382318.0,1005432.0,6,0,0,1640,0,2378163.0,1441161.0,1591,9837829997,S002,U0022,Risk Merkezi,Periyodik Izleme,Izleme,40.0,2376886.0,1590.0,2026-02-02,1450612.0,3363109.0,0.0,0.0,1596.0,6.0,999722.0,207.0,3352567.0,0.0,0,0.4261,0.4313,0.606,0.5536,A,B
2026-09-11,5522205.0,3352567.0,996588.0,6,0,0,1608,0,2929718.0,1505028.0,1592,9837829997,S002,U0023,Risk Merkezi,Periyodik Izleme,Izleme,40.0,2355979.0,1591.0,2026-08-28,1441161.0,3382318.0,0.0,0.0,1640.0,6.0,1005432.0,14.0,,,1,0.4489,0.4261,0.5137,0.7127,A,A
2026-03-24,45343729.0,30433260.0,7683721.0,6,0,0,1356,0,18986162.0,13771445.0,861,9842070551,S021,U0213,Ticari Kredi Notu,Yeni Basvuru,Teklif,65.0,22749539.0,,,,,,,,,,,,,1,0.4525,,0.7253,0.6321,C,
2025-10-10,11856648.0,6633502.0,1756173.0,5,0,0,1352,0,6345303.0,1963715.0,11,9843950336,S082,U0823,Risk Merkezi,Yeni Basvuru,Aksiyon Yok,40.0,4877329.0,,,,,,,,,,,7188053.0,0.0,0,0.296,,0.3095,0.8473,C,
2025-11-25,11333811.0,7188053.0,1902986.0,5,0,0,1354,0,4960165.0,1905761.0,12,9843950336,S082,U0823,Risk Merkezi,Limit Yenileme,Aksiyon Yok,40.0,5285067.0,11.0,2025-10-10,1963715.0,6633502.0,0.0,0.0,1352.0,5.0,1756173.0,46.0,7753029.0,0.0,0,0.2651,0.296,0.3842,0.8288,C,C
2026-02-23,13892350.0,7753029.0,2052560.0,6,0,0,1397,0,4786299.0,1474558.0,13,9843950336,S082,U0821,Ticari Kredi Notu,Tahsis Revizyonu,Izleme,65.0,5700469.0,12.0,2025-11-25,1905761.0,7188053.0,0.0,0.0,1354.0,5.0,1902986.0,90.0,10050577.0,0.0,0,0.1902,0.2651,0.3081,0.6895,C,C
2026-09-11,15375390.0,10050577.0,2660819.0,7,0,0,1356,0,99812.0,40292.0,14,9843950336,S082,U0822,Ticari Kredi Notu,Limit Yenileme,Aksiyon Yok,65.0,7389758.0,13.0,2026-02-23,1474558.0,7753029.0,0.0,0.0,1397.0,6.0,2052560.0,200.0,,,1,0.004,0.1902,0.4037,0.6553,C,C
2026-02-26,118531128.0,62862412.0,25443667.0,7,0,0,1740,0,25076282.0,13088887.0,907,9844722751,S001,U0013,Risk Merkezi,Periyodik Izleme,Izleme,40.0,37418745.0,,,,,,,,,,,65595255.0,0.0,0,0.2082,,0.522,0.5326,A,
2026-07-31,129712701.0,65595255.0,26549789.0,7,0,0,1752,0,23446994.0,10889178.0,908,9844722751,S001,U0012,Risk Merkezi,Limit Yenileme,Aksiyon Yok,40.0,39045466.0,907.0,2026-02-26,13088887.0,62862412.0,0.0,0.0,1740.0,7.0,25443667.0,155.0,,,1,0.166,0.2082,0.4644,0.5148,A,A
2026-07-28,445776096.0,317343600.0,95788253.0,3,0,0,1285,0,200957019.0,123706003.0,491,9846774918,S030,U0303,Cek Raporu,Yeni Basvuru,Teklif,30.0,221555347.0,,,,,,,,,,,,,1,0.3898,,0.6156,0.7909,C,
2026-02-13,1375052031.0,654657689.0,248604945.0,5,0,0,1565,0,297876127.0,138172056.0,25,9847033530,S050,U0502,Risk Merkezi,Periyodik Izleme,Izleme,40.0,406052744.0,,,,,,,,,,,708481591.0,0.0,0,0.2111,,0.4639,0.4795,B,
2026-05-07,1571061403.0,708481591.0,349597850.0,5,0,0,1622,0,240346849.0,125759603.0,26,9847033530,S050,U0503,Risk Merkezi,Limit Yenileme,Ret,40.0,358883741.0,25.0,2026-02-13,138172056.0,654657689.0,0.0,0.0,1565.0,5.0,248604945.0,83.0,747919840.0,0.0,0,0.1775,0.2111,0.5232,0.4379,A,B
2026-07-03,1434408508.0,747919840.0,427457741.0,5,0,0,1554,0,340831728.0,147832253.0,27,9847033530,S050,U0502,Risk Merkezi,Limit Yenileme,Kullandirim,40.0,320462099.0,26.0,2026-05-07,125759603.0,708481591.0,0.0,0.0,1622.0,5.0,349597850.0,57.0,741796479.0,0.0,0,0.1977,0.1775,0.4337,0.5487,B,A
2026-07-23,1493758686.0,741796479.0,444281255.0,5,0,0,1525,0,357678058.0,157417223.0,28,9847033530,S050,U0503,Risk Merkezi,Limit Yenileme,Ret,40.0,297515224.0,27.0,2026-07-03,147832253.0,747919840.0,0.0,0.0,1554.0,5.0,427457741.0,20.0,768350765.0,0.0,0,0.2122,0.1977,0.4401,0.5144,B,B
2026-09-25,1576804017.0,768350765.0,527547568.0,5,0,0,1585,0,544333440.0,139822698.0,29,9847033530,S050,U0501,Cek Raporu,Limit Yenileme,Kullandirim,30.0,240803197.0,28.0,2026-07-23,157417223.0,741796479.0,0.0,0.0,1525.0,5.0,444281255.0,64.0,,,1,0.182,0.2122,0.2569,0.6088,B,B
2026-02-24,86293563.0,56645690.0,15877562.0,7,0,0,1431,0,4962580.0,2016942.0,874,9848932017,S091,U0912,Ticari Kredi Notu,Yeni Basvuru,Aksiyon Yok,65.0,40768128.0,,,,,,,,,,,66846644.0,0.0,0,0.0356,,0.4064,0.6717,B,
2026-05-14,93997046.0,66846644.0,18736849.0,7,0,0,1411,0,9399705.0,0.0,875,9848932017,S091,U0911,Risk Merkezi,Periyodik Izleme,Izleme,40.0,48109795.0,874.0,2026-02-24,2016942.0,56645690.0,0.0,0.0,1431.0,7.0,15877562.0,79.0,67296001.0,0.0,0,0.0,0.0356,0.0,0.7902,B,B
2026-06-19,108409233.0,67296001.0,18862802.0,7,0,0,1400,0,10840923.0,0.0,876,9848932017,S091,U0913,Risk Merkezi,Periyodik Izleme,Izleme,40.0,48433199.0,875.0,2026-05-14,0.0,66846644.0,0.0,0.0,1411.0,7.0,18736849.0,36.0,68436220.0,0.0,0,0.0,0.0,0.0,0.6897,B,B
2026-07-24,105423221.0,68436220.0,19182401.0,8,0,0,1345,0,10542322.0,0.0,877,9848932017,S091,U0913,Risk Merkezi,Limit Yenileme,Kullandirim,40.0,49253819.0,876.0,2026-06-19,0.0,67296001.0,0.0,0.0,1400.0,7.0,18862802.0,35.0,,,1,0.0,0.0,0.0,0.7213,C,B
2025-12-26,78878079.0,54962350.0,20948967.0,2,0,0,1227,0,35275498.0,23958506.0,881,9849214195,S051,U0513,Risk Merkezi,Limit Yenileme,Kullandirim,40.0,34013383.0,,,,,,,,,,,,,1,0.4359,,0.6792,0.7111,C,
2025-10-17,28830601.0,17337425.0,3933368.0,3,0,0,1645,0,8890018.0,4683544.0,1076,9852855900,S091,U0913,Cek Raporu,Yeni Basvuru,Ret,30.0,13404057.0,,,,,,,,,,,19509492.0,0.0,0,0.2701,,0.5268,0.6346,A,
2026-03-27,34383261.0,19509492.0,8728927.0,3,0,0,1664,0,7760035.0,4522172.0,1077,9852855900,S091,U0913,Ticari Kredi Notu,Periyodik Izleme,Izleme,65.0,10780565.0,1076.0,2025-10-17,4683544.0,17337425.0,0.0,0.0,1645.0,3.0,3933368.0,161.0,20089742.0,0.0,0,0.2318,0.2701,0.5828,0.5629,A,A
2026-05-15,32665847.0,20089742.0,10337031.0,3,0,0,1617,0,9070448.0,5168867.0,1078,9852855900,S091,U0912,Risk Merkezi,Periyodik Izleme,Izleme,40.0,9752711.0,1077.0,2026-03-27,4522172.0,19509492.0,0.0,0.0,1664.0,3.0,8728927.0,49.0,20628148.0,0.0,0,0.2573,0.2318,0.5699,0.6324,A,A
2026-06-05,37193364.0,20628148.0,11207477.0,3,0,0,1653,0,10435452.0,4708389.0,1079,9852855900,S091,U0912,Risk Merkezi,Limit Yenileme,Kullandirim,40.0,9420671.0,1078.0,2026-05-15,5168867.0,20089742.0,0.0,0.0,1617.0,3.0,10337031.0,21.0,19956088.0,0.0,0,0.2283,0.2573,0.4512,0.595,A,A
2026-06-25,32667104.0,19956088.0,11389082.0,3,0,0,1647,0,7726074.0,5244054.0,1080,9852855900,S091,U0911,Risk Merkezi,Periyodik Izleme,Izleme,40.0,8567006.0,1079.0,2026-06-05,4708389.0,20628148.0,0.0,0.0,1653.0,3.0,11207477.0,20.0,21016538.0,0.0,0,0.2628,0.2283,0.6787,0.5899,A,A
2026-07-23,34776392.0,21016538.0,12800402.0,3,0,0,1638,0,8122727.0,5351768.0,1081,9852855900,S091,U0913,Cek Raporu,Limit Yenileme,Aksiyon Yok,30.0,8216136.0,1080.0,2026-06-25,5244054.0,19956088.0,0.0,0.0,1647.0,3.0,11389082.0,28.0,,,1,0.2546,0.2628,0.6589,0.5877,A,A
2026-04-29,12892793.0,9022959.0,2963812.0,3,0,0,1516,0,3157987.0,1420605.0,122,9853945172,S082,U0823,Ticari Kredi Notu,Periyodik Izleme,Izleme,65.0,6059147.0,,,,,,,,,,,9179167.0,0.0,0,0.1574,,0.4498,0.7809,B,
2026-05-22,12099014.0,9179167.0,3015123.0,3,0,0,1553,0,2503673.0,1273545.0,123,9853945172,S082,U0823,Risk Merkezi,Limit Yenileme,Aksiyon Yok,40.0,6164044.0,122.0,2026-04-29,1420605.0,9022959.0,0.0,0.0,1516.0,3.0,2963812.0,23.0,8857248.0,0.0,0,0.1387,0.1574,0.5087,0.8239,B,B
2026-05-27,12460296.0,8857248.0,2909381.0,3,0,0,1574,0,3030676.0,1396650.0,124,9853945172,S082,U0823,Risk Merkezi,Tahsis Revizyonu,Izleme,40.0,5947867.0,123.0,2026-05-22,1273545.0,9179167.0,0.0,0.0,1553.0,3.0,3015123.0,5.0,9193409.0,0.0,0,0.1577,0.1387,0.4608,0.7912,B,B
2026-06-18,12893531.0,9193409.0,3019801.0,3,0,0,1523,0,2001556.0,926770.0,125,9853945172,S082,U0822,Risk Merkezi,Limit Yenileme,Aksiyon Yok,40.0,6173608.0,124.0,2026-05-27,1396650.0,8857248.0,0.0,0.0,1574.0,3.0,2909381.0,22.0,9756109.0,0.0,0,0.1008,0.1577,0.463,0.759,B,B
2026-07-27,12946248.0,9756109.0,3204634.0,4,0,0,1539,0,1538185.0,774608.0,126,9853945172,S082,U0823,Risk Merkezi,Periyodik Izleme,Izleme,40.0,6551475.0,125.0,2026-06-18,926770.0,9193409.0,0.0,0.0,1523.0,3.0,3019801.0,39.0,,,1,0.0794,0.1008,0.5036,0.7873,B,B
2026-04-24,19759328.0,14683943.0,3279951.0,9,1,0,1402,0,4660879.0,2926496.0,772,9854322899,S062,U0621,Ticari Kredi Notu,Yeni Basvuru,Teklif,65.0,11403992.0,,,,,,,,,,,15413519.0,1.0,0,0.1993,,0.6279,0.7787,B,
2026-07-03,19391023.0,15413519.0,3442916.0,9,1,0,1312,1,2701726.0,2313991.0,773,9854322899,S062,U0621,Risk Merkezi,Limit Yenileme,Aksiyon Yok,40.0,11970603.0,772.0,2026-04-24,2926496.0,14683943.0,1.0,0.0,1402.0,9.0,3279951.0,70.0,16000794.0,0.0,0,0.1501,0.1993,0.8565,0.7849,C,B
2026-07-31,19028537.0,16000794.0,3574096.0,9,0,0,1268,1,2978659.0,2433872.0,774,9854322899,S062,U0623,Risk Merkezi,Limit Yenileme,Aksiyon Yok,40.0,12426698.0,773.0,2026-07-03,2313991.0,15413519.0,1.0,0.0,1312.0,9.0,3442916.0,28.0,16596628.0,1.0,0,0.1521,0.1501,0.8171,0.8453,C,C
2026-08-25,19000580.0,16596628.0,3707187.0,10,1,1,1222,1,2906029.0,2482361.0,775,9854322899,S062,U0623,Ticari Kredi Notu,Periyodik Izleme,Izleme,65.0,12889441.0,774.0,2026-07-31,2433872.0,16000794.0,0.0,0.0,1268.0,9.0,3574096.0,25.0,,,1,0.1496,0.1521,0.8542,0.877,C,C
2026-01-21,7614996.0,4461531.0,927223.0,6,0,0,1497,0,3108041.0,1523406.0,345,9856954769,S022,U0221,Risk Merkezi,Yeni Basvuru,Kullandirim,40.0,3534308.0,,,,,,,,,,,4807735.0,0.0,0,0.3415,,0.4901,0.6519,B,
2026-03-20,7973766.0,4807735.0,999173.0,6,0,0,1510,0,3792458.0,1919465.0,346,9856954769,S022,U0222,Risk Merkezi,Limit Yenileme,Ret,40.0,3808562.0,345.0,2026-01-21,1523406.0,4461531.0,0.0,0.0,1497.0,6.0,927223.0,58.0,5364329.0,0.0,0,0.3992,0.3415,0.5061,0.6908,B,B
2026-07-09,8351431.0,5364329.0,1114847.0,6,0,0,1567,0,2730418.0,2117397.0,347,9856954769,S022,U0221,Ticari Kredi Notu,Limit Yenileme,Kullandirim,65.0,4249482.0,346.0,2026-03-20,1919465.0,4807735.0,0.0,0.0,1510.0,6.0,999173.0,111.0,5397046.0,0.0,0,0.3947,0.3992,0.7755,0.5776,B,B
2026-08-10,9139794.0,5397046.0,1121647.0,6,0,0,1600,0,3664944.0,2365262.0,348,9856954769,S022,U0221,Risk Merkezi,Periyodik Izleme,Izleme,40.0,4275399.0,347.0,2026-07-09,2117397.0,5364329.0,0.0,0.0,1567.0,6.0,1114847.0,32.0,,,1,0.4383,0.3947,0.6454,0.5538,A,B
2026-06-19,200315294.0,136061101.0,18486577.0,3,0,0,1645,0,83984537.0,47043530.0,1488,9858752416,S000,U0002,Risk Merkezi,Limit Yenileme,Ret,40.0,117574524.0,,,,,,,,,,,137287989.0,0.0,0,0.3458,,0.5601,0.7652,A,
2026-07-22,212379872.0,137287989.0,18653274.0,3,0,0,1696,0,80315332.0,44380675.0,1489,9858752416,S000,U0002,Ticari Kredi Notu,Limit Yenileme,Aksiyon Yok,65.0,118634715.0,1488.0,2026-06-19,47043530.0,136061101.0,0.0,0.0,1645.0,3.0,18486577.0,33.0,,,1,0.3233,0.3458,0.5526,0.7035,A,A
2026-04-10,63156018.0,44851410.0,5496365.0,3,0,0,1260,0,5252939.0,2417237.0,1422,9859399827,S071,U0713,Risk Merkezi,Limit Yenileme,Aksiyon Yok,40.0,39355045.0,,,,,,,,,,,49404561.0,0.0,0,0.0539,,0.4602,0.7328,C,
2026-04-28,69573274.0,49404561.0,6054336.0,3,0,0,1254,0,4449959.0,2047463.0,1423,9859399827,S071,U0711,Risk Merkezi,Periyodik Izleme,Izleme,40.0,43350225.0,1422.0,2026-04-10,2417237.0,44851410.0,0.0,0.0,1260.0,3.0,5496365.0,18.0,51539840.0,0.0,0,0.0414,0.0539,0.4601,0.7272,C,C
2026-08-07,73397743.0,51539840.0,6316006.0,4,0,0,1264,0,7339774.0,0.0,1424,9859399827,S071,U0711,Risk Merkezi,Periyodik Izleme,Izleme,40.0,45223834.0,1423.0,2026-04-28,2047463.0,49404561.0,0.0,0.0,1254.0,3.0,6054336.0,101.0,,,1,0.0,0.0414,0.0,0.7802,C,C
2025-12-24,21778129.0,12950850.0,4013375.0,4,0,0,1625,0,9394946.0,6409242.0,17,9859858350,S062,U0623,Risk Merkezi,Yeni Basvuru,Kullandirim,40.0,8937475.0,,,,,,,,,,,11468041.0,0.0,0,0.4949,,0.6822,0.5283,A,
2026-06-26,19050961.0,11468041.0,3553863.0,4,0,0,1609,0,16648697.0,7601262.0,18,9859858350,S062,U0622,Risk Merkezi,Tahsis Revizyonu,Izleme,40.0,7914178.0,17.0,2025-12-24,6409242.0,12950850.0,0.0,0.0,1625.0,4.0,4013375.0,184.0,,,1,0.6628,0.4949,0.4566,1.6096,A,A
2026-04-16,5888085.0,3007080.0,957567.0,6,0,0,1693,0,2295917.0,972624.0,923,9859892873,S032,U0322,Cek Raporu,Yeni Basvuru,Kullandirim,30.0,2049513.0,,,,,,,,,,,,,1,0.3234,,0.4236,0.5664,A,
2025-11-21,2798848233.0,1929428875.0,463060335.0,6,0,0,1512,0,1131871056.0,623285836.0,942,9861370355,S030,U0303,Ticari Kredi Notu,Yeni Basvuru,Teklif,65.0,1466368540.0,,,,,,,,,,,1979781051.0,0.0,0,0.323,,0.5507,0.7835,B,
2025-12-22,2924378687.0,1979781051.0,475144789.0,7,0,0,1478,0,976100641.0,685387885.0,943,9861370355,S030,U0303,Risk Merkezi,Tahsis Revizyonu,Izleme,40.0,1504636262.0,942.0,2025-11-21,623285836.0,1929428875.0,0.0,0.0,1512.0,6.0,463060335.0,31.0,2201134116.0,1.0,0,0.3462,0.323,0.7022,0.6644,B,B
2026-05-08,2715880422.0,2201134116.0,528269227.0,8,1,0,1295,2,920256234.0,774946926.0,944,9861370355,S030,U0301,Ticari Kredi Notu,Limit Yenileme,Aksiyon Yok,65.0,1672864889.0,943.0,2025-12-22,685387885.0,1979781051.0,0.0,0.0,1478.0,7.0,475144789.0,137.0,2337393395.0,1.0,0,0.3521,0.3462,0.8421,0.7943,C,B
2026-07-24,2809575041.0,2337393395.0,560971270.0,8,1,0,1212,2,900600752.0,789673055.0,945,9861370355,S030,U0303,Risk Merkezi,Limit Yenileme,Aksiyon Yok,40.0,1776422125.0,944.0,2026-05-08,774946926.0,2201134116.0,1.0,0.0,1295.0,8.0,528269227.0,77.0,2467241652.0,1.0,0,0.3378,0.3521,0.8768,0.8108,C,C
2026-09-25,2703524088.0,2467241652.0,592134678.0,9,1,0,1130,2,803862246.0,765838799.0,946,9861370355,S030,U0303,Risk Merkezi,Limit Yenileme,Aksiyon Yok,40.0,1875106974.0,945.0,2026-07-24,789673055.0,2337393395.0,1.0,0.0,1212.0,8.0,560971270.0,63.0,,,1,0.3104,0.3378,0.9527,0.8956,C,C
2025-11-24,9122882.0,6643659.0,2347112.0,3,0,0,1576,0,1777488.0,1321920.0,1537,9863373194,S082,U0823,Risk Merkezi,Yeni Basvuru,Aksiyon Yok,40.0,4296547.0,,,,,,,,,,,7311075.0,0.0,0,0.199,,0.7437,0.7245,B,
2026-02-10,9445665.0,7311075.0,3364085.0,3,0,0,1564,0,1990264.0,1353134.0,1538,9863373194,S082,U0822,Risk Merkezi,Limit Yenileme,Aksiyon Yok,40.0,3946990.0,1537.0,2025-11-24,1321920.0,6643659.0,0.0,0.0,1576.0,3.0,2347112.0,78.0,7588260.0,0.0,0,0.1851,0.199,0.6799,0.7991,B,B
2026-03-20,10443229.0,7588260.0,3886632.0,3,0,0,1570,0,1835858.0,1405004.0,1539,9863373194,S082,U0822,Risk Merkezi,Periyodik Izleme,Izleme,40.0,3701628.0,1538.0,2026-02-10,1353134.0,7311075.0,0.0,0.0,1564.0,3.0,3364085.0,38.0,8978167.0,0.0,0,0.1852,0.1851,0.7653,0.7184,B,B
2026-09-15,12593543.0,8978167.0,6800025.0,3,0,0,1610,0,2252960.0,1893418.0,1540,9863373194,S082,U0822,Ticari Kredi Notu,Limit Yenileme,Aksiyon Yok,65.0,2178142.0,1539.0,2026-03-20,1405004.0,7588260.0,0.0,0.0,1570.0,3.0,3886632.0,179.0,8756793.0,0.0,0,0.2109,0.1852,0.8404,0.6851,A,B
2026-09-25,12227773.0,8756793.0,6752313.0,3,0,0,1586,0,2398703.0,1675995.0,1541,9863373194,S082,U0821,Ticari Kredi Notu,Periyodik Izleme,Izleme,65.0,2004480.0,1540.0,2026-09-15,1893418.0,8978167.0,0.0,0.0,1610.0,3.0,6800025.0,10.0,,,1,0.1914,0.2109,0.6987,0.7204,B,A
2026-08-14,4800535.0,3543727.0,1061692.0,4,0,0,1460,0,1205967.0,669181.0,1625,9863894876,S092,U0922,Ticari Kredi Notu,Yeni Basvuru,Ret,65.0,2482035.0,,,,,,,,,,,3435644.0,0.0,0,0.1888,,0.5549,0.7997,B,
2026-09-28,5143678.0,3435644.0,1029311.0,4,0,0,1458,0,851356.0,582715.0,1626,9863894876,S092,U0921,Risk Merkezi,Limit Yenileme,Kullandirim,40.0,2406333.0,1625.0,2026-08-14,669181.0,3543727.0,0.0,0.0,1460.0,4.0,1061692.0,45.0,,,1,0.1696,0.1888,0.6845,0.6647,B,B
2026-09-28,32933604.0,23595889.0,6356639.0,4,0,0,1542,0,5672110.0,3933070.0,221,9864449000,S101,U1011,Risk Merkezi,Yeni Basvuru,Teklif,40.0,17239250.0,,,,,,,,,,,,,1,0.1667,,0.6934,0.7213,B,
2025-11-28,113222515.0,72070420.0,17428193.0,2,0,0,1564,0,17621492.0,11742106.0,541,9865468790,S091,U0912,Risk Merkezi,Yeni Basvuru,Ret,40.0,54642227.0,,,,,,,,,,,72267516.0,0.0,0,0.1629,,0.6664,0.631,B,
2026-01-05,102737799.0,72267516.0,17475856.0,2,0,0,1601,0,18900666.0,11588406.0,542,9865468790,S091,U0911,Risk Merkezi,Tahsis Revizyonu,Izleme,40.0,54791660.0,541.0,2025-11-28,11742106.0,72070420.0,0.0,0.0,1564.0,2.0,17428193.0,38.0,72985318.0,0.0,0,0.1604,0.1629,0.6131,0.7238,A,B
2026-02-02,103008059.0,72985318.0,17649436.0,2,0,0,1590,0,14489561.0,11386655.0,543,9865468790,S091,U0912,Ticari Kredi Notu,Periyodik Izleme,Izleme,65.0,55335882.0,542.0,2026-01-05,11588406.0,72267516.0,0.0,0.0,1601.0,2.0,17475856.0,28.0,71558477.0,0.0,0,0.156,0.1604,0.7859,0.6959,B,A
2026-07-24,105223138.0,71558477.0,17304394.0,2,0,0,1604,0,19815453.0,11184572.0,544,9865468790,S091,U0911,Risk Merkezi,Periyodik Izleme,Izleme,40.0,54254083.0,543.0,2026-02-02,11386655.0,72985318.0,0.0,0.0,1590.0,2.0,17649436.0,172.0,,,1,0.1563,0.156,0.5644,0.7069,A,B
2025-11-24,91818950.0,62445820.0,19464838.0,2,0,0,1313,0,29342529.0,22823290.0,937,9865669104,S031,U0313,Risk Merkezi,Yeni Basvuru,Aksiyon Yok,40.0,42980982.0,,,,,,,,,,,56921708.0,0.0,0,0.3655,,0.7778,0.6342,C,
2026-02-20,86195659.0,56921708.0,17742930.0,2,0,0,1292,0,33524111.0,23023202.0,938,9865669104,S031,U0312,Risk Merkezi,Periyodik Izleme,Izleme,40.0,39178778.0,937.0,2025-11-24,22823290.0,62445820.0,0.0,0.0,1313.0,2.0,19464838.0,88.0,60544413.0,0.0,0,0.4045,0.3655,0.6868,0.6436,C,C
2026-05-08,82467720.0,60544413.0,18872155.0,2,0,0,1305,0,28998304.0,23671229.0,939,9865669104,S031,U0312,Risk Merkezi,Limit Yenileme,Kullandirim,40.0,41672258.0,938.0,2026-02-20,23023202.0,56921708.0,0.0,0.0,1292.0,2.0,17742930.0,77.0,59931316.0,0.0,0,0.391,0.4045,0.8163,0.6896,C,C
2026-05-14,88056595.0,59931316.0,18681048.0,2,0,0,1320,0,37090914.0,23717258.0,940,9865669104,S031,U0312,Ticari Kredi Notu,Limit Yenileme,Kullandirim,65.0,41250268.0,939.0,2026-05-08,23671229.0,60544413.0,0.0,0.0,1305.0,2.0,18872155.0,6.0,,,1,0.3957,0.391,0.6394,0.7106,C,C
2025-10-24,18160502.0,9513482.0,2073059.0,2,0,0,1497,0,8312025.0,4076482.0,1694,9866336428,S072,U0721,Risk Merkezi,Periyodik Izleme,Izleme,40.0,7440423.0,,,,,,,,,,,11737454.0,0.0,0,0.4285,,0.4904,0.5521,B,
2026-03-31,21933926.0,11737454.0,3065766.0,2,0,0,1542,0,13525700.0,5888480.0,1695,9866336428,S072,U0721,Risk Merkezi,Periyodik Izleme,Izleme,40.0,8671688.0,1694.0,2025-10-24,4076482.0,9513482.0,0.0,0.0,1497.0,2.0,2073059.0,158.0,,,1,0.5017,0.4285,0.4354,0.6956,B,B
2026-07-10,1617211831.0,1099780546.0,272888320.0,2,0,0,1409,0,208264142.0,179913471.0,1161,9866340979,S050,U0502,Risk Merkezi,Yeni Basvuru,Aksiyon Yok,40.0,826892226.0,,,,,,,,,,,,,1,0.1636,,0.8639,0.6529,B,
2026-06-12,767991287.0,516924655.0,126699116.0,2,0,0,1377,0,260604683.0,179310176.0,111,9866358176,S000,U0003,Risk Merkezi,Yeni Basvuru,Kullandirim,40.0,390225539.0,,,,,,,,,,,,,1,0.3469,,0.6881,0.6654,C,
2025-10-10,92367115.0,45935588.0,11620060.0,4,0,0,1626,0,34121447.0,19981268.0,471,9870768667,S091,U0911,Risk Merkezi,Yeni Basvuru,Kullandirim,40.0,34315528.0,,,,,,,,,,,,,1,0.435,,0.5856,0.4456,A,
2026-09-11,80505369.0,51788528.0,15373659.0,7,0,0,1687,0,10771938.0,7339584.0,298,9874411344,S001,U0011,Risk Merkezi,Yeni Basvuru,Kullandirim,40.0,36414869.0,,,,,,,,,,,,,1,0.1417,,0.6814,0.6374,A,
2025-11-07,402886204.0,208269921.0,64468238.0,2,0,0,1609,0,103727471.0,52289099.0,153,9884268177,S030,U0301,Risk Merkezi,Periyodik Izleme,Izleme,40.0,143801683.0,,,,,,,,,,,214328598.0,0.0,0,0.2511,,0.5041,0.5214,A,
2026-03-12,366150326.0,214328598.0,66343651.0,2,0,0,1597,0,110351552.0,58688269.0,154,9884268177,S030,U0301,Risk Merkezi,Periyodik Izleme,Izleme,40.0,147984947.0,153.0,2025-11-07,52289099.0,208269921.0,0.0,0.0,1609.0,2.0,64468238.0,125.0,206325161.0,0.0,0,0.2738,0.2511,0.5318,0.6084,B,A
2026-04-16,386109542.0,206325161.0,63866253.0,2,0,0,1604,0,115526913.0,58798850.0,155,9884268177,S030,U0303,Risk Merkezi,Limit Yenileme,Teklif,40.0,142458908.0,154.0,2026-03-12,58688269.0,214328598.0,0.0,0.0,1597.0,2.0,66343651.0,35.0,,,1,0.285,0.2738,0.509,0.5452,A,B
2026-01-09,88398235.0,59390028.0,19241164.0,4,0,0,1711,0,33045202.0,13939997.0,1332,9885084829,S021,U0211,Ticari Kredi Notu,Limit Yenileme,Teklif,65.0,40148864.0,,,,,,,,,,,62111870.0,0.0,0,0.2347,,0.4218,0.8211,A,
2026-03-18,89364813.0,62111870.0,20122985.0,4,0,0,1747,0,24729728.0,11005649.0,1333,9885084829,S021,U0213,Risk Merkezi,Periyodik Izleme,Izleme,40.0,41988885.0,1332.0,2026-01-09,13939997.0,59390028.0,0.0,0.0,1711.0,4.0,19241164.0,68.0,62811481.0,0.0,0,0.1772,0.2347,0.445,0.7907,A,A
2026-04-06,82127750.0,62811481.0,20349645.0,4,0,0,1748,0,20751006.0,10682663.0,1334,9885084829,S021,U0212,Risk Merkezi,Limit Yenileme,Aksiyon Yok,40.0,42461836.0,1333.0,2026-03-18,11005649.0,62111870.0,0.0,0.0,1747.0,4.0,20122985.0,19.0,62487596.0,0.0,0,0.1701,0.1772,0.5148,0.8493,A,A
2026-04-10,92823581.0,62487596.0,20244713.0,4,0,0,1736,0,25511274.0,10796031.0,1335,9885084829,S021,U0211,Cek Raporu,Limit Yenileme,Aksiyon Yok,30.0,42242883.0,1334.0,2026-04-06,10682663.0,62811481.0,0.0,0.0,1748.0,4.0,20349645.0,4.0,64036057.0,0.0,0,0.1728,0.1701,0.4232,0.7679,A,A
2026-04-13,90108955.0,64036057.0,20746383.0,4,0,0,1761,0,22502653.0,10365879.0,1336,9885084829,S021,U0212,Risk Merkezi,Limit Yenileme,Kullandirim,40.0,43289674.0,1335.0,2026-04-10,10796031.0,62487596.0,0.0,0.0,1736.0,4.0,20244713.0,3.0,66414549.0,0.0,0,0.1619,0.1728,0.4607,0.7939,A,A
2026-05-29,90423852.0,66414549.0,21516966.0,4,0,0,1785,0,15041763.0,7287440.0,1337,9885084829,S021,U0213,Risk Merkezi,Limit Yenileme,Ret,40.0,44897583.0,1336.0,2026-04-13,10365879.0,64036057.0,0.0,0.0,1761.0,4.0,20746383.0,46.0,,,1,0.1097,0.1619,0.4845,0.7844,A,A
2025-11-24,76379264.0,51158426.0,16197546.0,5,0,0,1562,0,20900136.0,11148366.0,791,9885278574,S081,U0811,Risk Merkezi,Yeni Basvuru,Ret,40.0,34960880.0,,,,,,,,,,,51523615.0,0.0,0,0.2179,,0.5334,0.7212,B,
2025-12-17,76585395.0,51523615.0,16313170.0,5,0,0,1551,0,18530724.0,10654746.0,792,9885278574,S081,U0811,Risk Merkezi,Tahsis Revizyonu,Izleme,40.0,35210445.0,791.0,2025-11-24,11148366.0,51158426.0,0.0,0.0,1562.0,5.0,16197546.0,23.0,53770470.0,0.0,0,0.2068,0.2179,0.575,0.704,B,B
2026-02-26,80139862.0,53770470.0,17024559.0,5,0,0,1570,0,16227984.0,11127020.0,793,9885278574,S081,U0811,Risk Merkezi,Tahsis Revizyonu,Izleme,40.0,36745911.0,792.0,2025-12-17,10654746.0,51523615.0,0.0,0.0,1551.0,5.0,16313170.0,71.0,51199995.0,0.0,0,0.2069,0.2068,0.6857,0.6672,B,B
2026-06-05,69929619.0,51199995.0,16210707.0,5,0,0,1550,0,17254953.0,10975761.0,794,9885278574,S081,U0812,Risk Merkezi,Limit Yenileme,Aksiyon Yok,40.0,34989288.0,793.0,2026-02-26,11127020.0,53770470.0,0.0,0.0,1570.0,5.0,17024559.0,99.0,,,1,0.2144,0.2069,0.6361,0.7636,B,B
2025-12-03,142584512.0,79130768.0,19811022.0,3,0,0,1360,0,20155913.0,9241095.0,931,9885385383,S081,U0813,Ticari Kredi Notu,Limit Yenileme,Aksiyon Yok,65.0,59319746.0,,,,,,,,,,,61453713.0,0.0,0,0.1168,,0.4585,0.5709,C,
2026-06-05,118759249.0,61453713.0,15385429.0,2,0,0,1413,0,5083179.0,2561030.0,932,9885385383,S081,U0813,Risk Merkezi,Limit Yenileme,Aksiyon Yok,40.0,46068284.0,931.0,2025-12-03,9241095.0,79130768.0,0.0,0.0,1360.0,3.0,19811022.0,184.0,54586067.0,0.0,0,0.0417,0.1168,0.5038,0.5181,B,C
2026-09-28,132352105.0,54586067.0,13666059.0,2,0,0,1415,0,13235210.0,0.0,933,9885385383,S081,U0812,Risk Merkezi,Limit Yenileme,Teklif,40.0,40920008.0,932.0,2026-06-05,2561030.0,61453713.0,0.0,0.0,1413.0,2.0,15385429.0,115.0,,,1,0.0,0.0417,0.0,0.4583,B,B
2025-11-14,445291482.0,223667295.0,36321175.0,2,0,0,1510,0,128844001.0,70393786.0,102,9892527591,S030,U0303,Ticari Kredi Notu,Limit Yenileme,Kullandirim,65.0,187346120.0,,,,,,,,,,,219785188.0,0.0,0,0.3147,,0.5463,0.4844,B,
2026-06-26,415217924.0,219785188.0,35690762.0,2,0,0,1486,0,187819596.0,70141391.0,103,9892527591,S030,U0302,Risk Merkezi,Periyodik Izleme,Izleme,40.0,184094426.0,102.0,2025-11-14,70393786.0,223667295.0,0.0,0.0,1510.0,2.0,36321175.0,224.0,,,1,0.3191,0.3147,0.3735,0.6581,B,B
2025-11-28,285566814.0,211155075.0,48119122.0,5,0,0,1350,0,61764442.0,41395301.0,906,9897701341,S091,U0913,Risk Merkezi,Tahsis Revizyonu,Izleme,40.0,163035953.0,,,,,,,,,,,,,1,0.196,,0.6702,0.7585,C,
2025-11-12,75354117.0,34841579.0,3910102.0,4,0,0,1576,0,33387911.0,15789850.0,896,9897831267,S081,U0811,Ticari Kredi Notu,Limit Yenileme,Teklif,65.0,30931477.0,,,,,,,,,,,37496262.0,0.0,0,0.4532,,0.4729,0.454,B,
2026-04-07,77677658.0,37496262.0,4208024.0,4,0,0,1594,0,41139389.0,16137019.0,897,9897831267,S081,U0812,Risk Merkezi,Periyodik Izleme,Izleme,40.0,33288238.0,896.0,2025-11-12,15789850.0,34841579.0,0.0,0.0,1576.0,4.0,3910102.0,146.0,36370925.0,0.0,0,0.4304,0.4532,0.3923,0.5846,B,B
2026-07-17,77443506.0,36370925.0,4081733.0,4,0,0,1582,0,43225786.0,15297943.0,898,9897831267,S081,U0813,Risk Merkezi,Tahsis Revizyonu,Izleme,40.0,32289192.0,897.0,2026-04-07,16137019.0,37496262.0,0.0,0.0,1594.0,4.0,4208024.0,101.0,,,1,0.4206,0.4304,0.3539,0.6158,B,B
2025-10-16,5384917.0,3254337.0,722104.0,4,0,0,1690,0,1123785.0,524639.0,1031,9898549049,S092,U0922,Risk Merkezi,Yeni Basvuru,Kullandirim,40.0,2532233.0,,,,,,,,,,,,,1,0.1612,,0.4668,0.6406,A,
2025-10-16,208748140.0,104608570.0,34750757.0,2,0,0,1239,0,69894899.0,25815924.0,1650,9901176446,S091,U0913,Ticari Kredi Notu,Yeni Basvuru,Kullandirim,65.0,69857813.0,,,,,,,,,,,,,1,0.2468,,0.3694,0.5675,C,
2026-06-26,252974116.0,154745197.0,44426140.0,4,0,0,1676,0,160881175.0,69062086.0,33,9903107311,S091,U0911,Risk Merkezi,Tahsis Revizyonu,Izleme,40.0,110319057.0,,,,,,,,,,,,,1,0.4463,,0.4293,0.9304,A,
2025-12-30,15000032.0,8506644.0,2122578.0,2,0,0,1658,0,2739853.0,1501983.0,242,9907079834,S012,U0123,Risk Merkezi,Yeni Basvuru,Kullandirim,40.0,6384066.0,,,,,,,,,,,8084503.0,0.0,0,0.1766,,0.5482,0.5713,A,
2026-04-17,15489146.0,8084503.0,2017245.0,2,0,0,1674,0,2986498.0,1421159.0,243,9907079834,S012,U0121,Risk Merkezi,Periyodik Izleme,Izleme,40.0,6067258.0,242.0,2025-12-30,1501983.0,8506644.0,0.0,0.0,1658.0,2.0,2122578.0,108.0,8349914.0,0.0,0,0.1758,0.1766,0.4759,0.533,A,A
2026-07-09,16096099.0,8349914.0,2083471.0,2,0,0,1665,0,3111426.0,1428975.0,244,9907079834,S012,U0123,Risk Merkezi,Periyodik Izleme,Izleme,40.0,6266443.0,243.0,2026-04-17,1421159.0,8084503.0,0.0,0.0,1674.0,2.0,2017245.0,83.0,,,1,0.1711,0.1758,0.4593,0.533,A,A
2025-12-19,15289889.0,7198987.0,2332800.0,2,0,0,1370,0,3523773.0,1331772.0,1411,9908111334,S092,U0922,Risk Merkezi,Yeni Basvuru,Teklif,40.0,4866187.0,,,,,,,,,,,7344881.0,0.0,0,0.185,,0.3779,0.4987,C,
2025-12-26,14306325.0,7344881.0,2380076.0,2,0,0,1363,0,3115960.0,1609054.0,1412,9908111334,S092,U0921,Risk Merkezi,Periyodik Izleme,Izleme,40.0,4964805.0,1411.0,2025-12-19,1331772.0,7198987.0,0.0,0.0,1370.0,2.0,2332800.0,7.0,,,1,0.2191,0.185,0.5164,0.5126,C,C
2026-03-06,6560372.0,4982185.0,658236.0,2,0,0,1516,0,1005492.0,704183.0,795,9908436946,S032,U0323,Ticari Kredi Notu,Tahsis Revizyonu,Izleme,65.0,4323949.0,,,,,,,,,,,,,1,0.1413,,0.7003,0.7701,B,
2025-11-18,361416849.0,273953111.0,93959969.0,7,0,0,1546,0,179222691.0,91044700.0,1636,9912400916,S050,U0502,Risk Merkezi,Limit Yenileme,Aksiyon Yok,40.0,179993142.0,,,,,,,,,,,287483256.0,0.0,0,0.3323,,0.508,1.0039,B,
2026-01-02,362719444.0,287483256.0,98600515.0,8,0,0,1555,0,167916727.0,91107831.0,1637,9912400916,S050,U0501,Ticari Kredi Notu,Limit Yenileme,Aksiyon Yok,65.0,188882741.0,1636.0,2025-11-18,91044700.0,273953111.0,0.0,0.0,1546.0,7.0,93959969.0,45.0,360416318.0,0.0,0,0.3169,0.3323,0.5426,1.0081,B,B
2026-07-24,481586305.0,360416318.0,123614972.0,9,0,0,1553,0,117906071.0,58763682.0,1638,9912400916,S050,U0502,Risk Merkezi,Periyodik Izleme,Izleme,40.0,236801346.0,1637.0,2026-01-02,91107831.0,287483256.0,0.0,0.0,1555.0,8.0,98600515.0,203.0,373353882.0,0.0,0,0.163,0.3169,0.4984,0.8294,B,B
2026-08-20,501500154.0,373353882.0,128052275.0,9,0,0,1520,0,85585882.0,42320003.0,1639,9912400916,S050,U0501,Cek Raporu,Limit Yenileme,Ret,30.0,245301607.0,1638.0,2026-07-24,58763682.0,360416318.0,0.0,0.0,1553.0,9.0,123614972.0,27.0,374036797.0,0.0,0,0.1134,0.163,0.4945,0.7959,B,B
2026-08-31,459086840.0,374036797.0,128286501.0,9,0,0,1618,0,68650072.0,38769499.0,1640,9912400916,S050,U0503,Risk Merkezi,Tahsis Revizyonu,Izleme,40.0,245750296.0,1639.0,2026-08-20,42320003.0,373353882.0,0.0,0.0,1520.0,9.0,128052275.0,11.0,,,1,0.1037,0.1134,0.5647,0.8587,A,B
2025-12-30,13522233.0,7287113.0,1292866.0,6,0,0,1530,0,2173972.0,1135687.0,451,9912603418,S052,U0522,Risk Merkezi,Yeni Basvuru,Kullandirim,40.0,5994247.0,,,,,,,,,,,,,1,0.1558,,0.5224,0.5421,B,
2026-03-13,2204512200.0,1149759166.0,380854870.0,7,0,0,1772,0,764991132.0,394644410.0,161,9912690237,S050,U0501,Ticari Kredi Notu,Limit Yenileme,Kullandirim,65.0,768904296.0,,,,,,,,,,,1149892479.0,0.0,0,0.3432,,0.5159,0.5246,A,
2026-05-28,2132112107.0,1149892479.0,380899030.0,7,0,0,1812,0,730069589.0,365716808.0,162,9912690237,S050,U0502,Ticari Kredi Notu,Periyodik Izleme,Izleme,65.0,768993449.0,161.0,2026-03-13,394644410.0,1149759166.0,0.0,0.0,1772.0,7.0,380854870.0,76.0,,,1,0.318,0.3432,0.5009,0.5593,A,A
2026-04-29,9062166.0,5721045.0,1149547.0,6,0,0,1403,0,448768.0,324587.0,511,9915212667,S042,U0421,Risk Merkezi,Tahsis Revizyonu,Izleme,40.0,4571498.0,,,,,,,,,,,5669670.0,0.0,0,0.0567,,0.7233,0.6265,B,
2026-05-28,8896227.0,5669670.0,1139224.0,6,0,0,1339,0,359644.0,180286.0,512,9915212667,S042,U0422,Risk Merkezi,Periyodik Izleme,Izleme,40.0,4530446.0,511.0,2026-04-29,324587.0,5721045.0,0.0,0.0,1403.0,6.0,1149547.0,29.0,,,1,0.0318,0.0567,0.5013,0.643,C,B
2026-01-27,2692995199.0,1793626778.0,488219540.0,3,0,0,1519,0,455025987.0,280985362.0,1696,9916477635,S050,U0501,Risk Merkezi,Periyodik Izleme,Izleme,40.0,1305407238.0,,,,,,,,,,,,,1,0.1567,,0.6175,0.6759,B,
2025-12-11,7689283.0,5511481.0,738045.0,2,0,0,1398,0,3732054.0,1742027.0,374,9916844402,S092,U0922,Cek Raporu,Yeni Basvuru,Aksiyon Yok,30.0,4773436.0,,,,,,,,,,,5534653.0,0.0,0,0.3161,,0.4668,0.9525,C,
2026-01-26,8938465.0,5534653.0,741148.0,3,0,0,1404,0,3739097.0,1380456.0,375,9916844402,S092,U0921,Risk Merkezi,Limit Yenileme,Teklif,40.0,4793505.0,374.0,2025-12-11,1742027.0,5511481.0,0.0,0.0,1398.0,2.0,738045.0,46.0,6055912.0,0.0,0,0.2494,0.3161,0.3692,0.799,B,C
2026-04-20,8426766.0,6055912.0,810950.0,3,0,0,1417,0,2231011.0,1045568.0,376,9916844402,S092,U0922,Ticari Kredi Notu,Periyodik Izleme,Izleme,65.0,5244962.0,375.0,2026-01-26,1380456.0,5534653.0,0.0,0.0,1404.0,3.0,741148.0,84.0,6651352.0,0.0,0,0.1727,0.2494,0.4687,0.8087,B,B
2026-06-12,8849547.0,6651352.0,890686.0,3,0,0,1420,0,2067608.0,1037120.0,377,9916844402,S092,U0923,Ticari Kredi Notu,Limit Yenileme,Aksiyon Yok,65.0,5760666.0,376.0,2026-04-20,1045568.0,6055912.0,0.0,0.0,1417.0,3.0,810950.0,53.0,7024686.0,0.0,0,0.1559,0.1727,0.5016,0.8278,B,B
2026-08-07,9314223.0,7024686.0,940679.0,4,0,0,1421,0,1075871.0,542443.0,378,9916844402,S092,U0923,Ticari Kredi Notu,Periyodik Izleme,Izleme,65.0,6084007.0,377.0,2026-06-12,1037120.0,6651352.0,0.0,0.0,1420.0,3.0,890686.0,56.0,7424727.0,0.0,0,0.0772,0.1559,0.5042,0.7868,B,B
2026-09-22,9550320.0,7424727.0,994248.0,4,0,0,1380,0,343909.0,181389.0,379,9916844402,S092,U0921,Cek Raporu,Periyodik Izleme,Izleme,30.0,6430479.0,378.0,2026-08-07,542443.0,7024686.0,0.0,0.0,1421.0,4.0,940679.0,46.0,,,1,0.0244,0.0772,0.5274,0.7868,C,B
2026-02-19,223640251.0,141135506.0,40100540.0,6,0,0,1779,0,58778736.0,35304884.0,826,9918817818,S031,U0312,Risk Merkezi,Yeni Basvuru,Ret,40.0,101034966.0,,,,,,,,,,,151043786.0,0.0,0,0.2501,,0.6006,0.6419,A,
2026-03-02,260256412.0,151043786.0,42915759.0,6,0,0,1831,0,68457701.0,38201357.0,827,9918817818,S031,U0313,Ticari Kredi Notu,Limit Yenileme,Teklif,65.0,108128027.0,826.0,2026-02-19,35304884.0,141135506.0,0.0,0.0,1779.0,6.0,40100540.0,11.0,151251432.0,0.0,0,0.2529,0.2501,0.558,0.5883,A,A
2026-09-25,240306893.0,151251432.0,42974757.0,6,0,0,1786,0,72826137.0,41187271.0,828,9918817818,S031,U0311,Risk Merkezi,Periyodik Izleme,Izleme,40.0,108276675.0,827.0,2026-03-02,38201357.0,151043786.0,0.0,0.0,1831.0,6.0,42915759.0,207.0,,,1,0.2723,0.2529,0.5656,0.6572,A,A
2026-04-10,12887758.0,6427805.0,708629.0,6,0,0,1801,0,6449057.0,3205919.0,1119,9919946734,S082,U0821,Ticari Kredi Notu,Tahsis Revizyonu,Izleme,65.0,5719176.0,,,,,,,,,,,6176623.0,0.0,0,0.4988,,0.4971,0.5004,A,
2026-04-20,13865364.0,6176623.0,680938.0,6,0,0,1830,0,8244923.0,3216869.0,1120,9919946734,S082,U0821,Ticari Kredi Notu,Limit Yenileme,Kullandirim,65.0,5495685.0,1119.0,2026-04-10,3205919.0,6427805.0,0.0,0.0,1801.0,6.0,708629.0,10.0,5948144.0,0.0,0,0.5208,0.4988,0.3902,0.5266,A,A
2026-04-22,14896608.0,5948144.0,655749.0,6,0,0,1767,0,6828780.0,3041160.0,1121,9919946734,S082,U0821,Risk Merkezi,Periyodik Izleme,Izleme,40.0,5292395.0,1120.0,2026-04-20,3216869.0,6176623.0,0.0,0.0,1830.0,6.0,680938.0,2.0,,,1,0.5113,0.5208,0.4453,0.3603,A,A
2026-01-27,73531257.0,49724877.0,11422748.0,5,0,0,1423,0,26319812.0,20290082.0,163,9920446003,S011,U0113,Ticari Kredi Notu,Yeni Basvuru,Ret,65.0,38302129.0,,,,,,,,,,,49702677.0,0.0,0,0.408,,0.7709,0.6235,B,
2026-02-06,74315954.0,49702677.0,11417648.0,5,0,0,1397,0,36154415.0,19373853.0,164,9920446003,S011,U0111,Risk Merkezi,Periyodik Izleme,Izleme,40.0,38285029.0,163.0,2026-01-27,20290082.0,49724877.0,0.0,0.0,1423.0,5.0,11422748.0,10.0,49610920.0,0.0,0,0.3898,0.408,0.5359,0.7947,C,B
2026-08-28,69873782.0,49610920.0,11396569.0,5,0,0,1401,0,26324268.0,19957229.0,165,9920446003,S011,U0111,Ticari Kredi Notu,Limit Yenileme,Aksiyon Yok,65.0,38214351.0,164.0,2026-02-06,19373853.0,49702677.0,0.0,0.0,1397.0,5.0,11417648.0,203.0,52759495.0,0.0,0,0.4023,0.3898,0.7581,0.6809,B,C
2026-09-18,73934867.0,52759495.0,12119857.0,5,0,0,1380,0,26234215.0,21215429.0,166,9920446003,S011,U0112,Ticari Kredi Notu,Periyodik Izleme,Izleme,65.0,40639638.0,165.0,2026-08-28,19957229.0,49610920.0,0.0,0.0,1401.0,5.0,11396569.0,21.0,,,1,0.4021,0.4023,0.8087,0.6613,C,B
2025-10-10,31920818.0,16923932.0,3498735.0,7,0,0,1586,0,16046002.0,4495846.0,95,9922085802,S072,U0721,Risk Merkezi,Limit Yenileme,Aksiyon Yok,40.0,13425197.0,,,,,,,,,,,17768542.0,0.0,0,0.2657,,0.2802,0.7829,B,
2025-11-28,29356918.0,17768542.0,3673343.0,7,0,0,1631,0,11766721.0,4180235.0,96,9922085802,S072,U0722,Ticari Kredi Notu,Periyodik Izleme,Izleme,65.0,14095199.0,95.0,2025-10-10,4495846.0,16923932.0,0.0,0.0,1586.0,7.0,3498735.0,49.0,19384250.0,0.0,0,0.2353,0.2657,0.3553,0.7725,A,B
2026-01-27,31758606.0,19384250.0,4007363.0,8,0,0,1574,0,8223904.0,2963583.0,97,9922085802,S072,U0721,Risk Merkezi,Periyodik Izleme,Izleme,40.0,15376887.0,96.0,2025-11-28,4180235.0,17768542.0,0.0,0.0,1631.0,7.0,3673343.0,60.0,20675095.0,0.0,0,0.1529,0.2353,0.3604,0.6977,B,A
2026-03-25,31614576.0,20675095.0,4274224.0,8,0,0,1662,0,5144683.0,2078316.0,98,9922085802,S072,U0722,Risk Merkezi,Periyodik Izleme,Izleme,40.0,16400871.0,97.0,2026-01-27,2963583.0,19384250.0,0.0,0.0,1574.0,8.0,4007363.0,57.0,25595642.0,0.0,0,0.1005,0.1529,0.404,0.7026,A,B
2026-09-30,38285451.0,25595642.0,5291463.0,9,0,0,1622,0,3828545.0,0.0,99,9922085802,S072,U0721,Ticari Kredi Notu,Limit Yenileme,Kullandirim,65.0,20304179.0,98.0,2026-03-25,2078316.0,20675095.0,0.0,0.0,1662.0,8.0,4274224.0,189.0,,,1,0.0,0.1005,0.0,0.7428,A,A
2026-08-07,126310318.0,54931162.0,11766383.0,4,0,0,1713,0,32857221.0,15601235.0,1091,9922514230,S021,U0213,Risk Merkezi,Limit Yenileme,Aksiyon Yok,40.0,43164779.0,,,,,,,,,,,,,1,0.284,,0.4748,0.4209,A,
2025-10-28,186641767.0,85314175.0,18214006.0,6,0,0,1484,0,31912268.0,12061044.0,1358,9922618056,S011,U0112,Risk Merkezi,Yeni Basvuru,Kullandirim,40.0,67100169.0,,,,,,,,,,,90557326.0,0.0,0,0.1414,,0.3779,0.4734,B,
2026-01-30,200078251.0,90557326.0,19333384.0,6,0,0,1577,0,41300693.0,16903818.0,1359,9922618056,S011,U0111,Risk Merkezi,Limit Yenileme,Aksiyon Yok,40.0,71223942.0,1358.0,2025-10-28,12061044.0,85314175.0,0.0,0.0,1484.0,6.0,18214006.0,94.0,102841061.0,0.0,0,0.1867,0.1414,0.4093,0.4639,B,B
2026-05-22,217936579.0,102841061.0,21955879.0,6,0,0,1609,0,59946501.0,21684709.0,1360,9922618056,S011,U0112,Risk Merkezi,Tahsis Revizyonu,Izleme,40.0,80885182.0,1359.0,2026-01-30,16903818.0,90557326.0,0.0,0.0,1577.0,6.0,19333384.0,112.0,105891821.0,0.0,0,0.2109,0.1867,0.3617,0.5137,A,B
2026-06-26,221438960.0,105891821.0,22607196.0,6,0,0,1612,0,61558823.0,25727659.0,1361,9922618056,S011,U0112,Risk Merkezi,Periyodik Izleme,Izleme,40.0,83284625.0,1360.0,2026-05-22,21684709.0,102841061.0,0.0,0.0,1609.0,6.0,21955879.0,35.0,,,1,0.243,0.2109,0.4179,0.5014,A,A
2026-01-30,6686584.0,3759637.0,746175.0,8,0,0,1498,0,4119277.0,1286309.0,522,9927384295,S052,U0521,Ticari Kredi Notu,Periyodik Izleme,Izleme,65.0,3013462.0,,,,,,,,,,,3849980.0,0.0,0,0.3421,,0.3123,0.9634,B,
2026-03-06,6378284.0,3849980.0,764106.0,8,0,0,1536,0,3292066.0,1164099.0,523,9927384295,S052,U0521,Risk Merkezi,Periyodik Izleme,Izleme,40.0,3085874.0,522.0,2026-01-30,1286309.0,3759637.0,0.0,0.0,1498.0,8.0,746175.0,35.0,4374681.0,0.0,0,0.3024,0.3421,0.3536,0.8703,B,B
2026-05-12,7502504.0,4374681.0,868243.0,8,0,0,1545,0,3131218.0,1042996.0,524,9927384295,S052,U0521,Risk Merkezi,Periyodik Izleme,Izleme,40.0,3506438.0,523.0,2026-03-06,1164099.0,3849980.0,0.0,0.0,1536.0,8.0,764106.0,67.0,4590190.0,0.0,0,0.2384,0.3024,0.3331,0.7622,B,B
2026-06-16,7109681.0,4590190.0,911015.0,8,0,0,1572,0,2608345.0,1031927.0,525,9927384295,S052,U0523,Risk Merkezi,Limit Yenileme,Kullandirim,40.0,3679175.0,524.0,2026-05-12,1042996.0,4374681.0,0.0,0.0,1545.0,8.0,868243.0,35.0,4758319.0,0.0,0,0.2248,0.2384,0.3956,0.7905,B,B
2026-09-17,7370036.0,4758319.0,944384.0,9,0,0,1538,0,1884376.0,745516.0,526,9927384295,S052,U0522,Risk Merkezi,Periyodik Izleme,Izleme,40.0,3813935.0,525.0,2026-06-16,1031927.0,4590190.0,0.0,0.0,1572.0,8.0,911015.0,93.0,,,1,0.1567,0.2248,0.3956,0.7315,B,B
2026-04-23,17728224.0,8615877.0,1663198.0,7,0,0,1470,0,12794934.0,4287704.0,1533,9930465186,S022,U0222,Risk Merkezi,Yeni Basvuru,Kullandirim,40.0,6952679.0,,,,,,,,,,,8623320.0,0.0,0,0.4977,,0.3351,0.8773,B,
2026-07-20,17761595.0,8623320.0,1664635.0,7,0,0,1470,0,11530296.0,4603741.0,1534,9930465186,S022,U0223,Cek Raporu,Limit Yenileme,Ret,30.0,6958685.0,1533.0,2026-04-23,4287704.0,8615877.0,0.0,0.0,1470.0,7.0,1663198.0,88.0,7677595.0,0.0,0,0.5339,0.4977,0.3993,0.6451,B,B
2026-09-23,14111281.0,7677595.0,1482073.0,7,0,0,1431,0,8531225.0,4344789.0,1535,9930465186,S022,U0223,Risk Merkezi,Tahsis Revizyonu,Izleme,40.0,6195522.0,1534.0,2026-07-20,4603741.0,8623320.0,0.0,0.0,1470.0,7.0,1664635.0,65.0,8320733.0,0.0,0,0.5659,0.5339,0.5093,0.5973,B,B
2026-09-25,17391825.0,8320733.0,1606224.0,7,0,0,1553,0,16522234.0,4845451.0,1536,9930465186,S022,U0222,Risk Merkezi,Limit Yenileme,Kullandirim,40.0,6714509.0,1535.0,2026-09-23,4344789.0,7677595.0,0.0,0.0,1431.0,7.0,1482073.0,2.0,,,1,0.5823,0.5659,0.2933,3.9965,B,B
2025-10-10,185921677.0,117724300.0,27516496.0,6,0,0,1290,0,77804343.0,31507521.0,361,9931012270,S111,U1113,Risk Merkezi,Yeni Basvuru,Kullandirim,40.0,90207804.0,,,,,,,,,,,124587508.0,0.0,0,0.2676,,0.405,0.7974,C,
2026-01-28,217453432.0,124587508.0,47894139.0,6,0,0,1341,0,54226272.0,32496541.0,362,9931012270,S111,U1112,Cek Raporu,Periyodik Izleme,Izleme,30.0,76693369.0,361.0,2025-10-10,31507521.0,117724300.0,0.0,0.0,1290.0,6.0,27516496.0,110.0,132088888.0,0.0,0,0.2608,0.2676,0.5993,0.5642,C,C
2026-05-08,216066757.0,132088888.0,68872201.0,6,0,0,1325,0,72150214.0,28569507.0,363,9931012270,S111,U1113,Ticari Kredi Notu,Periyodik Izleme,Izleme,65.0,63216687.0,362.0,2026-01-28,32496541.0,124587508.0,0.0,0.0,1341.0,6.0,47894139.0,100.0,143214724.0,0.0,0,0.2163,0.2608,0.396,0.7193,C,C
2026-06-05,246899742.0,143214724.0,80166468.0,6,0,0,1280,0,61016442.0,34118895.0,364,9931012270,S111,U1111,Risk Merkezi,Periyodik Izleme,Izleme,40.0,63048256.0,363.0,2026-05-08,28569507.0,132088888.0,0.0,0.0,1325.0,6.0,68872201.0,28.0,143857372.0,0.0,0,0.2382,0.2163,0.5592,0.5869,C,C
2026-07-16,266948533.0,143857372.0,88605860.0,6,0,0,1359,0,79833223.0,36888165.0,365,9931012270,S111,U1111,Risk Merkezi,Periyodik Izleme,Izleme,40.0,55251512.0,364.0,2026-06-05,34118895.0,143214724.0,0.0,0.0,1280.0,6.0,80166468.0,41.0,,,1,0.2564,0.2382,0.4621,0.5717,C,C
2025-11-28,14177554.0,10882618.0,2252296.0,6,0,0,1777,0,8613122.0,4458107.0,90,9931510360,S062,U0621,Risk Merkezi,Yeni Basvuru,Teklif,40.0,8630322.0,,,,,,,,,,,11208477.0,0.0,0,0.4097,,0.5176,1.1546,A,
2025-12-30,15601228.0,11208477.0,2319737.0,6,0,0,1771,0,8479301.0,3972006.0,91,9931510360,S062,U0622,Risk Merkezi,Periyodik Izleme,Izleme,40.0,8888740.0,90.0,2025-11-28,4458107.0,10882618.0,0.0,0.0,1777.0,6.0,2252296.0,32.0,13729510.0,0.0,0,0.3544,0.4097,0.4684,1.0161,A,A
2026-05-27,16974803.0,13729510.0,2841497.0,7,0,0,1742,0,5172592.0,2890532.0,92,9931510360,S062,U0622,Risk Merkezi,Limit Yenileme,Kullandirim,40.0,10888013.0,91.0,2025-12-30,3972006.0,11208477.0,0.0,0.0,1771.0,6.0,2319737.0,148.0,12888305.0,0.0,0,0.2105,0.3544,0.5588,0.9184,A,A
2026-05-29,16252921.0,12888305.0,2667399.0,7,0,0,1787,0,5103827.0,2771296.0,93,9931510360,S062,U0623,Risk Merkezi,Limit Yenileme,Ret,40.0,10220906.0,92.0,2026-05-27,2890532.0,13729510.0,0.0,0.0,1742.0,7.0,2841497.0,2.0,14616497.0,0.0,0,0.215,0.2105,0.543,0.9074,A,A
2026-08-14,18802606.0,14616497.0,3025070.0,8,0,0,1771,0,3086456.0,1627691.0,94,9931510360,S062,U0623,Ticari Kredi Notu,Limit Yenileme,Ret,65.0,11591427.0,93.0,2026-05-29,2771296.0,12888305.0,0.0,0.0,1787.0,7.0,2667399.0,77.0,,,1,0.1114,0.215,0.5274,0.8265,A,A
2025-10-20,13437216.0,9212748.0,2372710.0,3,0,0,1775,0,6420519.0,3857357.0,587,9932466225,S072,U0723,Risk Merkezi,Yeni Basvuru,Ret,40.0,6840038.0,,,,,,,,,,,9364458.0,0.0,0,0.4187,,0.6008,0.7632,A,
2025-11-28,13994224.0,9364458.0,2411782.0,3,0,0,1768,0,6117240.0,3840445.0,588,9932466225,S072,U0723,Risk Merkezi,Periyodik Izleme,Izleme,40.0,6952676.0,587.0,2025-10-20,3857357.0,9212748.0,0.0,0.0,1775.0,3.0,2372710.0,39.0,9990797.0,0.0,0,0.4101,0.4187,0.6278,0.7013,A,A
2026-04-30,14736124.0,9990797.0,2573094.0,3,0,0,1722,0,6750769.0,4304255.0,589,9932466225,S072,U0722,Risk Merkezi,Limit Yenileme,Kullandirim,40.0,7417703.0,588.0,2025-11-28,3840445.0,9364458.0,0.0,0.0,1768.0,3.0,2411782.0,153.0,9659006.0,0.0,0,0.4308,0.4101,0.6376,0.7121,A,A
2026-05-29,13651620.0,9659006.0,2487642.0,3,0,0,1737,0,6474101.0,4227240.0,590,9932466225,S072,U0722,Risk Merkezi,Periyodik Izleme,Izleme,40.0,7171364.0,589.0,2026-04-30,4304255.0,9990797.0,0.0,0.0,1722.0,3.0,2573094.0,29.0,,,1,0.4376,0.4308,0.6529,0.7568,A,A
2025-11-27,31295443.0,20552266.0,7090436.0,4,0,0,1408,0,16814470.0,6838739.0,1053,9933563976,S112,U1121,Risk Merkezi,Periyodik Izleme,Izleme,40.0,13461830.0,,,,,,,,,,,24364727.0,0.0,0,0.3327,,0.4067,0.947,B,
2026-04-30,37405210.0,24364727.0,8405717.0,5,0,0,1390,0,9979922.0,4005667.0,1054,9933563976,S112,U1123,Ticari Kredi Notu,Limit Yenileme,Ret,65.0,15959010.0,1053.0,2025-11-27,6838739.0,20552266.0,0.0,0.0,1408.0,4.0,7090436.0,154.0,25346041.0,0.0,0,0.1644,0.3327,0.4014,0.7423,C,B
2026-06-26,35455500.0,25346041.0,8744266.0,5,0,0,1384,0,6718126.0,3123049.0,1055,9933563976,S112,U1122,Risk Merkezi,Limit Yenileme,Aksiyon Yok,40.0,16601775.0,1054.0,2026-04-30,4005667.0,24364727.0,0.0,0.0,1390.0,5.0,8405717.0,57.0,25879337.0,0.0,0,0.1232,0.1644,0.4649,0.7733,C,C
2026-07-22,37558381.0,25879337.0,8928250.0,6,0,0,1363,0,7085145.0,3110683.0,1056,9933563976,S112,U1122,Ticari Kredi Notu,Limit Yenileme,Kullandirim,65.0,16951087.0,1055.0,2026-06-26,3123049.0,25346041.0,0.0,0.0,1384.0,5.0,8744266.0,26.0,27349287.0,0.0,0,0.1202,0.1232,0.439,0.7472,C,C
2026-07-24,41017785.0,27349287.0,9435376.0,6,0,0,1388,0,4475754.0,1865345.0,1057,9933563976,S112,U1121,Risk Merkezi,Periyodik Izleme,Izleme,40.0,17913911.0,1056.0,2026-07-22,3110683.0,25879337.0,0.0,0.0,1363.0,6.0,8928250.0,2.0,,,1,0.0682,0.1202,0.4168,0.6974,C,C
2026-03-06,291009794.0,222159736.0,69297496.0,6,0,0,1621,0,114637203.0,74353756.0,713,9934901562,S091,U0912,Risk Merkezi,Yeni Basvuru,Kullandirim,40.0,152862240.0,,,,,,,,,,,274438098.0,0.0,0,0.3347,,0.6486,0.838,A,
2026-09-29,347819107.0,274438098.0,85604499.0,6,0,0,1710,0,168742235.0,119496562.0,714,9934901562,S091,U0912,Risk Merkezi,Limit Yenileme,Aksiyon Yok,40.0,188833599.0,713.0,2026-03-06,74353756.0,222159736.0,0.0,0.0,1621.0,6.0,69297496.0,207.0,,,1,0.4354,0.3347,0.7082,0.8652,A,A
2026-07-24,130910988.0,86025965.0,13079758.0,6,0,0,1365,0,30429129.0,14503646.0,1381,9935251221,S031,U0312,Cek Raporu,Yeni Basvuru,Ret,30.0,72946207.0,,,,,,,,,,,,,1,0.1686,,0.4766,0.7118,C,
2025-10-20,141571393.0,68651377.0,16219484.0,3,0,0,1502,0,40773770.0,19455839.0,139,9938339867,S081,U0812,Ticari Kredi Notu,Yeni Basvuru,Ret,65.0,52431893.0,,,,,,,,,,,68666783.0,0.0,0,0.2834,,0.4772,0.4881,B,
2026-02-19,142885803.0,68666783.0,16223124.0,3,0,0,1491,0,49341339.0,20083843.0,140,9938339867,S081,U0811,Risk Merkezi,Limit Yenileme,Aksiyon Yok,40.0,52443659.0,139.0,2025-10-20,19455839.0,68651377.0,0.0,0.0,1502.0,3.0,16219484.0,122.0,67749156.0,0.0,0,0.2925,0.2834,0.407,0.5194,B,B
2026-02-27,127817984.0,67749156.0,16006327.0,3,0,0,1555,0,47806287.0,18132270.0,141,9938339867,S081,U0813,Risk Merkezi,Limit Yenileme,Kullandirim,40.0,51742829.0,140.0,2026-02-19,20083843.0,68666783.0,0.0,0.0,1491.0,3.0,16223124.0,8.0,69982869.0,0.0,0,0.2676,0.2925,0.3793,0.6201,B,B
2026-08-18,147107982.0,69982869.0,16534061.0,3,0,0,1510,0,46907048.0,20615037.0,142,9938339867,S081,U0813,Risk Merkezi,Periyodik Izleme,Izleme,40.0,53448808.0,141.0,2026-02-27,18132270.0,67749156.0,0.0,0.0,1555.0,3.0,16006327.0,172.0,,,1,0.2946,0.2676,0.4395,0.4927,B,B
2026-05-29,13493985.0,8190465.0,2344760.0,3,0,0,1420,0,3327197.0,1838152.0,787,9943346287,S102,U1022,Cek Raporu,Yeni Basvuru,Aksiyon Yok,30.0,5845705.0,,,,,,,,,,,,,1,0.2244,,0.5525,0.6248,B,
2025-11-28,33033279.0,18462208.0,2505556.0,4,0,0,1442,0,14005191.0,8276520.0,1460,9943934889,S102,U1021,Cek Raporu,Yeni Basvuru,Aksiyon Yok,30.0,15956652.0,,,,,,,,,,,20583389.0,0.0,0,0.4483,,0.591,0.5353,B,
2026-01-23,42031741.0,20583389.0,2793428.0,4,0,0,1429,0,20272671.0,9491430.0,1461,9943934889,S102,U1022,Risk Merkezi,Limit Yenileme,Kullandirim,40.0,17789961.0,1460.0,2025-11-28,8276520.0,18462208.0,0.0,0.0,1442.0,4.0,2505556.0,56.0,22230764.0,0.0,0,0.4611,0.4483,0.4682,0.5098,B,B
2026-03-27,41646385.0,22230764.0,3016997.0,4,0,0,1519,0,23939655.0,10552405.0,1462,9943934889,S102,U1021,Ticari Kredi Notu,Periyodik Izleme,Izleme,65.0,19213767.0,1461.0,2026-01-23,9491430.0,20583389.0,0.0,0.0,1429.0,4.0,2793428.0,63.0,23435709.0,0.0,0,0.4747,0.4611,0.4408,0.6595,B,B
2026-07-01,46194273.0,23435709.0,3180524.0,4,0,0,1537,0,26708850.0,11138761.0,1463,9943934889,S102,U1021,Ticari Kredi Notu,Limit Yenileme,Kullandirim,65.0,20255185.0,1462.0,2026-03-27,10552405.0,22230764.0,0.0,0.0,1519.0,4.0,3016997.0,96.0,,,1,0.4753,0.4747,0.417,0.6311,B,B
2025-11-04,14916197.0,9447309.0,2053418.0,7,0,0,1333,0,4354089.0,2492948.0,1732,9944307895,S012,U0121,Cek Raporu,Limit Yenileme,Kullandirim,30.0,7393891.0,,,,,,,,,,,10660203.0,0.0,0,0.2639,,0.5726,0.6584,C,
2026-02-13,16443166.0,10660203.0,2317046.0,7,0,0,1327,0,4953503.0,3440749.0,1733,9944307895,S012,U0122,Ticari Kredi Notu,Limit Yenileme,Kullandirim,65.0,8343157.0,1732.0,2025-11-04,2492948.0,9447309.0,0.0,0.0,1333.0,7.0,2053418.0,101.0,11554515.0,0.0,0,0.3228,0.2639,0.6946,0.6283,C,C
2026-04-17,17527269.0,11554515.0,2511429.0,7,0,0,1399,0,5117385.0,3825736.0,1734,9944307895,S012,U0123,Ticari Kredi Notu,Periyodik Izleme,Izleme,65.0,9043086.0,1733.0,2026-02-13,3440749.0,10660203.0,0.0,0.0,1327.0,7.0,2317046.0,63.0,11375537.0,0.0,0,0.3311,0.3228,0.7476,0.6228,C,C
2026-05-01,16578880.0,11375537.0,2472527.0,7,0,0,1385,0,4445563.0,3627194.0,1735,9944307895,S012,U0122,Ticari Kredi Notu,Limit Yenileme,Kullandirim,65.0,8903010.0,1734.0,2026-04-17,3825736.0,11554515.0,0.0,0.0,1399.0,7.0,2511429.0,14.0,,,1,0.3189,0.3311,0.8159,0.6386,C,C
2025-11-28,1144528131.0,611308459.0,152987631.0,2,0,0,1775,0,490041643.0,222573518.0,325,9944924818,S000,U0002,Risk Merkezi,Limit Yenileme,Kullandirim,40.0,458320828.0,,,,,,,,,,,662593431.0,0.0,0,0.3641,,0.4542,0.594,A,
2026-08-28,1228851643.0,662593431.0,165822341.0,2,0,0,1763,0,494340008.0,243663186.0,326,9944924818,S000,U0001,Risk Merkezi,Limit Yenileme,Aksiyon Yok,40.0,496771090.0,325.0,2025-11-28,222573518.0,611308459.0,0.0,0.0,1775.0,2.0,152987631.0,273.0,,,1,0.3677,0.3641,0.4929,0.5704,A,A
2026-02-20,16013312.0,9591999.0,2071883.0,3,0,0,1374,0,5054727.0,3407076.0,986,9949729282,S012,U0123,Risk Merkezi,Yeni Basvuru,Kullandirim,40.0,7520116.0,,,,,,,,,,,8963684.0,0.0,0,0.3552,,0.674,0.5644,C,
2026-04-03,15337517.0,8963684.0,1936167.0,3,0,0,1367,0,6743190.0,3187986.0,987,9949729282,S012,U0122,Risk Merkezi,Limit Yenileme,Kullandirim,40.0,7027517.0,986.0,2026-02-20,3407076.0,9591999.0,0.0,0.0,1374.0,3.0,2071883.0,42.0,,,1,0.3557,0.3552,0.4728,0.672,C,C
2026-04-27,49207329.0,28450808.0,15972836.0,6,0,0,1746,0,13216364.0,7074673.0,425,9953158515,S091,U0912,Ticari Kredi Notu,Yeni Basvuru,Aksiyon Yok,65.0,12477972.0,,,,,,,,,,,29196060.0,0.0,0,0.2487,,0.5353,0.5939,A,
2026-04-29,42726366.0,29196060.0,16471224.0,6,0,0,1746,0,14583998.0,7575336.0,426,9953158515,S091,U0911,Risk Merkezi,Limit Yenileme,Aksiyon Yok,40.0,12724836.0,425.0,2026-04-27,7074673.0,28450808.0,0.0,0.0,1746.0,6.0,15972836.0,2.0,30027028.0,0.0,0,0.2595,0.2487,0.5194,0.7683,A,A
2026-06-12,51684131.0,30027028.0,18749871.0,6,0,0,1800,0,14825005.0,7644756.0,427,9953158515,S091,U0912,Ticari Kredi Notu,Periyodik Izleme,Izleme,65.0,11277157.0,426.0,2026-04-29,7575336.0,29196060.0,0.0,0.0,1746.0,6.0,16471224.0,44.0,31795598.0,0.0,0,0.2546,0.2595,0.5157,0.6072,A,A
2026-08-28,57878248.0,31795598.0,23208006.0,6,0,0,1763,0,16085464.0,8127329.0,428,9953158515,S091,U0911,Risk Merkezi,Periyodik Izleme,Izleme,40.0,8587592.0,427.0,2026-06-12,7644756.0,30027028.0,0.0,0.0,1800.0,6.0,18749871.0,77.0,33290256.0,0.0,0,0.2556,0.2546,0.5053,0.5663,A,A
2026-09-30,56970032.0,33290256.0,25803878.0,6,0,0,1773,0,13576556.0,7840808.0,429,9953158515,S091,U0912,Risk Merkezi,Periyodik Izleme,Izleme,40.0,7486378.0,428.0,2026-08-28,8127329.0,31795598.0,0.0,0.0,1763.0,6.0,23208006.0,33.0,,,1,0.2355,0.2556,0.5775,0.5865,A,A
2025-10-10,27673134.0,20450603.0,6013811.0,3,0,0,1545,0,11114986.0,7525404.0,1570,9953564957,S062,U0621,Risk Merkezi,Limit Yenileme,Teklif,40.0,14436792.0,,,,,,,,,,,22047255.0,0.0,0,0.368,,0.6771,0.7806,B,
2025-12-31,28010097.0,22047255.0,6483331.0,3,0,0,1573,0,9052625.0,7964312.0,1571,9953564957,S062,U0622,Risk Merkezi,Limit Yenileme,Ret,40.0,15563924.0,1570.0,2025-10-10,7525404.0,20450603.0,0.0,0.0,1545.0,3.0,6013811.0,82.0,26369976.0,0.0,0,0.3612,0.368,0.8798,0.7429,B,B
2026-06-26,34755634.0,26369976.0,7754493.0,3,0,0,1627,0,17275711.0,12177190.0,1572,9953564957,S062,U0622,Risk Merkezi,Limit Yenileme,Ret,40.0,18615483.0,1571.0,2025-12-31,7964312.0,22047255.0,0.0,0.0,1573.0,3.0,6483331.0,177.0,27589030.0,0.0,0,0.4618,0.3612,0.7049,0.8119,A,B
2026-06-30,38037211.0,27589030.0,8112975.0,3,0,0,1628,0,19616631.0,12647186.0,1573,9953564957,S062,U0622,Ticari Kredi Notu,Limit Yenileme,Aksiyon Yok,65.0,19476055.0,1572.0,2026-06-26,12177190.0,26369976.0,0.0,0.0,1627.0,3.0,7754493.0,4.0,,,1,0.4584,0.4618,0.6447,0.8111,A,A
2025-11-07,108870694.0,75886251.0,28638991.0,4,0,0,1439,0,29102664.0,20304566.0,998,9955446642,S061,U0611,Risk Merkezi,Yeni Basvuru,Kullandirim,40.0,47247260.0,,,,,,,,,,,83066399.0,0.0,0,0.2676,,0.6977,0.6968,B,
2026-03-06,111178184.0,83066399.0,44889694.0,4,0,0,1442,0,31848062.0,22223652.0,999,9955446642,S061,U0612,Ticari Kredi Notu,Limit Yenileme,Kullandirim,65.0,38176705.0,998.0,2025-11-07,20304566.0,75886251.0,0.0,0.0,1439.0,4.0,28638991.0,119.0,91620232.0,0.0,0,0.2675,0.2676,0.6978,0.767,B,B
2026-07-17,131364506.0,91620232.0,66204702.0,4,0,0,1398,0,40263388.0,25169786.0,1000,9955446642,S061,U0612,Ticari Kredi Notu,Limit Yenileme,Ret,65.0,25415530.0,999.0,2026-03-06,22223652.0,83066399.0,0.0,0.0,1442.0,4.0,44889694.0,133.0,,,1,0.2747,0.2675,0.6251,0.7294,C,B
2026-03-03,71454849.0,45933228.0,8461312.0,4,0,0,1274,0,31898589.0,19586862.0,1585,9956387973,S031,U0311,Risk Merkezi,Yeni Basvuru,Kullandirim,40.0,37471916.0,,,,,,,,,,,,,1,0.4264,,0.614,0.666,C,
2026-06-30,161613405.0,77206531.0,13371588.0,6,0,0,1379,0,37942739.0,20867932.0,567,9957833541,S081,U0812,Risk Merkezi,Limit Yenileme,Ret,40.0,63834943.0,,,,,,,,,,,,,1,0.2703,,0.55,0.4556,C,
2025-12-25,83837749.0,39959640.0,14630915.0,4,0,0,1476,0,17591902.0,7617348.0,1593,9958726598,S041,U0412,Risk Merkezi,Periyodik Izleme,Izleme,40.0,25328725.0,,,,,,,,,,,37663761.0,0.0,0,0.1906,,0.433,0.4882,B,
2026-01-27,76018567.0,37663761.0,15492905.0,4,0,0,1433,0,16750271.0,5982898.0,1594,9958726598,S041,U0413,Ticari Kredi Notu,Limit Yenileme,Kullandirim,65.0,22170856.0,1593.0,2025-12-25,7617348.0,39959640.0,0.0,0.0,1476.0,4.0,14630915.0,33.0,48882164.0,0.0,0,0.1589,0.1906,0.3572,0.5345,B,B
2026-07-28,103153533.0,48882164.0,32294631.0,4,0,0,1430,0,19095469.0,8093037.0,1595,9958726598,S041,U0411,Risk Merkezi,Periyodik Izleme,Izleme,40.0,16587533.0,1594.0,2026-01-27,5982898.0,37663761.0,0.0,0.0,1433.0,4.0,15492905.0,182.0,,,1,0.1656,0.1589,0.4238,0.4852,B,B
2026-05-14,40309748.0,28360649.0,18241975.0,6,0,0,1451,0,6439937.0,4354052.0,1259,9960274480,S041,U0411,Risk Merkezi,Yeni Basvuru,Kullandirim,40.0,10118674.0,,,,,,,,,,,27391287.0,0.0,0,0.1535,,0.6761,0.7088,B,
2026-05-15,40816764.0,27391287.0,17655990.0,6,0,0,1454,0,10413712.0,6268778.0,1260,9960274480,S041,U0412,Ticari Kredi Notu,Periyodik Izleme,Izleme,65.0,9735297.0,1259.0,2026-05-14,4354052.0,28360649.0,0.0,0.0,1451.0,6.0,18241975.0,1.0,31196891.0,0.0,0,0.2289,0.1535,0.602,0.6947,B,B
2026-09-29,46414963.0,31196891.0,25963782.0,6,0,0,1428,0,9883633.0,5417656.0,1261,9960274480,S041,U0413,Risk Merkezi,Limit Yenileme,Kullandirim,40.0,5233109.0,1260.0,2026-05-15,6268778.0,27391287.0,0.0,0.0,1454.0,6.0,17655990.0,137.0,,,1,0.1737,0.2289,0.5481,0.7057,B,B
2026-02-06,190535906.0,135011807.0,32033081.0,4,0,0,1318,0,72046121.0,33039619.0,1287,9961518072,S091,U0912,Risk Merkezi,Yeni Basvuru,Aksiyon Yok,40.0,102978726.0,,,,,,,,,,,142934020.0,0.0,0,0.2447,,0.4586,0.8606,C,
2026-03-05,184821767.0,142934020.0,33912716.0,4,0,0,1335,0,58537905.0,30636480.0,1288,9961518072,S091,U0913,Risk Merkezi,Periyodik Izleme,Izleme,40.0,109021304.0,1287.0,2026-02-06,33039619.0,135011807.0,0.0,0.0,1318.0,4.0,32033081.0,27.0,151840931.0,0.0,0,0.2143,0.2447,0.5234,0.8892,C,C
2026-06-05,201205630.0,151840931.0,36025981.0,4,0,0,1348,0,44826709.0,22622045.0,1289,9961518072,S091,U0912,Risk Merkezi,Limit Yenileme,Teklif,40.0,115814950.0,1288.0,2026-03-05,30636480.0,142934020.0,0.0,0.0,1335.0,4.0,33912716.0,92.0,172422629.0,0.0,0,0.149,0.2143,0.5047,0.8263,C,C
2026-08-25,214696168.0,172422629.0,40909222.0,5,0,0,1309,0,19654550.0,10870944.0,1290,9961518072,S091,U0913,Risk Merkezi,Tahsis Revizyonu,Izleme,40.0,131513407.0,1289.0,2026-06-05,22622045.0,151840931.0,0.0,0.0,1348.0,4.0,36025981.0,81.0,,,1,0.063,0.149,0.5531,0.8283,C,C
2026-01-16,585649597.0,301465584.0,97863699.0,5,0,0,1494,0,178311277.0,67834420.0,495,9963085302,S050,U0503,Cek Raporu,Yeni Basvuru,Kullandirim,30.0,203601885.0,,,,,,,,,,,,,1,0.225,,0.3804,0.5736,B,
2026-03-02,126040870.0,56033271.0,13041820.0,2,0,0,1524,0,49407002.0,12984797.0,406,9964905739,S061,U0612,Risk Merkezi,Yeni Basvuru,Aksiyon Yok,40.0,42991451.0,,,,,,,,,,,56374066.0,0.0,0,0.2317,,0.2628,0.5617,B,
2026-05-26,126007448.0,56374066.0,13121140.0,2,0,0,1514,0,21453449.0,13162639.0,407,9964905739,S061,U0611,Risk Merkezi,Limit Yenileme,Kullandirim,40.0,43252926.0,406.0,2026-03-02,12984797.0,56033271.0,0.0,0.0,1524.0,2.0,13041820.0,85.0,57686185.0,0.0,0,0.2335,0.2317,0.6135,0.4133,B,B
2026-08-28,128524244.0,57686185.0,13426538.0,2,0,0,1514,0,30678214.0,11889590.0,408,9964905739,S061,U0611,Risk Merkezi,Limit Yenileme,Kullandirim,40.0,44259647.0,407.0,2026-05-26,13162639.0,56374066.0,0.0,0.0,1514.0,2.0,13121140.0,94.0,57863146.0,0.0,0,0.2061,0.2335,0.3876,0.468,B,B
2026-09-09,151214015.0,57863146.0,13467726.0,2,0,0,1502,0,28455733.0,12359912.0,409,9964905739,S061,U0611,Ticari Kredi Notu,Periyodik Izleme,Izleme,65.0,44395420.0,408.0,2026-08-28,11889590.0,57686185.0,0.0,0.0,1514.0,2.0,13426538.0,12.0,,,1,0.2136,0.2061,0.4344,0.3707,B,B
2026-02-17,153822100.0,70011063.0,9800031.0,2,0,0,1763,0,13274206.0,7496271.0,1172,9965366523,S051,U0511,Risk Merkezi,Yeni Basvuru,Aksiyon Yok,40.0,60211032.0,,,,,,,,,,,66556783.0,0.0,0,0.1071,,0.5647,0.4448,A,
2026-05-07,157258585.0,66556783.0,9316507.0,2,0,0,1809,0,20533794.0,4782441.0,1173,9965366523,S051,U0511,Risk Merkezi,Tahsis Revizyonu,Izleme,40.0,57240276.0,1172.0,2026-02-17,7496271.0,70011063.0,0.0,0.0,1763.0,2.0,9800031.0,79.0,,,1,0.0719,0.1071,0.2329,0.4518,A,A
2025-10-24,224871130.0,151168275.0,35549361.0,3,0,0,1676,0,122769302.0,51838605.0,1016,9966429055,S091,U0911,Ticari Kredi Notu,Yeni Basvuru,Ret,65.0,115618914.0,,,,,,,,,,,215528202.0,0.0,0,0.3429,,0.4222,0.9728,A,
2026-07-24,278531989.0,215528202.0,50684510.0,5,0,0,1678,0,32386346.0,16963985.0,1017,9966429055,S091,U0912,Ticari Kredi Notu,Periyodik Izleme,Izleme,65.0,164843692.0,1016.0,2025-10-24,51838605.0,151168275.0,0.0,0.0,1676.0,3.0,35549361.0,273.0,225621903.0,0.0,0,0.0787,0.3429,0.5238,0.8067,A,A
2026-08-14,300107564.0,225621903.0,53058187.0,5,0,0,1696,0,27833283.0,13966837.0,1018,9966429055,S091,U0913,Ticari Kredi Notu,Limit Yenileme,Teklif,65.0,172563716.0,1017.0,2026-07-24,16963985.0,215528202.0,0.0,0.0,1678.0,5.0,50684510.0,21.0,,,1,0.0619,0.0787,0.5018,0.7774,A,A
2025-11-07,149509692.0,71480774.0,19971605.0,6,0,0,1488,0,28152785.0,13790487.0,1377,9967145496,S011,U0113,Risk Merkezi,Limit Yenileme,Kullandirim,40.0,51509169.0,,,,,,,,,,,77192240.0,0.0,0,0.1929,,0.4898,0.4754,B,
2026-01-05,147782002.0,77192240.0,21567379.0,6,0,0,1511,0,32324360.0,18003260.0,1378,9967145496,S011,U0113,Risk Merkezi,Periyodik Izleme,Izleme,40.0,55624861.0,1377.0,2025-11-07,13790487.0,71480774.0,0.0,0.0,1488.0,6.0,19971605.0,59.0,77254156.0,0.0,0,0.2332,0.1929,0.557,0.5126,B,B
2026-01-29,182206075.0,77254156.0,21584678.0,6,0,0,1515,0,58981082.0,18400461.0,1379,9967145496,S011,U0113,Risk Merkezi,Limit Yenileme,Teklif,40.0,55669478.0,1378.0,2026-01-05,18003260.0,77192240.0,0.0,0.0,1511.0,6.0,21567379.0,24.0,92583678.0,0.0,0,0.2382,0.2332,0.312,0.4776,B,B
2026-07-29,193297008.0,92583678.0,25867720.0,6,0,0,1596,0,69161640.0,24858103.0,1380,9967145496,S011,U0112,Risk Merkezi,Periyodik Izleme,Izleme,40.0,66715958.0,1379.0,2026-01-29,18400461.0,77254156.0,0.0,0.0,1515.0,6.0,21584678.0,181.0,,,1,0.2685,0.2382,0.3594,0.5456,B,B
2026-09-14,950115566.0,558453899.0,170082520.0,3,0,0,1648,0,321337760.0,172070031.0,1455,9968123083,S050,U0503,Risk Merkezi,Yeni Basvuru,Kullandirim,40.0,388371379.0,,,,,,,,,,,,,1,0.3081,,0.5355,0.6145,A,
2026-01-06,225735025.0,176513839.0,22582278.0,3,0,0,1336,0,50139118.0,26671578.0,366,9972558987,S050,U0502,Risk Merkezi,Yeni Basvuru,Ret,40.0,153931561.0,,,,,,,,,,,168149006.0,0.0,0,0.1511,,0.532,0.8533,C,
2026-01-26,223530504.0,168149006.0,21512124.0,3,0,0,1298,0,46044391.0,23125421.0,367,9972558987,S050,U0503,Risk Merkezi,Periyodik Izleme,Izleme,40.0,146636882.0,366.0,2026-01-06,26671578.0,176513839.0,0.0,0.0,1336.0,3.0,22582278.0,20.0,189541170.0,0.0,0,0.1375,0.1511,0.5022,0.8171,C,C
2026-02-27,267571593.0,189541170.0,24248928.0,3,0,0,1314,0,48012787.0,22007887.0,368,9972558987,S050,U0502,Ticari Kredi Notu,Periyodik Izleme,Izleme,65.0,165292242.0,367.0,2026-01-26,23125421.0,168149006.0,0.0,0.0,1298.0,3.0,21512124.0,32.0,181903399.0,0.0,0,0.1161,0.1375,0.4584,0.763,C,C
2026-03-06,249648742.0,181903399.0,23271790.0,3,0,0,1329,0,53538421.0,25625488.0,369,9972558987,S050,U0503,Risk Merkezi,Limit Yenileme,Aksiyon Yok,40.0,158631609.0,368.0,2026-02-27,22007887.0,189541170.0,0.0,0.0,1314.0,3.0,24248928.0,7.0,211464504.0,0.0,0,0.1409,0.1161,0.4786,0.7969,C,C
2026-06-11,297536549.0,211464504.0,27053687.0,3,0,0,1337,0,5973407.0,2752055.0,370,9972558987,S050,U0502,Risk Merkezi,Periyodik Izleme,Izleme,40.0,184410817.0,369.0,2026-03-06,25625488.0,181903399.0,0.0,0.0,1329.0,3.0,23271790.0,97.0,,,1,0.013,0.1409,0.4607,0.7158,C,C
2026-04-23,933896297.0,587276083.0,188932759.0,5,0,0,1726,0,241286022.0,134795410.0,924,9974028704,S000,U0002,Ticari Kredi Notu,Yeni Basvuru,Teklif,65.0,398343324.0,,,,,,,,,,,,,1,0.2295,,0.5587,0.6533,A,
2025-10-20,171097028.0,102775400.0,29726067.0,5,0,0,1429,0,46105547.0,24282671.0,236,9975971488,S111,U1112,Risk Merkezi,Tahsis Revizyonu,Izleme,40.0,73049333.0,,,,,,,,,,,95786309.0,0.0,0,0.2363,,0.5267,0.628,B,
2026-01-02,164279175.0,95786309.0,27704589.0,5,0,0,1436,0,51129741.0,21205534.0,237,9975971488,S111,U1111,Ticari Kredi Notu,Tahsis Revizyonu,Izleme,65.0,68081720.0,236.0,2025-10-20,24282671.0,102775400.0,0.0,0.0,1429.0,5.0,29726067.0,74.0,,,1,0.2214,0.2363,0.4147,0.6591,B,B
2025-10-17,4325432.0,2611559.0,630296.0,6,0,0,1334,0,2434560.0,1066164.0,1319,9977050803,S112,U1122,Ticari Kredi Notu,Periyodik Izleme,Izleme,65.0,1981263.0,,,,,,,,,,,2591660.0,0.0,0,0.4082,,0.4379,0.8173,C,
2025-12-24,3853354.0,2591660.0,625493.0,6,0,0,1299,0,2305199.0,1129772.0,1320,9977050803,S112,U1121,Risk Merkezi,Tahsis Revizyonu,Izleme,40.0,1966167.0,1319.0,2025-10-17,1066164.0,2611559.0,0.0,0.0,1334.0,6.0,630296.0,68.0,2499969.0,0.0,0,0.4359,0.4082,0.4901,0.9443,C,C
2026-06-04,3992002.0,2499969.0,603364.0,6,0,0,1300,0,1714287.0,1006181.0,1321,9977050803,S112,U1121,Ticari Kredi Notu,Periyodik Izleme,Izleme,65.0,1896605.0,1320.0,2025-12-24,1129772.0,2591660.0,0.0,0.0,1299.0,6.0,625493.0,162.0,,,1,0.4025,0.4359,0.5869,0.6558,C,C
2026-04-06,754922799.0,328227906.0,80689050.0,3,0,0,1361,0,144039835.0,55517903.0,934,9977131371,S050,U0502,Ticari Kredi Notu,Periyodik Izleme,Izleme,65.0,247538856.0,,,,,,,,,,,278384093.0,0.0,0,0.1691,,0.3854,0.4464,C,
2026-08-28,754062999.0,278384093.0,68435827.0,3,0,0,1386,0,68362871.0,30400580.0,935,9977131371,S050,U0502,Risk Merkezi,Tahsis Revizyonu,Izleme,40.0,209948266.0,934.0,2026-04-06,55517903.0,328227906.0,0.0,0.0,1361.0,3.0,80689050.0,144.0,,,1,0.1092,0.1691,0.4447,0.3617,C,C
2025-10-03,116088717.0,65000164.0,13758074.0,7,0,0,1336,0,62738919.0,22317258.0,185,9978307786,S021,U0211,Risk Merkezi,Limit Yenileme,Aksiyon Yok,40.0,51242090.0,,,,,,,,,,,70257304.0,0.0,0,0.3433,,0.3557,0.8001,C,
2026-01-19,128650962.0,70257304.0,25265042.0,7,0,0,1303,0,48097779.0,24704125.0,186,9978307786,S021,U0212,Ticari Kredi Notu,Periyodik Izleme,Izleme,65.0,44992262.0,185.0,2025-10-03,22317258.0,65000164.0,0.0,0.0,1336.0,7.0,13758074.0,108.0,77672242.0,0.0,0,0.3516,0.3433,0.5136,0.5655,C,C
2026-02-26,128786210.0,77672242.0,31974721.0,7,0,0,1352,0,48321015.0,27537386.0,187,9978307786,S021,U0213,Ticari Kredi Notu,Periyodik Izleme,Izleme,65.0,45697521.0,186.0,2026-01-19,24704125.0,70257304.0,0.0,0.0,1303.0,7.0,25265042.0,38.0,79008838.0,0.0,0,0.3545,0.3516,0.5699,0.6231,C,C
2026-03-18,129925613.0,79008838.0,34689573.0,7,0,0,1335,0,77735150.0,28796613.0,188,9978307786,S021,U0213,Risk Merkezi,Periyodik Izleme,Izleme,40.0,44319265.0,187.0,2026-02-26,27537386.0,77672242.0,0.0,0.0,1352.0,7.0,31974721.0,20.0,78153472.0,0.0,0,0.3645,0.3545,0.3704,0.9621,C,C
2026-04-17,136786867.0,78153472.0,37525803.0,7,0,0,1354,0,71142941.0,28836924.0,189,9978307786,S021,U0211,Risk Merkezi,Limit Yenileme,Kullandirim,40.0,40627669.0,188.0,2026-03-18,28796613.0,79008838.0,0.0,0.0,1335.0,7.0,34689573.0,30.0,88193293.0,0.0,0,0.369,0.3645,0.4053,0.7513,C,C
2026-07-31,161709059.0,88193293.0,55031813.0,7,0,0,1297,0,64164709.0,30152665.0,190,9978307786,S021,U0211,Risk Merkezi,Limit Yenileme,Aksiyon Yok,40.0,33161480.0,189.0,2026-04-17,28836924.0,78153472.0,0.0,0.0,1354.0,7.0,37525803.0,105.0,,,1,0.3419,0.369,0.4699,0.595,C,C
2026-01-14,26142323.0,12725111.0,4389699.0,6,0,0,1606,0,8019671.0,2818906.0,682,9978874359,S012,U0122,Ticari Kredi Notu,Yeni Basvuru,Kullandirim,65.0,8335412.0,,,,,,,,,,,14137688.0,0.0,0,0.2215,,0.3515,0.5466,A,
2026-07-03,28002921.0,14137688.0,4876987.0,6,0,0,1621,0,11827393.0,3703608.0,683,9978874359,S012,U0121,Risk Merkezi,Limit Yenileme,Ret,40.0,9260701.0,682.0,2026-01-14,2818906.0,12725111.0,0.0,0.0,1606.0,6.0,4389699.0,170.0,,,1,0.262,0.2215,0.3131,0.6451,A,A
2026-06-03,26351397.0,18869466.0,5040138.0,4,0,0,1565,0,5356255.0,2974951.0,1385,9981318915,S052,U0522,Risk Merkezi,Yeni Basvuru,Aksiyon Yok,40.0,13829328.0,,,,,,,,,,,18669898.0,0.0,0,0.1577,,0.5554,0.7571,B,
2026-09-29,27664511.0,18669898.0,4986832.0,4,0,0,1566,0,4348883.0,2554469.0,1386,9981318915,S052,U0522,Risk Merkezi,Limit Yenileme,Kullandirim,40.0,13683066.0,1385.0,2026-06-03,2974951.0,18869466.0,0.0,0.0,1565.0,4.0,5040138.0,118.0,,,1,0.1368,0.1577,0.5874,0.6912,B,B
2026-08-06,14531078.0,7422654.0,2501738.0,5,0,0,1319,0,4328545.0,2022708.0,1542,9982946808,S002,U0023,Cek Raporu,Limit Yenileme,Ret,30.0,4920916.0,,,,,,,,,,,,,1,0.2725,,0.4673,0.5293,C,
2025-11-27,8014869.0,4097262.0,1524341.0,2,0,0,1518,0,1886293.0,1187811.0,66,9983689845,S022,U0223,Ticari Kredi Notu,Yeni Basvuru,Kullandirim,65.0,2572921.0,,,,,,,,,,,4718783.0,0.0,0,0.2899,,0.6297,0.4747,B,
2026-01-19,8859205.0,4718783.0,2098168.0,2,0,0,1494,0,2775965.0,1318734.0,67,9983689845,S022,U0222,Risk Merkezi,Limit Yenileme,Kullandirim,40.0,2620615.0,66.0,2025-11-27,1187811.0,4097262.0,0.0,0.0,1518.0,2.0,1524341.0,53.0,4971925.0,0.0,0,0.2795,0.2899,0.4751,0.5589,B,B
2026-05-26,9486526.0,4971925.0,3075704.0,2,0,0,1527,0,2363032.0,1346572.0,68,9983689845,S022,U0221,Risk Merkezi,Periyodik Izleme,Izleme,40.0,1896221.0,67.0,2026-01-19,1318734.0,4718783.0,0.0,0.0,1494.0,2.0,2098168.0,127.0,5120259.0,0.0,0,0.2708,0.2795,0.5698,0.5089,B,B
2026-06-05,11198731.0,5120259.0,3237606.0,2,0,0,1516,0,3075884.0,1491930.0,69,9983689845,S022,U0222,Risk Merkezi,Periyodik Izleme,Izleme,40.0,1882653.0,68.0,2026-05-26,1346572.0,4971925.0,0.0,0.0,1527.0,2.0,3075704.0,10.0,5105374.0,0.0,0,0.2914,0.2708,0.485,0.4467,B,B
2026-06-15,9561914.0,5105374.0,3298131.0,2,0,0,1522,0,3683022.0,1365350.0,70,9983689845,S022,U0221,Risk Merkezi,Limit Yenileme,Kullandirim,40.0,1807243.0,69.0,2026-06-05,1491930.0,5120259.0,0.0,0.0,1516.0,2.0,3237606.0,10.0,,,1,0.2674,0.2914,0.3707,0.6362,B,B
2025-11-14,253872758.0,173994594.0,27175234.0,6,0,0,1621,0,77606619.0,61973430.0,397,9986082312,S050,U0503,Ticari Kredi Notu,Yeni Basvuru,Kullandirim,65.0,146819360.0,,,,,,,,,,,,,1,0.3562,,0.7986,0.6355,A,
2026-03-27,19752615.0,11548333.0,3594907.0,7,0,0,1279,0,11892126.0,4927294.0,1722,9986146638,S022,U0223,Risk Merkezi,Periyodik Izleme,Izleme,40.0,7953426.0,,,,,,,,,,,,,1,0.4267,,0.4143,0.8423,C,
2025-11-07,351837319.0,246003085.0,91988306.0,6,0,0,1329,0,174678367.0,101516862.0,869,9987426768,S030,U0303,Risk Merkezi,Yeni Basvuru,Teklif,40.0,154014779.0,,,,,,,,,,,298285375.0,0.0,0,0.4127,,0.5812,0.8156,C,
2026-06-26,446439292.0,298285375.0,205927236.0,6,0,0,1336,0,169114507.0,126366208.0,870,9987426768,S030,U0303,Risk Merkezi,Tahsis Revizyonu,Izleme,40.0,92358139.0,869.0,2025-11-07,101516862.0,246003085.0,0.0,0.0,1329.0,6.0,91988306.0,231.0,292819311.0,0.0,0,0.4236,0.4127,0.7472,0.6199,C,C
2026-06-28,422949432.0,292819311.0,202955874.0,6,0,0,1350,0,207576079.0,113426906.0,871,9987426768,S030,U0303,Ticari Kredi Notu,Limit Yenileme,Kullandirim,65.0,89863437.0,870.0,2026-06-26,126366208.0,298285375.0,0.0,0.0,1336.0,6.0,205927236.0,2.0,294503033.0,0.0,0,0.3874,0.4236,0.5464,0.8329,C,C
2026-07-17,434233682.0,294503033.0,211788026.0,6,0,0,1303,0,195730710.0,127028013.0,872,9987426768,S030,U0302,Ticari Kredi Notu,Periyodik Izleme,Izleme,65.0,82715007.0,871.0,2026-06-28,113426906.0,292819311.0,0.0,0.0,1350.0,6.0,202955874.0,19.0,312156504.0,0.0,0,0.4313,0.3874,0.649,0.7022,C,C
2026-09-18,459877010.0,312156504.0,251422824.0,6,0,0,1345,0,218954729.0,133034900.0,873,9987426768,S030,U0302,Ticari Kredi Notu,Periyodik Izleme,Izleme,65.0,60733680.0,872.0,2026-07-17,127028013.0,294503033.0,0.0,0.0,1303.0,6.0,211788026.0,63.0,,,1,0.4262,0.4313,0.6076,0.7435,C,C
2026-05-27,142397700.0,79787560.0,23406826.0,3,0,0,1289,0,38784140.0,15701429.0,516,9991250278,S061,U0612,Ticari Kredi Notu,Periyodik Izleme,Izleme,65.0,56380734.0,,,,,,,,,,,,,1,0.1968,,0.4048,0.6185,C,
2025-11-07,14011280.0,7791074.0,2147638.0,5,0,0,1603,0,4154987.0,2070609.0,706,9993527161,S012,U0121,Risk Merkezi,Yeni Basvuru,Aksiyon Yok,40.0,5643436.0,,,,,,,,,,,8734630.0,0.0,0,0.2658,,0.4983,0.5804,A,
2026-02-16,14703729.0,8734630.0,3616223.0,5,0,0,1599,0,3062521.0,1773983.0,707,9993527161,S012,U0123,Risk Merkezi,Periyodik Izleme,Izleme,40.0,5118407.0,706.0,2025-11-07,2070609.0,7791074.0,0.0,0.0,1603.0,5.0,2147638.0,101.0,8545378.0,0.0,0,0.2031,0.2658,0.5793,0.5979,B,A
2026-02-26,15382718.0,8545378.0,3654931.0,5,0,0,1584,0,4050587.0,2267286.0,708,9993527161,S012,U0121,Risk Merkezi,Limit Yenileme,Teklif,40.0,4890447.0,707.0,2026-02-16,1773983.0,8734630.0,0.0,0.0,1599.0,5.0,3616223.0,10.0,8638006.0,0.0,0,0.2653,0.2031,0.5597,0.554,B,B
2026-03-26,14360551.0,8638006.0,4025870.0,5,0,0,1588,0,3939721.0,2328398.0,709,9993527161,S012,U0122,Risk Merkezi,Tahsis Revizyonu,Izleme,40.0,4612136.0,708.0,2026-02-26,2267286.0,8545378.0,0.0,0.0,1584.0,5.0,3654931.0,28.0,9412909.0,0.0,0,0.2696,0.2653,0.591,0.6055,B,B
2026-05-29,16029759.0,9412909.0,5212265.0,5,0,0,1566,0,4718410.0,2600499.0,710,9993527161,S012,U0122,Cek Raporu,Periyodik Izleme,Izleme,30.0,4200644.0,709.0,2026-03-26,2328398.0,8638006.0,0.0,0.0,1588.0,5.0,4025870.0,64.0,9882219.0,0.0,0,0.2763,0.2696,0.5511,0.6023,B,B
2026-07-10,16763849.0,9882219.0,6040705.0,5,0,0,1553,0,7887395.0,2928847.0,711,9993527161,S012,U0121,Cek Raporu,Tahsis Revizyonu,Izleme,30.0,3841514.0,710.0,2026-05-29,2600499.0,9412909.0,0.0,0.0,1566.0,5.0,5212265.0,42.0,,,1,0.2964,0.2763,0.3713,0.7834,B,B
2026-02-06,151960211.0,106226958.0,17288151.0,7,0,0,1407,0,53494886.0,42676891.0,1098,9994053230,S101,U1011,Ticari Kredi Notu,Periyodik Izleme,Izleme,65.0,88938807.0,,,,,,,,,,,106997601.0,0.0,0,0.4018,,0.7978,0.6454,B,
2026-06-12,146496847.0,106997601.0,17413571.0,7,0,0,1433,0,60745338.0,40985232.0,1099,9994053230,S101,U1011,Risk Merkezi,Tahsis Revizyonu,Izleme,40.0,89584030.0,1098.0,2026-02-06,42676891.0,106226958.0,0.0,0.0,1407.0,7.0,17288151.0,126.0,100332329.0,0.0,0,0.383,0.4018,0.6747,0.7698,B,B
2026-06-24,131540615.0,100332329.0,16328816.0,7,0,0,1448,0,60737048.0,41047750.0,1100,9994053230,S101,U1012,Ticari Kredi Notu,Limit Yenileme,Kullandirim,65.0,84003513.0,1099.0,2026-06-12,40985232.0,106997601.0,0.0,0.0,1433.0,7.0,17413571.0,12.0,103485191.0,0.0,0,0.4091,0.383,0.6758,0.8373,B,B
2026-08-28,140299938.0,103485191.0,16841935.0,7,0,0,1417,0,57442594.0,41533665.0,1101,9994053230,S101,U1011,Ticari Kredi Notu,Periyodik Izleme,Izleme,65.0,86643256.0,1100.0,2026-06-24,41047750.0,100332329.0,0.0,0.0,1448.0,7.0,16328816.0,65.0,,,1,0.4013,0.4091,0.723,0.7477,B,B
2025-10-24,18083625.0,10549720.0,3290267.0,6,0,0,1386,0,4057722.0,1870124.0,235,9995333403,S102,U1023,Cek Raporu,Tahsis Revizyonu,Izleme,30.0,7259453.0,,,,,,,,,,,,,1,0.1773,,0.4609,0.6188,C,
2025-10-16,21250283.0,12921862.0,2383839.0,5,0,0,1658,0,7857651.0,5200923.0,1325,9997362109,S092,U0921,Risk Merkezi,Yeni Basvuru,Aksiyon Yok,40.0,10538023.0,,,,,,,,,,,14379736.0,0.0,0,0.4025,,0.6619,0.5765,A,
2026-01-28,22122937.0,14379736.0,2652789.0,5,0,0,1662,0,9229895.0,5788824.0,1326,9997362109,S092,U0922,Risk Merkezi,Periyodik Izleme,Izleme,40.0,11726947.0,1325.0,2025-10-16,5200923.0,12921862.0,0.0,0.0,1658.0,5.0,2383839.0,104.0,,,1,0.4026,0.4025,0.6272,0.6663,A,A
2026-02-27,142838424.0,77600212.0,25509886.0,5,0,0,1473,0,6677062.0,1958200.0,300,9998946673,S051,U0513,Risk Merkezi,Tahsis Revizyonu,Izleme,40.0,52090326.0,,,,,,,,,,,73045194.0,0.0,0,0.0252,,0.2933,0.5555,B,
2026-03-31,141762843.0,73045194.0,24012494.0,5,0,0,1470,0,11928378.0,3164161.0,301,9998946673,S051,U0512,Risk Merkezi,Limit Yenileme,Kullandirim,40.0,49032700.0,300.0,2026-02-27,1958200.0,77600212.0,0.0,0.0,1473.0,5.0,25509886.0,32.0,81745147.0,0.0,0,0.0433,0.0252,0.2653,0.5382,B,B
2026-07-08,156547050.0,81745147.0,26872471.0,6,0,0,1504,0,15654705.0,0.0,302,9998946673,S051,U0512,Ticari Kredi Notu,Limit Yenileme,Aksiyon Yok,65.0,54872676.0,301.0,2026-03-31,3164161.0,73045194.0,0.0,0.0,1470.0,5.0,24012494.0,99.0,83339769.0,0.0,0,0.0,0.0433,0.0,0.5802,B,B
2026-07-09,141381043.0,83339769.0,27396678.0,6,0,0,1410,0,14138104.0,0.0,303,9998946673,S051,U0513,Risk Merkezi,Periyodik Izleme,Izleme,40.0,55943091.0,302.0,2026-07-08,0.0,81745147.0,0.0,0.0,1504.0,6.0,26872471.0,1.0,85898632.0,0.0,0,0.0,0.0,0.0,0.655,B,B
2026-08-07,155847406.0,85898632.0,28237866.0,6,0,0,1450,0,15584741.0,0.0,304,9998946673,S051,U0513,Risk Merkezi,Periyodik Izleme,Izleme,40.0,57660766.0,303.0,2026-07-09,0.0,83339769.0,0.0,0.0,1410.0,6.0,27396678.0,29.0,,,1,0.0,0.0,0.0,0.6124,B,B
