VKN,Tarih,BizimRisk,BizimLimit,IcRating,SorguID,TeklifTarihi,OnayTarihi,KullandirimTarihi,RetNedeni
9609778585,2025-10-31,10250738.0,17829623.0,2,,,,,
9609778585,2025-11-30,11775009.0,21580180.0,2,,,,,
9609778585,2025-12-31,11775009.0,21580180.0,2,,,,,
9609778585,2026-01-31,11775009.0,21580180.0,2,,,,,
9609778585,2026-02-28,11775009.0,21580180.0,2,,,,,
9609778585,2026-03-31,12587575.0,20803793.0,2,,,,,
9609778585,2026-04-30,12587575.0,20803793.0,2,,,,,
9609778585,2026-05-31,12587575.0,20803793.0,2,,,,,
9609778585,2026-06-30,12587575.0,20803793.0,2,,,,,
9609778585,2026-07-31,12587575.0,20803793.0,2,,,,,
9609778585,2026-08-31,12587575.0,20803793.0,2,,,,,
9609778585,2026-09-30,12587575.0,20803793.0,2,,,,,
9517727538,2025-10-31,1633359.0,2314202.0,4,,,,,
9517727538,2025-11-30,1633359.0,2314202.0,4,,,,,
9517727538,2025-12-31,1633359.0,2314202.0,4,,,,,
9517727538,2026-01-31,1633359.0,2314202.0,4,4.0,2026-01-21,,,Musteri vazgecti
9517727538,2026-02-28,1427915.0,2081314.0,4,5.0,2026-02-23,,,Teminat yetersiz
9517727538,2026-03-31,1427915.0,2081314.0,4,,,,,
9517727538,2026-04-30,1585063.0,2104665.0,4,,,,,
9517727538,2026-05-31,1585063.0,2104665.0,4,,,,,
9517727538,2026-06-30,1585063.0,2104665.0,4,,,,,
9517727538,2026-07-31,1585063.0,2104665.0,4,,,,,
9517727538,2026-08-31,1585063.0,2104665.0,4,,,,,
9517727538,2026-09-30,1585063.0,2104665.0,4,,,,,
9657261830,2025-10-31,3346183.0,5860367.0,2,,,,,
9657261830,2025-11-30,3346183.0,5860367.0,2,7.0,2025-11-16,,,Not dusuk
9657261830,2025-12-31,3206761.0,6495643.0,2,,,,,
9657261830,2026-01-31,3206761.0,6495643.0,2,,,,,
9657261830,2026-02-28,3206761.0,6495643.0,2,,,,,
9657261830,2026-03-31,3206761.0,6495643.0,2,,,,,
9657261830,2026-04-30,3480888.0,5340967.0,2,,,,,
9657261830,2026-05-31,3480888.0,5340967.0,2,,,,,
9657261830,2026-06-30,3480888.0,5340967.0,2,,,,,
9657261830,2026-07-31,3963277.0,5022218.0,2,,,,,
9657261830,2026-08-31,3963277.0,5022218.0,2,,,,,
9657261830,2026-09-30,3963277.0,5022218.0,2,,,,,
9843950336,2025-10-31,1963715.0,6345303.0,6,,,,,
9843950336,2025-11-30,1905761.0,4960165.0,6,,,,,
9843950336,2025-12-31,1905761.0,4960165.0,6,,,,,
9843950336,2026-01-31,1905761.0,4960165.0,6,,,,,
9843950336,2026-02-28,1474558.0,4786299.0,6,,,,,
9843950336,2026-03-31,1474558.0,4786299.0,6,,,,,
9843950336,2026-04-30,1474558.0,4786299.0,6,,,,,
9843950336,2026-05-31,1474558.0,4786299.0,6,,,,,
9843950336,2026-06-30,1474558.0,4786299.0,6,,,,,
9843950336,2026-07-31,1474558.0,4786299.0,6,,,,,
9843950336,2026-08-31,1474558.0,4786299.0,6,,,,,
9843950336,2026-09-30,40292.0,99812.0,6,,,,,
9219048284,2025-10-31,738074.0,1592248.0,4,15.0,2025-10-28,2025-11-03,2025-11-19,
9219048284,2025-11-30,738074.0,1592248.0,4,,,,,
9219048284,2025-12-31,738074.0,1592248.0,4,,,,,
9219048284,2026-01-31,738074.0,1592248.0,4,,,,,
9219048284,2026-02-28,738074.0,1592248.0,4,,,,,
9219048284,2026-03-31,526104.0,815412.0,4,16.0,2026-04-13,,,Musteri vazgecti
9219048284,2026-04-30,526104.0,815412.0,4,,,,,
9219048284,2026-05-31,526104.0,815412.0,4,,,,,
9219048284,2026-06-30,526104.0,815412.0,4,,,,,
9219048284,2026-07-31,526104.0,815412.0,4,,,,,
9219048284,2026-08-31,526104.0,815412.0,4,,,,,
9219048284,2026-09-30,526104.0,815412.0,4,,,,,
9859858350,2025-10-31,6409242.0,9394946.0,2,,,,,
9859858350,2025-11-30,6409242.0,9394946.0,2,,,,,
9859858350,2025-12-31,6409242.0,9394946.0,2,17.0,2025-12-26,2026-01-02,2026-01-13,
9859858350,2026-01-31,6409242.0,9394946.0,2,,,,,
9859858350,2026-02-28,6409242.0,9394946.0,2,,,,,
9859858350,2026-03-31,6409242.0,9394946.0,2,,,,,
9859858350,2026-04-30,6409242.0,9394946.0,2,,,,,
9859858350,2026-05-31,6409242.0,9394946.0,2,,,,,
9859858350,2026-06-30,7601262.0,16648697.0,2,,,,,
9859858350,2026-07-31,7601262.0,16648697.0,2,,,,,
9859858350,2026-08-31,7601262.0,16648697.0,2,,,,,
9859858350,2026-09-30,7601262.0,16648697.0,2,,,,,
9796187133,2025-10-31,1094597.0,1530080.0,3,,,,,
9796187133,2025-11-30,1094597.0,1530080.0,3,,,,,
9796187133,2025-12-31,1094597.0,1530080.0,3,,,,,
9796187133,2026-01-31,1684608.0,2801754.0,3,20.0,2026-02-08,,,Musteri vazgecti
9796187133,2026-02-28,1684608.0,2801754.0,3,,,,,
9796187133,2026-03-31,1409862.0,2145996.0,3,21.0,2026-03-27,2026-03-31,2026-04-22,
9796187133,2026-04-30,1412566.0,2090398.0,3,,,,,
9796187133,2026-05-31,1412566.0,2090398.0,3,,,,,
9796187133,2026-06-30,1837637.0,2860813.0,3,,,,,
9796187133,2026-07-31,1837637.0,2860813.0,3,,,,,
9796187133,2026-08-31,1837637.0,2860813.0,3,,,,,
9796187133,2026-09-30,1271236.0,1856441.0,3,,,,,
9847033530,2025-10-31,138172056.0,297876127.0,3,,,,,
9847033530,2025-11-30,138172056.0,297876127.0,3,,,,,
9847033530,2025-12-31,138172056.0,297876127.0,3,,,,,
9847033530,2026-01-31,138172056.0,297876127.0,3,,,,,
9847033530,2026-02-28,138172056.0,297876127.0,3,,,,,
9847033530,2026-03-31,138172056.0,297876127.0,3,,,,,
9847033530,2026-04-30,138172056.0,297876127.0,3,,,,,
9847033530,2026-05-31,125759603.0,240346849.0,3,26.0,2026-05-13,,,Risk
9847033530,2026-06-30,125759603.0,240346849.0,3,,,,,
9847033530,2026-07-31,157417223.0,357678058.0,3,28.0,2026-07-27,2026-07-17,2026-08-15,Not dusuk
9847033530,2026-08-31,157417223.0,357678058.0,3,,,,,
9847033530,2026-09-30,139822698.0,544333440.0,3,29.0,2026-09-27,2026-10-03,2026-10-06,
9627194192,2025-10-31,2455443.0,6208341.0,3,,,,,
9627194192,2025-11-30,2455443.0,6208341.0,3,,,,,
9627194192,2025-12-31,2455443.0,6208341.0,3,,,,,
9627194192,2026-01-31,2455443.0,6208341.0,3,,,,,
9627194192,2026-02-28,2455443.0,6208341.0,3,,,,,
9627194192,2026-03-31,2455443.0,6208341.0,3,30.0,2026-03-14,2026-03-20,2026-04-12,
9627194192,2026-04-30,2455443.0,6208341.0,3,,,,,
9627194192,2026-05-31,2455443.0,6208341.0,3,,,,,
9627194192,2026-06-30,2455443.0,6208341.0,3,,,,,
9627194192,2026-07-31,2387795.0,6603053.0,3,,,,,
9627194192,2026-08-31,2308825.0,6775053.0,3,32.0,2026-08-31,2026-09-06,2026-09-29,
9627194192,2026-09-30,2308825.0,6775053.0,3,,,,,
9903107311,2025-10-31,69062086.0,160881175.0,2,,,,,
9903107311,2025-11-30,69062086.0,160881175.0,2,,,,,
9903107311,2025-12-31,69062086.0,160881175.0,2,,,,,
9903107311,2026-01-31,69062086.0,160881175.0,2,,,,,
9903107311,2026-02-28,69062086.0,160881175.0,2,,,,,
9903107311,2026-03-31,69062086.0,160881175.0,2,,,,,
9903107311,2026-04-30,69062086.0,160881175.0,2,,,,,
9903107311,2026-05-31,69062086.0,160881175.0,2,,,,,
9903107311,2026-06-30,69062086.0,160881175.0,2,,,,,
9903107311,2026-07-31,69062086.0,160881175.0,2,,,,,
9903107311,2026-08-31,69062086.0,160881175.0,2,,,,,
9903107311,2026-09-30,69062086.0,160881175.0,2,,,,,
9221222822,2025-10-31,3602906.0,9781511.0,7,34.0,2025-10-28,,,Musteri vazgecti
9221222822,2025-11-30,3602906.0,9781511.0,7,,,,,
9221222822,2025-12-31,3602906.0,9781511.0,7,,,,,
9221222822,2026-01-31,3602906.0,9781511.0,7,,,,,
9221222822,2026-02-28,3602906.0,9781511.0,7,,,,,
9221222822,2026-03-31,3602906.0,9781511.0,7,,,,,
9221222822,2026-04-30,3602906.0,9781511.0,7,,,,,
9221222822,2026-05-31,3602906.0,9781511.0,7,,,,,
9221222822,2026-06-30,3602906.0,9781511.0,7,,,,,
9221222822,2026-07-31,3602906.0,9781511.0,7,,,,,
9221222822,2026-08-31,3602906.0,9781511.0,7,,,,,
9221222822,2026-09-30,3567051.0,7558157.0,7,,,,,
9319870421,2025-10-31,1734561.0,2451555.0,1,,,,,
9319870421,2025-11-30,1734561.0,2451555.0,1,,,,,
9319870421,2025-12-31,1734561.0,2451555.0,1,,,,,
9319870421,2026-01-31,1734561.0,2451555.0,1,,,,,
9319870421,2026-02-28,1734561.0,2451555.0,1,,,,,
9319870421,2026-03-31,1734561.0,2451555.0,1,,,,,
9319870421,2026-04-30,1734561.0,2451555.0,1,,,,,
9319870421,2026-05-31,1734561.0,2451555.0,1,,,,,
9319870421,2026-06-30,1254523.0,2846201.0,1,37.0,2026-06-20,,,Risk
9319870421,2026-07-31,1254523.0,2846201.0,1,,,,,
9319870421,2026-08-31,915093.0,2239597.0,1,,,,,
9319870421,2026-09-30,915093.0,2239597.0,1,,,,,
9649436560,2025-10-31,1386401.0,3418099.0,4,,,,,
9649436560,2025-11-30,1386401.0,3418099.0,4,,,,,
9649436560,2025-12-31,1386401.0,3418099.0,4,,,,,
9649436560,2026-01-31,1386401.0,3418099.0,4,,,,,
9649436560,2026-02-28,1386401.0,3418099.0,4,,,,,
9649436560,2026-03-31,1386401.0,3418099.0,4,,,,,
9649436560,2026-04-30,81539.0,193240.0,4,,,,,
9649436560,2026-05-31,81539.0,193240.0,4,,,,,
9649436560,2026-06-30,0.0,2812084.0,4,41.0,2026-06-29,,,Musteri vazgecti
9649436560,2026-07-31,0.0,2812084.0,4,,,,,
9649436560,2026-08-31,0.0,2812084.0,4,,,,,
9649436560,2026-09-30,0.0,2812084.0,4,,,,,
9729478084,2025-10-31,1699419.0,2536682.0,5,,,,,
9729478084,2025-11-30,1699419.0,2536682.0,5,42.0,2025-12-05,2025-12-12,2025-12-22,
9729478084,2025-12-31,1699419.0,2536682.0,5,,,,,
9729478084,2026-01-31,1699419.0,2536682.0,5,,,,,
9729478084,2026-02-28,1849640.0,2983303.0,5,43.0,2026-02-25,,,Musteri vazgecti
9729478084,2026-03-31,1591274.0,2204545.0,5,,,,,
9729478084,2026-04-30,1591274.0,2204545.0,5,,,,,
9729478084,2026-05-31,1865439.0,2692065.0,5,,,,,
9729478084,2026-06-30,1865439.0,2692065.0,5,,,,,
9729478084,2026-07-31,1742122.0,2198391.0,5,47.0,2026-07-31,,,Risk
9729478084,2026-08-31,1742122.0,2198391.0,5,,,,,
9729478084,2026-09-30,1742122.0,2198391.0,5,,,,,
9466592382,2025-10-31,7503275.0,13968690.0,4,,,,,
9466592382,2025-11-30,7503275.0,13968690.0,4,,,,,
9466592382,2025-12-31,7503275.0,13968690.0,4,,,,,
9466592382,2026-01-31,7503275.0,13968690.0,4,,,,,
9466592382,2026-02-28,7503275.0,13968690.0,4,,,,,
9466592382,2026-03-31,7503275.0,13968690.0,4,,,,,
9466592382,2026-04-30,7503275.0,13968690.0,4,,,,,
9466592382,2026-05-31,7503275.0,13968690.0,4,,,,,
9466592382,2026-06-30,7503275.0,13968690.0,4,,,,,
9466592382,2026-07-31,7503275.0,13968690.0,4,,,,,
9466592382,2026-08-31,7503275.0,13968690.0,4,,,,,
9466592382,2026-09-30,7503275.0,13968690.0,4,,,,,
9722789982,2025-10-31,1243525.0,2013868.0,3,,,,,
9722789982,2025-11-30,1243525.0,2013868.0,3,,,,,
9722789982,2025-12-31,1243525.0,2013868.0,3,,,,,
9722789982,2026-01-31,1243525.0,2013868.0,3,,,,,
9722789982,2026-02-28,1243525.0,2013868.0,3,,,,,
9722789982,2026-03-31,1243525.0,2013868.0,3,,,,,
9722789982,2026-04-30,843136.0,1522263.0,3,50.0,2026-05-04,2026-04-27,2026-05-25,Musteri vazgecti
9722789982,2026-05-31,843136.0,1522263.0,3,,,,,
9722789982,2026-06-30,843136.0,1522263.0,3,,,,,
9722789982,2026-07-31,843136.0,1522263.0,3,,,,,
9722789982,2026-08-31,843136.0,1522263.0,3,,,,,
9722789982,2026-09-30,843136.0,1522263.0,3,,,,,
9461138467,2025-10-31,5587845.0,8628273.0,4,,,,,
9461138467,2025-11-30,5587845.0,8628273.0,4,,,,,
9461138467,2025-12-31,5587845.0,8628273.0,4,,,,,
9461138467,2026-01-31,5587845.0,8628273.0,4,,,,,
9461138467,2026-02-28,5587845.0,8628273.0,4,,,,,
9461138467,2026-03-31,5457202.0,8254807.0,4,52.0,2026-03-22,2026-03-25,2026-04-12,
9461138467,2026-04-30,5685958.0,10514343.0,4,,,,,
9461138467,2026-05-31,5685958.0,10514343.0,4,,,,,
9461138467,2026-06-30,6673137.0,10382476.0,4,54.0,2026-06-29,,,Risk
9461138467,2026-07-31,6673137.0,10382476.0,4,,,,,
9461138467,2026-08-31,6673137.0,10382476.0,4,,,,,
9461138467,2026-09-30,6673137.0,10382476.0,4,,,,,
9825571868,2025-10-31,18645724.0,27240423.0,2,,,,,
9825571868,2025-11-30,19491800.0,27240423.0,2,,,,,
9825571868,2025-12-31,19695306.0,27240423.0,2,,,,,
9825571868,2026-01-31,19455471.0,27240423.0,2,,,,,
9825571868,2026-02-28,19938833.0,27240423.0,2,,,,,
9825571868,2026-03-31,19234787.0,27240423.0,2,,,,,
9825571868,2026-04-30,18898930.0,27240423.0,2,,,,,
9825571868,2026-05-31,19430998.0,27240423.0,2,,,,,
9825571868,2026-06-30,19150478.0,27240423.0,2,,,,,
9825571868,2026-07-31,18778918.0,27240423.0,2,,,,,
9825571868,2026-08-31,19401181.0,27240423.0,2,,,,,
9825571868,2026-09-30,18876505.0,27240423.0,2,,,,,
9577757216,2025-10-31,53922095.0,70161904.0,3,,,,,
9577757216,2025-11-30,58989946.0,110967012.0,3,,,,,
9577757216,2025-12-31,58989946.0,110967012.0,3,,,,,
9577757216,2026-01-31,58325671.0,74479822.0,3,,,,,
9577757216,2026-02-28,53428778.0,69975154.0,3,58.0,2026-03-03,,,Musteri vazgecti
9577757216,2026-03-31,53428778.0,69975154.0,3,,,,,
9577757216,2026-04-30,53428778.0,69975154.0,3,,,,,
9577757216,2026-05-31,53428778.0,69975154.0,3,,,,,
9577757216,2026-06-30,60642186.0,84200329.0,3,,,,,
9577757216,2026-07-31,61711550.0,69861472.0,3,60.0,2026-08-03,2026-08-11,2026-08-22,
9577757216,2026-08-31,61711550.0,69861472.0,3,,,,,
9577757216,2026-09-30,61711550.0,69861472.0,3,,,,,
9457772521,2025-10-31,18260405.0,33238037.0,3,,,,,
9457772521,2025-11-30,18260405.0,33238037.0,3,,,,,
9457772521,2025-12-31,18260405.0,33238037.0,3,61.0,2025-12-19,,,Teminat yetersiz
9457772521,2026-01-31,18260405.0,33238037.0,3,,,,,
9457772521,2026-02-28,18260405.0,33238037.0,3,,,,,
9457772521,2026-03-31,18260405.0,33238037.0,3,,,,,
9457772521,2026-04-30,3938078.0,7613083.0,3,,,,,
9457772521,2026-05-31,0.0,21790505.0,3,,,,,
9457772521,2026-06-30,0.0,21790505.0,3,,,,,
9457772521,2026-07-31,0.0,24136820.0,3,,,,,
9457772521,2026-08-31,0.0,24136820.0,3,,,,,
9457772521,2026-09-30,0.0,22888405.0,3,,,,,
9983689845,2025-10-31,1187811.0,1886293.0,4,,,,,
9983689845,2025-11-30,1187811.0,1886293.0,4,66.0,2025-12-02,2025-12-08,2026-01-06,
9983689845,2025-12-31,1187811.0,1886293.0,4,,,,,
9983689845,2026-01-31,1318734.0,2775965.0,4,67.0,2026-01-23,2026-01-28,2026-02-21,
9983689845,2026-02-28,1318734.0,2775965.0,4,,,,,
9983689845,2026-03-31,1318734.0,2775965.0,4,,,,,
9983689845,2026-04-30,1318734.0,2775965.0,4,,,,,
9983689845,2026-05-31,1346572.0,2363032.0,4,,,,,
9983689845,2026-06-30,1365350.0,3683022.0,4,70.0,2026-06-19,2026-06-21,2026-07-18,
9983689845,2026-07-31,1365350.0,3683022.0,4,,,,,
9983689845,2026-08-31,1365350.0,3683022.0,4,,,,,
9983689845,2026-09-30,1365350.0,3683022.0,4,,,,,
9422805512,2025-10-31,18723259.0,36481816.0,3,,,,,
9422805512,2025-11-30,18723259.0,36481816.0,3,,,,,
9422805512,2025-12-31,18723259.0,36481816.0,3,,,,,
9422805512,2026-01-31,18723259.0,36481816.0,3,,,,,
9422805512,2026-02-28,18723259.0,36481816.0,3,,,,,
9422805512,2026-03-31,18723259.0,36481816.0,3,,,,,
9422805512,2026-04-30,18723259.0,36481816.0,3,,,,,
9422805512,2026-05-31,18723259.0,36481816.0,3,,,,,
9422805512,2026-06-30,18723259.0,36481816.0,3,,,,,
9422805512,2026-07-31,18723259.0,36481816.0,3,,,,,
9422805512,2026-08-31,18723259.0,36481816.0,3,,,,,
9422805512,2026-09-30,19507073.0,34754849.0,3,,,,,
9441142289,2025-10-31,6267483.0,10687536.0,4,,,,,
9441142289,2025-11-30,6267483.0,10687536.0,4,,,,,
9441142289,2025-12-31,6267483.0,10687536.0,4,,,,,
9441142289,2026-01-31,6267483.0,10687536.0,4,,,,,
9441142289,2026-02-28,6267483.0,10687536.0,4,,,,,
9441142289,2026-03-31,6267483.0,10687536.0,4,73.0,2026-03-31,2026-04-01,2026-04-18,
9441142289,2026-04-30,6614694.0,15188972.0,4,,,,,
9441142289,2026-05-31,6614694.0,15188972.0,4,,,,,
9441142289,2026-06-30,6496089.0,9859588.0,4,,,,,
9441142289,2026-07-31,6496089.0,9859588.0,4,,,,,
9441142289,2026-08-31,6496089.0,9859588.0,4,,,,,
9441142289,2026-09-30,6824179.0,13439784.0,4,,,,,
9343835894,2025-10-31,5163759.0,6913386.0,2,,,,,
9343835894,2025-11-30,5163759.0,6913386.0,2,,,,,
9343835894,2025-12-31,5163759.0,6913386.0,2,,,,,
9343835894,2026-01-31,5163759.0,6913386.0,2,,,,,
9343835894,2026-02-28,5163759.0,6913386.0,2,,,,,
9343835894,2026-03-31,5163759.0,6913386.0,2,,,,,
9343835894,2026-04-30,5163759.0,6913386.0,2,,,,,
9343835894,2026-05-31,5438897.0,6206737.0,2,,,,,
9343835894,2026-06-30,5438897.0,6206737.0,2,,,,,
9343835894,2026-07-31,5438897.0,6206737.0,2,,,,,
9343835894,2026-08-31,5438897.0,6206737.0,2,,,,,
9343835894,2026-09-30,5438897.0,6206737.0,2,,,,,
9692878068,2025-10-31,2772520.0,6681380.0,5,,,,,
9692878068,2025-11-30,2772520.0,6681380.0,5,,,,,
9692878068,2025-12-31,2772520.0,6681380.0,5,,,,,
9692878068,2026-01-31,2772520.0,6681380.0,5,,,,,
9692878068,2026-02-28,2772520.0,6681380.0,5,,,,,
9692878068,2026-03-31,2772520.0,6681380.0,5,,,,,
9692878068,2026-04-30,2772520.0,6681380.0,5,80.0,2026-04-18,2026-04-27,2026-05-21,
9692878068,2026-05-31,2772520.0,6681380.0,5,,,,,
9692878068,2026-06-30,3183107.0,9868022.0,5,81.0,2026-07-01,,,Musteri vazgecti
9692878068,2026-07-31,3183107.0,9868022.0,5,,,,,
9692878068,2026-08-31,3183107.0,9868022.0,5,,,,,
9692878068,2026-09-30,3149181.0,8540365.0,5,82.0,2026-09-26,2026-10-02,2026-10-19,
9440733508,2025-10-31,10290843.0,18498632.0,4,,,,,
9440733508,2025-11-30,10290843.0,18498632.0,4,,,,,
9440733508,2025-12-31,10290843.0,18498632.0,4,,,,,
9440733508,2026-01-31,10290843.0,18498632.0,4,,,,,
9440733508,2026-02-28,10290843.0,18498632.0,4,,,,,
9440733508,2026-03-31,10290843.0,18498632.0,4,,,,,
9440733508,2026-04-30,10290843.0,18498632.0,4,,,,,
9440733508,2026-05-31,10290843.0,18498632.0,4,,,,,
9440733508,2026-06-30,10290843.0,18498632.0,4,,,,,
9440733508,2026-07-31,10290843.0,18498632.0,4,,,,,
9440733508,2026-08-31,10290843.0,18498632.0,4,,,,,
9440733508,2026-09-30,10290843.0,18498632.0,4,83.0,2026-09-21,2026-09-27,2026-10-07,
9450187040,2025-10-31,9090979.0,13453193.0,1,,,,,
9450187040,2025-11-30,9090979.0,13453193.0,1,84.0,2025-12-04,2025-12-07,2025-12-22,
9450187040,2025-12-31,9090979.0,13453193.0,1,,,,,
9450187040,2026-01-31,10795196.0,19636150.0,1,,,,,
9450187040,2026-02-28,10795196.0,19636150.0,1,,,,,
9450187040,2026-03-31,10795196.0,19636150.0,1,,,,,
9450187040,2026-04-30,10795196.0,19636150.0,1,,,,,
9450187040,2026-05-31,10795196.0,19636150.0,1,,,,,
9450187040,2026-06-30,10795196.0,19636150.0,1,,,,,
9450187040,2026-07-31,10795196.0,19636150.0,1,,,,,
9450187040,2026-08-31,10795196.0,19636150.0,1,,,,,
9450187040,2026-09-30,10795196.0,19636150.0,1,,,,,
9579189070,2025-10-31,549731051.0,1221504808.0,4,,,,,
9579189070,2025-11-30,549731051.0,1221504808.0,4,,,,,
9579189070,2025-12-31,549731051.0,1221504808.0,4,,,,,
9579189070,2026-01-31,549731051.0,1221504808.0,4,,,,,
9579189070,2026-02-28,549731051.0,1221504808.0,4,,,,,
9579189070,2026-03-31,549731051.0,1221504808.0,4,,,,,
9579189070,2026-04-30,549731051.0,1221504808.0,4,,,,,
9579189070,2026-05-31,552576997.0,1368381617.0,4,,,,,
9579189070,2026-06-30,552576997.0,1368381617.0,4,,,,,
9579189070,2026-07-31,477886172.0,1467696085.0,4,,,,,
9579189070,2026-08-31,477886172.0,1467696085.0,4,,,,,
9579189070,2026-09-30,477886172.0,1467696085.0,4,,,,,
9194135482,2025-10-31,17040405.0,22821647.0,2,,,,,
9194135482,2025-11-30,16138632.0,22821647.0,2,,,,,
9194135482,2025-12-31,15600536.0,22821647.0,2,,,,,
9194135482,2026-01-31,15782987.0,22821647.0,2,,,,,
9194135482,2026-02-28,16396156.0,22821647.0,2,,,,,
9194135482,2026-03-31,15509897.0,22821647.0,2,,,,,
9194135482,2026-04-30,15742688.0,22821647.0,2,,,,,
9194135482,2026-05-31,16095908.0,22821647.0,2,,,,,
9194135482,2026-06-30,16503795.0,22821647.0,2,,,,,
9194135482,2026-07-31,15755984.0,22821647.0,2,,,,,
9194135482,2026-08-31,16423214.0,22821647.0,2,,,,,
9194135482,2026-09-30,16567123.0,22821647.0,2,,,,,
9931510360,2025-10-31,4458107.0,8613122.0,1,,,,,
9931510360,2025-11-30,4458107.0,8613122.0,1,90.0,2025-12-03,,,Musteri vazgecti
9931510360,2025-12-31,3972006.0,8479301.0,1,,,,,
9931510360,2026-01-31,3972006.0,8479301.0,1,,,,,
9931510360,2026-02-28,3972006.0,8479301.0,1,,,,,
9931510360,2026-03-31,3972006.0,8479301.0,1,,,,,
9931510360,2026-04-30,3972006.0,8479301.0,1,,,,,
9931510360,2026-05-31,2771296.0,5103827.0,1,93.0,2026-06-09,2026-06-08,2026-06-25,Teminat yetersiz
9931510360,2026-06-30,2771296.0,5103827.0,1,,,,,
9931510360,2026-07-31,2771296.0,5103827.0,1,,,,,
9931510360,2026-08-31,1627691.0,3086456.0,1,94.0,2026-08-23,,,Risk
9931510360,2026-09-30,1627691.0,3086456.0,1,,,,,
9922085802,2025-10-31,4495846.0,16046002.0,4,,,,,
9922085802,2025-11-30,4180235.0,11766721.0,4,,,,,
9922085802,2025-12-31,4180235.0,11766721.0,4,,,,,
9922085802,2026-01-31,2963583.0,8223904.0,4,,,,,
9922085802,2026-02-28,2963583.0,8223904.0,4,,,,,
9922085802,2026-03-31,2078316.0,5144683.0,4,,,,,
9922085802,2026-04-30,2078316.0,5144683.0,4,,,,,
9922085802,2026-05-31,2078316.0,5144683.0,4,,,,,
9922085802,2026-06-30,2078316.0,5144683.0,4,,,,,
9922085802,2026-07-31,2078316.0,5144683.0,4,,,,,
9922085802,2026-08-31,2078316.0,5144683.0,4,,,,,
9922085802,2026-09-30,0.0,3828545.0,4,99.0,2026-10-14,2026-10-23,2026-10-30,
9519181696,2025-10-31,2286455.0,3114878.0,3,,,,,
9519181696,2025-11-30,2286455.0,3114878.0,3,,,,,
9519181696,2025-12-31,2286455.0,3114878.0,3,,,,,
9519181696,2026-01-31,2286455.0,3114878.0,3,,,,,
9519181696,2026-02-28,2286455.0,3114878.0,3,,,,,
9519181696,2026-03-31,2286455.0,3114878.0,3,,,,,
9519181696,2026-04-30,2286455.0,3114878.0,3,100.0,2026-04-27,,,Musteri vazgecti
9519181696,2026-05-31,2286455.0,3114878.0,3,,,,,
9519181696,2026-06-30,2286455.0,3114878.0,3,,,,,
9519181696,2026-07-31,2286455.0,3114878.0,3,,,,,
9519181696,2026-08-31,2286455.0,3114878.0,3,,,,,
9519181696,2026-09-30,2666203.0,4124966.0,3,101.0,2026-09-09,,,Risk
9892527591,2025-10-31,70393786.0,128844001.0,6,,,,,
9892527591,2025-11-30,70393786.0,128844001.0,6,102.0,2025-11-25,2025-11-26,2025-11-29,
9892527591,2025-12-31,70393786.0,128844001.0,6,,,,,
9892527591,2026-01-31,70393786.0,128844001.0,6,,,,,
9892527591,2026-02-28,70393786.0,128844001.0,6,,,,,
9892527591,2026-03-31,70393786.0,128844001.0,6,,,,,
9892527591,2026-04-30,70393786.0,128844001.0,6,,,,,
9892527591,2026-05-31,70393786.0,128844001.0,6,,,,,
9892527591,2026-06-30,70141391.0,187819596.0,6,,,,,
9892527591,2026-07-31,70141391.0,187819596.0,6,,,,,
9892527591,2026-08-31,70141391.0,187819596.0,6,,,,,
9892527591,2026-09-30,70141391.0,187819596.0,6,,,,,
9343307609,2025-10-31,11366413.0,17378626.0,3,,,,,
9343307609,2025-11-30,11323926.0,19455274.0,3,,,,,
9343307609,2025-12-31,11323926.0,19455274.0,3,,,,,
9343307609,2026-01-31,12011911.0,23931393.0,3,,,,,
9343307609,2026-02-28,12011911.0,23931393.0,3,,,,,
9343307609,2026-03-31,12011911.0,23931393.0,3,,,,,
9343307609,2026-04-30,12011911.0,23931393.0,3,,,,,
9343307609,2026-05-31,12011911.0,23931393.0,3,,,,,
9343307609,2026-06-30,12011911.0,23931393.0,3,,,,,
9343307609,2026-07-31,12011911.0,23931393.0,3,,,,,
9343307609,2026-08-31,12011911.0,23931393.0,3,,,,,
9343307609,2026-09-30,12011911.0,23931393.0,3,,,,,
9582839131,2025-10-31,77093089.0,140105832.0,4,,,,,
9582839131,2025-11-30,77093089.0,140105832.0,4,,,,,
9582839131,2025-12-31,77093089.0,140105832.0,4,,,,,
9582839131,2026-01-31,77093089.0,140105832.0,4,,,,,
9582839131,2026-02-28,77093089.0,140105832.0,4,107.0,2026-02-22,2026-03-03,2026-03-04,
9582839131,2026-03-31,79295966.0,109592157.0,4,109.0,2026-04-08,2026-04-10,2026-05-09,
9582839131,2026-04-30,85090565.0,159021837.0,4,110.0,2026-05-05,,,Musteri vazgecti
9582839131,2026-05-31,85090565.0,159021837.0,4,,,,,
9582839131,2026-06-30,85090565.0,159021837.0,4,,,,,
9582839131,2026-07-31,85090565.0,159021837.0,4,,,,,
9582839131,2026-08-31,85090565.0,159021837.0,4,,,,,
9582839131,2026-09-30,85090565.0,159021837.0,4,,,,,
9866358176,2025-10-31,179310176.0,260604683.0,5,,,,,
9866358176,2025-11-30,179310176.0,260604683.0,5,,,,,
9866358176,2025-12-31,179310176.0,260604683.0,5,,,,,
9866358176,2026-01-31,179310176.0,260604683.0,5,,,,,
9866358176,2026-02-28,179310176.0,260604683.0,5,,,,,
9866358176,2026-03-31,179310176.0,260604683.0,5,,,,,
9866358176,2026-04-30,179310176.0,260604683.0,5,,,,,
9866358176,2026-05-31,179310176.0,260604683.0,5,,,,,
9866358176,2026-06-30,179310176.0,260604683.0,5,111.0,2026-06-18,2026-06-25,2026-07-22,
9866358176,2026-07-31,179310176.0,260604683.0,5,,,,,
9866358176,2026-08-31,179310176.0,260604683.0,5,,,,,
9866358176,2026-09-30,179310176.0,260604683.0,5,,,,,
9190995549,2025-10-31,1030305.0,1557322.0,3,,,,,
9190995549,2025-11-30,969160.0,1617299.0,3,112.0,2025-11-17,2025-11-25,2025-11-27,
9190995549,2025-12-31,972480.0,1571389.0,3,,,,,
9190995549,2026-01-31,972480.0,1571389.0,3,,,,,
9190995549,2026-02-28,972480.0,1571389.0,3,,,,,
9190995549,2026-03-31,972480.0,1571389.0,3,,,,,
9190995549,2026-04-30,972480.0,1571389.0,3,,,,,
9190995549,2026-05-31,972480.0,1571389.0,3,,,,,
9190995549,2026-06-30,1149709.0,1982079.0,3,,,,,
9190995549,2026-07-31,1149709.0,1982079.0,3,,,,,
9190995549,2026-08-31,1149709.0,1982079.0,3,,,,,
9190995549,2026-09-30,1149709.0,1982079.0,3,,,,,
9674267814,2025-10-31,3296897.0,4899893.0,4,,,,,
9674267814,2025-11-30,3296897.0,4899893.0,4,,,,,
9674267814,2025-12-31,3296897.0,4899893.0,4,116.0,2025-12-11,,,Not dusuk
9674267814,2026-01-31,3296897.0,4899893.0,4,,,,,
9674267814,2026-02-28,3296897.0,4899893.0,4,,,,,
9674267814,2026-03-31,3296897.0,4899893.0,4,,,,,
9674267814,2026-04-30,4377412.0,6070406.0,4,,,,,
9674267814,2026-05-31,4528076.0,7295609.0,4,,,,,
9674267814,2026-06-30,4528076.0,7295609.0,4,,,,,
9674267814,2026-07-31,4528076.0,7295609.0,4,,,,,
9674267814,2026-08-31,4528076.0,7295609.0,4,,,,,
9674267814,2026-09-30,5227300.0,6668807.0,4,119.0,2026-09-05,2026-09-09,2026-10-07,
9432985930,2025-10-31,1309164.0,3239372.0,3,,,,,
9432985930,2025-11-30,1309164.0,3239372.0,3,,,,,
9432985930,2025-12-31,1309164.0,3239372.0,3,,,,,
9432985930,2026-01-31,1309164.0,3239372.0,3,,,,,
9432985930,2026-02-28,1309164.0,3239372.0,3,,,,,
9432985930,2026-03-31,1309164.0,3239372.0,3,,,,,
9432985930,2026-04-30,1309164.0,3239372.0,3,,,,,
9432985930,2026-05-31,1309164.0,3239372.0,3,,,,,
9432985930,2026-06-30,1497520.0,4820899.0,3,,,,,
9432985930,2026-07-31,1497520.0,4820899.0,3,,,,,
9432985930,2026-08-31,1497520.0,4820899.0,3,,,,,
9432985930,2026-09-30,1497520.0,4820899.0,3,,,,,
9853945172,2025-10-31,1420605.0,3157987.0,4,,,,,
9853945172,2025-11-30,1420605.0,3157987.0,4,,,,,
9853945172,2025-12-31,1420605.0,3157987.0,4,,,,,
9853945172,2026-01-31,1420605.0,3157987.0,4,,,,,
9853945172,2026-02-28,1420605.0,3157987.0,4,,,,,
9853945172,2026-03-31,1420605.0,3157987.0,4,,,,,
9853945172,2026-04-30,1420605.0,3157987.0,4,,,,,
9853945172,2026-05-31,1396650.0,3030676.0,4,,,,,
9853945172,2026-06-30,926770.0,2001556.0,4,,,,,
9853945172,2026-07-31,774608.0,1538185.0,4,,,,,
9853945172,2026-08-31,774608.0,1538185.0,4,,,,,
9853945172,2026-09-30,774608.0,1538185.0,4,,,,,
9159455520,2025-10-31,721239.0,1106540.0,2,127.0,2025-11-02,2025-11-07,2025-11-12,
9159455520,2025-11-30,721239.0,1106540.0,2,,,,,
9159455520,2025-12-31,721239.0,1106540.0,2,,,,,
9159455520,2026-01-31,721239.0,1106540.0,2,,,,,
9159455520,2026-02-28,721239.0,1106540.0,2,,,,,
9159455520,2026-03-31,746130.0,1526537.0,2,128.0,2026-04-08,,,Musteri vazgecti
9159455520,2026-04-30,746130.0,1526537.0,2,,,,,
9159455520,2026-05-31,746130.0,1526537.0,2,,,,,
9159455520,2026-06-30,746130.0,1526537.0,2,,,,,
9159455520,2026-07-31,746130.0,1526537.0,2,,,,,
9159455520,2026-08-31,746130.0,1526537.0,2,,,,,
9159455520,2026-09-30,746130.0,1526537.0,2,,,,,
9721114092,2025-10-31,2582530.0,4194217.0,1,129.0,2025-10-25,,,Musteri vazgecti
9721114092,2025-11-30,2582530.0,4194217.0,1,,,,,
9721114092,2025-12-31,2582530.0,4194217.0,1,,,,,
9721114092,2026-01-31,2582530.0,4194217.0,1,,,,,
9721114092,2026-02-28,2582530.0,4194217.0,1,,,,,
9721114092,2026-03-31,3124688.0,5636124.0,1,,,,,
9721114092,2026-04-30,2342537.0,2887083.0,1,132.0,2026-04-29,,,Musteri vazgecti
9721114092,2026-05-31,2342537.0,2887083.0,1,,,,,
9721114092,2026-06-30,2342537.0,2887083.0,1,,,,,
9721114092,2026-07-31,2418063.0,2630314.0,1,133.0,2026-08-10,,,Musteri vazgecti
9721114092,2026-08-31,2418063.0,2630314.0,1,,,,,
9721114092,2026-09-30,2418063.0,2630314.0,1,,,,,
9656843300,2025-10-31,144641498.0,401114317.0,5,,,,,
9656843300,2025-11-30,144641498.0,401114317.0,5,,,,,
9656843300,2025-12-31,94556835.0,215395814.0,5,,,,,
9656843300,2026-01-31,94556835.0,215395814.0,5,,,,,
9656843300,2026-02-28,89756780.0,197604375.0,5,,,,,
9656843300,2026-03-31,89756780.0,197604375.0,5,,,,,
9656843300,2026-04-30,89756780.0,197604375.0,5,,,,,
9656843300,2026-05-31,46198653.0,99546645.0,5,138.0,2026-05-24,2026-05-27,2026-05-28,
9656843300,2026-06-30,46198653.0,99546645.0,5,,,,,
9656843300,2026-07-31,46198653.0,99546645.0,5,,,,,
9656843300,2026-08-31,46198653.0,99546645.0,5,,,,,
9656843300,2026-09-30,46198653.0,99546645.0,5,,,,,
9938339867,2025-10-31,19455839.0,40773770.0,2,139.0,2025-10-25,,,Not dusuk
9938339867,2025-11-30,19455839.0,40773770.0,2,,,,,
9938339867,2025-12-31,19455839.0,40773770.0,2,,,,,
9938339867,2026-01-31,19455839.0,40773770.0,2,,,,,
9938339867,2026-02-28,18132270.0,47806287.0,2,141.0,2026-03-13,2026-03-14,2026-04-03,
9938339867,2026-03-31,18132270.0,47806287.0,2,,,,,
9938339867,2026-04-30,18132270.0,47806287.0,2,,,,,
9938339867,2026-05-31,18132270.0,47806287.0,2,,,,,
9938339867,2026-06-30,18132270.0,47806287.0,2,,,,,
9938339867,2026-07-31,18132270.0,47806287.0,2,,,,,
9938339867,2026-08-31,20615037.0,46907048.0,2,,,,,
9938339867,2026-09-30,20615037.0,46907048.0,2,,,,,
9267156736,2025-10-31,14530574.0,29339260.0,2,144.0,2025-11-09,,,Risk
9267156736,2025-11-30,14530574.0,29339260.0,2,,,,,
9267156736,2025-12-31,14753074.0,29762821.0,2,145.0,2026-01-03,,,Musteri vazgecti
9267156736,2026-01-31,14753074.0,29762821.0,2,,,,,
9267156736,2026-02-28,14544040.0,22935397.0,2,,,,,
9267156736,2026-03-31,14544040.0,22935397.0,2,,,,,
9267156736,2026-04-30,14544040.0,22935397.0,2,,,,,
9267156736,2026-05-31,14544040.0,22935397.0,2,,,,,
9267156736,2026-06-30,14544040.0,22935397.0,2,,,,,
9267156736,2026-07-31,14544040.0,22935397.0,2,,,,,
9267156736,2026-08-31,14544040.0,22935397.0,2,,,,,
9267156736,2026-09-30,14544040.0,22935397.0,2,,,,,
9828072642,2025-10-31,1229111.0,2068922.0,3,,,,,
9828072642,2025-11-30,1229111.0,2068922.0,3,,,,,
9828072642,2025-12-31,1229111.0,2068922.0,3,,,,,
9828072642,2026-01-31,1229111.0,2068922.0,3,,,,,
9828072642,2026-02-28,1229111.0,2068922.0,3,,,,,
9828072642,2026-03-31,1229111.0,2068922.0,3,147.0,2026-03-20,2026-03-25,2026-04-03,
9828072642,2026-04-30,1229111.0,2068922.0,3,,,,,
9828072642,2026-05-31,1244307.0,2237905.0,3,149.0,2026-05-15,2026-05-20,2026-06-11,
9828072642,2026-06-30,1255871.0,2098861.0,3,,,,,
9828072642,2026-07-31,1255871.0,2098861.0,3,,,,,
9828072642,2026-08-31,1255871.0,2098861.0,3,,,,,
9828072642,2026-09-30,1291234.0,2300054.0,3,152.0,2026-09-12,2026-09-18,2026-09-20,
9884268177,2025-10-31,52289099.0,103727471.0,2,,,,,
9884268177,2025-11-30,52289099.0,103727471.0,2,,,,,
9884268177,2025-12-31,52289099.0,103727471.0,2,,,,,
9884268177,2026-01-31,52289099.0,103727471.0,2,,,,,
9884268177,2026-02-28,52289099.0,103727471.0,2,,,,,
9884268177,2026-03-31,58688269.0,110351552.0,2,,,,,
9884268177,2026-04-30,58798850.0,115526913.0,2,155.0,2026-04-29,,,Musteri vazgecti
9884268177,2026-05-31,58798850.0,115526913.0,2,,,,,
9884268177,2026-06-30,58798850.0,115526913.0,2,,,,,
9884268177,2026-07-31,58798850.0,115526913.0,2,,,,,
9884268177,2026-08-31,58798850.0,115526913.0,2,,,,,
9884268177,2026-09-30,58798850.0,115526913.0,2,,,,,
9132308997,2025-10-31,15283695.0,23764088.0,2,,,,,
9132308997,2025-11-30,15283695.0,23764088.0,2,,,,,
9132308997,2025-12-31,15283695.0,23764088.0,2,,,,,
9132308997,2026-01-31,15283695.0,23764088.0,2,,,,,
9132308997,2026-02-28,12489334.0,28815190.0,2,,,,,
9132308997,2026-03-31,12489334.0,28815190.0,2,,,,,
9132308997,2026-04-30,12489334.0,28815190.0,2,,,,,
9132308997,2026-05-31,12489334.0,28815190.0,2,,,,,
9132308997,2026-06-30,12489334.0,28815190.0,2,,,,,
9132308997,2026-07-31,12489334.0,28815190.0,2,,,,,
9132308997,2026-08-31,12489334.0,28815190.0,2,,,,,
9132308997,2026-09-30,12489334.0,28815190.0,2,,,,,
9694640063,2025-10-31,1511270.0,5563243.0,2,,,,,
9694640063,2025-11-30,1511270.0,5563243.0,2,,,,,
9694640063,2025-12-31,1511270.0,5563243.0,2,,,,,
9694640063,2026-01-31,1511270.0,5563243.0,2,,,,,
9694640063,2026-02-28,1511270.0,5563243.0,2,,,,,
9694640063,2026-03-31,1511270.0,5563243.0,2,,,,,
9694640063,2026-04-30,1511270.0,5563243.0,2,,,,,
9694640063,2026-05-31,1511270.0,5563243.0,2,,,,,
9694640063,2026-06-30,1511270.0,5563243.0,2,,,,,
9694640063,2026-07-31,439306.0,1186505.0,2,159.0,2026-07-08,,,Musteri vazgecti
9694640063,2026-08-31,439306.0,1186505.0,2,,,,,
9694640063,2026-09-30,439306.0,1186505.0,2,,,,,
9912690237,2025-10-31,394644410.0,764991132.0,2,,,,,
9912690237,2025-11-30,394644410.0,764991132.0,2,,,,,
9912690237,2025-12-31,394644410.0,764991132.0,2,,,,,
9912690237,2026-01-31,394644410.0,764991132.0,2,,,,,
9912690237,2026-02-28,394644410.0,764991132.0,2,,,,,
9912690237,2026-03-31,394644410.0,764991132.0,2,161.0,2026-03-23,2026-03-27,2026-04-03,
9912690237,2026-04-30,394644410.0,764991132.0,2,,,,,
9912690237,2026-05-31,365716808.0,730069589.0,2,,,,,
9912690237,2026-06-30,365716808.0,730069589.0,2,,,,,
9912690237,2026-07-31,365716808.0,730069589.0,2,,,,,
9912690237,2026-08-31,365716808.0,730069589.0,2,,,,,
9912690237,2026-09-30,365716808.0,730069589.0,2,,,,,
9920446003,2025-10-31,20290082.0,26319812.0,4,,,,,
9920446003,2025-11-30,20290082.0,26319812.0,4,,,,,
9920446003,2025-12-31,20290082.0,26319812.0,4,,,,,
9920446003,2026-01-31,20290082.0,26319812.0,4,163.0,2026-01-31,,,Teminat yetersiz
9920446003,2026-02-28,19373853.0,36154415.0,4,,,,,
9920446003,2026-03-31,19373853.0,36154415.0,4,,,,,
9920446003,2026-04-30,19373853.0,36154415.0,4,,,,,
9920446003,2026-05-31,19373853.0,36154415.0,4,,,,,
9920446003,2026-06-30,19373853.0,36154415.0,4,,,,,
9920446003,2026-07-31,19373853.0,36154415.0,4,,,,,
9920446003,2026-08-31,19957229.0,26324268.0,4,,,,,
9920446003,2026-09-30,21215429.0,26234215.0,4,,,,,
9749952104,2025-10-31,1217908.0,3185352.0,4,,,,,
9749952104,2025-11-30,1217908.0,3185352.0,4,,,,,
9749952104,2025-12-31,1217908.0,3185352.0,4,,,,,
9749952104,2026-01-31,1217908.0,3185352.0,4,,,,,
9749952104,2026-02-28,1217908.0,3185352.0,4,,,,,
9749952104,2026-03-31,1217908.0,3185352.0,4,,,,,
9749952104,2026-04-30,1217908.0,3185352.0,4,,,,,
9749952104,2026-05-31,1217908.0,3185352.0,4,,,,,
9749952104,2026-06-30,1217908.0,3185352.0,4,,,,,
9749952104,2026-07-31,1031973.0,1632376.0,4,168.0,2026-07-18,2026-07-22,2026-07-30,
9749952104,2026-08-31,1031973.0,1632376.0,4,,,,,
9749952104,2026-09-30,1031973.0,1632376.0,4,,,,,
9457509971,2025-10-31,1110138.0,2086701.0,2,,,,,
9457509971,2025-11-30,1110138.0,2086701.0,2,,,,,
9457509971,2025-12-31,1110138.0,2086701.0,2,,,,,
9457509971,2026-01-31,1110138.0,2086701.0,2,,,,,
9457509971,2026-02-28,1110138.0,2086701.0,2,,,,,
9457509971,2026-03-31,961500.0,2034273.0,2,170.0,2026-04-06,2026-04-12,2026-05-08,
9457509971,2026-04-30,961500.0,2034273.0,2,,,,,
9457509971,2026-05-31,961500.0,2034273.0,2,,,,,
9457509971,2026-06-30,1248300.0,2518571.0,2,,,,,
9457509971,2026-07-31,1248300.0,2518571.0,2,,,,,
9457509971,2026-08-31,1248300.0,2518571.0,2,,,,,
9457509971,2026-09-30,1091303.0,2194494.0,2,,,,,
9379588766,2025-10-31,7750971.0,39014819.0,7,,,,,
9379588766,2025-11-30,7750971.0,39014819.0,7,,,,,
9379588766,2025-12-31,7750971.0,39014819.0,7,,,,,
9379588766,2026-01-31,6438968.0,26823590.0,7,,,,,
9379588766,2026-02-28,6822499.0,25737761.0,7,,,,,
9379588766,2026-03-31,6822499.0,25737761.0,7,,,,,
9379588766,2026-04-30,6822499.0,25737761.0,7,,,,,
9379588766,2026-05-31,6822499.0,25737761.0,7,,,,,
9379588766,2026-06-30,6822499.0,25737761.0,7,,,,,
9379588766,2026-07-31,0.0,8416905.0,7,,,,,
9379588766,2026-08-31,0.0,8011339.0,7,,,,,
9379588766,2026-09-30,0.0,8011339.0,7,,,,,
9706543930,2025-10-31,4266721.0,13644182.0,5,,,,,
9706543930,2025-11-30,4266721.0,13644182.0,5,,,,,
9706543930,2025-12-31,4266721.0,13644182.0,5,,,,,
9706543930,2026-01-31,4266721.0,13644182.0,5,,,,,
9706543930,2026-02-28,2472819.0,7583794.0,5,,,,,
9706543930,2026-03-31,2472819.0,7583794.0,5,,,,,
9706543930,2026-04-30,2472819.0,7583794.0,5,,,,,
9706543930,2026-05-31,1231310.0,3170827.0,5,181.0,2026-05-17,2026-05-21,2026-06-12,
9706543930,2026-06-30,580114.0,1512454.0,5,182.0,2026-06-19,2026-06-28,2026-07-04,
9706543930,2026-07-31,580114.0,1512454.0,5,,,,,
9706543930,2026-08-31,580114.0,1512454.0,5,,,,,
9706543930,2026-09-30,580114.0,1512454.0,5,,,,,
9978307786,2025-10-31,22317258.0,62738919.0,5,,,,,
9978307786,2025-11-30,22317258.0,62738919.0,5,,,,,
9978307786,2025-12-31,22317258.0,62738919.0,5,,,,,
9978307786,2026-01-31,24704125.0,48097779.0,5,,,,,
9978307786,2026-02-28,27537386.0,48321015.0,5,,,,,
9978307786,2026-03-31,28796613.0,77735150.0,5,,,,,
9978307786,2026-04-30,28836924.0,71142941.0,5,189.0,2026-04-24,2026-04-27,2026-05-10,
9978307786,2026-05-31,28836924.0,71142941.0,5,,,,,
9978307786,2026-06-30,28836924.0,71142941.0,5,,,,,
9978307786,2026-07-31,30152665.0,64164709.0,5,,,,,
9978307786,2026-08-31,30152665.0,64164709.0,5,,,,,
9978307786,2026-09-30,30152665.0,64164709.0,5,,,,,
9930611370,2025-10-31,1052166.0,1507548.0,4,,,,,
9930611370,2025-11-30,1093340.0,1507548.0,4,,,,,
9930611370,2025-12-31,1076169.0,1507548.0,4,,,,,
9930611370,2026-01-31,1045122.0,1507548.0,4,,,,,
9930611370,2026-02-28,1120056.0,1507548.0,4,,,,,
9930611370,2026-03-31,1046993.0,1507548.0,4,,,,,
9930611370,2026-04-30,1113483.0,1507548.0,4,,,,,
9930611370,2026-05-31,1098535.0,1507548.0,4,,,,,
9930611370,2026-06-30,1046767.0,1507548.0,4,,,,,
9930611370,2026-07-31,1099576.0,1507548.0,4,,,,,
9930611370,2026-08-31,1025780.0,1507548.0,4,,,,,
9930611370,2026-09-30,1048422.0,1507548.0,4,,,,,
9909029418,2025-10-31,8690442.0,12451775.0,2,,,,,
9909029418,2025-11-30,8871586.0,12451775.0,2,,,,,
9909029418,2025-12-31,9322487.0,12451775.0,2,,,,,
9909029418,2026-01-31,9041747.0,12451775.0,2,,,,,
9909029418,2026-02-28,8511422.0,12451775.0,2,,,,,
9909029418,2026-03-31,8797563.0,12451775.0,2,,,,,
9909029418,2026-04-30,8824251.0,12451775.0,2,,,,,
9909029418,2026-05-31,8721932.0,12451775.0,2,,,,,
9909029418,2026-06-30,8911836.0,12451775.0,2,,,,,
9909029418,2026-07-31,9104045.0,12451775.0,2,,,,,
9909029418,2026-08-31,9064448.0,12451775.0,2,,,,,
9909029418,2026-09-30,8762090.0,12451775.0,2,,,,,
9510991509,2025-10-31,26398552.0,53251107.0,5,,,,,
9510991509,2025-11-30,26398552.0,53251107.0,5,,,,,
9510991509,2025-12-31,26398552.0,53251107.0,5,,,,,
9510991509,2026-01-31,26398552.0,53251107.0,5,,,,,
9510991509,2026-02-28,26398552.0,53251107.0,5,,,,,
9510991509,2026-03-31,26398552.0,53251107.0,5,,,,,
9510991509,2026-04-30,26398552.0,53251107.0,5,,,,,
9510991509,2026-05-31,33076833.0,47413865.0,5,,,,,
9510991509,2026-06-30,33076833.0,47413865.0,5,,,,,
9510991509,2026-07-31,33076833.0,47413865.0,5,,,,,
9510991509,2026-08-31,33076833.0,47413865.0,5,,,,,
9510991509,2026-09-30,33076833.0,47413865.0,5,,,,,
9452356157,2025-10-31,10097578.0,22317138.0,3,,,,,
9452356157,2025-11-30,10097578.0,22317138.0,3,194.0,2025-12-09,2025-12-14,2025-12-26,
9452356157,2025-12-31,10097578.0,22317138.0,3,,,,,
9452356157,2026-01-31,10097578.0,22317138.0,3,,,,,
9452356157,2026-02-28,10097578.0,22317138.0,3,,,,,
9452356157,2026-03-31,10690433.0,19123503.0,3,,,,,
9452356157,2026-04-30,10690433.0,19123503.0,3,,,,,
9452356157,2026-05-31,10690433.0,19123503.0,3,,,,,
9452356157,2026-06-30,10690433.0,19123503.0,3,,,,,
9452356157,2026-07-31,10690433.0,19123503.0,3,,,,,
9452356157,2026-08-31,10690433.0,19123503.0,3,,,,,
9452356157,2026-09-30,10690433.0,19123503.0,3,,,,,
9501465603,2025-10-31,12845786.0,37635517.0,5,,,,,
9501465603,2025-11-30,12845786.0,37635517.0,5,,,,,
9501465603,2025-12-31,12845786.0,37635517.0,5,,,,,
9501465603,2026-01-31,12845786.0,37635517.0,5,,,,,
9501465603,2026-02-28,12845786.0,37635517.0,5,,,,,
9501465603,2026-03-31,8041117.0,20598395.0,5,,,,,
9501465603,2026-04-30,8041117.0,20598395.0,5,,,,,
9501465603,2026-05-31,8041117.0,20598395.0,5,,,,,
9501465603,2026-06-30,8041117.0,20598395.0,5,,,,,
9501465603,2026-07-31,8041117.0,20598395.0,5,,,,,
9501465603,2026-08-31,3024849.0,8537949.0,5,,,,,
9501465603,2026-09-30,3024849.0,8537949.0,5,,,,,
9383698032,2025-10-31,2756371.0,4662351.0,5,199.0,2025-10-13,2025-10-18,2025-11-07,
9383698032,2025-11-30,2756371.0,4662351.0,5,,,,,
9383698032,2025-12-31,2756371.0,4662351.0,5,,,,,
9383698032,2026-01-31,3384121.0,6676845.0,5,200.0,2026-01-24,2026-01-28,2026-02-12,
9383698032,2026-02-28,3384121.0,6676845.0,5,,,,,
9383698032,2026-03-31,3384121.0,6676845.0,5,,,,,
9383698032,2026-04-30,3384121.0,6676845.0,5,,,,,
9383698032,2026-05-31,3384121.0,6676845.0,5,,,,,
9383698032,2026-06-30,3384121.0,6676845.0,5,,,,,
9383698032,2026-07-31,3384121.0,6676845.0,5,,,,,
9383698032,2026-08-31,3384121.0,6676845.0,5,,,,,
9383698032,2026-09-30,3384121.0,6676845.0,5,,,,,
9445188790,2025-10-31,222033552.0,402430920.0,1,,,,,
9445188790,2025-11-30,222033552.0,402430920.0,1,,,,,
9445188790,2025-12-31,222033552.0,402430920.0,1,,,,,
9445188790,2026-01-31,222033552.0,402430920.0,1,,,,,
9445188790,2026-02-28,222033552.0,402430920.0,1,,,,,
9445188790,2026-03-31,222033552.0,402430920.0,1,,,,,
9445188790,2026-04-30,222033552.0,402430920.0,1,,,,,
9445188790,2026-05-31,222033552.0,402430920.0,1,,,,,
9445188790,2026-06-30,222033552.0,402430920.0,1,,,,,
9445188790,2026-07-31,222033552.0,402430920.0,1,,,,,
9445188790,2026-08-31,222033552.0,402430920.0,1,201.0,2026-08-10,2026-08-12,2026-09-06,
9445188790,2026-09-30,222033552.0,402430920.0,1,,,,,
9312724391,2025-10-31,356533071.0,527820239.0,2,,,,,
9312724391,2025-11-30,356533071.0,527820239.0,2,,,,,
9312724391,2025-12-31,356533071.0,527820239.0,2,,,,,
9312724391,2026-01-31,356533071.0,527820239.0,2,,,,,
9312724391,2026-02-28,403942421.0,656662988.0,2,,,,,
9312724391,2026-03-31,403942421.0,656662988.0,2,,,,,
9312724391,2026-04-30,445914184.0,702879480.0,2,,,,,
9312724391,2026-05-31,426168220.0,788663812.0,2,,,,,
9312724391,2026-06-30,438187569.0,684661775.0,2,,,,,
9312724391,2026-07-31,438187569.0,684661775.0,2,,,,,
9312724391,2026-08-31,438187569.0,684661775.0,2,,,,,
9312724391,2026-09-30,438187569.0,684661775.0,2,,,,,
9275611816,2025-10-31,44349182.0,83996862.0,6,,,,,
9275611816,2025-11-30,40873325.0,84862255.0,6,208.0,2025-11-19,,,Musteri vazgecti
9275611816,2025-12-31,40873325.0,84862255.0,6,,,,,
9275611816,2026-01-31,40873325.0,84862255.0,6,,,,,
9275611816,2026-02-28,40873325.0,84862255.0,6,,,,,
9275611816,2026-03-31,30979851.0,60389929.0,6,,,,,
9275611816,2026-04-30,26855529.0,52377152.0,6,,,,,
9275611816,2026-05-31,26855529.0,52377152.0,6,,,,,
9275611816,2026-06-30,26855529.0,52377152.0,6,,,,,
9275611816,2026-07-31,26855529.0,52377152.0,6,,,,,
9275611816,2026-08-31,6155443.0,12047766.0,6,211.0,2026-08-21,2026-08-22,2026-09-08,
9275611816,2026-09-30,6155443.0,12047766.0,6,,,,,
9694080718,2025-10-31,8917152.0,26523060.0,4,,,,,
9694080718,2025-11-30,8917152.0,26523060.0,4,,,,,
9694080718,2025-12-31,8917152.0,26523060.0,4,,,,,
9694080718,2026-01-31,8917152.0,26523060.0,4,212.0,2026-01-27,2026-02-05,2026-02-22,
9694080718,2026-02-28,9489829.0,22427292.0,4,213.0,2026-02-20,2026-02-22,2026-02-24,
9694080718,2026-03-31,9489829.0,22427292.0,4,,,,,
9694080718,2026-04-30,10098256.0,21950711.0,4,,,,,
9694080718,2026-05-31,10098256.0,21950711.0,4,,,,,
9694080718,2026-06-30,10098256.0,21950711.0,4,,,,,
9694080718,2026-07-31,10098256.0,21950711.0,4,,,,,
9694080718,2026-08-31,10098256.0,21950711.0,4,,,,,
9694080718,2026-09-30,10098256.0,21950711.0,4,,,,,
9686702194,2025-10-31,1652996.0,2205023.0,3,,,,,
9686702194,2025-11-30,1652996.0,2205023.0,3,215.0,2025-11-17,2025-11-25,2025-12-03,
9686702194,2025-12-31,1592474.0,2445473.0,3,216.0,2026-01-04,2026-01-13,2026-02-01,
9686702194,2026-01-31,1592474.0,2445473.0,3,,,,,
9686702194,2026-02-28,1592474.0,2445473.0,3,,,,,
9686702194,2026-03-31,1592474.0,2445473.0,3,,,,,
9686702194,2026-04-30,1592474.0,2445473.0,3,,,,,
9686702194,2026-05-31,1592474.0,2445473.0,3,,,,,
9686702194,2026-06-30,1592474.0,2445473.0,3,,,,,
9686702194,2026-07-31,1592474.0,2445473.0,3,,,,,
9686702194,2026-08-31,1592474.0,2445473.0,3,,,,,
9686702194,2026-09-30,2553177.0,3200098.0,3,217.0,2026-10-04,,,Musteri vazgecti
9181521152,2025-10-31,3966211.0,5464866.0,4,,,,,
9181521152,2025-11-30,3966211.0,5464866.0,4,,,,,
9181521152,2025-12-31,3966211.0,5464866.0,4,,,,,
9181521152,2026-01-31,3966211.0,5464866.0,4,,,,,
9181521152,2026-02-28,3966211.0,5464866.0,4,,,,,
9181521152,2026-03-31,3966211.0,5464866.0,4,,,,,
9181521152,2026-04-30,3593875.0,5435096.0,4,,,,,
9181521152,2026-05-31,3593875.0,5435096.0,4,,,,,
9181521152,2026-06-30,3566581.0,4171566.0,4,,,,,
9181521152,2026-07-31,3566581.0,4171566.0,4,,,,,
9181521152,2026-08-31,3566581.0,4171566.0,4,,,,,
9181521152,2026-09-30,3566581.0,4171566.0,4,,,,,
9864449000,2025-10-31,3933070.0,5672110.0,3,,,,,
9864449000,2025-11-30,3933070.0,5672110.0,3,,,,,
9864449000,2025-12-31,3933070.0,5672110.0,3,,,,,
9864449000,2026-01-31,3933070.0,5672110.0,3,,,,,
9864449000,2026-02-28,3933070.0,5672110.0,3,,,,,
9864449000,2026-03-31,3933070.0,5672110.0,3,,,,,
9864449000,2026-04-30,3933070.0,5672110.0,3,,,,,
9864449000,2026-05-31,3933070.0,5672110.0,3,,,,,
9864449000,2026-06-30,3933070.0,5672110.0,3,,,,,
9864449000,2026-07-31,3933070.0,5672110.0,3,,,,,
9864449000,2026-08-31,3933070.0,5672110.0,3,,,,,
9864449000,2026-09-30,3933070.0,5672110.0,3,221.0,2026-10-02,,,Musteri vazgecti
9264527893,2025-10-31,12946013.0,29283615.0,2,,,,,
9264527893,2025-11-30,12946013.0,29283615.0,2,,,,,
9264527893,2025-12-31,12946013.0,29283615.0,2,222.0,2025-12-29,2025-12-31,2026-01-11,
9264527893,2026-01-31,12946013.0,29283615.0,2,,,,,
9264527893,2026-02-28,13638450.0,25654718.0,2,,,,,
9264527893,2026-03-31,13638450.0,25654718.0,2,,,,,
9264527893,2026-04-30,13638450.0,25654718.0,2,,,,,
9264527893,2026-05-31,13638450.0,25654718.0,2,,,,,
9264527893,2026-06-30,13638450.0,25654718.0,2,,,,,
9264527893,2026-07-31,13638450.0,25654718.0,2,,,,,
9264527893,2026-08-31,13638450.0,25654718.0,2,,,,,
9264527893,2026-09-30,13285477.0,21838105.0,2,,,,,
9245884522,2025-10-31,172446675.0,328335512.0,5,,,,,
9245884522,2025-11-30,173033783.0,338337431.0,5,226.0,2025-11-11,2025-11-20,2025-11-30,
9245884522,2025-12-31,167899382.0,408987180.0,5,,,,,
9245884522,2026-01-31,167899382.0,408987180.0,5,,,,,
9245884522,2026-02-28,167899382.0,408987180.0,5,,,,,
9245884522,2026-03-31,167899382.0,408987180.0,5,,,,,
9245884522,2026-04-30,167899382.0,408987180.0,5,,,,,
9245884522,2026-05-31,167899382.0,408987180.0,5,,,,,
9245884522,2026-06-30,167899382.0,408987180.0,5,,,,,
9245884522,2026-07-31,172717889.0,653527257.0,5,,,,,
9245884522,2026-08-31,172717889.0,653527257.0,5,,,,,
9245884522,2026-09-30,160492112.0,294082996.0,5,229.0,2026-09-09,,,Musteri vazgecti
9743604799,2025-10-31,22656152.0,32325340.0,5,,,,,
9743604799,2025-11-30,22656152.0,32325340.0,5,,,,,
9743604799,2025-12-31,22656152.0,32325340.0,5,,,,,
9743604799,2026-01-31,22656152.0,32325340.0,5,,,,,
9743604799,2026-02-28,22656152.0,32325340.0,5,,,,,
9743604799,2026-03-31,22656152.0,32325340.0,5,,,,,
9743604799,2026-04-30,22656152.0,32325340.0,5,,,,,
9743604799,2026-05-31,22198477.0,32538767.0,5,,,,,
9743604799,2026-06-30,22198477.0,32538767.0,5,,,,,
9743604799,2026-07-31,22198477.0,32538767.0,5,,,,,
9743604799,2026-08-31,22198477.0,32538767.0,5,,,,,
9743604799,2026-09-30,22198477.0,32538767.0,5,,,,,
9577971496,2025-10-31,1609824.0,2164689.0,5,,,,,
9577971496,2025-11-30,1609824.0,2164689.0,5,,,,,
9577971496,2025-12-31,1745826.0,2406777.0,5,233.0,2025-12-19,2025-12-23,2026-01-02,
9577971496,2026-01-31,1745826.0,2406777.0,5,,,,,
9577971496,2026-02-28,1772763.0,2117228.0,5,234.0,2026-03-04,,,Risk
9577971496,2026-03-31,1772763.0,2117228.0,5,,,,,
9577971496,2026-04-30,1772763.0,2117228.0,5,,,,,
9577971496,2026-05-31,1772763.0,2117228.0,5,,,,,
9577971496,2026-06-30,1772763.0,2117228.0,5,,,,,
9577971496,2026-07-31,1772763.0,2117228.0,5,,,,,
9577971496,2026-08-31,1772763.0,2117228.0,5,,,,,
9577971496,2026-09-30,1772763.0,2117228.0,5,,,,,
9995333403,2025-10-31,1870124.0,4057722.0,3,,,,,
9995333403,2025-11-30,1870124.0,4057722.0,3,,,,,
9995333403,2025-12-31,1870124.0,4057722.0,3,,,,,
9995333403,2026-01-31,1870124.0,4057722.0,3,,,,,
9995333403,2026-02-28,1870124.0,4057722.0,3,,,,,
9995333403,2026-03-31,1870124.0,4057722.0,3,,,,,
9995333403,2026-04-30,1870124.0,4057722.0,3,,,,,
9995333403,2026-05-31,1870124.0,4057722.0,3,,,,,
9995333403,2026-06-30,1870124.0,4057722.0,3,,,,,
9995333403,2026-07-31,1870124.0,4057722.0,3,,,,,
9995333403,2026-08-31,1870124.0,4057722.0,3,,,,,
9995333403,2026-09-30,1870124.0,4057722.0,3,,,,,
9975971488,2025-10-31,24282671.0,46105547.0,4,,,,,
9975971488,2025-11-30,24282671.0,46105547.0,4,,,,,
9975971488,2025-12-31,24282671.0,46105547.0,4,,,,,
9975971488,2026-01-31,21205534.0,51129741.0,4,,,,,
9975971488,2026-02-28,21205534.0,51129741.0,4,,,,,
9975971488,2026-03-31,21205534.0,51129741.0,4,,,,,
9975971488,2026-04-30,21205534.0,51129741.0,4,,,,,
9975971488,2026-05-31,21205534.0,51129741.0,4,,,,,
9975971488,2026-06-30,21205534.0,51129741.0,4,,,,,
9975971488,2026-07-31,21205534.0,51129741.0,4,,,,,
9975971488,2026-08-31,21205534.0,51129741.0,4,,,,,
9975971488,2026-09-30,21205534.0,51129741.0,4,,,,,
9650052945,2025-10-31,11161077.0,26315482.0,1,,,,,
9650052945,2025-11-30,11161077.0,26315482.0,1,,,,,
9650052945,2025-12-31,11161077.0,26315482.0,1,,,,,
9650052945,2026-01-31,11161077.0,26315482.0,1,,,,,
9650052945,2026-02-28,11161077.0,26315482.0,1,,,,,
9650052945,2026-03-31,11161077.0,26315482.0,1,,,,,
9650052945,2026-04-30,10934701.0,16442782.0,1,239.0,2026-04-20,,,Musteri vazgecti
9650052945,2026-05-31,10934701.0,16442782.0,1,,,,,
9650052945,2026-06-30,10699211.0,19764578.0,1,240.0,2026-06-22,2026-06-27,2026-07-04,
9650052945,2026-07-31,10699211.0,19764578.0,1,,,,,
9650052945,2026-08-31,11301423.0,16604291.0,1,,,,,
9650052945,2026-09-30,11301423.0,16604291.0,1,,,,,
9907079834,2025-10-31,1501983.0,2739853.0,3,,,,,
9907079834,2025-11-30,1501983.0,2739853.0,3,,,,,
9907079834,2025-12-31,1501983.0,2739853.0,3,242.0,2026-01-03,2026-01-12,2026-01-25,
9907079834,2026-01-31,1501983.0,2739853.0,3,,,,,
9907079834,2026-02-28,1501983.0,2739853.0,3,,,,,
9907079834,2026-03-31,1501983.0,2739853.0,3,,,,,
9907079834,2026-04-30,1421159.0,2986498.0,3,,,,,
9907079834,2026-05-31,1421159.0,2986498.0,3,,,,,
9907079834,2026-06-30,1421159.0,2986498.0,3,,,,,
9907079834,2026-07-31,1428975.0,3111426.0,3,,,,,
9907079834,2026-08-31,1428975.0,3111426.0,3,,,,,
9907079834,2026-09-30,1428975.0,3111426.0,3,,,,,
9683365356,2025-10-31,35940967.0,166091338.0,3,,,,,
9683365356,2025-11-30,35940967.0,166091338.0,3,,,,,
9683365356,2025-12-31,35940967.0,166091338.0,3,,,,,
9683365356,2026-01-31,35940967.0,166091338.0,3,,,,,
9683365356,2026-02-28,35940967.0,166091338.0,3,,,,,
9683365356,2026-03-31,35940967.0,166091338.0,3,,,,,
9683365356,2026-04-30,22538508.0,93922121.0,3,,,,,
9683365356,2026-05-31,20413946.0,68114256.0,3,,,,,
9683365356,2026-06-30,16881486.0,55313340.0,3,,,,,
9683365356,2026-07-31,16881486.0,55313340.0,3,,,,,
9683365356,2026-08-31,16881486.0,55313340.0,3,,,,,
9683365356,2026-09-30,6883144.0,21491798.0,3,,,,,
9273780372,2025-10-31,201154385.0,449918077.0,2,,,,,
9273780372,2025-11-30,212646389.0,482826687.0,2,,,,,
9273780372,2025-12-31,212646389.0,482826687.0,2,,,,,
9273780372,2026-01-31,212646389.0,482826687.0,2,,,,,
9273780372,2026-02-28,212646389.0,482826687.0,2,,,,,
9273780372,2026-03-31,212646389.0,482826687.0,2,,,,,
9273780372,2026-04-30,212646389.0,482826687.0,2,,,,,
9273780372,2026-05-31,320498392.0,1077913251.0,2,,,,,
9273780372,2026-06-30,320498392.0,1077913251.0,2,,,,,
9273780372,2026-07-31,320498392.0,1077913251.0,2,,,,,
9273780372,2026-08-31,320498392.0,1077913251.0,2,,,,,
9273780372,2026-09-30,365015107.0,602365597.0,2,,,,,
9696276634,2025-10-31,5012523.0,12065932.0,5,,,,,
9696276634,2025-11-30,5012523.0,12065932.0,5,,,,,
9696276634,2025-12-31,5012523.0,12065932.0,5,,,,,
9696276634,2026-01-31,5012523.0,12065932.0,5,,,,,
9696276634,2026-02-28,5012523.0,12065932.0,5,,,,,
9696276634,2026-03-31,5012523.0,12065932.0,5,,,,,
9696276634,2026-04-30,5012523.0,12065932.0,5,,,,,
9696276634,2026-05-31,5012523.0,12065932.0,5,,,,,
9696276634,2026-06-30,4599207.0,12183546.0,5,255.0,2026-06-23,2026-06-30,2026-07-21,
9696276634,2026-07-31,4599207.0,12183546.0,5,,,,,
9696276634,2026-08-31,5688094.0,11308223.0,5,256.0,2026-09-04,2026-09-06,2026-09-12,
9696276634,2026-09-30,5688094.0,11308223.0,5,,,,,
9639162006,2025-10-31,21091513.0,41449690.0,2,,,,,
9639162006,2025-11-30,21091513.0,41449690.0,2,,,,,
9639162006,2025-12-31,21091513.0,41449690.0,2,,,,,
9639162006,2026-01-31,21091513.0,41449690.0,2,,,,,
9639162006,2026-02-28,21091513.0,41449690.0,2,,,,,
9639162006,2026-03-31,18834771.0,42521204.0,2,257.0,2026-04-02,2026-04-03,2026-04-16,
9639162006,2026-04-30,18834771.0,42521204.0,2,,,,,
9639162006,2026-05-31,18834771.0,42521204.0,2,,,,,
9639162006,2026-06-30,18834771.0,42521204.0,2,,,,,
9639162006,2026-07-31,5864415.0,11295653.0,2,,,,,
9639162006,2026-08-31,5864415.0,11295653.0,2,,,,,
9639162006,2026-09-30,5864415.0,11295653.0,2,,,,,
9762915783,2025-10-31,11768521.0,23271636.0,3,,,,,
9762915783,2025-11-30,11768521.0,23271636.0,3,,,,,
9762915783,2025-12-31,11768521.0,23271636.0,3,,,,,
9762915783,2026-01-31,11768521.0,23271636.0,3,,,,,
9762915783,2026-02-28,11768521.0,23271636.0,3,,,,,
9762915783,2026-03-31,11768521.0,23271636.0,3,,,,,
9762915783,2026-04-30,11768521.0,23271636.0,3,,,,,
9762915783,2026-05-31,11768521.0,23271636.0,3,,,,,
9762915783,2026-06-30,11768521.0,23271636.0,3,,,,,
9762915783,2026-07-31,11768521.0,23271636.0,3,,,,,
9762915783,2026-08-31,11768521.0,23271636.0,3,,,,,
9762915783,2026-09-30,11768521.0,23271636.0,3,,,,,
9218039652,2025-10-31,53375441.0,82594215.0,3,,,,,
9218039652,2025-11-30,53375441.0,82594215.0,3,,,,,
9218039652,2025-12-31,53375441.0,82594215.0,3,,,,,
9218039652,2026-01-31,53375441.0,82594215.0,3,,,,,
9218039652,2026-02-28,64790275.0,100240197.0,3,263.0,2026-02-28,2026-03-04,2026-03-29,
9218039652,2026-03-31,59928974.0,93689955.0,3,,,,,
9218039652,2026-04-30,59928974.0,93689955.0,3,,,,,
9218039652,2026-05-31,71500076.0,115901483.0,3,265.0,2026-05-13,2026-05-21,2026-05-27,
9218039652,2026-06-30,71500076.0,115901483.0,3,,,,,
9218039652,2026-07-31,56685492.0,76698245.0,3,,,,,
9218039652,2026-08-31,56685492.0,76698245.0,3,,,,,
9218039652,2026-09-30,56685492.0,76698245.0,3,,,,,
9759199383,2025-10-31,35413114.0,51320743.0,5,,,,,
9759199383,2025-11-30,35413114.0,51320743.0,5,,,,,
9759199383,2025-12-31,35413114.0,51320743.0,5,267.0,2025-12-28,2025-12-29,2026-01-15,
9759199383,2026-01-31,35413114.0,51320743.0,5,,,,,
9759199383,2026-02-28,35413114.0,51320743.0,5,,,,,
9759199383,2026-03-31,35413114.0,51320743.0,5,,,,,
9759199383,2026-04-30,35413114.0,51320743.0,5,,,,,
9759199383,2026-05-31,35413114.0,51320743.0,5,,,,,
9759199383,2026-06-30,35413114.0,51320743.0,5,,,,,
9759199383,2026-07-31,35413114.0,51320743.0,5,,,,,
9759199383,2026-08-31,35413114.0,51320743.0,5,,,,,
9759199383,2026-09-30,35413114.0,51320743.0,5,,,,,
9277900283,2025-10-31,10379959.0,23462768.0,1,,,,,
9277900283,2025-11-30,10379959.0,23462768.0,1,,,,,
9277900283,2025-12-31,10379959.0,23462768.0,1,,,,,
9277900283,2026-01-31,10379959.0,23462768.0,1,,,,,
9277900283,2026-02-28,10379959.0,23462768.0,1,,,,,
9277900283,2026-03-31,13010048.0,22994905.0,1,,,,,
9277900283,2026-04-30,13010048.0,22994905.0,1,,,,,
9277900283,2026-05-31,13010048.0,22994905.0,1,,,,,
9277900283,2026-06-30,13010048.0,22994905.0,1,,,,,
9277900283,2026-07-31,13010048.0,22994905.0,1,,,,,
9277900283,2026-08-31,13010048.0,22994905.0,1,,,,,
9277900283,2026-09-30,13010048.0,22994905.0,1,,,,,
9754886329,2025-10-31,16531708.0,42148587.0,4,,,,,
9754886329,2025-11-30,16531708.0,42148587.0,4,,,,,
9754886329,2025-12-31,16531708.0,42148587.0,4,,,,,
9754886329,2026-01-31,16531708.0,42148587.0,4,,,,,
9754886329,2026-02-28,16531708.0,42148587.0,4,,,,,
9754886329,2026-03-31,16531708.0,42148587.0,4,,,,,
9754886329,2026-04-30,16531708.0,42148587.0,4,,,,,
9754886329,2026-05-31,16531708.0,42148587.0,4,,,,,
9754886329,2026-06-30,17109782.0,32594461.0,4,272.0,2026-07-01,2026-07-04,2026-07-25,
9754886329,2026-07-31,17109782.0,32594461.0,4,,,,,
9754886329,2026-08-31,17109782.0,32594461.0,4,,,,,
9754886329,2026-09-30,17109782.0,32594461.0,4,,,,,
9421914368,2025-10-31,10759703.0,40651143.0,3,273.0,2025-10-15,2025-10-17,2025-10-20,
9421914368,2025-11-30,10759703.0,40651143.0,3,,,,,
9421914368,2025-12-31,10759703.0,40651143.0,3,,,,,
9421914368,2026-01-31,10759703.0,40651143.0,3,,,,,
9421914368,2026-02-28,10095401.0,34775752.0,3,,,,,
9421914368,2026-03-31,10095401.0,34775752.0,3,,,,,
9421914368,2026-04-30,10095401.0,34775752.0,3,,,,,
9421914368,2026-05-31,5618595.0,17812483.0,3,,,,,
9421914368,2026-06-30,5618595.0,17812483.0,3,,,,,
9421914368,2026-07-31,3895744.0,10599668.0,3,,,,,
9421914368,2026-08-31,2861158.0,7925961.0,3,,,,,
9421914368,2026-09-30,2861158.0,7925961.0,3,,,,,
9377499883,2025-10-31,1791669.0,5232779.0,5,278.0,2025-11-13,2025-11-16,2025-12-09,
9377499883,2025-11-30,1791669.0,5232779.0,5,,,,,
9377499883,2025-12-31,1791669.0,5232779.0,5,,,,,
9377499883,2026-01-31,1791669.0,5232779.0,5,,,,,
9377499883,2026-02-28,1791669.0,5232779.0,5,,,,,
9377499883,2026-03-31,1791669.0,5232779.0,5,,,,,
9377499883,2026-04-30,1791669.0,5232779.0,5,,,,,
9377499883,2026-05-31,1791669.0,5232779.0,5,,,,,
9377499883,2026-06-30,1791669.0,5232779.0,5,,,,,
9377499883,2026-07-31,1791669.0,5232779.0,5,,,,,
9377499883,2026-08-31,1791669.0,5232779.0,5,,,,,
9377499883,2026-09-30,1791669.0,5232779.0,5,,,,,
9234139153,2025-10-31,1156810.0,1741563.0,1,,,,,
9234139153,2025-11-30,1156810.0,1741563.0,1,,,,,
9234139153,2025-12-31,1156810.0,1741563.0,1,,,,,
9234139153,2026-01-31,1156810.0,1741563.0,1,,,,,
9234139153,2026-02-28,1156810.0,1741563.0,1,,,,,
9234139153,2026-03-31,1156810.0,1741563.0,1,,,,,
9234139153,2026-04-30,1156810.0,1741563.0,1,,,,,
9234139153,2026-05-31,1156810.0,1741563.0,1,,,,,
9234139153,2026-06-30,1156810.0,1741563.0,1,,,,,
9234139153,2026-07-31,1244838.0,1917120.0,1,,,,,
9234139153,2026-08-31,1244838.0,1917120.0,1,,,,,
9234139153,2026-09-30,1391797.0,2441353.0,1,281.0,2026-09-17,2026-09-20,2026-10-13,
9773191115,2025-10-31,27971805.0,33024371.0,5,,,,,
9773191115,2025-11-30,27971805.0,33024371.0,5,,,,,
9773191115,2025-12-31,27971805.0,33024371.0,5,,,,,
9773191115,2026-01-31,27971805.0,33024371.0,5,,,,,
9773191115,2026-02-28,27971805.0,33024371.0,5,,,,,
9773191115,2026-03-31,27971805.0,33024371.0,5,,,,,
9773191115,2026-04-30,27971805.0,33024371.0,5,,,,,
9773191115,2026-05-31,27971805.0,33024371.0,5,,,,,
9773191115,2026-06-30,27971805.0,33024371.0,5,,,,,
9773191115,2026-07-31,27971805.0,33024371.0,5,,,,,
9773191115,2026-08-31,27971805.0,33024371.0,5,,,,,
9773191115,2026-09-30,27971805.0,33024371.0,5,,,,,
9349162040,2025-10-31,44755244.0,76750238.0,5,,,,,
9349162040,2025-11-30,44755244.0,76750238.0,5,,,,,
9349162040,2025-12-31,44755244.0,76750238.0,5,,,,,
9349162040,2026-01-31,44755244.0,76750238.0,5,,,,,
9349162040,2026-02-28,44755244.0,76750238.0,5,284.0,2026-03-10,,,Risk
9349162040,2026-03-31,44755244.0,76750238.0,5,,,,,
9349162040,2026-04-30,44755244.0,76750238.0,5,,,,,
9349162040,2026-05-31,44755244.0,76750238.0,5,,,,,
9349162040,2026-06-30,44755244.0,76750238.0,5,,,,,
9349162040,2026-07-31,45423690.0,62133981.0,5,,,,,
9349162040,2026-08-31,40861800.0,86594152.0,5,,,,,
9349162040,2026-09-30,44656503.0,77143357.0,5,,,,,
9409020143,2025-10-31,987171.0,3597603.0,3,,,,,
9409020143,2025-11-30,990376.0,3106523.0,3,289.0,2025-12-02,,,Musteri vazgecti
9409020143,2025-12-31,883617.0,2449872.0,3,290.0,2025-12-24,,,Teminat yetersiz
9409020143,2026-01-31,883617.0,2449872.0,3,,,,,
9409020143,2026-02-28,883617.0,2449872.0,3,,,,,
9409020143,2026-03-31,883617.0,2449872.0,3,,,,,
9409020143,2026-04-30,883617.0,2449872.0,3,,,,,
9409020143,2026-05-31,601824.0,1388629.0,3,,,,,
9409020143,2026-06-30,536387.0,1382070.0,3,,,,,
9409020143,2026-07-31,536387.0,1382070.0,3,,,,,
9409020143,2026-08-31,536387.0,1382070.0,3,,,,,
9409020143,2026-09-30,536387.0,1382070.0,3,,,,,
9265196185,2025-10-31,29508651.0,42648322.0,2,,,,,
9265196185,2025-11-30,29508651.0,42648322.0,2,,,,,
9265196185,2025-12-31,29508651.0,42648322.0,2,,,,,
9265196185,2026-01-31,29508651.0,42648322.0,2,,,,,
9265196185,2026-02-28,27454310.0,51850507.0,2,295.0,2026-03-06,2026-03-14,2026-03-24,
9265196185,2026-03-31,27454310.0,51850507.0,2,,,,,
9265196185,2026-04-30,27454310.0,51850507.0,2,,,,,
9265196185,2026-05-31,27454310.0,51850507.0,2,,,,,
9265196185,2026-06-30,25617580.0,46705650.0,2,,,,,
9265196185,2026-07-31,25617580.0,46705650.0,2,,,,,
9265196185,2026-08-31,27088977.0,41443561.0,2,,,,,
9265196185,2026-09-30,27088977.0,41443561.0,2,,,,,
9874411344,2025-10-31,7339584.0,10771938.0,3,,,,,
9874411344,2025-11-30,7339584.0,10771938.0,3,,,,,
9874411344,2025-12-31,7339584.0,10771938.0,3,,,,,
9874411344,2026-01-31,7339584.0,10771938.0,3,,,,,
9874411344,2026-02-28,7339584.0,10771938.0,3,,,,,
9874411344,2026-03-31,7339584.0,10771938.0,3,,,,,
9874411344,2026-04-30,7339584.0,10771938.0,3,,,,,
9874411344,2026-05-31,7339584.0,10771938.0,3,,,,,
9874411344,2026-06-30,7339584.0,10771938.0,3,,,,,
9874411344,2026-07-31,7339584.0,10771938.0,3,,,,,
9874411344,2026-08-31,7339584.0,10771938.0,3,,,,,
9874411344,2026-09-30,7339584.0,10771938.0,3,298.0,2026-09-24,2026-09-29,2026-10-11,
9428463121,2025-10-31,7533779.0,14757110.0,6,,,,,
9428463121,2025-11-30,7533779.0,14757110.0,6,,,,,
9428463121,2025-12-31,7533779.0,14757110.0,6,,,,,
9428463121,2026-01-31,7533779.0,14757110.0,6,,,,,
9428463121,2026-02-28,7533779.0,14757110.0,6,,,,,
9428463121,2026-03-31,7533779.0,14757110.0,6,,,,,
9428463121,2026-04-30,7533779.0,14757110.0,6,,,,,
9428463121,2026-05-31,7533779.0,14757110.0,6,,,,,
9428463121,2026-06-30,7533779.0,14757110.0,6,,,,,
9428463121,2026-07-31,7533779.0,14757110.0,6,,,,,
9428463121,2026-08-31,7533779.0,14757110.0,6,,,,,
9428463121,2026-09-30,7533779.0,14757110.0,6,,,,,
9998946673,2025-10-31,1958200.0,6677062.0,2,,,,,
9998946673,2025-11-30,1958200.0,6677062.0,2,,,,,
9998946673,2025-12-31,1958200.0,6677062.0,2,,,,,
9998946673,2026-01-31,1958200.0,6677062.0,2,,,,,
9998946673,2026-02-28,1958200.0,6677062.0,2,,,,,
9998946673,2026-03-31,3164161.0,11928378.0,2,301.0,2026-04-07,2026-04-15,2026-05-13,
9998946673,2026-04-30,3164161.0,11928378.0,2,,,,,
9998946673,2026-05-31,3164161.0,11928378.0,2,,,,,
9998946673,2026-06-30,3164161.0,11928378.0,2,,,,,
9998946673,2026-07-31,0.0,14138104.0,2,,,,,
9998946673,2026-08-31,0.0,15584741.0,2,,,,,
9998946673,2026-09-30,0.0,15584741.0,2,,,,,
9553852690,2025-10-31,4140449.0,5526957.0,4,,,,,
9553852690,2025-11-30,4140449.0,5526957.0,4,,,,,
9553852690,2025-12-31,4140449.0,5526957.0,4,305.0,2026-01-01,2026-01-03,2026-01-13,
9553852690,2026-01-31,4140449.0,5526957.0,4,,,,,
9553852690,2026-02-28,3921529.0,6306068.0,4,,,,,
9553852690,2026-03-31,3921529.0,6306068.0,4,,,,,
9553852690,2026-04-30,3921529.0,6306068.0,4,,,,,
9553852690,2026-05-31,3921529.0,6306068.0,4,,,,,
9553852690,2026-06-30,4076238.0,5917264.0,4,,,,,
9553852690,2026-07-31,4076238.0,5917264.0,4,,,,,
9553852690,2026-08-31,4076238.0,5917264.0,4,,,,,
9553852690,2026-09-30,4076238.0,5917264.0,4,,,,,
9114224999,2025-10-31,42702090.0,72886090.0,5,,,,,
9114224999,2025-11-30,42702090.0,72886090.0,5,,,,,
9114224999,2025-12-31,42702090.0,72886090.0,5,,,,,
9114224999,2026-01-31,42702090.0,72886090.0,5,,,,,
9114224999,2026-02-28,42702090.0,72886090.0,5,,,,,
9114224999,2026-03-31,42702090.0,72886090.0,5,,,,,
9114224999,2026-04-30,42702090.0,72886090.0,5,,,,,
9114224999,2026-05-31,42702090.0,72886090.0,5,,,,,
9114224999,2026-06-30,42702090.0,72886090.0,5,308.0,2026-06-08,2026-06-09,2026-06-25,
9114224999,2026-07-31,42702090.0,72886090.0,5,,,,,
9114224999,2026-08-31,42702090.0,72886090.0,5,,,,,
9114224999,2026-09-30,42702090.0,72886090.0,5,,,,,
9506218841,2025-10-31,2614782.0,3936769.0,3,,,,,
9506218841,2025-11-30,2614782.0,3936769.0,3,,,,,
9506218841,2025-12-31,2614782.0,3936769.0,3,,,,,
9506218841,2026-01-31,2614782.0,3936769.0,3,,,,,
9506218841,2026-02-28,2614782.0,3936769.0,3,,,,,
9506218841,2026-03-31,2614782.0,3936769.0,3,,,,,
9506218841,2026-04-30,2614782.0,3936769.0,3,,,,,
9506218841,2026-05-31,2614782.0,3936769.0,3,,,,,
9506218841,2026-06-30,2721143.0,5663548.0,3,309.0,2026-06-30,,,Musteri vazgecti
9506218841,2026-07-31,2721143.0,5663548.0,3,,,,,
9506218841,2026-08-31,2721143.0,5663548.0,3,,,,,
9506218841,2026-09-30,2825010.0,5108580.0,3,,,,,
9197791392,2025-10-31,7874670.0,12757828.0,2,,,,,
9197791392,2025-11-30,7874670.0,12757828.0,2,,,,,
9197791392,2025-12-31,7874670.0,12757828.0,2,312.0,2025-12-20,,,Risk
9197791392,2026-01-31,7874670.0,12757828.0,2,,,,,
9197791392,2026-02-28,8633391.0,12564186.0,2,313.0,2026-03-01,2026-03-08,2026-03-29,
9197791392,2026-03-31,9367453.0,15896464.0,2,,,,,
9197791392,2026-04-30,9367453.0,15896464.0,2,,,,,
9197791392,2026-05-31,9367453.0,15896464.0,2,,,,,
9197791392,2026-06-30,9367453.0,15896464.0,2,,,,,
9197791392,2026-07-31,9367453.0,15896464.0,2,,,,,
9197791392,2026-08-31,11127340.0,12057510.0,2,,,,,
9197791392,2026-09-30,11127340.0,12057510.0,2,,,,,
9793490676,2025-10-31,34456964.0,74643475.0,1,,,,,
9793490676,2025-11-30,34456964.0,74643475.0,1,,,,,
9793490676,2025-12-31,34456964.0,74643475.0,1,,,,,
9793490676,2026-01-31,34456964.0,74643475.0,1,,,,,
9793490676,2026-02-28,34456964.0,74643475.0,1,,,,,
9793490676,2026-03-31,34456964.0,74643475.0,1,,,,,
9793490676,2026-04-30,34456964.0,74643475.0,1,,,,,
9793490676,2026-05-31,34456964.0,74643475.0,1,,,,,
9793490676,2026-06-30,34456964.0,74643475.0,1,,,,,
9793490676,2026-07-31,34456964.0,74643475.0,1,,,,,
9793490676,2026-08-31,30693497.0,88499913.0,1,,,,,
9793490676,2026-09-30,28104107.0,59052439.0,1,,,,,
9382913148,2025-10-31,26371127.0,89621120.0,4,,,,,
9382913148,2025-11-30,26371127.0,89621120.0,4,320.0,2025-12-04,,,Musteri vazgecti
9382913148,2025-12-31,22156175.0,82518179.0,4,,,,,
9382913148,2026-01-31,22156175.0,82518179.0,4,,,,,
9382913148,2026-02-28,22156175.0,82518179.0,4,,,,,
9382913148,2026-03-31,22156175.0,82518179.0,4,,,,,
9382913148,2026-04-30,0.0,39479206.0,4,322.0,2026-05-04,,,Not dusuk
9382913148,2026-05-31,0.0,35308058.0,4,,,,,
9382913148,2026-06-30,0.0,39188688.0,4,,,,,
9382913148,2026-07-31,0.0,39188688.0,4,,,,,
9382913148,2026-08-31,0.0,38765149.0,4,,,,,
9382913148,2026-09-30,0.0,38765149.0,4,,,,,
9944924818,2025-10-31,131826613.0,222604717.0,4,,,,,
9944924818,2025-11-30,131826613.0,222604717.0,4,,,,,
9944924818,2025-12-31,132379688.0,228994817.0,4,326.0,2025-12-26,2026-01-02,2026-01-06,
9944924818,2026-01-31,132379688.0,228994817.0,4,,,,,
9944924818,2026-02-28,132379688.0,228994817.0,4,,,,,
9944924818,2026-03-31,132379688.0,228994817.0,4,,,,,
9944924818,2026-04-30,132379688.0,228994817.0,4,,,,,
9944924818,2026-05-31,132379688.0,228994817.0,4,,,,,
9944924818,2026-06-30,132379688.0,228994817.0,4,,,,,
9944924818,2026-07-31,132379688.0,228994817.0,4,,,,,
9944924818,2026-08-31,132379688.0,228994817.0,4,,,,,
9944924818,2026-09-30,132379688.0,228994817.0,4,,,,,
9293893148,2025-10-31,1837477.0,3882624.0,4,,,,,
9293893148,2025-11-30,1837477.0,3882624.0,4,,,,,
9293893148,2025-12-31,1837477.0,3882624.0,4,,,,,
9293893148,2026-01-31,1837477.0,3882624.0,4,,,,,
9293893148,2026-02-28,1837477.0,3882624.0,4,,,,,
9293893148,2026-03-31,1837477.0,3882624.0,4,,,,,
9293893148,2026-04-30,1837477.0,3882624.0,4,,,,,
9293893148,2026-05-31,1837477.0,3882624.0,4,328.0,2026-05-29,,,Risk
9293893148,2026-06-30,1837477.0,3882624.0,4,,,,,
9293893148,2026-07-31,1837477.0,3882624.0,4,,,,,
9293893148,2026-08-31,1837477.0,3882624.0,4,,,,,
9293893148,2026-09-30,2043646.0,4110844.0,4,,,,,
9788997352,2025-10-31,8869463.0,18020393.0,4,,,,,
9788997352,2025-11-30,8869463.0,18020393.0,4,,,,,
9788997352,2025-12-31,8869463.0,18020393.0,4,,,,,
9788997352,2026-01-31,8869463.0,18020393.0,4,,,,,
9788997352,2026-02-28,10046868.0,17906851.0,4,331.0,2026-02-28,,,Musteri vazgecti
9788997352,2026-03-31,10046868.0,17906851.0,4,,,,,
9788997352,2026-04-30,10046868.0,17906851.0,4,,,,,
9788997352,2026-05-31,10046868.0,17906851.0,4,,,,,
9788997352,2026-06-30,10046868.0,17906851.0,4,,,,,
9788997352,2026-07-31,8613662.0,17968761.0,4,,,,,
9788997352,2026-08-31,8613662.0,17968761.0,4,,,,,
9788997352,2026-09-30,8613662.0,17968761.0,4,,,,,
9765883316,2025-10-31,26035730.0,38143040.0,5,,,,,
9765883316,2025-11-30,27211985.0,38143040.0,5,,,,,
9765883316,2025-12-31,28075185.0,38143040.0,5,,,,,
9765883316,2026-01-31,27330346.0,38143040.0,5,,,,,
9765883316,2026-02-28,26682774.0,38143040.0,5,,,,,
9765883316,2026-03-31,25928357.0,38143040.0,5,,,,,
9765883316,2026-04-30,28445259.0,38143040.0,5,,,,,
9765883316,2026-05-31,26460057.0,38143040.0,5,,,,,
9765883316,2026-06-30,27448200.0,38143040.0,5,,,,,
9765883316,2026-07-31,25925078.0,38143040.0,5,,,,,
9765883316,2026-08-31,26147611.0,38143040.0,5,,,,,
9765883316,2026-09-30,26346404.0,38143040.0,5,,,,,
9792466882,2025-10-31,2219207.0,4298411.0,4,,,,,
9792466882,2025-11-30,2219207.0,4298411.0,4,333.0,2025-11-18,,,Musteri vazgecti
9792466882,2025-12-31,2219207.0,4298411.0,4,,,,,
9792466882,2026-01-31,2219207.0,4298411.0,4,,,,,
9792466882,2026-02-28,2219207.0,4298411.0,4,,,,,
9792466882,2026-03-31,2332538.0,4055852.0,4,,,,,
9792466882,2026-04-30,2332538.0,4055852.0,4,,,,,
9792466882,2026-05-31,2332538.0,4055852.0,4,,,,,
9792466882,2026-06-30,2156844.0,3515250.0,4,,,,,
9792466882,2026-07-31,2156844.0,3515250.0,4,,,,,
9792466882,2026-08-31,2156844.0,3515250.0,4,,,,,
9792466882,2026-09-30,2343586.0,3917638.0,4,,,,,
9311730749,2025-10-31,1117267.0,2499449.0,4,,,,,
9311730749,2025-11-30,1117267.0,2499449.0,4,,,,,
9311730749,2025-12-31,1117267.0,2499449.0,4,,,,,
9311730749,2026-01-31,1117267.0,2499449.0,4,,,,,
9311730749,2026-02-28,1117267.0,2499449.0,4,,,,,
9311730749,2026-03-31,1117267.0,2499449.0,4,,,,,
9311730749,2026-04-30,1117267.0,2499449.0,4,337.0,2026-04-30,,,Teminat yetersiz
9311730749,2026-05-31,1117267.0,2499449.0,4,,,,,
9311730749,2026-06-30,1117267.0,2499449.0,4,,,,,
9311730749,2026-07-31,1117267.0,2499449.0,4,,,,,
9311730749,2026-08-31,1117267.0,2499449.0,4,,,,,
9311730749,2026-09-30,1117267.0,2499449.0,4,,,,,
9104810947,2025-10-31,9287261.0,16183652.0,1,,,,,
9104810947,2025-11-30,9287261.0,16183652.0,1,338.0,2025-11-13,,,Not dusuk
9104810947,2025-12-31,9287261.0,16183652.0,1,,,,,
9104810947,2026-01-31,9287261.0,16183652.0,1,,,,,
9104810947,2026-02-28,9287261.0,16183652.0,1,,,,,
9104810947,2026-03-31,9287261.0,16183652.0,1,,,,,
9104810947,2026-04-30,9287261.0,16183652.0,1,,,,,
9104810947,2026-05-31,9986000.0,14892104.0,1,,,,,
9104810947,2026-06-30,9986000.0,14892104.0,1,,,,,
9104810947,2026-07-31,9986000.0,14892104.0,1,,,,,
9104810947,2026-08-31,9986000.0,14892104.0,1,,,,,
9104810947,2026-09-30,9986000.0,14892104.0,1,,,,,
9798211977,2025-10-31,8960816.0,13089886.0,2,,,,,
9798211977,2025-11-30,8960816.0,13089886.0,2,,,,,
9798211977,2025-12-31,8960816.0,13089886.0,2,340.0,2025-12-13,,,Teminat yetersiz
9798211977,2026-01-31,8960816.0,13089886.0,2,,,,,
9798211977,2026-02-28,8960816.0,13089886.0,2,,,,,
9798211977,2026-03-31,8960816.0,13089886.0,2,,,,,
9798211977,2026-04-30,4687000.0,8638743.0,2,,,,,
9798211977,2026-05-31,4687000.0,8638743.0,2,,,,,
9798211977,2026-06-30,4687000.0,8638743.0,2,,,,,
9798211977,2026-07-31,4687000.0,8638743.0,2,,,,,
9798211977,2026-08-31,4687000.0,8638743.0,2,,,,,
9798211977,2026-09-30,4687000.0,8638743.0,2,,,,,
9856954769,2025-10-31,4806474.0,10412417.0,5,,,,,
9856954769,2025-11-30,4806474.0,10412417.0,5,,,,,
9856954769,2025-12-31,4806474.0,10412417.0,5,,,,,
9856954769,2026-01-31,4806474.0,10412417.0,5,,,,,
9856954769,2026-02-28,4806474.0,10412417.0,5,,,,,
9856954769,2026-03-31,4806474.0,10412417.0,5,343.0,2026-03-23,2026-03-29,2026-04-05,
9856954769,2026-04-30,4806474.0,10412417.0,5,,,,,
9856954769,2026-05-31,5733348.0,9404211.0,5,344.0,2026-05-09,2026-05-13,2026-06-09,
9856954769,2026-06-30,5733348.0,9404211.0,5,,,,,
9856954769,2026-07-31,5733348.0,9404211.0,5,,,,,
9856954769,2026-08-31,5733348.0,9404211.0,5,,,,,
9856954769,2026-09-30,5733348.0,9404211.0,5,,,,,
9134779878,2025-10-31,1319071.0,3031693.0,2,,,,,
9134779878,2025-11-30,1319071.0,3031693.0,2,,,,,
9134779878,2025-12-31,1319071.0,3031693.0,2,345.0,2026-01-03,,,Musteri vazgecti
9134779878,2026-01-31,1319071.0,3031693.0,2,,,,,
9134779878,2026-02-28,1319071.0,3031693.0,2,,,,,
9134779878,2026-03-31,1319071.0,3031693.0,2,,,,,
9134779878,2026-04-30,1319071.0,3031693.0,2,,,,,
9134779878,2026-05-31,1319071.0,3031693.0,2,,,,,
9134779878,2026-06-30,1079843.0,1532885.0,2,346.0,2026-06-19,2026-06-23,2026-06-28,
9134779878,2026-07-31,1079843.0,1532885.0,2,,,,,
9134779878,2026-08-31,1256403.0,2187554.0,2,,,,,
9134779878,2026-09-30,1217968.0,2501466.0,2,,,,,
9790857820,2025-10-31,4501976.0,6609699.0,2,,,,,
9790857820,2025-11-30,4501976.0,6609699.0,2,,,,,
9790857820,2025-12-31,4501976.0,6609699.0,2,,,,,
9790857820,2026-01-31,4501976.0,6609699.0,2,,,,,
9790857820,2026-02-28,4501976.0,6609699.0,2,,,,,
9790857820,2026-03-31,4501976.0,6609699.0,2,,,,,
9790857820,2026-04-30,4501976.0,6609699.0,2,,,,,
9790857820,2026-05-31,4453028.0,7675981.0,2,,,,,
9790857820,2026-06-30,4453028.0,7675981.0,2,,,,,
9790857820,2026-07-31,4453028.0,7675981.0,2,,,,,
9790857820,2026-08-31,4453028.0,7675981.0,2,,,,,
9790857820,2026-09-30,4453028.0,7675981.0,2,,,,,
9434388887,2025-10-31,4450303.0,5621398.0,1,,,,,
9434388887,2025-11-30,4450303.0,5621398.0,1,,,,,
9434388887,2025-12-31,4450303.0,5621398.0,1,,,,,
9434388887,2026-01-31,4450303.0,5621398.0,1,,,,,
9434388887,2026-02-28,4450303.0,5621398.0,1,,,,,
9434388887,2026-03-31,4450303.0,5621398.0,1,,,,,
9434388887,2026-04-30,4450303.0,5621398.0,1,351.0,2026-04-15,,,Risk
9434388887,2026-05-31,4450303.0,5621398.0,1,,,,,
9434388887,2026-06-30,4450303.0,5621398.0,1,,,,,
9434388887,2026-07-31,4450303.0,5621398.0,1,,,,,
9434388887,2026-08-31,5397262.0,7225761.0,1,,,,,
9434388887,2026-09-30,6182514.0,7944164.0,1,,,,,
9531475367,2025-10-31,459295.0,945300.0,4,354.0,2025-10-23,,,Musteri vazgecti
9531475367,2025-11-30,459295.0,945300.0,4,,,,,
9531475367,2025-12-31,459295.0,945300.0,4,,,,,
9531475367,2026-01-31,459295.0,945300.0,4,,,,,
9531475367,2026-02-28,459295.0,945300.0,4,,,,,
9531475367,2026-03-31,485812.0,922948.0,4,,,,,
9531475367,2026-04-30,485812.0,922948.0,4,,,,,
9531475367,2026-05-31,485812.0,922948.0,4,,,,,
9531475367,2026-06-30,485812.0,922948.0,4,,,,,
9531475367,2026-07-31,485812.0,922948.0,4,,,,,
9531475367,2026-08-31,447077.0,768285.0,4,,,,,
9531475367,2026-09-30,447077.0,768285.0,4,,,,,
9220836521,2025-10-31,114493504.0,135361542.0,5,,,,,
9220836521,2025-11-30,114493504.0,135361542.0,5,,,,,
9220836521,2025-12-31,114493504.0,135361542.0,5,,,,,
9220836521,2026-01-31,114493504.0,135361542.0,5,,,,,
9220836521,2026-02-28,114493504.0,135361542.0,5,,,,,
9220836521,2026-03-31,114493504.0,135361542.0,5,,,,,
9220836521,2026-04-30,114493504.0,135361542.0,5,,,,,
9220836521,2026-05-31,114493504.0,135361542.0,5,,,,,
9220836521,2026-06-30,114493504.0,135361542.0,5,,,,,
9220836521,2026-07-31,123368967.0,134601926.0,5,,,,,
9220836521,2026-08-31,123368967.0,134601926.0,5,,,,,
9220836521,2026-09-30,127160234.0,189862169.0,5,,,,,
9931012270,2025-10-31,21105946.0,70212690.0,3,,,,,
9931012270,2025-11-30,21105946.0,70212690.0,3,,,,,
9931012270,2025-12-31,21105946.0,70212690.0,3,,,,,
9931012270,2026-01-31,21105946.0,70212690.0,3,,,,,
9931012270,2026-02-28,21105946.0,70212690.0,3,,,,,
9931012270,2026-03-31,21105946.0,70212690.0,3,,,,,
9931012270,2026-04-30,21105946.0,70212690.0,3,,,,,
9931012270,2026-05-31,24424954.0,52068242.0,3,363.0,2026-06-03,2026-06-06,2026-06-11,
9931012270,2026-06-30,24424954.0,52068242.0,3,,,,,
9931012270,2026-07-31,24424954.0,52068242.0,3,,,,,
9931012270,2026-08-31,24424954.0,52068242.0,3,,,,,
9931012270,2026-09-30,24424954.0,52068242.0,3,,,,,
9972558987,2025-10-31,76405901.0,238561279.0,3,364.0,2025-10-12,,,Teminat yetersiz
9972558987,2025-11-30,66531845.0,202136249.0,3,,,,,
9972558987,2025-12-31,66531845.0,202136249.0,3,,,,,
9972558987,2026-01-31,66531845.0,202136249.0,3,,,,,
9972558987,2026-02-28,56242728.0,137610909.0,3,,,,,
9972558987,2026-03-31,56242728.0,137610909.0,3,,,,,
9972558987,2026-04-30,56242728.0,137610909.0,3,,,,,
9972558987,2026-05-31,42943420.0,107324537.0,3,,,,,
9972558987,2026-06-30,42943420.0,107324537.0,3,,,,,
9972558987,2026-07-31,39684459.0,85764042.0,3,368.0,2026-07-14,,,Not dusuk
9972558987,2026-08-31,39684459.0,85764042.0,3,,,,,
9972558987,2026-09-30,39684459.0,85764042.0,3,,,,,
9266837745,2025-10-31,7043193.0,14996109.0,2,,,,,
9266837745,2025-11-30,7043193.0,14996109.0,2,,,,,
9266837745,2025-12-31,7043193.0,14996109.0,2,,,,,
9266837745,2026-01-31,7043193.0,14996109.0,2,,,,,
9266837745,2026-02-28,7043193.0,14996109.0,2,,,,,
9266837745,2026-03-31,7043193.0,14996109.0,2,,,,,
9266837745,2026-04-30,7043193.0,14996109.0,2,,,,,
9266837745,2026-05-31,6974384.0,11367366.0,2,,,,,
9266837745,2026-06-30,6974384.0,11367366.0,2,,,,,
9266837745,2026-07-31,6974384.0,11367366.0,2,,,,,
9266837745,2026-08-31,6974384.0,11367366.0,2,,,,,
9266837745,2026-09-30,7704205.0,15787906.0,2,,,,,
9916844402,2025-10-31,2535419.0,11412389.0,5,,,,,
9916844402,2025-11-30,2535419.0,11412389.0,5,,,,,
9916844402,2025-12-31,2535419.0,11412389.0,5,,,,,
9916844402,2026-01-31,2535419.0,11412389.0,5,,,,,
9916844402,2026-02-28,2535419.0,11412389.0,5,,,,,
9916844402,2026-03-31,2535419.0,11412389.0,5,,,,,
9916844402,2026-04-30,2535419.0,11412389.0,5,,,,,
9916844402,2026-05-31,2535419.0,11412389.0,5,,,,,
9916844402,2026-06-30,2535419.0,11412389.0,5,,,,,
9916844402,2026-07-31,0.0,2470420.0,5,,,,,
9916844402,2026-08-31,0.0,2470420.0,5,,,,,
9916844402,2026-09-30,0.0,2470420.0,5,,,,,
9348076449,2025-10-31,14739311.0,20637686.0,4,,,,,
9348076449,2025-11-30,14582467.0,20637686.0,4,,,,,
9348076449,2025-12-31,15462826.0,20637686.0,4,,,,,
9348076449,2026-01-31,14071024.0,20637686.0,4,,,,,
9348076449,2026-02-28,14083568.0,20637686.0,4,,,,,
9348076449,2026-03-31,15219601.0,20637686.0,4,,,,,
9348076449,2026-04-30,14396288.0,20637686.0,4,,,,,
9348076449,2026-05-31,14275068.0,20637686.0,4,,,,,
9348076449,2026-06-30,15293241.0,20637686.0,4,,,,,
9348076449,2026-07-31,14789451.0,20637686.0,4,,,,,
9348076449,2026-08-31,14911893.0,20637686.0,4,,,,,
9348076449,2026-09-30,14015879.0,20637686.0,4,,,,,
9302220526,2025-10-31,28377801.0,72189989.0,4,,,,,
9302220526,2025-11-30,28377801.0,72189989.0,4,,,,,
9302220526,2025-12-31,28377801.0,72189989.0,4,,,,,
9302220526,2026-01-31,28377801.0,72189989.0,4,,,,,
9302220526,2026-02-28,27282662.0,73281894.0,4,377.0,2026-02-16,2026-02-20,2026-02-24,
9302220526,2026-03-31,27282662.0,73281894.0,4,,,,,
9302220526,2026-04-30,27282662.0,73281894.0,4,,,,,
9302220526,2026-05-31,17101931.0,40644222.0,4,,,,,
9302220526,2026-06-30,17101931.0,40644222.0,4,,,,,
9302220526,2026-07-31,9374570.0,21471913.0,4,,,,,
9302220526,2026-08-31,9374570.0,21471913.0,4,,,,,
9302220526,2026-09-30,9374570.0,21471913.0,4,,,,,
9245747413,2025-10-31,57365835.0,131702790.0,2,,,,,
9245747413,2025-11-30,57365835.0,131702790.0,2,,,,,
9245747413,2025-12-31,57740392.0,117887401.0,2,381.0,2026-01-05,2026-01-11,2026-02-08,
9245747413,2026-01-31,57740392.0,117887401.0,2,,,,,
9245747413,2026-02-28,57740392.0,117887401.0,2,,,,,
9245747413,2026-03-31,57740392.0,117887401.0,2,,,,,
9245747413,2026-04-30,65790822.0,111702268.0,2,,,,,
9245747413,2026-05-31,65790822.0,111702268.0,2,,,,,
9245747413,2026-06-30,65790822.0,111702268.0,2,,,,,
9245747413,2026-07-31,65790822.0,111702268.0,2,,,,,
9245747413,2026-08-31,65790822.0,111702268.0,2,,,,,
9245747413,2026-09-30,65790822.0,111702268.0,2,,,,,
9453456356,2025-10-31,1408382.0,2654912.0,4,,,,,
9453456356,2025-11-30,1408382.0,2654912.0,4,,,,,
9453456356,2025-12-31,1408382.0,2654912.0,4,,,,,
9453456356,2026-01-31,1408382.0,2654912.0,4,,,,,
9453456356,2026-02-28,1408382.0,2654912.0,4,,,,,
9453456356,2026-03-31,1408382.0,2654912.0,4,,,,,
9453456356,2026-04-30,1408382.0,2654912.0,4,,,,,
9453456356,2026-05-31,1474858.0,2660930.0,4,,,,,
9453456356,2026-06-30,1474858.0,2660930.0,4,,,,,
9453456356,2026-07-31,1474858.0,2660930.0,4,,,,,
9453456356,2026-08-31,1474858.0,2660930.0,4,,,,,
9453456356,2026-09-30,1474858.0,2660930.0,4,,,,,
9145482389,2025-10-31,156933607.0,319896390.0,4,,,,,
9145482389,2025-11-30,156933607.0,319896390.0,4,,,,,
9145482389,2025-12-31,156933607.0,319896390.0,4,,,,,
9145482389,2026-01-31,170004684.0,477314812.0,4,385.0,2026-01-15,,,Teminat yetersiz
9145482389,2026-02-28,170004684.0,477314812.0,4,,,,,
9145482389,2026-03-31,170004684.0,477314812.0,4,,,,,
9145482389,2026-04-30,170004684.0,477314812.0,4,,,,,
9145482389,2026-05-31,184534882.0,545908650.0,4,387.0,2026-05-30,2026-06-05,2026-06-12,
9145482389,2026-06-30,184534882.0,545908650.0,4,,,,,
9145482389,2026-07-31,184534882.0,545908650.0,4,,,,,
9145482389,2026-08-31,184534882.0,545908650.0,4,,,,,
9145482389,2026-09-30,172262213.0,373057555.0,4,388.0,2026-09-12,2026-09-21,2026-10-15,
9583904337,2025-10-31,118442210.0,188434613.0,7,,,,,
9583904337,2025-11-30,118442210.0,188434613.0,7,,,,,
9583904337,2025-12-31,118442210.0,188434613.0,7,,,,,
9583904337,2026-01-31,118442210.0,188434613.0,7,,,,,
9583904337,2026-02-28,118442210.0,188434613.0,7,,,,,
9583904337,2026-03-31,118442210.0,188434613.0,7,,,,,
9583904337,2026-04-30,118442210.0,188434613.0,7,,,,,
9583904337,2026-05-31,118442210.0,188434613.0,7,,,,,
9583904337,2026-06-30,118442210.0,188434613.0,7,,,,,
9583904337,2026-07-31,118442210.0,188434613.0,7,,,,,
9583904337,2026-08-31,154737225.0,278853599.0,7,,,,,
9583904337,2026-09-30,154737225.0,278853599.0,7,,,,,
9195352626,2025-10-31,4081065.0,9484660.0,4,,,,,
9195352626,2025-11-30,4081065.0,9484660.0,4,,,,,
9195352626,2025-12-31,4081065.0,9484660.0,4,,,,,
9195352626,2026-01-31,4081065.0,9484660.0,4,,,,,
9195352626,2026-02-28,4081065.0,9484660.0,4,,,,,
9195352626,2026-03-31,4081065.0,9484660.0,4,,,,,
9195352626,2026-04-30,4081065.0,9484660.0,4,391.0,2026-04-08,2026-04-15,2026-05-07,
9195352626,2026-05-31,4081065.0,9484660.0,4,,,,,
9195352626,2026-06-30,4802562.0,12162241.0,4,,,,,
9195352626,2026-07-31,4802562.0,12162241.0,4,,,,,
9195352626,2026-08-31,4802562.0,12162241.0,4,,,,,
9195352626,2026-09-30,4802562.0,12162241.0,4,,,,,
9986082312,2025-10-31,63317601.0,86189443.0,2,393.0,2025-10-19,,,Musteri vazgecti
9986082312,2025-11-30,63317601.0,86189443.0,2,,,,,
9986082312,2025-12-31,63317601.0,86189443.0,2,,,,,
9986082312,2026-01-31,63317601.0,86189443.0,2,,,,,
9986082312,2026-02-28,63317601.0,86189443.0,2,,,,,
9986082312,2026-03-31,63836742.0,97256265.0,2,394.0,2026-03-30,,,Risk
9986082312,2026-04-30,56672237.0,66061333.0,2,,,,,
9986082312,2026-05-31,56672237.0,66061333.0,2,,,,,
9986082312,2026-06-30,56672237.0,66061333.0,2,,,,,
9986082312,2026-07-31,56672237.0,66061333.0,2,,,,,
9986082312,2026-08-31,56672237.0,66061333.0,2,,,,,
9986082312,2026-09-30,56672237.0,66061333.0,2,,,,,
9359069388,2025-10-31,13016286.0,20434068.0,1,,,,,
9359069388,2025-11-30,13016286.0,20434068.0,1,,,,,
9359069388,2025-12-31,13016286.0,20434068.0,1,396.0,2026-01-03,2026-01-11,2026-02-06,
9359069388,2026-01-31,13016286.0,20434068.0,1,,,,,
9359069388,2026-02-28,13016286.0,20434068.0,1,,,,,
9359069388,2026-03-31,13016286.0,20434068.0,1,,,,,
9359069388,2026-04-30,13016286.0,20434068.0,1,,,,,
9359069388,2026-05-31,13016286.0,20434068.0,1,,,,,
9359069388,2026-06-30,13016286.0,20434068.0,1,,,,,
9359069388,2026-07-31,13016286.0,20434068.0,1,,,,,
9359069388,2026-08-31,13016286.0,20434068.0,1,,,,,
9359069388,2026-09-30,13016286.0,20434068.0,1,,,,,
9554749229,2025-10-31,21288136.0,35884328.0,1,,,,,
9554749229,2025-11-30,21288136.0,35884328.0,1,,,,,
9554749229,2025-12-31,21288136.0,35884328.0,1,,,,,
9554749229,2026-01-31,21288136.0,35884328.0,1,,,,,
9554749229,2026-02-28,21288136.0,35884328.0,1,,,,,
9554749229,2026-03-31,21288136.0,35884328.0,1,,,,,
9554749229,2026-04-30,21288136.0,35884328.0,1,,,,,
9554749229,2026-05-31,21288136.0,35884328.0,1,,,,,
9554749229,2026-06-30,21288136.0,35884328.0,1,,,,,
9554749229,2026-07-31,21288136.0,35884328.0,1,,,,,
9554749229,2026-08-31,21288136.0,35884328.0,1,397.0,2026-09-03,2026-09-10,2026-09-18,
9554749229,2026-09-30,21288136.0,35884328.0,1,,,,,
9964905739,2025-10-31,7584545.0,12447779.0,2,,,,,
9964905739,2025-11-30,7584545.0,12447779.0,2,,,,,
9964905739,2025-12-31,7584545.0,12447779.0,2,,,,,
9964905739,2026-01-31,7584545.0,12447779.0,2,,,,,
9964905739,2026-02-28,7584545.0,12447779.0,2,,,,,
9964905739,2026-03-31,7584545.0,12447779.0,2,,,,,
9964905739,2026-04-30,7584545.0,12447779.0,2,,,,,
9964905739,2026-05-31,7584545.0,12447779.0,2,,,,,
9964905739,2026-06-30,7584545.0,12447779.0,2,,,,,
9964905739,2026-07-31,7584545.0,12447779.0,2,,,,,
9964905739,2026-08-31,7584545.0,12447779.0,2,,,,,
9964905739,2026-09-30,6223155.0,12402885.0,2,399.0,2026-09-20,,,Musteri vazgecti
9327672410,2025-10-31,125851743.0,172908303.0,3,,,,,
9327672410,2025-11-30,117998773.0,172908303.0,3,,,,,
9327672410,2025-12-31,124059474.0,172908303.0,3,,,,,
9327672410,2026-01-31,124725743.0,172908303.0,3,,,,,
9327672410,2026-02-28,125932793.0,172908303.0,3,,,,,
9327672410,2026-03-31,124535517.0,172908303.0,3,,,,,
9327672410,2026-04-30,122387586.0,172908303.0,3,,,,,
9327672410,2026-05-31,123351023.0,172908303.0,3,,,,,
9327672410,2026-06-30,129277605.0,172908303.0,3,,,,,
9327672410,2026-07-31,121395262.0,172908303.0,3,,,,,
9327672410,2026-08-31,127019143.0,172908303.0,3,,,,,
9327672410,2026-09-30,124832880.0,172908303.0,3,,,,,
9107164404,2025-10-31,94039795.0,177128742.0,5,,,,,
9107164404,2025-11-30,94039795.0,177128742.0,5,401.0,2025-12-03,,,Teminat yetersiz
9107164404,2025-12-31,93094906.0,278988578.0,5,402.0,2026-01-12,2026-01-19,2026-01-21,
9107164404,2026-01-31,93094906.0,278988578.0,5,,,,,
9107164404,2026-02-28,93094906.0,278988578.0,5,,,,,
9107164404,2026-03-31,93094906.0,278988578.0,5,,,,,
9107164404,2026-04-30,120307525.0,256855998.0,5,403.0,2026-05-02,,,Risk
9107164404,2026-05-31,120307525.0,256855998.0,5,,,,,
9107164404,2026-06-30,120307525.0,256855998.0,5,,,,,
9107164404,2026-07-31,120307525.0,256855998.0,5,,,,,
9107164404,2026-08-31,142696782.0,237360376.0,5,404.0,2026-08-28,2026-09-06,2026-09-14,
9107164404,2026-09-30,142696782.0,237360376.0,5,,,,,
9416845606,2025-10-31,17482783.0,34815890.0,5,,,,,
9416845606,2025-11-30,17482783.0,34815890.0,5,,,,,
9416845606,2025-12-31,17482783.0,34815890.0,5,,,,,
9416845606,2026-01-31,17482783.0,34815890.0,5,,,,,
9416845606,2026-02-28,17277440.0,27623517.0,5,,,,,
9416845606,2026-03-31,17277440.0,27623517.0,5,,,,,
9416845606,2026-04-30,17277440.0,27623517.0,5,,,,,
9416845606,2026-05-31,17277440.0,27623517.0,5,,,,,
9416845606,2026-06-30,17277440.0,27623517.0,5,,,,,
9416845606,2026-07-31,17277440.0,27623517.0,5,,,,,
9416845606,2026-08-31,17277440.0,27623517.0,5,,,,,
9416845606,2026-09-30,17277440.0,27623517.0,5,,,,,
9299892333,2025-10-31,104276246.0,260713117.0,7,,,,,
9299892333,2025-11-30,104276246.0,260713117.0,7,,,,,
9299892333,2025-12-31,104276246.0,260713117.0,7,,,,,
9299892333,2026-01-31,104276246.0,260713117.0,7,,,,,
9299892333,2026-02-28,104276246.0,260713117.0,7,,,,,
9299892333,2026-03-31,104276246.0,260713117.0,7,408.0,2026-03-20,2026-03-28,2026-04-11,
9299892333,2026-04-30,104276246.0,260713117.0,7,,,,,
9299892333,2026-05-31,104276246.0,260713117.0,7,,,,,
9299892333,2026-06-30,104276246.0,260713117.0,7,,,,,
9299892333,2026-07-31,104276246.0,260713117.0,7,,,,,
9299892333,2026-08-31,104276246.0,260713117.0,7,,,,,
9299892333,2026-09-30,104276246.0,260713117.0,7,,,,,
9355646179,2025-10-31,3933631.0,6560162.0,4,,,,,
9355646179,2025-11-30,3933631.0,6560162.0,4,,,,,
9355646179,2025-12-31,3933631.0,6560162.0,4,409.0,2026-01-05,2026-01-14,2026-02-04,
9355646179,2026-01-31,4147485.0,6905012.0,4,410.0,2026-02-01,,,Musteri vazgecti
9355646179,2026-02-28,4147485.0,6905012.0,4,,,,,
9355646179,2026-03-31,4147485.0,6905012.0,4,,,,,
9355646179,2026-04-30,4147485.0,6905012.0,4,,,,,
9355646179,2026-05-31,4147485.0,6905012.0,4,,,,,
9355646179,2026-06-30,4147485.0,6905012.0,4,,,,,
9355646179,2026-07-31,4147485.0,6905012.0,4,,,,,
9355646179,2026-08-31,4147485.0,6905012.0,4,,,,,
9355646179,2026-09-30,4147485.0,6905012.0,4,,,,,
9532048228,2025-10-31,38879639.0,91560415.0,2,,,,,
9532048228,2025-11-30,38879639.0,91560415.0,2,,,,,
9532048228,2025-12-31,38504573.0,72924184.0,2,413.0,2025-12-31,2026-01-03,2026-01-15,
9532048228,2026-01-31,38504573.0,72924184.0,2,,,,,
9532048228,2026-02-28,41151764.0,61821782.0,2,,,,,
9532048228,2026-03-31,41151764.0,61821782.0,2,,,,,
9532048228,2026-04-30,41151764.0,61821782.0,2,,,,,
9532048228,2026-05-31,41151764.0,61821782.0,2,,,,,
9532048228,2026-06-30,46536824.0,136267516.0,2,,,,,
9532048228,2026-07-31,46536824.0,136267516.0,2,,,,,
9532048228,2026-08-31,46536824.0,136267516.0,2,,,,,
9532048228,2026-09-30,46536824.0,136267516.0,2,,,,,
9403170889,2025-10-31,41532298.0,82360628.0,1,,,,,
9403170889,2025-11-30,41532298.0,82360628.0,1,416.0,2025-11-27,2025-11-28,2025-12-17,
9403170889,2025-12-31,39280758.0,81048617.0,1,417.0,2025-12-10,,,Not dusuk
9403170889,2026-01-31,39280758.0,81048617.0,1,,,,,
9403170889,2026-02-28,39280758.0,81048617.0,1,,,,,
9403170889,2026-03-31,39280758.0,81048617.0,1,,,,,
9403170889,2026-04-30,39280758.0,81048617.0,1,,,,,
9403170889,2026-05-31,39280758.0,81048617.0,1,,,,,
9403170889,2026-06-30,39280758.0,81048617.0,1,,,,,
9403170889,2026-07-31,39280758.0,81048617.0,1,,,,,
9403170889,2026-08-31,39280758.0,81048617.0,1,,,,,
9403170889,2026-09-30,39280758.0,81048617.0,1,,,,,
9953158515,2025-10-31,7114761.0,15286897.0,2,,,,,
9953158515,2025-11-30,7114761.0,15286897.0,2,,,,,
9953158515,2025-12-31,7114761.0,15286897.0,2,418.0,2025-12-08,,,Musteri vazgecti
9953158515,2026-01-31,7114761.0,15286897.0,2,,,,,
9953158515,2026-02-28,7114761.0,15286897.0,2,,,,,
9953158515,2026-03-31,8994295.0,13683235.0,2,419.0,2026-03-10,2026-03-14,2026-03-26,
9953158515,2026-04-30,8333988.0,12109232.0,2,420.0,2026-04-17,,,Musteri vazgecti
9953158515,2026-05-31,8333988.0,12109232.0,2,,,,,
9953158515,2026-06-30,8077202.0,13786153.0,2,,,,,
9953158515,2026-07-31,9274142.0,22568174.0,2,,,,,
9953158515,2026-08-31,9274142.0,22568174.0,2,,,,,
9953158515,2026-09-30,9274142.0,22568174.0,2,,,,,
9546044570,2025-10-31,8295145.0,12467517.0,2,,,,,
9546044570,2025-11-30,8295145.0,12467517.0,2,,,,,
9546044570,2025-12-31,8295145.0,12467517.0,2,,,,,
9546044570,2026-01-31,8295145.0,12467517.0,2,423.0,2026-01-19,,,Teminat yetersiz
9546044570,2026-02-28,8295145.0,12467517.0,2,,,,,
9546044570,2026-03-31,8295145.0,12467517.0,2,,,,,
9546044570,2026-04-30,8295145.0,12467517.0,2,,,,,
9546044570,2026-05-31,8295145.0,12467517.0,2,,,,,
9546044570,2026-06-30,8295145.0,12467517.0,2,,,,,
9546044570,2026-07-31,8295145.0,12467517.0,2,,,,,
9546044570,2026-08-31,8295145.0,12467517.0,2,,,,,
9546044570,2026-09-30,9566958.0,17897259.0,2,,,,,
9775374339,2025-10-31,52589018.0,92200761.0,3,,,,,
9775374339,2025-11-30,52589018.0,92200761.0,3,,,,,
9775374339,2025-12-31,73233767.0,151941921.0,3,,,,,
9775374339,2026-01-31,73233767.0,151941921.0,3,,,,,
9775374339,2026-02-28,73233767.0,151941921.0,3,,,,,
9775374339,2026-03-31,73233767.0,151941921.0,3,,,,,
9775374339,2026-04-30,73233767.0,151941921.0,3,,,,,
9775374339,2026-05-31,73233767.0,151941921.0,3,,,,,
9775374339,2026-06-30,73233767.0,151941921.0,3,,,,,
9775374339,2026-07-31,115106541.0,197309818.0,3,,,,,
9775374339,2026-08-31,115106541.0,197309818.0,3,,,,,
9775374339,2026-09-30,115106541.0,197309818.0,3,,,,,
9145792660,2025-10-31,65110178.0,110851227.0,6,,,,,
9145792660,2025-11-30,54526721.0,100404367.0,6,428.0,2025-11-26,,,Teminat yetersiz
9145792660,2025-12-31,54526721.0,100404367.0,6,,,,,
9145792660,2026-01-31,54526721.0,100404367.0,6,,,,,
9145792660,2026-02-28,80108765.0,136517907.0,6,430.0,2026-03-03,2026-03-11,2026-03-31,
9145792660,2026-03-31,80108765.0,136517907.0,6,,,,,
9145792660,2026-04-30,80108765.0,136517907.0,6,,,,,
9145792660,2026-05-31,100986503.0,171824733.0,6,431.0,2026-06-01,,,Musteri vazgecti
9145792660,2026-06-30,100986503.0,171824733.0,6,,,,,
9145792660,2026-07-31,100986503.0,171824733.0,6,,,,,
9145792660,2026-08-31,100986503.0,171824733.0,6,,,,,
9145792660,2026-09-30,100986503.0,171824733.0,6,,,,,
9761284833,2025-10-31,2291750.0,5388180.0,4,,,,,
9761284833,2025-11-30,2291750.0,5388180.0,4,,,,,
9761284833,2025-12-31,2291750.0,5388180.0,4,,,,,
9761284833,2026-01-31,2291750.0,5388180.0,4,,,,,
9761284833,2026-02-28,2291750.0,5388180.0,4,,,,,
9761284833,2026-03-31,2291750.0,5388180.0,4,,,,,
9761284833,2026-04-30,2291750.0,5388180.0,4,,,,,
9761284833,2026-05-31,2291750.0,5388180.0,4,,,,,
9761284833,2026-06-30,2291750.0,5388180.0,4,,,,,
9761284833,2026-07-31,2291750.0,5388180.0,4,,,,,
9761284833,2026-08-31,2291750.0,5388180.0,4,,,,,
9761284833,2026-09-30,2291750.0,5388180.0,4,,,,,
9819143736,2025-10-31,96787467.0,130182386.0,5,,,,,
9819143736,2025-11-30,96787467.0,130182386.0,5,433.0,2025-12-05,2025-12-12,2025-12-13,
9819143736,2025-12-31,97100792.0,157525856.0,5,434.0,2026-01-01,2026-01-04,2026-01-21,
9819143736,2026-01-31,97100792.0,157525856.0,5,,,,,
9819143736,2026-02-28,97100792.0,157525856.0,5,,,,,
9819143736,2026-03-31,97100792.0,157525856.0,5,,,,,
9819143736,2026-04-30,97100792.0,157525856.0,5,,,,,
9819143736,2026-05-31,97100792.0,157525856.0,5,,,,,
9819143736,2026-06-30,97100792.0,157525856.0,5,,,,,
9819143736,2026-07-31,97100792.0,157525856.0,5,,,,,
9819143736,2026-08-31,157007371.0,213331965.0,5,435.0,2026-09-01,2026-09-05,2026-09-29,
9819143736,2026-09-30,177185588.0,239949334.0,5,,,,,
9498306165,2025-10-31,21398255.0,42693843.0,5,437.0,2025-11-02,2025-11-07,2025-11-18,
9498306165,2025-11-30,21398255.0,42693843.0,5,,,,,
9498306165,2025-12-31,21398255.0,42693843.0,5,,,,,
9498306165,2026-01-31,21398255.0,42693843.0,5,,,,,
9498306165,2026-02-28,21398255.0,42693843.0,5,,,,,
9498306165,2026-03-31,21398255.0,42693843.0,5,,,,,
9498306165,2026-04-30,21398255.0,42693843.0,5,,,,,
9498306165,2026-05-31,32222092.0,44751335.0,5,,,,,
9498306165,2026-06-30,34753009.0,66838817.0,5,439.0,2026-07-11,2026-07-15,2026-07-19,
9498306165,2026-07-31,34753009.0,66838817.0,5,,,,,
9498306165,2026-08-31,34753009.0,66838817.0,5,,,,,
9498306165,2026-09-30,34753009.0,66838817.0,5,,,,,
9578451626,2025-10-31,4876351.0,11519011.0,4,,,,,
9578451626,2025-11-30,4876351.0,11519011.0,4,,,,,
9578451626,2025-12-31,4876351.0,11519011.0,4,,,,,
9578451626,2026-01-31,4876351.0,11519011.0,4,,,,,
9578451626,2026-02-28,4876351.0,11519011.0,4,,,,,
9578451626,2026-03-31,4876351.0,11519011.0,4,,,,,
9578451626,2026-04-30,4876351.0,11519011.0,4,,,,,
9578451626,2026-05-31,4876351.0,11519011.0,4,,,,,
9578451626,2026-06-30,4876351.0,11519011.0,4,,,,,
9578451626,2026-07-31,4876351.0,11519011.0,4,,,,,
9578451626,2026-08-31,4876351.0,11519011.0,4,,,,,
9578451626,2026-09-30,4876351.0,11519011.0,4,,,,,
9379405529,2025-10-31,5178044.0,9037693.0,2,441.0,2025-10-19,2025-10-21,2025-11-16,
9379405529,2025-11-30,5244727.0,9331919.0,2,,,,,
9379405529,2025-12-31,5244727.0,9331919.0,2,,,,,
9379405529,2026-01-31,5129963.0,8261551.0,2,,,,,
9379405529,2026-02-28,5129963.0,8261551.0,2,,,,,
9379405529,2026-03-31,5129963.0,8261551.0,2,,,,,
9379405529,2026-04-30,5129963.0,8261551.0,2,,,,,
9379405529,2026-05-31,5129963.0,8261551.0,2,,,,,
9379405529,2026-06-30,5129963.0,8261551.0,2,,,,,
9379405529,2026-07-31,5129963.0,8261551.0,2,,,,,
9379405529,2026-08-31,5475946.0,12143040.0,2,,,,,
9379405529,2026-09-30,5475946.0,12143040.0,2,,,,,
9414607250,2025-10-31,12110226.0,23408321.0,1,,,,,
9414607250,2025-11-30,12110226.0,23408321.0,1,,,,,
9414607250,2025-12-31,12110226.0,23408321.0,1,,,,,
9414607250,2026-01-31,12110226.0,23408321.0,1,,,,,
9414607250,2026-02-28,12110226.0,23408321.0,1,,,,,
9414607250,2026-03-31,12110226.0,23408321.0,1,445.0,2026-04-01,2026-04-08,2026-04-30,
9414607250,2026-04-30,12110226.0,23408321.0,1,,,,,
9414607250,2026-05-31,12110226.0,23408321.0,1,,,,,
9414607250,2026-06-30,12110226.0,23408321.0,1,,,,,
9414607250,2026-07-31,12110226.0,23408321.0,1,,,,,
9414607250,2026-08-31,12110226.0,23408321.0,1,,,,,
9414607250,2026-09-30,18714974.0,36727374.0,1,447.0,2026-09-25,2026-10-02,2026-10-17,Risk
9912603418,2025-10-31,6912841.0,16114181.0,2,,,,,
9912603418,2025-11-30,6912841.0,16114181.0,2,448.0,2025-12-07,,,Risk
9912603418,2025-12-31,6912841.0,16114181.0,2,,,,,
9912603418,2026-01-31,6912841.0,16114181.0,2,,,,,
9912603418,2026-02-28,6912841.0,16114181.0,2,,,,,
9912603418,2026-03-31,6912841.0,16114181.0,2,,,,,
9912603418,2026-04-30,6912841.0,16114181.0,2,,,,,
9912603418,2026-05-31,7158857.0,13890994.0,2,,,,,
9912603418,2026-06-30,7158857.0,13890994.0,2,,,,,
9912603418,2026-07-31,7158857.0,13890994.0,2,,,,,
9912603418,2026-08-31,6606929.0,13784592.0,2,,,,,
9912603418,2026-09-30,6606929.0,13784592.0,2,,,,,
9361872311,2025-10-31,3181172.0,7971209.0,1,,,,,
9361872311,2025-11-30,3181172.0,7971209.0,1,,,,,
9361872311,2025-12-31,3181172.0,7971209.0,1,,,,,
9361872311,2026-01-31,3181172.0,7971209.0,1,,,,,
9361872311,2026-02-28,3181172.0,7971209.0,1,,,,,
9361872311,2026-03-31,3181172.0,7971209.0,1,,,,,
9361872311,2026-04-30,3392773.0,9525928.0,1,452.0,2026-05-05,2026-05-14,2026-05-20,
9361872311,2026-05-31,3395413.0,6740865.0,1,453.0,2026-05-13,,,Risk
9361872311,2026-06-30,3395413.0,6740865.0,1,,,,,
9361872311,2026-07-31,3395413.0,6740865.0,1,,,,,
9361872311,2026-08-31,3395413.0,6740865.0,1,,,,,
9361872311,2026-09-30,3395413.0,6740865.0,1,,,,,
9155149048,2025-10-31,26513236.0,29553624.0,6,,,,,
9155149048,2025-11-30,26513236.0,29553624.0,6,,,,,
9155149048,2025-12-31,26513236.0,29553624.0,6,,,,,
9155149048,2026-01-31,26513236.0,29553624.0,6,,,,,
9155149048,2026-02-28,26513236.0,29553624.0,6,,,,,
9155149048,2026-03-31,27019892.0,31270148.0,6,,,,,
9155149048,2026-04-30,27019892.0,31270148.0,6,,,,,
9155149048,2026-05-31,27019892.0,31270148.0,6,,,,,
9155149048,2026-06-30,27019892.0,31270148.0,6,,,,,
9155149048,2026-07-31,28425415.0,30979549.0,6,,,,,
9155149048,2026-08-31,29515703.0,32340934.0,6,,,,,
9155149048,2026-09-30,29515703.0,32340934.0,6,,,,,
9622216194,2025-10-31,20150542.0,31902960.0,5,,,,,
9622216194,2025-11-30,20150542.0,31902960.0,5,,,,,
9622216194,2025-12-31,20150542.0,31902960.0,5,,,,,
9622216194,2026-01-31,20150542.0,31902960.0,5,,,,,
9622216194,2026-02-28,20150542.0,31902960.0,5,,,,,
9622216194,2026-03-31,20150542.0,31902960.0,5,,,,,
9622216194,2026-04-30,21067056.0,25050335.0,5,,,,,
9622216194,2026-05-31,21067056.0,25050335.0,5,,,,,
9622216194,2026-06-30,21067056.0,25050335.0,5,,,,,
9622216194,2026-07-31,21081391.0,26636011.0,5,,,,,
9622216194,2026-08-31,21081391.0,26636011.0,5,,,,,
9622216194,2026-09-30,21081391.0,26636011.0,5,,,,,
9376779777,2025-10-31,12242830.0,18351437.0,1,,,,,
9376779777,2025-11-30,12242830.0,18351437.0,1,,,,,
9376779777,2025-12-31,12242830.0,18351437.0,1,,,,,
9376779777,2026-01-31,12242830.0,18351437.0,1,,,,,
9376779777,2026-02-28,12242830.0,18351437.0,1,,,,,
9376779777,2026-03-31,12242830.0,18351437.0,1,,,,,
9376779777,2026-04-30,12242830.0,18351437.0,1,,,,,
9376779777,2026-05-31,12242830.0,18351437.0,1,,,,,
9376779777,2026-06-30,12242830.0,18351437.0,1,,,,,
9376779777,2026-07-31,13523745.0,19886073.0,1,,,,,
9376779777,2026-08-31,13523745.0,19886073.0,1,,,,,
9376779777,2026-09-30,13253019.0,24250217.0,1,,,,,
9502653476,2025-10-31,22203824.0,43811084.0,5,,,,,
9502653476,2025-11-30,22203824.0,43811084.0,5,,,,,
9502653476,2025-12-31,22203824.0,43811084.0,5,,,,,
9502653476,2026-01-31,22203824.0,43811084.0,5,,,,,
9502653476,2026-02-28,22203824.0,43811084.0,5,,,,,
9502653476,2026-03-31,22203824.0,43811084.0,5,,,,,
9502653476,2026-04-30,22203824.0,43811084.0,5,,,,,
9502653476,2026-05-31,22203824.0,43811084.0,5,,,,,
9502653476,2026-06-30,22203824.0,43811084.0,5,,,,,
9502653476,2026-07-31,22203824.0,43811084.0,5,467.0,2026-07-20,2026-07-27,2026-08-20,
9502653476,2026-08-31,22203824.0,43811084.0,5,,,,,
9502653476,2026-09-30,22203824.0,43811084.0,5,,,,,
9478637566,2025-10-31,2014739.0,3746334.0,1,,,,,
9478637566,2025-11-30,2014739.0,3746334.0,1,,,,,
9478637566,2025-12-31,2014739.0,3746334.0,1,,,,,
9478637566,2026-01-31,2014739.0,3746334.0,1,,,,,
9478637566,2026-02-28,2014739.0,3746334.0,1,,,,,
9478637566,2026-03-31,2014739.0,3746334.0,1,,,,,
9478637566,2026-04-30,2014739.0,3746334.0,1,,,,,
9478637566,2026-05-31,2014739.0,3746334.0,1,,,,,
9478637566,2026-06-30,2014739.0,3746334.0,1,,,,,
9478637566,2026-07-31,2014739.0,3746334.0,1,,,,,
9478637566,2026-08-31,2014739.0,3746334.0,1,,,,,
9478637566,2026-09-30,2242174.0,3616351.0,1,469.0,2026-10-06,,,Musteri vazgecti
9819573704,2025-10-31,21646407.0,65941789.0,5,,,,,
9819573704,2025-11-30,21646407.0,65941789.0,5,,,,,
9819573704,2025-12-31,21646407.0,65941789.0,5,,,,,
9819573704,2026-01-31,21646407.0,65941789.0,5,,,,,
9819573704,2026-02-28,21646407.0,65941789.0,5,,,,,
9819573704,2026-03-31,21646407.0,65941789.0,5,,,,,
9819573704,2026-04-30,21646407.0,65941789.0,5,,,,,
9819573704,2026-05-31,20586954.0,53719568.0,5,,,,,
9819573704,2026-06-30,18216871.0,55006253.0,5,,,,,
9819573704,2026-07-31,18216871.0,55006253.0,5,,,,,
9819573704,2026-08-31,18216871.0,55006253.0,5,,,,,
9819573704,2026-09-30,18216871.0,55006253.0,5,,,,,
9870768667,2025-10-31,8175571.0,20545536.0,3,,,,,
9870768667,2025-11-30,8175571.0,20545536.0,3,,,,,
9870768667,2025-12-31,8175571.0,20545536.0,3,,,,,
9870768667,2026-01-31,8175571.0,20545536.0,3,,,,,
9870768667,2026-02-28,8175571.0,20545536.0,3,,,,,
9870768667,2026-03-31,8175571.0,20545536.0,3,473.0,2026-03-16,,,Risk
9870768667,2026-04-30,8175571.0,20545536.0,3,,,,,
9870768667,2026-05-31,8175571.0,20545536.0,3,,,,,
9870768667,2026-06-30,8175571.0,20545536.0,3,,,,,
9870768667,2026-07-31,8175571.0,20545536.0,3,,,,,
9870768667,2026-08-31,8175571.0,20545536.0,3,,,,,
9870768667,2026-09-30,8175571.0,20545536.0,3,,,,,
9777398662,2025-10-31,4592939.0,12246711.0,1,,,,,
9777398662,2025-11-30,3482219.0,8381151.0,1,,,,,
9777398662,2025-12-31,2923433.0,7715503.0,1,476.0,2025-12-29,,,Risk
9777398662,2026-01-31,2923433.0,7715503.0,1,,,,,
9777398662,2026-02-28,1652668.0,3668079.0,1,,,,,
9777398662,2026-03-31,1652668.0,3668079.0,1,,,,,
9777398662,2026-04-30,1652668.0,3668079.0,1,,,,,
9777398662,2026-05-31,1652668.0,3668079.0,1,,,,,
9777398662,2026-06-30,0.0,4358616.0,1,478.0,2026-07-03,2026-07-05,2026-07-15,
9777398662,2026-07-31,0.0,4358616.0,1,,,,,
9777398662,2026-08-31,0.0,4358616.0,1,,,,,
9777398662,2026-09-30,0.0,4358616.0,1,,,,,
9365517287,2025-10-31,105174348.0,295184154.0,3,479.0,2025-10-10,,,Risk
9365517287,2025-11-30,105174348.0,295184154.0,3,,,,,
9365517287,2025-12-31,105174348.0,295184154.0,3,,,,,
9365517287,2026-01-31,105174348.0,295184154.0,3,,,,,
9365517287,2026-02-28,105174348.0,295184154.0,3,,,,,
9365517287,2026-03-31,105174348.0,295184154.0,3,,,,,
9365517287,2026-04-30,105174348.0,295184154.0,3,,,,,
9365517287,2026-05-31,39548357.0,93652802.0,3,,,,,
9365517287,2026-06-30,39548357.0,93652802.0,3,,,,,
9365517287,2026-07-31,9708225.0,24954085.0,3,483.0,2026-07-27,,,Musteri vazgecti
9365517287,2026-08-31,9708225.0,24954085.0,3,,,,,
9365517287,2026-09-30,0.0,98477094.0,3,,,,,
9659675827,2025-10-31,1852790.0,2738112.0,3,,,,,
9659675827,2025-11-30,1852790.0,2738112.0,3,,,,,
9659675827,2025-12-31,1852790.0,2738112.0,3,,,,,
9659675827,2026-01-31,1852790.0,2738112.0,3,,,,,
9659675827,2026-02-28,1852790.0,2738112.0,3,,,,,
9659675827,2026-03-31,1852790.0,2738112.0,3,,,,,
9659675827,2026-04-30,1852790.0,2738112.0,3,,,,,
9659675827,2026-05-31,1852790.0,2738112.0,3,,,,,
9659675827,2026-06-30,1852790.0,2738112.0,3,,,,,
9659675827,2026-07-31,1852790.0,2738112.0,3,,,,,
9659675827,2026-08-31,1852790.0,2738112.0,3,,,,,
9659675827,2026-09-30,2243942.0,3265213.0,3,,,,,
9724186422,2025-10-31,6401996.0,9435690.0,1,,,,,
9724186422,2025-11-30,6401996.0,9435690.0,1,,,,,
9724186422,2025-12-31,6401996.0,9435690.0,1,,,,,
9724186422,2026-01-31,6401996.0,9435690.0,1,488.0,2026-02-01,2026-02-08,2026-02-22,
9724186422,2026-02-28,6979057.0,9593862.0,1,,,,,
9724186422,2026-03-31,6979057.0,9593862.0,1,,,,,
9724186422,2026-04-30,6979057.0,9593862.0,1,,,,,
9724186422,2026-05-31,6979057.0,9593862.0,1,,,,,
9724186422,2026-06-30,6979057.0,9593862.0,1,,,,,
9724186422,2026-07-31,6979057.0,9593862.0,1,,,,,
9724186422,2026-08-31,6979057.0,9593862.0,1,,,,,
9724186422,2026-09-30,6979057.0,9593862.0,1,,,,,
9776155155,2025-10-31,61267104.0,82879622.0,5,,,,,
9776155155,2025-11-30,61464172.0,82879622.0,5,,,,,
9776155155,2025-12-31,61408140.0,82879622.0,5,,,,,
9776155155,2026-01-31,59517706.0,82879622.0,5,,,,,
9776155155,2026-02-28,61776205.0,82879622.0,5,,,,,
9776155155,2026-03-31,59194359.0,82879622.0,5,,,,,
9776155155,2026-04-30,58977996.0,82879622.0,5,,,,,
9776155155,2026-05-31,59048073.0,82879622.0,5,,,,,
9776155155,2026-06-30,57744080.0,82879622.0,5,,,,,
9776155155,2026-07-31,59871667.0,82879622.0,5,,,,,
9776155155,2026-08-31,58897522.0,82879622.0,5,,,,,
9776155155,2026-09-30,62009691.0,82879622.0,5,,,,,
9300131134,2025-10-31,89792663.0,239325400.0,3,,,,,
9300131134,2025-11-30,89792663.0,239325400.0,3,,,,,
9300131134,2025-12-31,89792663.0,239325400.0,3,,,,,
9300131134,2026-01-31,89792663.0,239325400.0,3,,,,,
9300131134,2026-02-28,89792663.0,239325400.0,3,,,,,
9300131134,2026-03-31,89792663.0,239325400.0,3,,,,,
9300131134,2026-04-30,89792663.0,239325400.0,3,,,,,
9300131134,2026-05-31,89792663.0,239325400.0,3,,,,,
9300131134,2026-06-30,89792663.0,239325400.0,3,,,,,
9300131134,2026-07-31,89792663.0,239325400.0,3,,,,,
9300131134,2026-08-31,89792663.0,239325400.0,3,,,,,
9300131134,2026-09-30,89792663.0,239325400.0,3,,,,,
9846774918,2025-10-31,64969271.0,189849205.0,4,,,,,
9846774918,2025-11-30,64969271.0,189849205.0,4,,,,,
9846774918,2025-12-31,64969271.0,189849205.0,4,,,,,
9846774918,2026-01-31,64969271.0,189849205.0,4,,,,,
9846774918,2026-02-28,64969271.0,189849205.0,4,,,,,
9846774918,2026-03-31,64969271.0,189849205.0,4,,,,,
9846774918,2026-04-30,64969271.0,189849205.0,4,,,,,
9846774918,2026-05-31,64969271.0,189849205.0,4,,,,,
9846774918,2026-06-30,64969271.0,189849205.0,4,,,,,
9846774918,2026-07-31,64969271.0,189849205.0,4,491.0,2026-08-05,,,Musteri vazgecti
9846774918,2026-08-31,64969271.0,189849205.0,4,,,,,
9846774918,2026-09-30,64969271.0,189849205.0,4,,,,,
9586451252,2025-10-31,3801474.0,5166013.0,2,,,,,
9586451252,2025-11-30,3801474.0,5166013.0,2,,,,,
9586451252,2025-12-31,3801474.0,5166013.0,2,,,,,
9586451252,2026-01-31,3801474.0,5166013.0,2,,,,,
9586451252,2026-02-28,3801474.0,5166013.0,2,492.0,2026-03-02,2026-03-10,2026-03-21,
9586451252,2026-03-31,3834382.0,6389501.0,2,493.0,2026-03-07,2026-03-10,2026-03-30,
9586451252,2026-04-30,3834382.0,6389501.0,2,,,,,
9586451252,2026-05-31,3834382.0,6389501.0,2,,,,,
9586451252,2026-06-30,3834382.0,6389501.0,2,,,,,
9586451252,2026-07-31,3834382.0,6389501.0,2,,,,,
9586451252,2026-08-31,3834382.0,6389501.0,2,,,,,
9586451252,2026-09-30,6775743.0,12692120.0,2,494.0,2026-09-28,2026-10-01,2026-10-18,
9963085302,2025-10-31,345416907.0,452646448.0,1,,,,,
9963085302,2025-11-30,345416907.0,452646448.0,1,,,,,
9963085302,2025-12-31,345416907.0,452646448.0,1,,,,,
9963085302,2026-01-31,345416907.0,452646448.0,1,,,,,
9963085302,2026-02-28,345416907.0,452646448.0,1,,,,,
9963085302,2026-03-31,345416907.0,452646448.0,1,,,,,
9963085302,2026-04-30,345416907.0,452646448.0,1,,,,,
9963085302,2026-05-31,345416907.0,452646448.0,1,,,,,
9963085302,2026-06-30,345416907.0,452646448.0,1,,,,,
9963085302,2026-07-31,345416907.0,452646448.0,1,,,,,
9963085302,2026-08-31,357036006.0,552395383.0,1,496.0,2026-08-20,2026-08-25,2026-08-27,
9963085302,2026-09-30,357036006.0,552395383.0,1,,,,,
9164665301,2025-10-31,59822188.0,128599930.0,4,,,,,
9164665301,2025-11-30,59822188.0,128599930.0,4,,,,,
9164665301,2025-12-31,59822188.0,128599930.0,4,,,,,
9164665301,2026-01-31,50180396.0,102751838.0,4,,,,,
9164665301,2026-02-28,50180396.0,102751838.0,4,,,,,
9164665301,2026-03-31,53009571.0,66991063.0,4,,,,,
9164665301,2026-04-30,56343710.0,69266184.0,4,,,,,
9164665301,2026-05-31,56343710.0,69266184.0,4,,,,,
9164665301,2026-06-30,61287581.0,88142379.0,4,,,,,
9164665301,2026-07-31,61287581.0,88142379.0,4,,,,,
9164665301,2026-08-31,61287581.0,88142379.0,4,,,,,
9164665301,2026-09-30,61287581.0,88142379.0,4,,,,,
9401390819,2025-10-31,90323056.0,127047988.0,3,,,,,
9401390819,2025-11-30,88106193.0,127047988.0,3,,,,,
9401390819,2025-12-31,89791341.0,127047988.0,3,,,,,
9401390819,2026-01-31,88809759.0,127047988.0,3,,,,,
9401390819,2026-02-28,91997196.0,127047988.0,3,,,,,
9401390819,2026-03-31,93621377.0,127047988.0,3,,,,,
9401390819,2026-04-30,88593984.0,127047988.0,3,,,,,
9401390819,2026-05-31,91849585.0,127047988.0,3,,,,,
9401390819,2026-06-30,92640488.0,127047988.0,3,,,,,
9401390819,2026-07-31,89568930.0,127047988.0,3,,,,,
9401390819,2026-08-31,90635451.0,127047988.0,3,,,,,
9401390819,2026-09-30,89467344.0,127047988.0,3,,,,,
9630071989,2025-10-31,188712260.0,620150425.0,4,,,,,
9630071989,2025-11-30,188712260.0,620150425.0,4,,,,,
9630071989,2025-12-31,207581302.0,380609428.0,4,503.0,2025-12-24,2025-12-31,2026-01-07,
9630071989,2026-01-31,207581302.0,380609428.0,4,,,,,
9630071989,2026-02-28,207581302.0,380609428.0,4,,,,,
9630071989,2026-03-31,207581302.0,380609428.0,4,,,,,
9630071989,2026-04-30,207581302.0,380609428.0,4,,,,,
9630071989,2026-05-31,192412275.0,400368204.0,4,505.0,2026-05-15,,,Musteri vazgecti
9630071989,2026-06-30,192412275.0,400368204.0,4,,,,,
9630071989,2026-07-31,192412275.0,400368204.0,4,,,,,
9630071989,2026-08-31,192412275.0,400368204.0,4,,,,,
9630071989,2026-09-30,192412275.0,400368204.0,4,,,,,
9681555488,2025-10-31,6629368.0,11135787.0,6,,,,,
9681555488,2025-11-30,6629368.0,11135787.0,6,507.0,2025-11-21,2025-11-26,2025-11-28,
9681555488,2025-12-31,6629368.0,11135787.0,6,,,,,
9681555488,2026-01-31,6629368.0,11135787.0,6,,,,,
9681555488,2026-02-28,6629368.0,11135787.0,6,,,,,
9681555488,2026-03-31,6629368.0,11135787.0,6,,,,,
9681555488,2026-04-30,6629368.0,11135787.0,6,,,,,
9681555488,2026-05-31,6629368.0,11135787.0,6,,,,,
9681555488,2026-06-30,6629368.0,11135787.0,6,,,,,
9681555488,2026-07-31,6629368.0,11135787.0,6,,,,,
9681555488,2026-08-31,6629368.0,11135787.0,6,,,,,
9681555488,2026-09-30,6629368.0,11135787.0,6,,,,,
9128934178,2025-10-31,11764131.0,16645733.0,2,,,,,
9128934178,2025-11-30,12419426.0,16645733.0,2,,,,,
9128934178,2025-12-31,11554511.0,16645733.0,2,,,,,
9128934178,2026-01-31,11829771.0,16645733.0,2,,,,,
9128934178,2026-02-28,12010710.0,16645733.0,2,,,,,
9128934178,2026-03-31,11941250.0,16645733.0,2,,,,,
9128934178,2026-04-30,12421213.0,16645733.0,2,,,,,
9128934178,2026-05-31,11680938.0,16645733.0,2,,,,,
9128934178,2026-06-30,11744316.0,16645733.0,2,,,,,
9128934178,2026-07-31,12003573.0,16645733.0,2,,,,,
9128934178,2026-08-31,12004387.0,16645733.0,2,,,,,
9128934178,2026-09-30,12231571.0,16645733.0,2,,,,,
9250628499,2025-10-31,34298082.0,79169005.0,4,,,,,
9250628499,2025-11-30,34298082.0,79169005.0,4,,,,,
9250628499,2025-12-31,34298082.0,79169005.0,4,,,,,
9250628499,2026-01-31,34298082.0,79169005.0,4,,,,,
9250628499,2026-02-28,34298082.0,79169005.0,4,,,,,
9250628499,2026-03-31,34298082.0,79169005.0,4,,,,,
9250628499,2026-04-30,45010130.0,70993771.0,4,511.0,2026-04-29,2026-05-01,2026-05-08,
9250628499,2026-05-31,45010130.0,70993771.0,4,,,,,
9250628499,2026-06-30,45010130.0,70993771.0,4,,,,,
9250628499,2026-07-31,45010130.0,70993771.0,4,,,,,
9250628499,2026-08-31,45010130.0,70993771.0,4,,,,,
9250628499,2026-09-30,45010130.0,70993771.0,4,,,,,
9377257875,2025-10-31,14040187.0,17812487.0,5,512.0,2025-10-20,2025-10-25,2025-11-09,
9377257875,2025-11-30,14040187.0,17812487.0,5,,,,,
9377257875,2025-12-31,14040187.0,17812487.0,5,,,,,
9377257875,2026-01-31,14040187.0,17812487.0,5,,,,,
9377257875,2026-02-28,14040187.0,17812487.0,5,,,,,
9377257875,2026-03-31,14040187.0,17812487.0,5,,,,,
9377257875,2026-04-30,16031231.0,21619961.0,5,,,,,
9377257875,2026-05-31,16031231.0,21619961.0,5,,,,,
9377257875,2026-06-30,16031231.0,21619961.0,5,,,,,
9377257875,2026-07-31,16031231.0,21619961.0,5,,,,,
9377257875,2026-08-31,16031231.0,21619961.0,5,,,,,
9377257875,2026-09-30,16031231.0,21619961.0,5,,,,,
9915212667,2025-10-31,6599537.0,19425136.0,4,,,,,
9915212667,2025-11-30,6599537.0,19425136.0,4,,,,,
9915212667,2025-12-31,6599537.0,19425136.0,4,,,,,
9915212667,2026-01-31,6599537.0,19425136.0,4,,,,,
9915212667,2026-02-28,6599537.0,19425136.0,4,,,,,
9915212667,2026-03-31,6599537.0,19425136.0,4,,,,,
9915212667,2026-04-30,6599537.0,19425136.0,4,,,,,
9915212667,2026-05-31,6599537.0,19425136.0,4,,,,,
9915212667,2026-06-30,6599537.0,19425136.0,4,,,,,
9915212667,2026-07-31,6599537.0,19425136.0,4,,,,,
9915212667,2026-08-31,6599537.0,19425136.0,4,,,,,
9915212667,2026-09-30,6599537.0,19425136.0,4,,,,,
9423995062,2025-10-31,88371427.0,144568625.0,4,,,,,
9423995062,2025-11-30,88371427.0,144568625.0,4,,,,,
9423995062,2025-12-31,88371427.0,144568625.0,4,,,,,
9423995062,2026-01-31,88371427.0,144568625.0,4,515.0,2026-01-20,,,Musteri vazgecti
9423995062,2026-02-28,88371427.0,144568625.0,4,,,,,
9423995062,2026-03-31,88371427.0,144568625.0,4,,,,,
9423995062,2026-04-30,88371427.0,144568625.0,4,,,,,
9423995062,2026-05-31,97345149.0,174135358.0,4,516.0,2026-05-29,2026-06-05,2026-06-26,
9423995062,2026-06-30,97345149.0,174135358.0,4,,,,,
9423995062,2026-07-31,97345149.0,174135358.0,4,,,,,
9423995062,2026-08-31,97345149.0,174135358.0,4,,,,,
9423995062,2026-09-30,97345149.0,174135358.0,4,,,,,
9713997692,2025-10-31,1680013.0,3345208.0,3,,,,,
9713997692,2025-11-30,1680013.0,3345208.0,3,,,,,
9713997692,2025-12-31,1680013.0,3345208.0,3,,,,,
9713997692,2026-01-31,1680013.0,3345208.0,3,,,,,
9713997692,2026-02-28,1680013.0,3345208.0,3,,,,,
9713997692,2026-03-31,1680013.0,3345208.0,3,,,,,
9713997692,2026-04-30,1680013.0,3345208.0,3,,,,,
9713997692,2026-05-31,1680013.0,3345208.0,3,,,,,
9713997692,2026-06-30,1680013.0,3345208.0,3,,,,,
9713997692,2026-07-31,1628761.0,2872163.0,3,518.0,2026-08-09,2026-08-10,2026-08-21,
9713997692,2026-08-31,1628761.0,2872163.0,3,,,,,
9713997692,2026-09-30,1628761.0,2872163.0,3,,,,,
9991250278,2025-10-31,13400191.0,23334535.0,3,,,,,
9991250278,2025-11-30,13400191.0,23334535.0,3,,,,,
9991250278,2025-12-31,13400191.0,23334535.0,3,,,,,
9991250278,2026-01-31,13400191.0,23334535.0,3,,,,,
9991250278,2026-02-28,13400191.0,23334535.0,3,,,,,
9991250278,2026-03-31,13400191.0,23334535.0,3,,,,,
9991250278,2026-04-30,13400191.0,23334535.0,3,,,,,
9991250278,2026-05-31,13400191.0,23334535.0,3,,,,,
9991250278,2026-06-30,13400191.0,23334535.0,3,,,,,
9991250278,2026-07-31,13400191.0,23334535.0,3,,,,,
9991250278,2026-08-31,13913940.0,27771083.0,3,,,,,
9991250278,2026-09-30,13913940.0,27771083.0,3,,,,,
9461781639,2025-10-31,67404005.0,110138516.0,4,,,,,
9461781639,2025-11-30,67404005.0,110138516.0,4,,,,,
9461781639,2025-12-31,67404005.0,110138516.0,4,521.0,2025-12-30,,,Musteri vazgecti
9461781639,2026-01-31,67404005.0,110138516.0,4,,,,,
9461781639,2026-02-28,67404005.0,110138516.0,4,,,,,
9461781639,2026-03-31,69160428.0,136376585.0,4,522.0,2026-04-03,2026-04-08,2026-05-02,
9461781639,2026-04-30,69160428.0,136376585.0,4,,,,,
9461781639,2026-05-31,69160428.0,136376585.0,4,,,,,
9461781639,2026-06-30,78875427.0,117068918.0,4,524.0,2026-06-27,2026-07-05,2026-07-13,
9461781639,2026-07-31,78875427.0,117068918.0,4,,,,,
9461781639,2026-08-31,78875427.0,117068918.0,4,,,,,
9461781639,2026-09-30,78875427.0,117068918.0,4,,,,,
9372881868,2025-10-31,1278657.0,2324481.0,4,,,,,
9372881868,2025-11-30,1474707.0,2124130.0,4,,,,,
9372881868,2025-12-31,1204868.0,1796052.0,4,,,,,
9372881868,2026-01-31,1204868.0,1796052.0,4,,,,,
9372881868,2026-02-28,1204868.0,1796052.0,4,,,,,
9372881868,2026-03-31,1204868.0,1796052.0,4,,,,,
9372881868,2026-04-30,1204868.0,1796052.0,4,,,,,
9372881868,2026-05-31,906807.0,964222.0,4,,,,,
9372881868,2026-06-30,906807.0,964222.0,4,,,,,
9372881868,2026-07-31,906807.0,964222.0,4,,,,,
9372881868,2026-08-31,906807.0,964222.0,4,,,,,
9372881868,2026-09-30,914354.0,923590.0,4,529.0,2026-09-17,,,Risk
9927384295,2025-10-31,526941.0,2136787.0,2,,,,,
9927384295,2025-11-30,526941.0,2136787.0,2,,,,,
9927384295,2025-12-31,526941.0,2136787.0,2,,,,,
9927384295,2026-01-31,526941.0,2136787.0,2,,,,,
9927384295,2026-02-28,526941.0,2136787.0,2,,,,,
9927384295,2026-03-31,0.0,2512727.0,2,,,,,
9927384295,2026-04-30,0.0,2512727.0,2,,,,,
9927384295,2026-05-31,0.0,2512727.0,2,,,,,
9927384295,2026-06-30,0.0,2512727.0,2,,,,,
9927384295,2026-07-31,0.0,2512727.0,2,,,,,
9927384295,2026-08-31,0.0,2512727.0,2,,,,,
9927384295,2026-09-30,0.0,2713899.0,2,,,,,
9388765066,2025-10-31,42388853.0,69090492.0,6,,,,,
9388765066,2025-11-30,42388853.0,69090492.0,6,,,,,
9388765066,2025-12-31,42388853.0,69090492.0,6,,,,,
9388765066,2026-01-31,42388853.0,69090492.0,6,,,,,
9388765066,2026-02-28,45089610.0,64515495.0,6,,,,,
9388765066,2026-03-31,45089610.0,64515495.0,6,,,,,
9388765066,2026-04-30,45089610.0,64515495.0,6,,,,,
9388765066,2026-05-31,45089610.0,64515495.0,6,,,,,
9388765066,2026-06-30,45089610.0,64515495.0,6,,,,,
9388765066,2026-07-31,45089610.0,64515495.0,6,,,,,
9388765066,2026-08-31,46110625.0,55451449.0,6,537.0,2026-08-27,2026-08-30,2026-09-05,
9388765066,2026-09-30,46110625.0,55451449.0,6,,,,,
9618130408,2025-10-31,1918479.0,3939777.0,6,,,,,
9618130408,2025-11-30,1918479.0,3939777.0,6,538.0,2025-11-05,2025-11-14,2025-11-19,
9618130408,2025-12-31,1918479.0,3939777.0,6,,,,,
9618130408,2026-01-31,1918479.0,3939777.0,6,,,,,
9618130408,2026-02-28,1542976.0,2416666.0,6,,,,,
9618130408,2026-03-31,1542976.0,2416666.0,6,,,,,
9618130408,2026-04-30,1542976.0,2416666.0,6,,,,,
9618130408,2026-05-31,1542976.0,2416666.0,6,,,,,
9618130408,2026-06-30,1542976.0,2416666.0,6,,,,,
9618130408,2026-07-31,1373785.0,1764392.0,6,,,,,
9618130408,2026-08-31,1574202.0,1861161.0,6,,,,,
9618130408,2026-09-30,1614213.0,1630518.0,6,542.0,2026-09-22,,,Teminat yetersiz
9400194933,2025-10-31,25185965.0,35693778.0,2,,,,,
9400194933,2025-11-30,25185965.0,35693778.0,2,,,,,
9400194933,2025-12-31,25185965.0,35693778.0,2,,,,,
9400194933,2026-01-31,25185965.0,35693778.0,2,543.0,2026-02-03,2026-02-06,2026-03-01,
9400194933,2026-02-28,25185965.0,35693778.0,2,,,,,
9400194933,2026-03-31,25185965.0,35693778.0,2,,,,,
9400194933,2026-04-30,31254784.0,64925803.0,2,,,,,
9400194933,2026-05-31,31389973.0,42085301.0,2,,,,,
9400194933,2026-06-30,31389973.0,42085301.0,2,,,,,
9400194933,2026-07-31,35982754.0,53603518.0,2,546.0,2026-07-07,2026-07-15,2026-08-01,
9400194933,2026-08-31,35982754.0,53603518.0,2,,,,,
9400194933,2026-09-30,35982754.0,53603518.0,2,,,,,
9865468790,2025-10-31,28657416.0,47193727.0,3,,,,,
9865468790,2025-11-30,28657416.0,47193727.0,3,,,,,
9865468790,2025-12-31,28657416.0,47193727.0,3,,,,,
9865468790,2026-01-31,28657416.0,47193727.0,3,,,,,
9865468790,2026-02-28,28657416.0,47193727.0,3,,,,,
9865468790,2026-03-31,30174588.0,45227280.0,3,548.0,2026-03-19,2026-03-25,2026-04-19,Not dusuk
9865468790,2026-04-30,30174588.0,45227280.0,3,,,,,
9865468790,2026-05-31,30174588.0,45227280.0,3,,,,,
9865468790,2026-06-30,30174588.0,45227280.0,3,,,,,
9865468790,2026-07-31,30174588.0,45227280.0,3,,,,,
9865468790,2026-08-31,31576055.0,36270077.0,3,,,,,
9865468790,2026-09-30,31576055.0,36270077.0,3,,,,,
9259163454,2025-10-31,1846708.0,4356484.0,4,,,,,
9259163454,2025-11-30,1846708.0,4356484.0,4,,,,,
9259163454,2025-12-31,1846708.0,4356484.0,4,,,,,
9259163454,2026-01-31,1846708.0,4356484.0,4,,,,,
9259163454,2026-02-28,1898647.0,7957110.0,4,,,,,
9259163454,2026-03-31,1898647.0,7957110.0,4,,,,,
9259163454,2026-04-30,1898647.0,7957110.0,4,,,,,
9259163454,2026-05-31,2173088.0,7302889.0,4,,,,,
9259163454,2026-06-30,2652938.0,7616391.0,4,,,,,
9259163454,2026-07-31,2318906.0,6329578.0,4,555.0,2026-08-05,2026-08-13,2026-08-26,
9259163454,2026-08-31,2318906.0,6329578.0,4,,,,,
9259163454,2026-09-30,2318906.0,6329578.0,4,,,,,
9690285574,2025-10-31,8854657.0,12979919.0,6,,,,,
9690285574,2025-11-30,8936602.0,12979919.0,6,,,,,
9690285574,2025-12-31,9483152.0,12979919.0,6,,,,,
9690285574,2026-01-31,9032248.0,12979919.0,6,,,,,
9690285574,2026-02-28,8970124.0,12979919.0,6,,,,,
9690285574,2026-03-31,8890366.0,12979919.0,6,,,,,
9690285574,2026-04-30,9016273.0,12979919.0,6,,,,,
9690285574,2026-05-31,9040023.0,12979919.0,6,,,,,
9690285574,2026-06-30,9124105.0,12979919.0,6,,,,,
9690285574,2026-07-31,9677762.0,12979919.0,6,,,,,
9690285574,2026-08-31,9405452.0,12979919.0,6,,,,,
9690285574,2026-09-30,9450599.0,12979919.0,6,,,,,
9623554567,2025-10-31,2378380.0,5550634.0,5,,,,,
9623554567,2025-11-30,2378380.0,5550634.0,5,,,,,
9623554567,2025-12-31,2378380.0,5550634.0,5,,,,,
9623554567,2026-01-31,2378380.0,5550634.0,5,,,,,
9623554567,2026-02-28,2378380.0,5550634.0,5,,,,,
9623554567,2026-03-31,2378380.0,5550634.0,5,,,,,
9623554567,2026-04-30,2668381.0,4685594.0,5,557.0,2026-04-17,2026-04-20,2026-04-24,
9623554567,2026-05-31,2668381.0,4685594.0,5,,,,,
9623554567,2026-06-30,2668381.0,4685594.0,5,,,,,
9623554567,2026-07-31,2668381.0,4685594.0,5,,,,,
9623554567,2026-08-31,2656935.0,6037455.0,5,,,,,
9623554567,2026-09-30,2656935.0,6037455.0,5,,,,,
9567050564,2025-10-31,7951650.0,12472892.0,4,,,,,
9567050564,2025-11-30,7951650.0,12472892.0,4,559.0,2025-11-20,2025-11-26,2025-12-09,
9567050564,2025-12-31,7951650.0,12472892.0,4,,,,,
9567050564,2026-01-31,7951650.0,12472892.0,4,,,,,
9567050564,2026-02-28,10059417.0,13332635.0,4,,,,,
9567050564,2026-03-31,10059417.0,13332635.0,4,,,,,
9567050564,2026-04-30,10059417.0,13332635.0,4,,,,,
9567050564,2026-05-31,10059417.0,13332635.0,4,,,,,
9567050564,2026-06-30,10015228.0,12331344.0,4,,,,,
9567050564,2026-07-31,10015228.0,12331344.0,4,,,,,
9567050564,2026-08-31,10015228.0,12331344.0,4,,,,,
9567050564,2026-09-30,8892321.0,15218706.0,4,,,,,
9506687736,2025-10-31,762236.0,1338779.0,4,,,,,
9506687736,2025-11-30,762236.0,1338779.0,4,,,,,
9506687736,2025-12-31,762236.0,1338779.0,4,,,,,
9506687736,2026-01-31,762236.0,1338779.0,4,,,,,
9506687736,2026-02-28,762236.0,1338779.0,4,,,,,
9506687736,2026-03-31,762236.0,1338779.0,4,,,,,
9506687736,2026-04-30,762236.0,1338779.0,4,,,,,
9506687736,2026-05-31,538163.0,1019875.0,4,,,,,
9506687736,2026-06-30,394477.0,755497.0,4,,,,,
9506687736,2026-07-31,394477.0,755497.0,4,,,,,
9506687736,2026-08-31,394477.0,755497.0,4,,,,,
9506687736,2026-09-30,394477.0,755497.0,4,,,,,
9634592203,2025-10-31,6440528.0,10540751.0,3,,,,,
9634592203,2025-11-30,4521972.0,6106250.0,3,566.0,2025-11-23,2025-11-29,2025-12-25,
9634592203,2025-12-31,4521972.0,6106250.0,3,,,,,
9634592203,2026-01-31,4738988.0,7124370.0,3,,,,,
9634592203,2026-02-28,4738988.0,7124370.0,3,,,,,
9634592203,2026-03-31,4738988.0,7124370.0,3,,,,,
9634592203,2026-04-30,4738988.0,7124370.0,3,,,,,
9634592203,2026-05-31,4738988.0,7124370.0,3,,,,,
9634592203,2026-06-30,4738988.0,7124370.0,3,,,,,
9634592203,2026-07-31,5768218.0,9851227.0,3,,,,,
9634592203,2026-08-31,5768218.0,9851227.0,3,,,,,
9634592203,2026-09-30,5768218.0,9851227.0,3,,,,,
9827446828,2025-10-31,19152934.0,43442547.0,4,,,,,
9827446828,2025-11-30,19152934.0,43442547.0,4,,,,,
9827446828,2025-12-31,19152934.0,43442547.0,4,,,,,
9827446828,2026-01-31,19152934.0,43442547.0,4,,,,,
9827446828,2026-02-28,19152934.0,43442547.0,4,,,,,
9827446828,2026-03-31,20503389.0,47693261.0,4,572.0,2026-04-06,,,Musteri vazgecti
9827446828,2026-04-30,16000165.0,32964439.0,4,573.0,2026-05-03,,,Teminat yetersiz
9827446828,2026-05-31,15698377.0,28059707.0,4,,,,,
9827446828,2026-06-30,15698377.0,28059707.0,4,,,,,
9827446828,2026-07-31,15698377.0,28059707.0,4,,,,,
9827446828,2026-08-31,15698377.0,28059707.0,4,,,,,
9827446828,2026-09-30,15698377.0,28059707.0,4,,,,,
9957833541,2025-10-31,5611514.0,9579283.0,3,,,,,
9957833541,2025-11-30,5611514.0,9579283.0,3,575.0,2025-11-20,,,Not dusuk
9957833541,2025-12-31,5611514.0,9579283.0,3,,,,,
9957833541,2026-01-31,5611514.0,9579283.0,3,,,,,
9957833541,2026-02-28,5611514.0,9579283.0,3,,,,,
9957833541,2026-03-31,5611514.0,9579283.0,3,,,,,
9957833541,2026-04-30,5611514.0,9579283.0,3,,,,,
9957833541,2026-05-31,7879256.0,11472318.0,3,,,,,
9957833541,2026-06-30,7879256.0,11472318.0,3,,,,,
9957833541,2026-07-31,7879256.0,11472318.0,3,,,,,
9957833541,2026-08-31,7879256.0,11472318.0,3,,,,,
9957833541,2026-09-30,7879256.0,11472318.0,3,,,,,
9794463532,2025-10-31,140530630.0,237580147.0,3,,,,,
9794463532,2025-11-30,140530630.0,237580147.0,3,,,,,
9794463532,2025-12-31,140530630.0,237580147.0,3,577.0,2026-01-06,2026-01-09,2026-01-11,
9794463532,2026-01-31,140530630.0,237580147.0,3,,,,,
9794463532,2026-02-28,140530630.0,237580147.0,3,,,,,
9794463532,2026-03-31,140530630.0,237580147.0,3,,,,,
9794463532,2026-04-30,140530630.0,237580147.0,3,,,,,
9794463532,2026-05-31,140530630.0,237580147.0,3,,,,,
9794463532,2026-06-30,143356006.0,285951926.0,3,,,,,
9794463532,2026-07-31,132285082.0,203514802.0,3,579.0,2026-07-29,,,Musteri vazgecti
9794463532,2026-08-31,132285082.0,203514802.0,3,,,,,
9794463532,2026-09-30,132285082.0,203514802.0,3,,,,,
9533832130,2025-10-31,85883849.0,171525574.0,4,,,,,
9533832130,2025-11-30,85883849.0,171525574.0,4,,,,,
9533832130,2025-12-31,85883849.0,171525574.0,4,,,,,
9533832130,2026-01-31,85883849.0,171525574.0,4,,,,,
9533832130,2026-02-28,85883849.0,171525574.0,4,,,,,
9533832130,2026-03-31,85883849.0,171525574.0,4,,,,,
9533832130,2026-04-30,85883849.0,171525574.0,4,,,,,
9533832130,2026-05-31,105136776.0,140157510.0,4,,,,,
9533832130,2026-06-30,105136776.0,140157510.0,4,,,,,
9533832130,2026-07-31,105136776.0,140157510.0,4,,,,,
9533832130,2026-08-31,110007166.0,124447385.0,4,582.0,2026-09-02,2026-09-10,2026-09-25,
9533832130,2026-09-30,104226181.0,127005289.0,4,,,,,
9322896789,2025-10-31,202248374.0,321447328.0,2,,,,,
9322896789,2025-11-30,202248374.0,321447328.0,2,,,,,
9322896789,2025-12-31,202248374.0,321447328.0,2,,,,,
9322896789,2026-01-31,202248374.0,321447328.0,2,,,,,
9322896789,2026-02-28,202248374.0,321447328.0,2,,,,,
9322896789,2026-03-31,202248374.0,321447328.0,2,584.0,2026-03-28,2026-04-04,2026-05-03,
9322896789,2026-04-30,235767377.0,535027156.0,2,,,,,
9322896789,2026-05-31,235767377.0,535027156.0,2,,,,,
9322896789,2026-06-30,235767377.0,535027156.0,2,,,,,
9322896789,2026-07-31,235767377.0,535027156.0,2,,,,,
9322896789,2026-08-31,235767377.0,535027156.0,2,,,,,
9322896789,2026-09-30,193321408.0,411642126.0,2,,,,,
9740535238,2025-10-31,20386570.0,31382965.0,1,588.0,2025-10-16,2025-10-22,2025-10-29,
9740535238,2025-11-30,20386570.0,31382965.0,1,,,,,
9740535238,2025-12-31,20386570.0,31382965.0,1,,,,,
9740535238,2026-01-31,20245249.0,33683210.0,1,,,,,
9740535238,2026-02-28,20245249.0,33683210.0,1,,,,,
9740535238,2026-03-31,20245249.0,33683210.0,1,,,,,
9740535238,2026-04-30,20928501.0,38179379.0,1,,,,,
9740535238,2026-05-31,20928501.0,38179379.0,1,,,,,
9740535238,2026-06-30,20928501.0,38179379.0,1,,,,,
9740535238,2026-07-31,20928501.0,38179379.0,1,,,,,
9740535238,2026-08-31,20928501.0,38179379.0,1,,,,,
9740535238,2026-09-30,20928501.0,38179379.0,1,,,,,
9725375690,2025-10-31,328077036.0,531137571.0,1,,,,,
9725375690,2025-11-30,328077036.0,531137571.0,1,,,,,
9725375690,2025-12-31,328077036.0,531137571.0,1,,,,,
9725375690,2026-01-31,328077036.0,531137571.0,1,,,,,
9725375690,2026-02-28,328077036.0,531137571.0,1,,,,,
9725375690,2026-03-31,328077036.0,531137571.0,1,,,,,
9725375690,2026-04-30,328077036.0,531137571.0,1,,,,,
9725375690,2026-05-31,328077036.0,531137571.0,1,,,,,
9725375690,2026-06-30,328077036.0,531137571.0,1,,,,,
9725375690,2026-07-31,328077036.0,531137571.0,1,,,,,
9725375690,2026-08-31,328077036.0,531137571.0,1,,,,,
9725375690,2026-09-30,328077036.0,531137571.0,1,591.0,2026-09-30,,,Teminat yetersiz
9246120977,2025-10-31,80788425.0,144927605.0,4,,,,,
9246120977,2025-11-30,80788425.0,144927605.0,4,,,,,
9246120977,2025-12-31,80788425.0,144927605.0,4,,,,,
9246120977,2026-01-31,80788425.0,144927605.0,4,,,,,
9246120977,2026-02-28,83427970.0,124316910.0,4,,,,,
9246120977,2026-03-31,83427970.0,124316910.0,4,,,,,
9246120977,2026-04-30,83427970.0,124316910.0,4,,,,,
9246120977,2026-05-31,83427970.0,124316910.0,4,,,,,
9246120977,2026-06-30,68392509.0,88320513.0,4,,,,,
9246120977,2026-07-31,63447999.0,93136025.0,4,,,,,
9246120977,2026-08-31,63447999.0,93136025.0,4,,,,,
9246120977,2026-09-30,63447999.0,93136025.0,4,,,,,
9492387041,2025-10-31,749270.0,1051418.0,3,,,,,
9492387041,2025-11-30,749270.0,1051418.0,3,,,,,
9492387041,2025-12-31,749270.0,1051418.0,3,,,,,
9492387041,2026-01-31,749270.0,1051418.0,3,596.0,2026-01-12,2026-01-17,2026-01-20,
9492387041,2026-02-28,749270.0,1051418.0,3,,,,,
9492387041,2026-03-31,749270.0,1051418.0,3,,,,,
9492387041,2026-04-30,749270.0,1051418.0,3,,,,,
9492387041,2026-05-31,749270.0,1051418.0,3,,,,,
9492387041,2026-06-30,749270.0,1051418.0,3,,,,,
9492387041,2026-07-31,749270.0,1051418.0,3,,,,,
9492387041,2026-08-31,671452.0,965590.0,3,,,,,
9492387041,2026-09-30,653920.0,1032908.0,3,598.0,2026-09-25,2026-10-02,2026-10-20,
9932466225,2025-10-31,1577194.0,6217250.0,1,,,,,
9932466225,2025-11-30,1577194.0,6217250.0,1,,,,,
9932466225,2025-12-31,1577194.0,6217250.0,1,,,,,
9932466225,2026-01-31,1577194.0,6217250.0,1,,,,,
9932466225,2026-02-28,1577194.0,6217250.0,1,,,,,
9932466225,2026-03-31,1577194.0,6217250.0,1,,,,,
9932466225,2026-04-30,1632703.0,2485515.0,1,600.0,2026-05-09,,,Musteri vazgecti
9932466225,2026-05-31,1632703.0,2485515.0,1,,,,,
9932466225,2026-06-30,1632703.0,2485515.0,1,,,,,
9932466225,2026-07-31,1632703.0,2485515.0,1,,,,,
9932466225,2026-08-31,1632703.0,2485515.0,1,,,,,
9932466225,2026-09-30,1632703.0,2485515.0,1,,,,,
9276574680,2025-10-31,4680941.0,7977802.0,5,,,,,
9276574680,2025-11-30,4680941.0,7977802.0,5,,,,,
9276574680,2025-12-31,4680941.0,7977802.0,5,,,,,
9276574680,2026-01-31,4680941.0,7977802.0,5,,,,,
9276574680,2026-02-28,4680941.0,7977802.0,5,,,,,
9276574680,2026-03-31,4680941.0,7977802.0,5,,,,,
9276574680,2026-04-30,4680941.0,7977802.0,5,,,,,
9276574680,2026-05-31,4779984.0,8600361.0,5,,,,,
9276574680,2026-06-30,4779984.0,8600361.0,5,,,,,
9276574680,2026-07-31,4945894.0,6732219.0,5,,,,,
9276574680,2026-08-31,4945894.0,6732219.0,5,,,,,
9276574680,2026-09-30,4945894.0,6732219.0,5,,,,,
9170340525,2025-10-31,19123254.0,36490438.0,6,,,,,
9170340525,2025-11-30,19123254.0,36490438.0,6,,,,,
9170340525,2025-12-31,19123254.0,36490438.0,6,,,,,
9170340525,2026-01-31,19123254.0,36490438.0,6,,,,,
9170340525,2026-02-28,19123254.0,36490438.0,6,,,,,
9170340525,2026-03-31,19123254.0,36490438.0,6,,,,,
9170340525,2026-04-30,19123254.0,36490438.0,6,,,,,
9170340525,2026-05-31,19290298.0,34082083.0,6,605.0,2026-05-30,2026-06-03,2026-06-29,
9170340525,2026-06-30,19290298.0,34082083.0,6,,,,,
9170340525,2026-07-31,19290298.0,34082083.0,6,,,,,
9170340525,2026-08-31,19290298.0,34082083.0,6,,,,,
9170340525,2026-09-30,20269843.0,35693729.0,6,,,,,
9532900577,2025-10-31,577826.0,1075817.0,3,,,,,
9532900577,2025-11-30,577826.0,1075817.0,3,,,,,
9532900577,2025-12-31,577826.0,1075817.0,3,,,,,
9532900577,2026-01-31,577826.0,1075817.0,3,,,,,
9532900577,2026-02-28,577826.0,1075817.0,3,,,,,
9532900577,2026-03-31,577826.0,1075817.0,3,,,,,
9532900577,2026-04-30,577826.0,1075817.0,3,,,,,
9532900577,2026-05-31,679762.0,1329705.0,3,,,,,
9532900577,2026-06-30,679762.0,1329705.0,3,,,,,
9532900577,2026-07-31,679762.0,1329705.0,3,,,,,
9532900577,2026-08-31,679762.0,1329705.0,3,,,,,
9532900577,2026-09-30,679762.0,1329705.0,3,,,,,
9765793023,2025-10-31,4724700.0,8790221.0,5,,,,,
9765793023,2025-11-30,4724700.0,8790221.0,5,,,,,
9765793023,2025-12-31,4724700.0,8790221.0,5,,,,,
9765793023,2026-01-31,4724700.0,8790221.0,5,,,,,
9765793023,2026-02-28,4724700.0,8790221.0,5,,,,,
9765793023,2026-03-31,5077945.0,8934631.0,5,,,,,
9765793023,2026-04-30,5077945.0,8934631.0,5,,,,,
9765793023,2026-05-31,5077945.0,8934631.0,5,,,,,
9765793023,2026-06-30,5077945.0,8934631.0,5,,,,,
9765793023,2026-07-31,5077945.0,8934631.0,5,,,,,
9765793023,2026-08-31,5077945.0,8934631.0,5,,,,,
9765793023,2026-09-30,5077945.0,8934631.0,5,,,,,
9571461236,2025-10-31,61703270.0,113803394.0,2,,,,,
9571461236,2025-11-30,61703270.0,113803394.0,2,,,,,
9571461236,2025-12-31,61703270.0,113803394.0,2,,,,,
9571461236,2026-01-31,61703270.0,113803394.0,2,,,,,
9571461236,2026-02-28,61703270.0,113803394.0,2,611.0,2026-03-05,,,Risk
9571461236,2026-03-31,61703270.0,113803394.0,2,,,,,
9571461236,2026-04-30,61703270.0,113803394.0,2,,,,,
9571461236,2026-05-31,55585558.0,99926030.0,2,,,,,
9571461236,2026-06-30,55131384.0,94733363.0,2,,,,,
9571461236,2026-07-31,55131384.0,94733363.0,2,,,,,
9571461236,2026-08-31,55131384.0,94733363.0,2,,,,,
9571461236,2026-09-30,55922470.0,123566279.0,2,,,,,
9121001061,2025-10-31,106449236.0,144276470.0,5,,,,,
9121001061,2025-11-30,106562225.0,144276470.0,5,,,,,
9121001061,2025-12-31,103970818.0,144276470.0,5,,,,,
9121001061,2026-01-31,105137606.0,144276470.0,5,,,,,
9121001061,2026-02-28,102671852.0,144276470.0,5,,,,,
9121001061,2026-03-31,100152308.0,144276470.0,5,,,,,
9121001061,2026-04-30,98416963.0,144276470.0,5,,,,,
9121001061,2026-05-31,104638627.0,144276470.0,5,,,,,
9121001061,2026-06-30,104798440.0,144276470.0,5,,,,,
9121001061,2026-07-31,104757739.0,144276470.0,5,,,,,
9121001061,2026-08-31,103697760.0,144276470.0,5,,,,,
9121001061,2026-09-30,101430490.0,144276470.0,5,,,,,
9568946291,2025-10-31,2414461.0,5777993.0,1,615.0,2025-10-14,,,Musteri vazgecti
9568946291,2025-11-30,2414461.0,5777993.0,1,,,,,
9568946291,2025-12-31,2414461.0,5777993.0,1,,,,,
9568946291,2026-01-31,2414461.0,5777993.0,1,,,,,
9568946291,2026-02-28,2414461.0,5777993.0,1,,,,,
9568946291,2026-03-31,2414461.0,5777993.0,1,,,,,
9568946291,2026-04-30,2414461.0,5777993.0,1,,,,,
9568946291,2026-05-31,2414461.0,5777993.0,1,,,,,
9568946291,2026-06-30,2644073.0,6704224.0,1,616.0,2026-07-12,,,Not dusuk
9568946291,2026-07-31,2644073.0,6704224.0,1,,,,,
9568946291,2026-08-31,2644073.0,6704224.0,1,,,,,
9568946291,2026-09-30,2644073.0,6704224.0,1,,,,,
9279822879,2025-10-31,97021540.0,428462770.0,3,,,,,
9279822879,2025-11-30,97021540.0,428462770.0,3,,,,,
9279822879,2025-12-31,97021540.0,428462770.0,3,,,,,
9279822879,2026-01-31,97021540.0,428462770.0,3,,,,,
9279822879,2026-02-28,79940637.0,312748073.0,3,,,,,
9279822879,2026-03-31,79940637.0,312748073.0,3,,,,,
9279822879,2026-04-30,34554989.0,122889721.0,3,619.0,2026-04-25,,,Not dusuk
9279822879,2026-05-31,6902188.0,26495700.0,3,,,,,
9279822879,2026-06-30,6902188.0,26495700.0,3,,,,,
9279822879,2026-07-31,0.0,133881319.0,3,,,,,
9279822879,2026-08-31,0.0,133881319.0,3,,,,,
9279822879,2026-09-30,0.0,133881319.0,3,,,,,
9211690642,2025-10-31,9543817.0,22306655.0,2,,,,,
9211690642,2025-11-30,9543817.0,22306655.0,2,,,,,
9211690642,2025-12-31,9543817.0,22306655.0,2,623.0,2025-12-29,2026-01-01,2026-01-28,
9211690642,2026-01-31,9543817.0,22306655.0,2,,,,,
9211690642,2026-02-28,9543817.0,22306655.0,2,,,,,
9211690642,2026-03-31,9543817.0,22306655.0,2,,,,,
9211690642,2026-04-30,9543817.0,22306655.0,2,,,,,
9211690642,2026-05-31,9543817.0,22306655.0,2,,,,,
9211690642,2026-06-30,9543817.0,22306655.0,2,,,,,
9211690642,2026-07-31,9543817.0,22306655.0,2,,,,,
9211690642,2026-08-31,9543817.0,22306655.0,2,,,,,
9211690642,2026-09-30,9543817.0,22306655.0,2,,,,,
9235538458,2025-10-31,8508586.0,9755693.0,5,,,,,
9235538458,2025-11-30,8508586.0,9755693.0,5,624.0,2025-11-08,2025-11-10,2025-11-18,
9235538458,2025-12-31,8508586.0,9755693.0,5,,,,,
9235538458,2026-01-31,10757054.0,20876529.0,5,625.0,2026-02-09,2026-02-17,2026-03-05,
9235538458,2026-02-28,10757054.0,20876529.0,5,,,,,
9235538458,2026-03-31,10757054.0,20876529.0,5,,,,,
9235538458,2026-04-30,10757054.0,20876529.0,5,,,,,
9235538458,2026-05-31,13693027.0,20769032.0,5,626.0,2026-06-11,2026-06-19,2026-07-18,
9235538458,2026-06-30,13693027.0,20769032.0,5,,,,,
9235538458,2026-07-31,13693027.0,20769032.0,5,,,,,
9235538458,2026-08-31,13693027.0,20769032.0,5,,,,,
9235538458,2026-09-30,13693027.0,20769032.0,5,,,,,
9379109355,2025-10-31,111725299.0,274900111.0,3,,,,,
9379109355,2025-11-30,111725299.0,274900111.0,3,627.0,2025-12-01,,,Musteri vazgecti
9379109355,2025-12-31,111725299.0,274900111.0,3,,,,,
9379109355,2026-01-31,111725299.0,274900111.0,3,,,,,
9379109355,2026-02-28,99617835.0,293473357.0,3,628.0,2026-02-20,,,Musteri vazgecti
9379109355,2026-03-31,99617835.0,293473357.0,3,,,,,
9379109355,2026-04-30,99617835.0,293473357.0,3,,,,,
9379109355,2026-05-31,74315709.0,167586476.0,3,630.0,2026-05-16,2026-05-19,2026-05-30,
9379109355,2026-06-30,64108538.0,135777889.0,3,,,,,
9379109355,2026-07-31,64108538.0,135777889.0,3,,,,,
9379109355,2026-08-31,64108538.0,135777889.0,3,,,,,
9379109355,2026-09-30,64108538.0,135777889.0,3,,,,,
9356610160,2025-10-31,437425766.0,1156250014.0,5,,,,,
9356610160,2025-11-30,437425766.0,1156250014.0,5,,,,,
9356610160,2025-12-31,437425766.0,1156250014.0,5,,,,,
9356610160,2026-01-31,437425766.0,1156250014.0,5,633.0,2026-02-02,2026-02-05,2026-02-06,
9356610160,2026-02-28,437425766.0,1156250014.0,5,,,,,
9356610160,2026-03-31,437425766.0,1156250014.0,5,,,,,
9356610160,2026-04-30,437425766.0,1156250014.0,5,,,,,
9356610160,2026-05-31,437425766.0,1156250014.0,5,,,,,
9356610160,2026-06-30,564807105.0,1224381039.0,5,,,,,
9356610160,2026-07-31,564807105.0,1224381039.0,5,,,,,
9356610160,2026-08-31,564807105.0,1224381039.0,5,,,,,
9356610160,2026-09-30,662764706.0,1545545524.0,5,,,,,
9385740951,2025-10-31,1911831.0,2810908.0,1,,,,,
9385740951,2025-11-30,1911831.0,2810908.0,1,,,,,
9385740951,2025-12-31,1911831.0,2810908.0,1,,,,,
9385740951,2026-01-31,1911831.0,2810908.0,1,,,,,
9385740951,2026-02-28,1950585.0,3514046.0,1,,,,,
9385740951,2026-03-31,1950585.0,3514046.0,1,,,,,
9385740951,2026-04-30,1950585.0,3514046.0,1,,,,,
9385740951,2026-05-31,1950585.0,3514046.0,1,,,,,
9385740951,2026-06-30,1950585.0,3514046.0,1,,,,,
9385740951,2026-07-31,1950585.0,3514046.0,1,,,,,
9385740951,2026-08-31,1950585.0,3514046.0,1,,,,,
9385740951,2026-09-30,1950585.0,3514046.0,1,,,,,
9685715130,2025-10-31,7794106.0,11618878.0,3,,,,,
9685715130,2025-11-30,7794106.0,11618878.0,3,638.0,2025-12-08,,,Musteri vazgecti
9685715130,2025-12-31,7794106.0,11618878.0,3,,,,,
9685715130,2026-01-31,7794106.0,11618878.0,3,,,,,
9685715130,2026-02-28,9063981.0,15336817.0,3,639.0,2026-02-18,2026-02-27,2026-03-01,
9685715130,2026-03-31,9063981.0,15336817.0,3,,,,,
9685715130,2026-04-30,9063981.0,15336817.0,3,,,,,
9685715130,2026-05-31,10814347.0,20281760.0,3,641.0,2026-05-15,2026-05-18,2026-05-25,
9685715130,2026-06-30,10814347.0,20281760.0,3,,,,,
9685715130,2026-07-31,11455256.0,17320700.0,3,,,,,
9685715130,2026-08-31,11455256.0,17320700.0,3,,,,,
9685715130,2026-09-30,13561933.0,21134299.0,3,643.0,2026-09-27,,,Risk
9354536579,2025-10-31,96828241.0,206399849.0,3,,,,,
9354536579,2025-11-30,96828241.0,206399849.0,3,,,,,
9354536579,2025-12-31,96828241.0,206399849.0,3,,,,,
9354536579,2026-01-31,96828241.0,206399849.0,3,,,,,
9354536579,2026-02-28,96828241.0,206399849.0,3,,,,,
9354536579,2026-03-31,96828241.0,206399849.0,3,,,,,
9354536579,2026-04-30,96828241.0,206399849.0,3,,,,,
9354536579,2026-05-31,96828241.0,206399849.0,3,,,,,
9354536579,2026-06-30,0.0,168946536.0,3,,,,,
9354536579,2026-07-31,0.0,170268004.0,3,,,,,
9354536579,2026-08-31,0.0,170268004.0,3,,,,,
9354536579,2026-09-30,0.0,170268004.0,3,,,,,
9588106364,2025-10-31,435081.0,851220.0,3,,,,,
9588106364,2025-11-30,435081.0,851220.0,3,,,,,
9588106364,2025-12-31,435081.0,851220.0,3,,,,,
9588106364,2026-01-31,435081.0,851220.0,3,,,,,
9588106364,2026-02-28,135851.0,238596.0,3,,,,,
9588106364,2026-03-31,135851.0,238596.0,3,,,,,
9588106364,2026-04-30,135851.0,238596.0,3,,,,,
9588106364,2026-05-31,0.0,653610.0,3,,,,,
9588106364,2026-06-30,0.0,625894.0,3,,,,,
9588106364,2026-07-31,0.0,625894.0,3,,,,,
9588106364,2026-08-31,0.0,698847.0,3,,,,,
9588106364,2026-09-30,0.0,698847.0,3,,,,,
9587544563,2025-10-31,1997290.0,2761020.0,4,,,,,
9587544563,2025-11-30,1924989.0,2761020.0,4,,,,,
9587544563,2025-12-31,1913984.0,2761020.0,4,,,,,
9587544563,2026-01-31,1902960.0,2761020.0,4,,,,,
9587544563,2026-02-28,1879890.0,2761020.0,4,,,,,
9587544563,2026-03-31,2016296.0,2761020.0,4,,,,,
9587544563,2026-04-30,1902335.0,2761020.0,4,,,,,
9587544563,2026-05-31,2006921.0,2761020.0,4,,,,,
9587544563,2026-06-30,2045050.0,2761020.0,4,,,,,
9587544563,2026-07-31,2040512.0,2761020.0,4,,,,,
9587544563,2026-08-31,1932510.0,2761020.0,4,,,,,
9587544563,2026-09-30,1898084.0,2761020.0,4,,,,,
9375519696,2025-10-31,23254759.0,37893210.0,1,,,,,
9375519696,2025-11-30,23254759.0,37893210.0,1,,,,,
9375519696,2025-12-31,23254759.0,37893210.0,1,,,,,
9375519696,2026-01-31,23254759.0,37893210.0,1,652.0,2026-01-11,,,Musteri vazgecti
9375519696,2026-02-28,23254759.0,37893210.0,1,,,,,
9375519696,2026-03-31,23254759.0,37893210.0,1,,,,,
9375519696,2026-04-30,23254759.0,37893210.0,1,,,,,
9375519696,2026-05-31,23254759.0,37893210.0,1,,,,,
9375519696,2026-06-30,23254759.0,37893210.0,1,,,,,
9375519696,2026-07-31,25630907.0,44491220.0,1,,,,,
9375519696,2026-08-31,25349037.0,37010033.0,1,654.0,2026-09-06,,,Not dusuk
9375519696,2026-09-30,25349037.0,37010033.0,1,,,,,
9112399619,2025-10-31,37866420.0,68951449.0,2,,,,,
9112399619,2025-11-30,37866420.0,68951449.0,2,655.0,2025-11-23,2025-11-30,2025-12-11,
9112399619,2025-12-31,35561295.0,105973649.0,2,,,,,
9112399619,2026-01-31,35561295.0,105973649.0,2,,,,,
9112399619,2026-02-28,90316980.0,200194988.0,2,,,,,
9112399619,2026-03-31,84838444.0,202471689.0,2,658.0,2026-03-22,,,Risk
9112399619,2026-04-30,84838444.0,202471689.0,2,,,,,
9112399619,2026-05-31,84838444.0,202471689.0,2,,,,,
9112399619,2026-06-30,84838444.0,202471689.0,2,,,,,
9112399619,2026-07-31,84838444.0,202471689.0,2,,,,,
9112399619,2026-08-31,84838444.0,202471689.0,2,,,,,
9112399619,2026-09-30,84838444.0,202471689.0,2,,,,,
9788293633,2025-10-31,14847358.0,27430771.0,4,,,,,
9788293633,2025-11-30,14847358.0,27430771.0,4,,,,,
9788293633,2025-12-31,14847358.0,27430771.0,4,659.0,2026-01-04,,,Teminat yetersiz
9788293633,2026-01-31,17594237.0,25627770.0,4,,,,,
9788293633,2026-02-28,17594237.0,25627770.0,4,,,,,
9788293633,2026-03-31,17594237.0,25627770.0,4,,,,,
9788293633,2026-04-30,17594237.0,25627770.0,4,,,,,
9788293633,2026-05-31,17594237.0,25627770.0,4,,,,,
9788293633,2026-06-30,17608386.0,35191446.0,4,,,,,
9788293633,2026-07-31,17608386.0,35191446.0,4,,,,,
9788293633,2026-08-31,17608386.0,35191446.0,4,,,,,
9788293633,2026-09-30,17608386.0,35191446.0,4,,,,,
9230436015,2025-10-31,81728025.0,166581723.0,4,,,,,
9230436015,2025-11-30,81728025.0,166581723.0,4,662.0,2025-12-07,,,Musteri vazgecti
9230436015,2025-12-31,68763762.0,135783674.0,4,663.0,2025-12-23,2025-12-26,2026-01-13,
9230436015,2026-01-31,68763762.0,135783674.0,4,,,,,
9230436015,2026-02-28,68763762.0,135783674.0,4,,,,,
9230436015,2026-03-31,68763762.0,135783674.0,4,,,,,
9230436015,2026-04-30,68763762.0,135783674.0,4,,,,,
9230436015,2026-05-31,68763762.0,135783674.0,4,,,,,
9230436015,2026-06-30,95376470.0,188060655.0,4,,,,,
9230436015,2026-07-31,95376470.0,188060655.0,4,,,,,
9230436015,2026-08-31,72219470.0,122768888.0,4,,,,,
9230436015,2026-09-30,72219470.0,122768888.0,4,,,,,
9479152114,2025-10-31,25016723.0,58309298.0,1,,,,,
9479152114,2025-11-30,25016723.0,58309298.0,1,,,,,
9479152114,2025-12-31,25016723.0,58309298.0,1,,,,,
9479152114,2026-01-31,25016723.0,58309298.0,1,,,,,
9479152114,2026-02-28,25016723.0,58309298.0,1,,,,,
9479152114,2026-03-31,25016723.0,58309298.0,1,,,,,
9479152114,2026-04-30,25016723.0,58309298.0,1,,,,,
9479152114,2026-05-31,25016723.0,58309298.0,1,,,,,
9479152114,2026-06-30,25016723.0,58309298.0,1,,,,,
9479152114,2026-07-31,25016723.0,58309298.0,1,666.0,2026-07-20,2026-07-28,2026-08-15,
9479152114,2026-08-31,25016723.0,58309298.0,1,,,,,
9479152114,2026-09-30,25016723.0,58309298.0,1,,,,,
9392160065,2025-10-31,6937082.0,25054496.0,1,,,,,
9392160065,2025-11-30,6937082.0,25054496.0,1,,,,,
9392160065,2025-12-31,6016580.0,21850724.0,1,,,,,
9392160065,2026-01-31,6016580.0,21850724.0,1,,,,,
9392160065,2026-02-28,5229041.0,17595356.0,1,,,,,
9392160065,2026-03-31,4534628.0,19298642.0,1,,,,,
9392160065,2026-04-30,4350696.0,16261948.0,1,,,,,
9392160065,2026-05-31,4350696.0,16261948.0,1,,,,,
9392160065,2026-06-30,4350696.0,16261948.0,1,,,,,
9392160065,2026-07-31,4350696.0,16261948.0,1,,,,,
9392160065,2026-08-31,4350696.0,16261948.0,1,,,,,
9392160065,2026-09-30,4350696.0,16261948.0,1,,,,,
9356326829,2025-10-31,3398583.0,4691192.0,2,,,,,
9356326829,2025-11-30,3369892.0,4691192.0,2,,,,,
9356326829,2025-12-31,3403820.0,4691192.0,2,,,,,
9356326829,2026-01-31,3226408.0,4691192.0,2,,,,,
9356326829,2026-02-28,3483894.0,4691192.0,2,,,,,
9356326829,2026-03-31,3253206.0,4691192.0,2,,,,,
9356326829,2026-04-30,3407709.0,4691192.0,2,,,,,
9356326829,2026-05-31,3257688.0,4691192.0,2,,,,,
9356326829,2026-06-30,3419809.0,4691192.0,2,,,,,
9356326829,2026-07-31,3435774.0,4691192.0,2,,,,,
9356326829,2026-08-31,3431623.0,4691192.0,2,,,,,
9356326829,2026-09-30,3326960.0,4691192.0,2,,,,,
9984793426,2025-10-31,1794581.0,2510583.0,6,,,,,
9984793426,2025-11-30,1826343.0,2510583.0,6,,,,,
9984793426,2025-12-31,1734123.0,2510583.0,6,,,,,
9984793426,2026-01-31,1820617.0,2510583.0,6,,,,,
9984793426,2026-02-28,1730192.0,2510583.0,6,,,,,
9984793426,2026-03-31,1833593.0,2510583.0,6,,,,,
9984793426,2026-04-30,1773353.0,2510583.0,6,,,,,
9984793426,2026-05-31,1854170.0,2510583.0,6,,,,,
9984793426,2026-06-30,1719464.0,2510583.0,6,,,,,
9984793426,2026-07-31,1786194.0,2510583.0,6,,,,,
9984793426,2026-08-31,1733596.0,2510583.0,6,,,,,
9984793426,2026-09-30,1859421.0,2510583.0,6,,,,,
9582552063,2025-10-31,56718145.0,85686618.0,1,,,,,
9582552063,2025-11-30,56718145.0,85686618.0,1,,,,,
9582552063,2025-12-31,56718145.0,85686618.0,1,,,,,
9582552063,2026-01-31,56718145.0,85686618.0,1,,,,,
9582552063,2026-02-28,56718145.0,85686618.0,1,,,,,
9582552063,2026-03-31,56718145.0,85686618.0,1,,,,,
9582552063,2026-04-30,56718145.0,85686618.0,1,,,,,
9582552063,2026-05-31,56718145.0,85686618.0,1,,,,,
9582552063,2026-06-30,32304080.0,68368157.0,1,,,,,
9582552063,2026-07-31,32304080.0,68368157.0,1,,,,,
9582552063,2026-08-31,32304080.0,68368157.0,1,,,,,
9582552063,2026-09-30,32304080.0,68368157.0,1,,,,,
9114607410,2025-10-31,33874000.0,65541226.0,5,,,,,
9114607410,2025-11-30,33874000.0,65541226.0,5,674.0,2025-11-16,2025-11-17,2025-11-23,
9114607410,2025-12-31,35841855.0,105089482.0,5,,,,,
9114607410,2026-01-31,35841855.0,105089482.0,5,,,,,
9114607410,2026-02-28,35841855.0,105089482.0,5,,,,,
9114607410,2026-03-31,35841855.0,105089482.0,5,,,,,
9114607410,2026-04-30,35841855.0,105089482.0,5,,,,,
9114607410,2026-05-31,35841855.0,105089482.0,5,,,,,
9114607410,2026-06-30,35841855.0,105089482.0,5,,,,,
9114607410,2026-07-31,41130091.0,137568159.0,5,,,,,
9114607410,2026-08-31,41130091.0,137568159.0,5,,,,,
9114607410,2026-09-30,38718514.0,78721609.0,5,677.0,2026-09-21,,,Musteri vazgecti
9102834852,2025-10-31,11022114.0,17375431.0,2,,,,,
9102834852,2025-11-30,11022114.0,17375431.0,2,,,,,
9102834852,2025-12-31,11022114.0,17375431.0,2,,,,,
9102834852,2026-01-31,11022114.0,17375431.0,2,678.0,2026-01-08,2026-01-12,2026-01-16,
9102834852,2026-02-28,11022114.0,17375431.0,2,,,,,
9102834852,2026-03-31,11022114.0,17375431.0,2,,,,,
9102834852,2026-04-30,13947853.0,27874176.0,2,679.0,2026-04-26,2026-04-28,2026-05-27,
9102834852,2026-05-31,12996106.0,25361082.0,2,680.0,2026-05-13,2026-05-16,2026-05-19,
9102834852,2026-06-30,12996106.0,25361082.0,2,,,,,
9102834852,2026-07-31,16844735.0,37248463.0,2,,,,,
9102834852,2026-08-31,16844735.0,37248463.0,2,,,,,
9102834852,2026-09-30,16844735.0,37248463.0,2,,,,,
9217829180,2025-10-31,1354500.0,5231652.0,3,,,,,
9217829180,2025-11-30,1354500.0,5231652.0,3,,,,,
9217829180,2025-12-31,1354500.0,5231652.0,3,,,,,
9217829180,2026-01-31,1354500.0,5231652.0,3,,,,,
9217829180,2026-02-28,1354500.0,5231652.0,3,,,,,
9217829180,2026-03-31,1354500.0,5231652.0,3,,,,,
9217829180,2026-04-30,1354500.0,5231652.0,3,,,,,
9217829180,2026-05-31,766334.0,2307880.0,3,,,,,
9217829180,2026-06-30,766334.0,2307880.0,3,,,,,
9217829180,2026-07-31,766334.0,2307880.0,3,,,,,
9217829180,2026-08-31,766334.0,2307880.0,3,,,,,
9217829180,2026-09-30,154213.0,391791.0,3,,,,,
9553657515,2025-10-31,68599206.0,126957332.0,2,,,,,
9553657515,2025-11-30,68599206.0,126957332.0,2,,,,,
9553657515,2025-12-31,68599206.0,126957332.0,2,,,,,
9553657515,2026-01-31,68599206.0,126957332.0,2,,,,,
9553657515,2026-02-28,68599206.0,126957332.0,2,,,,,
9553657515,2026-03-31,68599206.0,126957332.0,2,,,,,
9553657515,2026-04-30,68599206.0,126957332.0,2,,,,,
9553657515,2026-05-31,68599206.0,126957332.0,2,,,,,
9553657515,2026-06-30,68599206.0,126957332.0,2,,,,,
9553657515,2026-07-31,68599206.0,126957332.0,2,,,,,
9553657515,2026-08-31,74809953.0,151469896.0,2,,,,,
9553657515,2026-09-30,74809953.0,151469896.0,2,,,,,
9757303219,2025-10-31,19033877.0,27718189.0,4,,,,,
9757303219,2025-11-30,19899345.0,27718189.0,4,,,,,
9757303219,2025-12-31,18815608.0,27718189.0,4,,,,,
9757303219,2026-01-31,20774924.0,27718189.0,4,,,,,
9757303219,2026-02-28,19632949.0,27718189.0,4,,,,,
9757303219,2026-03-31,20054995.0,27718189.0,4,,,,,
9757303219,2026-04-30,19376560.0,27718189.0,4,,,,,
9757303219,2026-05-31,19310170.0,27718189.0,4,,,,,
9757303219,2026-06-30,20484009.0,27718189.0,4,,,,,
9757303219,2026-07-31,20309875.0,27718189.0,4,,,,,
9757303219,2026-08-31,20082406.0,27718189.0,4,,,,,
9757303219,2026-09-30,20298237.0,27718189.0,4,,,,,
9554090715,2025-10-31,13591459.0,29374175.0,5,,,,,
9554090715,2025-11-30,13591459.0,29374175.0,5,,,,,
9554090715,2025-12-31,13591459.0,29374175.0,5,,,,,
9554090715,2026-01-31,13591459.0,29374175.0,5,,,,,
9554090715,2026-02-28,13591459.0,29374175.0,5,,,,,
9554090715,2026-03-31,13591459.0,29374175.0,5,,,,,
9554090715,2026-04-30,13591459.0,29374175.0,5,,,,,
9554090715,2026-05-31,13591459.0,29374175.0,5,,,,,
9554090715,2026-06-30,13591459.0,29374175.0,5,,,,,
9554090715,2026-07-31,13591459.0,29374175.0,5,,,,,
9554090715,2026-08-31,13910436.0,27783287.0,5,,,,,
9554090715,2026-09-30,13910436.0,27783287.0,5,,,,,
9472165082,2025-10-31,33359345.0,87765348.0,6,690.0,2025-10-30,2025-11-07,2025-11-17,
9472165082,2025-11-30,33359345.0,87765348.0,6,,,,,
9472165082,2025-12-31,33359345.0,87765348.0,6,,,,,
9472165082,2026-01-31,33359345.0,87765348.0,6,,,,,
9472165082,2026-02-28,33359345.0,87765348.0,6,,,,,
9472165082,2026-03-31,33359345.0,87765348.0,6,,,,,
9472165082,2026-04-30,33359345.0,87765348.0,6,,,,,
9472165082,2026-05-31,33359345.0,87765348.0,6,,,,,
9472165082,2026-06-30,33359345.0,87765348.0,6,,,,,
9472165082,2026-07-31,43992054.0,105716987.0,6,,,,,
9472165082,2026-08-31,43992054.0,105716987.0,6,,,,,
9472165082,2026-09-30,40575358.0,94446782.0,6,692.0,2026-09-16,2026-09-18,2026-10-15,
9978874359,2025-10-31,3079685.0,7450098.0,3,,,,,
9978874359,2025-11-30,3079685.0,7450098.0,3,,,,,
9978874359,2025-12-31,3079685.0,7450098.0,3,,,,,
9978874359,2026-01-31,3079685.0,7450098.0,3,693.0,2026-01-22,2026-01-27,2026-02-11,
9978874359,2026-02-28,3079685.0,7450098.0,3,,,,,
9978874359,2026-03-31,3079685.0,7450098.0,3,,,,,
9978874359,2026-04-30,3079685.0,7450098.0,3,,,,,
9978874359,2026-05-31,3079685.0,7450098.0,3,,,,,
9978874359,2026-06-30,3079685.0,7450098.0,3,,,,,
9978874359,2026-07-31,3079685.0,7450098.0,3,,,,,
9978874359,2026-08-31,4451014.0,8845649.0,3,,,,,
9978874359,2026-09-30,4451014.0,8845649.0,3,,,,,
9452653938,2025-10-31,891162.0,1990882.0,4,,,,,
9452653938,2025-11-30,891162.0,1990882.0,4,,,,,
9452653938,2025-12-31,891162.0,1990882.0,4,,,,,
9452653938,2026-01-31,891162.0,1990882.0,4,,,,,
9452653938,2026-02-28,891162.0,1990882.0,4,,,,,
9452653938,2026-03-31,891162.0,1990882.0,4,,,,,
9452653938,2026-04-30,891162.0,1990882.0,4,695.0,2026-05-05,2026-05-14,2026-05-29,
9452653938,2026-05-31,891162.0,1990882.0,4,,,,,
9452653938,2026-06-30,861598.0,2962646.0,4,696.0,2026-06-27,,,Musteri vazgecti
9452653938,2026-07-31,861598.0,2962646.0,4,,,,,
9452653938,2026-08-31,861598.0,2962646.0,4,,,,,
9452653938,2026-09-30,861598.0,2962646.0,4,,,,,
9556260484,2025-10-31,12108269.0,22369271.0,3,,,,,
9556260484,2025-11-30,12108269.0,22369271.0,3,,,,,
9556260484,2025-12-31,12108269.0,22369271.0,3,697.0,2026-01-08,2026-01-11,2026-02-04,
9556260484,2026-01-31,12108269.0,22369271.0,3,,,,,
9556260484,2026-02-28,12108269.0,22369271.0,3,,,,,
9556260484,2026-03-31,12108269.0,22369271.0,3,,,,,
9556260484,2026-04-30,12108269.0,22369271.0,3,,,,,
9556260484,2026-05-31,16539971.0,35894080.0,3,698.0,2026-06-03,2026-06-11,2026-06-16,
9556260484,2026-06-30,15865182.0,34599266.0,3,,,,,
9556260484,2026-07-31,16375435.0,24110255.0,3,,,,,
9556260484,2026-08-31,16375435.0,24110255.0,3,,,,,
9556260484,2026-09-30,16375435.0,24110255.0,3,,,,,
9514217895,2025-10-31,3043825.0,5085128.0,1,703.0,2025-11-01,2025-11-09,2025-11-23,
9514217895,2025-11-30,2967943.0,5206220.0,1,,,,,
9514217895,2025-12-31,2967943.0,5206220.0,1,,,,,
9514217895,2026-01-31,2967943.0,5206220.0,1,,,,,
9514217895,2026-02-28,2967943.0,5206220.0,1,,,,,
9514217895,2026-03-31,2967943.0,5206220.0,1,,,,,
9514217895,2026-04-30,2967943.0,5206220.0,1,,,,,
9514217895,2026-05-31,2967943.0,5206220.0,1,,,,,
9514217895,2026-06-30,2967943.0,5206220.0,1,,,,,
9514217895,2026-07-31,5310633.0,10022848.0,1,705.0,2026-07-31,2026-08-05,2026-08-20,
9514217895,2026-08-31,5310633.0,10022848.0,1,,,,,
9514217895,2026-09-30,5310633.0,10022848.0,1,,,,,
9339239422,2025-10-31,1561427.0,3921932.0,5,,,,,
9339239422,2025-11-30,1561427.0,3921932.0,5,,,,,
9339239422,2025-12-31,1561427.0,3921932.0,5,,,,,
9339239422,2026-01-31,1561427.0,3921932.0,5,,,,,
9339239422,2026-02-28,1561427.0,3921932.0,5,706.0,2026-03-06,2026-03-07,2026-03-21,
9339239422,2026-03-31,1561427.0,3921932.0,5,,,,,
9339239422,2026-04-30,1561427.0,3921932.0,5,,,,,
9339239422,2026-05-31,1561427.0,3921932.0,5,,,,,
9339239422,2026-06-30,1708899.0,3172667.0,5,,,,,
9339239422,2026-07-31,1554447.0,2662297.0,5,708.0,2026-07-19,2026-07-21,2026-08-02,
9339239422,2026-08-31,1799544.0,3394368.0,5,,,,,
9339239422,2026-09-30,1488094.0,2982874.0,5,711.0,2026-09-25,2026-10-03,2026-10-23,
9135081439,2025-10-31,6699814.0,13955590.0,1,,,,,
9135081439,2025-11-30,6699814.0,13955590.0,1,,,,,
9135081439,2025-12-31,6699814.0,13955590.0,1,,,,,
9135081439,2026-01-31,6699814.0,13955590.0,1,,,,,
9135081439,2026-02-28,6699814.0,13955590.0,1,,,,,
9135081439,2026-03-31,6699814.0,13955590.0,1,,,,,
9135081439,2026-04-30,6699814.0,13955590.0,1,,,,,
9135081439,2026-05-31,6699814.0,13955590.0,1,,,,,
9135081439,2026-06-30,6699814.0,13955590.0,1,,,,,
9135081439,2026-07-31,6699814.0,13955590.0,1,,,,,
9135081439,2026-08-31,8296837.0,14582337.0,1,713.0,2026-08-14,,,Not dusuk
9135081439,2026-09-30,8296837.0,14582337.0,1,,,,,
9772399785,2025-10-31,37767915.0,65584284.0,4,,,,,
9772399785,2025-11-30,37767915.0,65584284.0,4,,,,,
9772399785,2025-12-31,37767915.0,65584284.0,4,,,,,
9772399785,2026-01-31,37767915.0,65584284.0,4,,,,,
9772399785,2026-02-28,37767915.0,65584284.0,4,,,,,
9772399785,2026-03-31,37767915.0,65584284.0,4,,,,,
9772399785,2026-04-30,37767915.0,65584284.0,4,,,,,
9772399785,2026-05-31,37767915.0,65584284.0,4,,,,,
9772399785,2026-06-30,37767915.0,65584284.0,4,,,,,
9772399785,2026-07-31,37767915.0,65584284.0,4,,,,,
9772399785,2026-08-31,39733006.0,53844589.0,4,,,,,
9772399785,2026-09-30,39733006.0,53844589.0,4,,,,,
9303680074,2025-10-31,58912245.0,67312761.0,7,,,,,
9303680074,2025-11-30,58912245.0,67312761.0,7,,,,,
9303680074,2025-12-31,58912245.0,67312761.0,7,,,,,
9303680074,2026-01-31,58912245.0,67312761.0,7,,,,,
9303680074,2026-02-28,58912245.0,67312761.0,7,,,,,
9303680074,2026-03-31,58912245.0,67312761.0,7,,,,,
9303680074,2026-04-30,58912245.0,67312761.0,7,,,,,
9303680074,2026-05-31,58912245.0,67312761.0,7,,,,,
9303680074,2026-06-30,58912245.0,67312761.0,7,,,,,
9303680074,2026-07-31,70598367.0,72906199.0,7,718.0,2026-07-28,2026-07-19,2026-08-12,Musteri vazgecti
9303680074,2026-08-31,65866843.0,78543641.0,7,,,,,
9303680074,2026-09-30,60403121.0,72501974.0,7,,,,,
9993527161,2025-10-31,1198797.0,2404689.0,3,,,,,
9993527161,2025-11-30,1198797.0,2404689.0,3,,,,,
9993527161,2025-12-31,1198797.0,2404689.0,3,721.0,2025-12-28,,,Risk
9993527161,2026-01-31,1198797.0,2404689.0,3,,,,,
9993527161,2026-02-28,1198797.0,2404689.0,3,,,,,
9993527161,2026-03-31,1198797.0,2404689.0,3,,,,,
9993527161,2026-04-30,1514248.0,3281475.0,3,722.0,2026-04-28,2026-05-01,2026-05-03,
9993527161,2026-05-31,1019731.0,2919953.0,3,723.0,2026-05-12,2026-05-14,2026-05-26,
9993527161,2026-06-30,1019731.0,2919953.0,3,,,,,
9993527161,2026-07-31,1019731.0,2919953.0,3,,,,,
9993527161,2026-08-31,1019731.0,2919953.0,3,,,,,
9993527161,2026-09-30,1647208.0,5457919.0,3,726.0,2026-10-12,,,Teminat yetersiz
9579924828,2025-10-31,26609564.0,42942076.0,1,,,,,
9579924828,2025-11-30,26609564.0,42942076.0,1,,,,,
9579924828,2025-12-31,26609564.0,42942076.0,1,,,,,
9579924828,2026-01-31,26609564.0,42942076.0,1,,,,,
9579924828,2026-02-28,27055222.0,45264193.0,1,728.0,2026-02-09,2026-02-11,2026-02-27,
9579924828,2026-03-31,27055222.0,45264193.0,1,,,,,
9579924828,2026-04-30,27055222.0,45264193.0,1,,,,,
9579924828,2026-05-31,27055222.0,45264193.0,1,,,,,
9579924828,2026-06-30,27055222.0,45264193.0,1,,,,,
9579924828,2026-07-31,27055222.0,45264193.0,1,,,,,
9579924828,2026-08-31,27055222.0,45264193.0,1,,,,,
9579924828,2026-09-30,27055222.0,45264193.0,1,,,,,
9934901562,2025-10-31,8570249.0,27253161.0,4,729.0,2025-10-15,,,Not dusuk
9934901562,2025-11-30,8570249.0,27253161.0,4,,,,,
9934901562,2025-12-31,8570249.0,27253161.0,4,,,,,
9934901562,2026-01-31,10688149.0,19540637.0,4,730.0,2026-02-05,,,Not dusuk
9934901562,2026-02-28,10688149.0,19540637.0,4,,,,,
9934901562,2026-03-31,10688149.0,19540637.0,4,,,,,
9934901562,2026-04-30,12890983.0,30992472.0,4,,,,,
9934901562,2026-05-31,12890983.0,30992472.0,4,,,,,
9934901562,2026-06-30,12890983.0,30992472.0,4,,,,,
9934901562,2026-07-31,12890983.0,30992472.0,4,,,,,
9934901562,2026-08-31,12890983.0,30992472.0,4,,,,,
9934901562,2026-09-30,17059364.0,41274011.0,4,732.0,2026-09-09,2026-09-12,2026-10-03,
9316224053,2025-10-31,0.0,103033621.0,3,,,,,
9316224053,2025-11-30,0.0,103033621.0,3,,,,,
9316224053,2025-12-31,0.0,103033621.0,3,,,,,
9316224053,2026-01-31,0.0,103033621.0,3,,,,,
9316224053,2026-02-28,0.0,103033621.0,3,,,,,
9316224053,2026-03-31,0.0,103033621.0,3,,,,,
9316224053,2026-04-30,0.0,103033621.0,3,,,,,
9316224053,2026-05-31,0.0,103033621.0,3,,,,,
9316224053,2026-06-30,0.0,98938851.0,3,733.0,2026-07-01,2026-07-05,2026-07-06,
9316224053,2026-07-31,0.0,98978727.0,3,,,,,
9316224053,2026-08-31,0.0,98978727.0,3,,,,,
9316224053,2026-09-30,0.0,98978727.0,3,,,,,
9273647562,2025-10-31,354913.0,595988.0,5,,,,,
9273647562,2025-11-30,354913.0,595988.0,5,,,,,
9273647562,2025-12-31,354913.0,595988.0,5,737.0,2026-01-01,2026-01-06,2026-01-30,
9273647562,2026-01-31,354913.0,595988.0,5,,,,,
9273647562,2026-02-28,390765.0,419735.0,5,,,,,
9273647562,2026-03-31,390765.0,419735.0,5,,,,,
9273647562,2026-04-30,390765.0,419735.0,5,,,,,
9273647562,2026-05-31,390765.0,419735.0,5,,,,,
9273647562,2026-06-30,390765.0,419735.0,5,,,,,
9273647562,2026-07-31,390765.0,419735.0,5,,,,,
9273647562,2026-08-31,388334.0,392257.0,5,,,,,
9273647562,2026-09-30,388334.0,392257.0,5,,,,,
9407518238,2025-10-31,23130066.0,50373348.0,1,,,,,
9407518238,2025-11-30,22381500.0,54236281.0,1,,,,,
9407518238,2025-12-31,22381500.0,54236281.0,1,,,,,
9407518238,2026-01-31,22381500.0,54236281.0,1,,,,,
9407518238,2026-02-28,22381500.0,54236281.0,1,,,,,
9407518238,2026-03-31,22381500.0,54236281.0,1,,,,,
9407518238,2026-04-30,22381500.0,54236281.0,1,,,,,
9407518238,2026-05-31,22381500.0,54236281.0,1,,,,,
9407518238,2026-06-30,22381500.0,54236281.0,1,,,,,
9407518238,2026-07-31,22381500.0,54236281.0,1,,,,,
9407518238,2026-08-31,22381500.0,54236281.0,1,,,,,
9407518238,2026-09-30,22381500.0,54236281.0,1,,,,,
9362340049,2025-10-31,2103688.0,3376713.0,3,,,,,
9362340049,2025-11-30,2103688.0,3376713.0,3,,,,,
9362340049,2025-12-31,2203403.0,5460876.0,3,,,,,
9362340049,2026-01-31,2377876.0,3825865.0,3,,,,,
9362340049,2026-02-28,2377876.0,3825865.0,3,,,,,
9362340049,2026-03-31,2377876.0,3825865.0,3,,,,,
9362340049,2026-04-30,2377876.0,3825865.0,3,,,,,
9362340049,2026-05-31,2377876.0,3825865.0,3,,,,,
9362340049,2026-06-30,2377876.0,3825865.0,3,,,,,
9362340049,2026-07-31,2377876.0,3825865.0,3,,,,,
9362340049,2026-08-31,2377876.0,3825865.0,3,,,,,
9362340049,2026-09-30,2377876.0,3825865.0,3,,,,,
9553797419,2025-10-31,73982332.0,137099808.0,3,,,,,
9553797419,2025-11-30,73982332.0,137099808.0,3,,,,,
9553797419,2025-12-31,73982332.0,137099808.0,3,,,,,
9553797419,2026-01-31,73982332.0,137099808.0,3,,,,,
9553797419,2026-02-28,73982332.0,137099808.0,3,,,,,
9553797419,2026-03-31,73982332.0,137099808.0,3,,,,,
9553797419,2026-04-30,80695342.0,135844877.0,3,747.0,2026-04-30,2026-05-01,2026-05-05,
9553797419,2026-05-31,80695342.0,135844877.0,3,,,,,
9553797419,2026-06-30,80695342.0,135844877.0,3,,,,,
9553797419,2026-07-31,73463831.0,112163138.0,3,748.0,2026-08-10,2026-08-15,2026-09-03,
9553797419,2026-08-31,73463831.0,112163138.0,3,,,,,
9553797419,2026-09-30,81289623.0,163886694.0,3,,,,,
9161203641,2025-10-31,588085.0,1353623.0,4,,,,,
9161203641,2025-11-30,588085.0,1353623.0,4,,,,,
9161203641,2025-12-31,588085.0,1353623.0,4,,,,,
9161203641,2026-01-31,588085.0,1353623.0,4,,,,,
9161203641,2026-02-28,588085.0,1353623.0,4,,,,,
9161203641,2026-03-31,588085.0,1353623.0,4,,,,,
9161203641,2026-04-30,588085.0,1353623.0,4,,,,,
9161203641,2026-05-31,588085.0,1353623.0,4,,,,,
9161203641,2026-06-30,588085.0,1353623.0,4,,,,,
9161203641,2026-07-31,588085.0,1353623.0,4,,,,,
9161203641,2026-08-31,588085.0,1353623.0,4,,,,,
9161203641,2026-09-30,588085.0,1353623.0,4,,,,,
9490914323,2025-10-31,157146098.0,534435868.0,3,,,,,
9490914323,2025-11-30,157146098.0,534435868.0,3,,,,,
9490914323,2025-12-31,157146098.0,534435868.0,3,,,,,
9490914323,2026-01-31,157146098.0,534435868.0,3,,,,,
9490914323,2026-02-28,157146098.0,534435868.0,3,,,,,
9490914323,2026-03-31,157146098.0,534435868.0,3,,,,,
9490914323,2026-04-30,157146098.0,534435868.0,3,,,,,
9490914323,2026-05-31,139721180.0,420672038.0,3,,,,,
9490914323,2026-06-30,111295368.0,363582055.0,3,,,,,
9490914323,2026-07-31,111295368.0,363582055.0,3,,,,,
9490914323,2026-08-31,75426533.0,223599207.0,3,,,,,
9490914323,2026-09-30,75426533.0,223599207.0,3,,,,,
9161259812,2025-10-31,99226759.0,165025434.0,7,,,,,
9161259812,2025-11-30,99226759.0,165025434.0,7,,,,,
9161259812,2025-12-31,99226759.0,165025434.0,7,,,,,
9161259812,2026-01-31,99226759.0,165025434.0,7,,,,,
9161259812,2026-02-28,99226759.0,165025434.0,7,,,,,
9161259812,2026-03-31,103103838.0,162419699.0,7,,,,,
9161259812,2026-04-30,102900736.0,138071333.0,7,,,,,
9161259812,2026-05-31,102900736.0,138071333.0,7,,,,,
9161259812,2026-06-30,100477059.0,129151560.0,7,,,,,
9161259812,2026-07-31,83249841.0,117645898.0,7,759.0,2026-08-03,2026-08-05,2026-08-08,
9161259812,2026-08-31,83249841.0,117645898.0,7,,,,,
9161259812,2026-09-30,83249841.0,117645898.0,7,,,,,
9183943814,2025-10-31,4594675.0,6332377.0,1,,,,,
9183943814,2025-11-30,4594675.0,6332377.0,1,,,,,
9183943814,2025-12-31,4594675.0,6332377.0,1,,,,,
9183943814,2026-01-31,4594675.0,6332377.0,1,,,,,
9183943814,2026-02-28,4594675.0,6332377.0,1,,,,,
9183943814,2026-03-31,4594675.0,6332377.0,1,,,,,
9183943814,2026-04-30,4594675.0,6332377.0,1,760.0,2026-04-25,2026-05-03,2026-05-13,
9183943814,2026-05-31,4594675.0,6332377.0,1,,,,,
9183943814,2026-06-30,4594675.0,6332377.0,1,,,,,
9183943814,2026-07-31,4594675.0,6332377.0,1,,,,,
9183943814,2026-08-31,4594675.0,6332377.0,1,,,,,
9183943814,2026-09-30,5831252.0,9396943.0,1,761.0,2026-09-14,2026-09-23,2026-10-06,
9819300629,2025-10-31,2087281.0,3239442.0,2,,,,,
9819300629,2025-11-30,2087281.0,3239442.0,2,,,,,
9819300629,2025-12-31,2087281.0,3239442.0,2,,,,,
9819300629,2026-01-31,2087281.0,3239442.0,2,,,,,
9819300629,2026-02-28,2087281.0,3239442.0,2,,,,,
9819300629,2026-03-31,2087281.0,3239442.0,2,762.0,2026-04-09,,,Risk
9819300629,2026-04-30,2087281.0,3239442.0,2,,,,,
9819300629,2026-05-31,2087281.0,3239442.0,2,,,,,
9819300629,2026-06-30,2087281.0,3239442.0,2,,,,,
9819300629,2026-07-31,2087281.0,3239442.0,2,,,,,
9819300629,2026-08-31,2087281.0,3239442.0,2,,,,,
9819300629,2026-09-30,2087281.0,3239442.0,2,,,,,
9776766621,2025-10-31,4604225.0,5888109.0,2,,,,,
9776766621,2025-11-30,4604225.0,5888109.0,2,,,,,
9776766621,2025-12-31,3916265.0,5103586.0,2,763.0,2026-01-07,2026-01-11,2026-02-02,
9776766621,2026-01-31,3916265.0,5103586.0,2,,,,,
9776766621,2026-02-28,3916265.0,5103586.0,2,,,,,
9776766621,2026-03-31,3916265.0,5103586.0,2,,,,,
9776766621,2026-04-30,4601067.0,7269245.0,2,,,,,
9776766621,2026-05-31,4601067.0,7269245.0,2,,,,,
9776766621,2026-06-30,4601067.0,7269245.0,2,,,,,
9776766621,2026-07-31,4601067.0,7269245.0,2,,,,,
9776766621,2026-08-31,4601067.0,7269245.0,2,,,,,
9776766621,2026-09-30,4601067.0,7269245.0,2,,,,,
9503394478,2025-10-31,39237061.0,146545352.0,3,,,,,
9503394478,2025-11-30,39237061.0,146545352.0,3,,,,,
9503394478,2025-12-31,39237061.0,146545352.0,3,766.0,2026-01-01,,,Musteri vazgecti
9503394478,2026-01-31,39237061.0,146545352.0,3,,,,,
9503394478,2026-02-28,32963507.0,132957271.0,3,,,,,
9503394478,2026-03-31,32963507.0,132957271.0,3,,,,,
9503394478,2026-04-30,32963507.0,132957271.0,3,,,,,
9503394478,2026-05-31,23032347.0,75356022.0,3,768.0,2026-06-11,,,Musteri vazgecti
9503394478,2026-06-30,23032347.0,75356022.0,3,,,,,
9503394478,2026-07-31,23032347.0,75356022.0,3,,,,,
9503394478,2026-08-31,23032347.0,75356022.0,3,,,,,
9503394478,2026-09-30,23032347.0,75356022.0,3,,,,,
9143448279,2025-10-31,719437.0,867688.0,2,770.0,2025-10-30,2025-11-06,2025-11-17,
9143448279,2025-11-30,875777.0,1328690.0,2,,,,,
9143448279,2025-12-31,912769.0,1154541.0,2,,,,,
9143448279,2026-01-31,831518.0,1351807.0,2,773.0,2026-01-23,,,Risk
9143448279,2026-02-28,831518.0,1351807.0,2,,,,,
9143448279,2026-03-31,831518.0,1351807.0,2,,,,,
9143448279,2026-04-30,831518.0,1351807.0,2,,,,,
9143448279,2026-05-31,831518.0,1351807.0,2,,,,,
9143448279,2026-06-30,831518.0,1351807.0,2,,,,,
9143448279,2026-07-31,1042643.0,1596586.0,2,,,,,
9143448279,2026-08-31,1042643.0,1596586.0,2,,,,,
9143448279,2026-09-30,1042643.0,1596586.0,2,,,,,
9781275411,2025-10-31,4072007.0,8009866.0,5,,,,,
9781275411,2025-11-30,4072007.0,8009866.0,5,,,,,
9781275411,2025-12-31,4072007.0,8009866.0,5,,,,,
9781275411,2026-01-31,4072007.0,8009866.0,5,,,,,
9781275411,2026-02-28,4072007.0,8009866.0,5,,,,,
9781275411,2026-03-31,4072007.0,8009866.0,5,,,,,
9781275411,2026-04-30,4072007.0,8009866.0,5,,,,,
9781275411,2026-05-31,4072007.0,8009866.0,5,,,,,
9781275411,2026-06-30,4072007.0,8009866.0,5,,,,,
9781275411,2026-07-31,4072007.0,8009866.0,5,,,,,
9781275411,2026-08-31,4072007.0,8009866.0,5,,,,,
9781275411,2026-09-30,4072007.0,8009866.0,5,,,,,
9331635081,2025-10-31,23315488.0,52586013.0,4,,,,,
9331635081,2025-11-30,23315488.0,52586013.0,4,,,,,
9331635081,2025-12-31,23315488.0,52586013.0,4,,,,,
9331635081,2026-01-31,23315488.0,52586013.0,4,,,,,
9331635081,2026-02-28,23315488.0,52586013.0,4,,,,,
9331635081,2026-03-31,23315488.0,52586013.0,4,,,,,
9331635081,2026-04-30,23315488.0,52586013.0,4,776.0,2026-04-28,2026-05-03,2026-05-17,
9331635081,2026-05-31,23315488.0,52586013.0,4,,,,,
9331635081,2026-06-30,23315488.0,52586013.0,4,,,,,
9331635081,2026-07-31,23315488.0,52586013.0,4,,,,,
9331635081,2026-08-31,22545061.0,76000114.0,4,,,,,
9331635081,2026-09-30,27187450.0,50482331.0,4,,,,,
9609211197,2025-10-31,14529382.0,26870953.0,4,,,,,
9609211197,2025-11-30,14529382.0,26870953.0,4,,,,,
9609211197,2025-12-31,14529382.0,26870953.0,4,,,,,
9609211197,2026-01-31,14529382.0,26870953.0,4,,,,,
9609211197,2026-02-28,14529382.0,26870953.0,4,,,,,
9609211197,2026-03-31,14529382.0,26870953.0,4,,,,,
9609211197,2026-04-30,14529382.0,26870953.0,4,,,,,
9609211197,2026-05-31,28035331.0,37294543.0,4,,,,,
9609211197,2026-06-30,32190761.0,50339067.0,4,782.0,2026-06-28,2026-06-30,2026-07-28,
9609211197,2026-07-31,32190761.0,50339067.0,4,,,,,
9609211197,2026-08-31,32190761.0,50339067.0,4,,,,,
9609211197,2026-09-30,32190761.0,50339067.0,4,,,,,
9702526764,2025-10-31,2701398.0,5549105.0,5,,,,,
9702526764,2025-11-30,2701398.0,5549105.0,5,,,,,
9702526764,2025-12-31,2701398.0,5549105.0,5,,,,,
9702526764,2026-01-31,2701398.0,5549105.0,5,,,,,
9702526764,2026-02-28,2701398.0,5549105.0,5,783.0,2026-02-11,2026-02-20,2026-02-26,
9702526764,2026-03-31,2701398.0,5549105.0,5,,,,,
9702526764,2026-04-30,2701398.0,5549105.0,5,,,,,
9702526764,2026-05-31,2760771.0,6154839.0,5,784.0,2026-05-03,2026-05-08,2026-05-26,
9702526764,2026-06-30,2760771.0,6154839.0,5,,,,,
9702526764,2026-07-31,2760771.0,6154839.0,5,,,,,
9702526764,2026-08-31,2760771.0,6154839.0,5,,,,,
9702526764,2026-09-30,2926122.0,5731891.0,5,786.0,2026-10-14,2026-10-18,2026-11-12,
9854322899,2025-10-31,1236879.0,2650699.0,5,,,,,
9854322899,2025-11-30,1236879.0,2650699.0,5,,,,,
9854322899,2025-12-31,1236879.0,2650699.0,5,787.0,2026-01-07,,,Teminat yetersiz
9854322899,2026-01-31,1186160.0,2607944.0,5,788.0,2026-01-19,2026-01-20,2026-02-18,
9854322899,2026-02-28,1186160.0,2607944.0,5,,,,,
9854322899,2026-03-31,1186160.0,2607944.0,5,,,,,
9854322899,2026-04-30,1186160.0,2607944.0,5,,,,,
9854322899,2026-05-31,996037.0,1420124.0,5,,,,,
9854322899,2026-06-30,996037.0,1420124.0,5,,,,,
9854322899,2026-07-31,1043881.0,1605524.0,5,,,,,
9854322899,2026-08-31,1058898.0,1371822.0,5,,,,,
9854322899,2026-09-30,1058898.0,1371822.0,5,,,,,
9836404617,2025-10-31,9683977.0,13855153.0,6,,,,,
9836404617,2025-11-30,9683977.0,13855153.0,6,,,,,
9836404617,2025-12-31,9683977.0,13855153.0,6,,,,,
9836404617,2026-01-31,8862618.0,16700908.0,6,793.0,2026-02-03,,,Risk
9836404617,2026-02-28,8862618.0,16700908.0,6,,,,,
9836404617,2026-03-31,8862618.0,16700908.0,6,,,,,
9836404617,2026-04-30,8862618.0,16700908.0,6,,,,,
9836404617,2026-05-31,8862618.0,16700908.0,6,,,,,
9836404617,2026-06-30,8862618.0,16700908.0,6,,,,,
9836404617,2026-07-31,8710839.0,19590092.0,6,,,,,
9836404617,2026-08-31,8710839.0,19590092.0,6,,,,,
9836404617,2026-09-30,8357889.0,17238702.0,6,,,,,
9203667447,2025-10-31,7765673.0,13153028.0,4,,,,,
9203667447,2025-11-30,7765673.0,13153028.0,4,,,,,
9203667447,2025-12-31,7765673.0,13153028.0,4,,,,,
9203667447,2026-01-31,7765673.0,13153028.0,4,,,,,
9203667447,2026-02-28,7765673.0,13153028.0,4,,,,,
9203667447,2026-03-31,7765673.0,13153028.0,4,,,,,
9203667447,2026-04-30,7765673.0,13153028.0,4,,,,,
9203667447,2026-05-31,7765673.0,13153028.0,4,,,,,
9203667447,2026-06-30,7765673.0,13153028.0,4,,,,,
9203667447,2026-07-31,7765673.0,13153028.0,4,,,,,
9203667447,2026-08-31,7765673.0,13153028.0,4,,,,,
9203667447,2026-09-30,7765673.0,13153028.0,4,,,,,
9403241394,2025-10-31,83721321.0,148366486.0,2,,,,,
9403241394,2025-11-30,83721321.0,148366486.0,2,,,,,
9403241394,2025-12-31,83721321.0,148366486.0,2,,,,,
9403241394,2026-01-31,83721321.0,148366486.0,2,,,,,
9403241394,2026-02-28,83721321.0,148366486.0,2,,,,,
9403241394,2026-03-31,83721321.0,148366486.0,2,,,,,
9403241394,2026-04-30,83721321.0,148366486.0,2,,,,,
9403241394,2026-05-31,83721321.0,148366486.0,2,,,,,
9403241394,2026-06-30,83721321.0,148366486.0,2,,,,,
9403241394,2026-07-31,83721321.0,148366486.0,2,,,,,
9403241394,2026-08-31,83721321.0,148366486.0,2,,,,,
9403241394,2026-09-30,180374057.0,287284331.0,2,,,,,
9365396061,2025-10-31,7320315.0,11355954.0,3,,,,,
9365396061,2025-11-30,7320315.0,11355954.0,3,,,,,
9365396061,2025-12-31,7320315.0,11355954.0,3,,,,,
9365396061,2026-01-31,7320315.0,11355954.0,3,,,,,
9365396061,2026-02-28,7320315.0,11355954.0,3,,,,,
9365396061,2026-03-31,7320315.0,11355954.0,3,,,,,
9365396061,2026-04-30,7320315.0,11355954.0,3,,,,,
9365396061,2026-05-31,7082167.0,12429390.0,3,800.0,2026-06-06,2026-06-14,2026-07-09,
9365396061,2026-06-30,7082167.0,12429390.0,3,,,,,
9365396061,2026-07-31,7082167.0,12429390.0,3,,,,,
9365396061,2026-08-31,7082167.0,12429390.0,3,,,,,
9365396061,2026-09-30,7082167.0,12429390.0,3,,,,,
9943346287,2025-10-31,1023338.0,1673405.0,3,801.0,2025-11-11,,,Teminat yetersiz
9943346287,2025-11-30,1023338.0,1673405.0,3,,,,,
9943346287,2025-12-31,1023338.0,1673405.0,3,,,,,
9943346287,2026-01-31,1023338.0,1673405.0,3,,,,,
9943346287,2026-02-28,1023338.0,1673405.0,3,,,,,
9943346287,2026-03-31,1023338.0,1673405.0,3,,,,,
9943346287,2026-04-30,1023338.0,1673405.0,3,,,,,
9943346287,2026-05-31,1119845.0,1535851.0,3,,,,,
9943346287,2026-06-30,1119845.0,1535851.0,3,,,,,
9943346287,2026-07-31,1119845.0,1535851.0,3,,,,,
9943346287,2026-08-31,1119845.0,1535851.0,3,,,,,
9943346287,2026-09-30,1119845.0,1535851.0,3,,,,,
9628871477,2025-10-31,1646139.0,3452017.0,4,,,,,
9628871477,2025-11-30,1646139.0,3452017.0,4,,,,,
9628871477,2025-12-31,1646139.0,3452017.0,4,,,,,
9628871477,2026-01-31,1646139.0,3452017.0,4,,,,,
9628871477,2026-02-28,1646139.0,3452017.0,4,,,,,
9628871477,2026-03-31,1646139.0,3452017.0,4,,,,,
9628871477,2026-04-30,1646139.0,3452017.0,4,,,,,
9628871477,2026-05-31,1541768.0,3336358.0,4,,,,,
9628871477,2026-06-30,1541768.0,3336358.0,4,,,,,
9628871477,2026-07-31,1541768.0,3336358.0,4,,,,,
9628871477,2026-08-31,1541768.0,3336358.0,4,,,,,
9628871477,2026-09-30,1541768.0,3336358.0,4,,,,,
9741592403,2025-10-31,357958986.0,768296342.0,4,,,,,
9741592403,2025-11-30,357958986.0,768296342.0,4,,,,,
9741592403,2025-12-31,357958986.0,768296342.0,4,,,,,
9741592403,2026-01-31,348146012.0,628688443.0,4,806.0,2026-01-12,2026-01-19,2026-02-06,
9741592403,2026-02-28,348146012.0,628688443.0,4,,,,,
9741592403,2026-03-31,348146012.0,628688443.0,4,,,,,
9741592403,2026-04-30,348146012.0,628688443.0,4,,,,,
9741592403,2026-05-31,348146012.0,628688443.0,4,,,,,
9741592403,2026-06-30,348146012.0,628688443.0,4,,,,,
9741592403,2026-07-31,348146012.0,628688443.0,4,,,,,
9741592403,2026-08-31,348146012.0,628688443.0,4,,,,,
9741592403,2026-09-30,348146012.0,628688443.0,4,,,,,
9885278574,2025-10-31,22392587.0,41315434.0,4,,,,,
9885278574,2025-11-30,22392587.0,41315434.0,4,807.0,2025-11-13,,,Musteri vazgecti
9885278574,2025-12-31,22392587.0,41315434.0,4,,,,,
9885278574,2026-01-31,22392587.0,41315434.0,4,,,,,
9885278574,2026-02-28,21449979.0,29864311.0,4,,,,,
9885278574,2026-03-31,21449979.0,29864311.0,4,,,,,
9885278574,2026-04-30,21449979.0,29864311.0,4,,,,,
9885278574,2026-05-31,21449979.0,29864311.0,4,,,,,
9885278574,2026-06-30,21449979.0,29864311.0,4,,,,,
9885278574,2026-07-31,22088179.0,49363799.0,4,,,,,
9885278574,2026-08-31,22652788.0,31398184.0,4,,,,,
9885278574,2026-09-30,22652788.0,31398184.0,4,,,,,
9908436946,2025-10-31,2877304.0,3782950.0,4,,,,,
9908436946,2025-11-30,2877304.0,3782950.0,4,,,,,
9908436946,2025-12-31,2877304.0,3782950.0,4,,,,,
9908436946,2026-01-31,2877304.0,3782950.0,4,811.0,2026-01-28,2026-02-06,2026-02-13,
9908436946,2026-02-28,3116230.0,4836668.0,4,812.0,2026-03-06,2026-03-12,2026-03-24,
9908436946,2026-03-31,3116230.0,4836668.0,4,,,,,
9908436946,2026-04-30,3235797.0,3887854.0,4,,,,,
9908436946,2026-05-31,3235797.0,3887854.0,4,,,,,
9908436946,2026-06-30,3235797.0,3887854.0,4,,,,,
9908436946,2026-07-31,2703442.0,4207135.0,4,814.0,2026-08-03,2026-08-06,2026-09-01,
9908436946,2026-08-31,2703442.0,4207135.0,4,,,,,
9908436946,2026-09-30,2703442.0,4207135.0,4,,,,,
9383245702,2025-10-31,86807854.0,173512819.0,4,,,,,
9383245702,2025-11-30,86807854.0,173512819.0,4,,,,,
9383245702,2025-12-31,86807854.0,173512819.0,4,,,,,
9383245702,2026-01-31,86807854.0,173512819.0,4,,,,,
9383245702,2026-02-28,86807854.0,173512819.0,4,,,,,
9383245702,2026-03-31,86807854.0,173512819.0,4,,,,,
9383245702,2026-04-30,86807854.0,173512819.0,4,,,,,
9383245702,2026-05-31,86807854.0,173512819.0,4,,,,,
9383245702,2026-06-30,88609271.0,202949451.0,4,816.0,2026-06-25,,,Musteri vazgecti
9383245702,2026-07-31,88609271.0,202949451.0,4,,,,,
9383245702,2026-08-31,88609271.0,202949451.0,4,,,,,
9383245702,2026-09-30,88609271.0,202949451.0,4,,,,,
9376952771,2025-10-31,2813868.0,4360913.0,5,,,,,
9376952771,2025-11-30,2813868.0,4360913.0,5,,,,,
9376952771,2025-12-31,2813868.0,4360913.0,5,,,,,
9376952771,2026-01-31,2946164.0,5036455.0,5,,,,,
9376952771,2026-02-28,2946164.0,5036455.0,5,,,,,
9376952771,2026-03-31,2946164.0,5036455.0,5,,,,,
9376952771,2026-04-30,3002899.0,4595348.0,5,,,,,
9376952771,2026-05-31,3002899.0,4595348.0,5,,,,,
9376952771,2026-06-30,3002899.0,4595348.0,5,,,,,
9376952771,2026-07-31,2826996.0,4114919.0,5,,,,,
9376952771,2026-08-31,2826996.0,4114919.0,5,,,,,
9376952771,2026-09-30,2826996.0,4114919.0,5,,,,,
9734745168,2025-10-31,17102030.0,19276742.0,2,,,,,
9734745168,2025-11-30,17102030.0,19276742.0,2,,,,,
9734745168,2025-12-31,17102030.0,19276742.0,2,821.0,2025-12-26,,,Musteri vazgecti
9734745168,2026-01-31,17102030.0,19276742.0,2,,,,,
9734745168,2026-02-28,17102030.0,19276742.0,2,,,,,
9734745168,2026-03-31,17102030.0,19276742.0,2,,,,,
9734745168,2026-04-30,17102030.0,19276742.0,2,,,,,
9734745168,2026-05-31,25512413.0,35465164.0,2,822.0,2026-06-12,2026-06-17,2026-07-08,
9734745168,2026-06-30,25512413.0,35465164.0,2,,,,,
9734745168,2026-07-31,25512413.0,35465164.0,2,,,,,
9734745168,2026-08-31,25512413.0,35465164.0,2,,,,,
9734745168,2026-09-30,25512413.0,35465164.0,2,,,,,
9405114271,2025-10-31,1363556.0,3931949.0,6,,,,,
9405114271,2025-11-30,1363556.0,3931949.0,6,,,,,
9405114271,2025-12-31,1363556.0,3931949.0,6,,,,,
9405114271,2026-01-31,1363556.0,3931949.0,6,,,,,
9405114271,2026-02-28,1363556.0,3931949.0,6,823.0,2026-02-15,2026-02-24,2026-03-15,
9405114271,2026-03-31,1363556.0,3931949.0,6,,,,,
9405114271,2026-04-30,829219.0,2473796.0,6,,,,,
9405114271,2026-05-31,363695.0,1087881.0,6,,,,,
9405114271,2026-06-30,363695.0,1087881.0,6,,,,,
9405114271,2026-07-31,363695.0,1087881.0,6,,,,,
9405114271,2026-08-31,363695.0,1087881.0,6,,,,,
9405114271,2026-09-30,0.0,3316869.0,6,,,,,
9461997290,2025-10-31,1491260.0,2161560.0,2,,,,,
9461997290,2025-11-30,1491260.0,2161560.0,2,,,,,
9461997290,2025-12-31,1491260.0,2161560.0,2,,,,,
9461997290,2026-01-31,1491260.0,2161560.0,2,,,,,
9461997290,2026-02-28,1491260.0,2161560.0,2,,,,,
9461997290,2026-03-31,1491260.0,2161560.0,2,,,,,
9461997290,2026-04-30,1491260.0,2161560.0,2,,,,,
9461997290,2026-05-31,1491260.0,2161560.0,2,,,,,
9461997290,2026-06-30,1454800.0,2355774.0,2,,,,,
9461997290,2026-07-31,1454800.0,2355774.0,2,,,,,
9461997290,2026-08-31,1454800.0,2355774.0,2,,,,,
9461997290,2026-09-30,1454800.0,2355774.0,2,,,,,
9583455383,2025-10-31,19603912.0,29561754.0,5,,,,,
9583455383,2025-11-30,19603912.0,29561754.0,5,,,,,
9583455383,2025-12-31,19603912.0,29561754.0,5,,,,,
9583455383,2026-01-31,21632371.0,51814892.0,5,832.0,2026-02-05,,,Not dusuk
9583455383,2026-02-28,21632371.0,51814892.0,5,,,,,
9583455383,2026-03-31,21632371.0,51814892.0,5,,,,,
9583455383,2026-04-30,21632371.0,51814892.0,5,,,,,
9583455383,2026-05-31,21632371.0,51814892.0,5,,,,,
9583455383,2026-06-30,22657502.0,44228454.0,5,834.0,2026-07-12,2026-07-15,2026-07-30,
9583455383,2026-07-31,23485399.0,37323053.0,5,,,,,
9583455383,2026-08-31,23485399.0,37323053.0,5,,,,,
9583455383,2026-09-30,23485399.0,37323053.0,5,,,,,
9447329162,2025-10-31,11165345.0,24275485.0,7,,,,,
9447329162,2025-11-30,11165345.0,24275485.0,7,,,,,
9447329162,2025-12-31,11165345.0,24275485.0,7,,,,,
9447329162,2026-01-31,11165345.0,24275485.0,7,,,,,
9447329162,2026-02-28,11165345.0,24275485.0,7,836.0,2026-03-01,,,Risk
9447329162,2026-03-31,11070474.0,38263785.0,7,837.0,2026-03-10,,,Risk
9447329162,2026-04-30,10706620.0,22374225.0,7,,,,,
9447329162,2026-05-31,12823634.0,28180337.0,7,,,,,
9447329162,2026-06-30,12823634.0,28180337.0,7,,,,,
9447329162,2026-07-31,12823634.0,28180337.0,7,,,,,
9447329162,2026-08-31,13693486.0,31575465.0,7,,,,,
9447329162,2026-09-30,13693486.0,31575465.0,7,,,,,
9320030683,2025-10-31,11836044.0,14323541.0,7,,,,,
9320030683,2025-11-30,11836044.0,14323541.0,7,,,,,
9320030683,2025-12-31,11836044.0,14323541.0,7,,,,,
9320030683,2026-01-31,11836044.0,14323541.0,7,,,,,
9320030683,2026-02-28,11836044.0,14323541.0,7,,,,,
9320030683,2026-03-31,11836044.0,14323541.0,7,,,,,
9320030683,2026-04-30,13841257.0,18432917.0,7,842.0,2026-04-30,,,Risk
9320030683,2026-05-31,13841257.0,18432917.0,7,,,,,
9320030683,2026-06-30,14667613.0,17721632.0,7,,,,,
9320030683,2026-07-31,14667613.0,17721632.0,7,,,,,
9320030683,2026-08-31,14667613.0,17721632.0,7,,,,,
9320030683,2026-09-30,14667613.0,17721632.0,7,,,,,
9440981160,2025-10-31,8104303.0,14637102.0,6,,,,,
9440981160,2025-11-30,8104303.0,14637102.0,6,,,,,
9440981160,2025-12-31,8104303.0,14637102.0,6,844.0,2025-12-28,,,Musteri vazgecti
9440981160,2026-01-31,8858775.0,18446858.0,6,845.0,2026-01-29,,,Musteri vazgecti
9440981160,2026-02-28,8858775.0,18446858.0,6,,,,,
9440981160,2026-03-31,8858775.0,18446858.0,6,,,,,
9440981160,2026-04-30,8858775.0,18446858.0,6,,,,,
9440981160,2026-05-31,10901678.0,15883868.0,6,846.0,2026-06-11,2026-06-13,2026-06-16,
9440981160,2026-06-30,10901678.0,15883868.0,6,,,,,
9440981160,2026-07-31,10901678.0,15883868.0,6,,,,,
9440981160,2026-08-31,10901678.0,15883868.0,6,,,,,
9440981160,2026-09-30,10377602.0,14118899.0,6,,,,,
9918817818,2025-10-31,24405519.0,39065315.0,4,,,,,
9918817818,2025-11-30,24405519.0,39065315.0,4,,,,,
9918817818,2025-12-31,24405519.0,39065315.0,4,,,,,
9918817818,2026-01-31,24405519.0,39065315.0,4,,,,,
9918817818,2026-02-28,24405519.0,39065315.0,4,,,,,
9918817818,2026-03-31,24405519.0,39065315.0,4,,,,,
9918817818,2026-04-30,24405519.0,39065315.0,4,,,,,
9918817818,2026-05-31,23872296.0,50200977.0,4,849.0,2026-05-14,2026-05-15,2026-06-02,
9918817818,2026-06-30,23872296.0,50200977.0,4,,,,,
9918817818,2026-07-31,23872296.0,50200977.0,4,,,,,
9918817818,2026-08-31,23872296.0,50200977.0,4,,,,,
9918817818,2026-09-30,24332420.0,48296073.0,4,850.0,2026-09-25,2026-10-02,2026-10-05,
9728486566,2025-10-31,24802166.0,64208535.0,7,,,,,
9728486566,2025-11-30,24802166.0,64208535.0,7,,,,,
9728486566,2025-12-31,24802166.0,64208535.0,7,,,,,
9728486566,2026-01-31,24802166.0,64208535.0,7,,,,,
9728486566,2026-02-28,24802166.0,64208535.0,7,852.0,2026-03-06,,,Not dusuk
9728486566,2026-03-31,24802166.0,64208535.0,7,,,,,
9728486566,2026-04-30,24802166.0,64208535.0,7,,,,,
9728486566,2026-05-31,24802166.0,64208535.0,7,,,,,
9728486566,2026-06-30,24802166.0,64208535.0,7,,,,,
9728486566,2026-07-31,24802166.0,64208535.0,7,,,,,
9728486566,2026-08-31,20349281.0,48751240.0,7,,,,,
9728486566,2026-09-30,20349281.0,48751240.0,7,,,,,
9499345925,2025-10-31,750202.0,1839626.0,3,854.0,2025-10-22,,,Risk
9499345925,2025-11-30,924134.0,3909503.0,3,,,,,
9499345925,2025-12-31,897194.0,1700155.0,3,,,,,
9499345925,2026-01-31,897194.0,1700155.0,3,,,,,
9499345925,2026-02-28,897194.0,1700155.0,3,,,,,
9499345925,2026-03-31,897194.0,1700155.0,3,,,,,
9499345925,2026-04-30,897194.0,1700155.0,3,,,,,
9499345925,2026-05-31,897194.0,1700155.0,3,,,,,
9499345925,2026-06-30,752823.0,1874626.0,3,,,,,
9499345925,2026-07-31,752823.0,1874626.0,3,,,,,
9499345925,2026-08-31,752823.0,1874626.0,3,,,,,
9499345925,2026-09-30,752823.0,1874626.0,3,,,,,
9751088231,2025-10-31,23539413.0,46242997.0,2,,,,,
9751088231,2025-11-30,23539413.0,46242997.0,2,,,,,
9751088231,2025-12-31,23539413.0,46242997.0,2,,,,,
9751088231,2026-01-31,23539413.0,46242997.0,2,,,,,
9751088231,2026-02-28,23539413.0,46242997.0,2,,,,,
9751088231,2026-03-31,23539413.0,46242997.0,2,,,,,
9751088231,2026-04-30,23129487.0,33733186.0,2,859.0,2026-05-11,2026-05-18,2026-06-08,
9751088231,2026-05-31,23129487.0,33733186.0,2,,,,,
9751088231,2026-06-30,23129487.0,33733186.0,2,,,,,
9751088231,2026-07-31,23129487.0,33733186.0,2,,,,,
9751088231,2026-08-31,23129487.0,33733186.0,2,,,,,
9751088231,2026-09-30,23129487.0,33733186.0,2,,,,,
9631755299,2025-10-31,350462099.0,735734245.0,7,860.0,2025-10-04,2025-10-05,2025-10-16,
9631755299,2025-11-30,350462099.0,735734245.0,7,,,,,
9631755299,2025-12-31,350462099.0,735734245.0,7,,,,,
9631755299,2026-01-31,350462099.0,735734245.0,7,,,,,
9631755299,2026-02-28,350462099.0,735734245.0,7,,,,,
9631755299,2026-03-31,350462099.0,735734245.0,7,,,,,
9631755299,2026-04-30,350462099.0,735734245.0,7,,,,,
9631755299,2026-05-31,350462099.0,735734245.0,7,,,,,
9631755299,2026-06-30,565488492.0,841137321.0,7,,,,,
9631755299,2026-07-31,565488492.0,841137321.0,7,,,,,
9631755299,2026-08-31,565488492.0,841137321.0,7,,,,,
9631755299,2026-09-30,565488492.0,841137321.0,7,,,,,
9294642378,2025-10-31,19579342.0,33742290.0,4,,,,,
9294642378,2025-11-30,19579342.0,33742290.0,4,,,,,
9294642378,2025-12-31,19579342.0,33742290.0,4,,,,,
9294642378,2026-01-31,19579342.0,33742290.0,4,,,,,
9294642378,2026-02-28,19579342.0,33742290.0,4,,,,,
9294642378,2026-03-31,19579342.0,33742290.0,4,,,,,
9294642378,2026-04-30,19579342.0,33742290.0,4,,,,,
9294642378,2026-05-31,19579342.0,33742290.0,4,,,,,
9294642378,2026-06-30,17648744.0,57391291.0,4,,,,,
9294642378,2026-07-31,17648744.0,57391291.0,4,,,,,
9294642378,2026-08-31,17648744.0,57391291.0,4,,,,,
9294642378,2026-09-30,17648744.0,57391291.0,4,,,,,
9118475044,2025-10-31,5878910.0,8485967.0,3,,,,,
9118475044,2025-11-30,5878910.0,8485967.0,3,,,,,
9118475044,2025-12-31,5878910.0,8485967.0,3,,,,,
9118475044,2026-01-31,5878910.0,8485967.0,3,,,,,
9118475044,2026-02-28,5878910.0,8485967.0,3,,,,,
9118475044,2026-03-31,5484311.0,8282294.0,3,,,,,
9118475044,2026-04-30,5484311.0,8282294.0,3,,,,,
9118475044,2026-05-31,5484311.0,8282294.0,3,,,,,
9118475044,2026-06-30,5484311.0,8282294.0,3,,,,,
9118475044,2026-07-31,5805182.0,11268883.0,3,,,,,
9118475044,2026-08-31,5805182.0,11268883.0,3,,,,,
9118475044,2026-09-30,6057146.0,10263536.0,3,867.0,2026-09-19,2026-09-28,2026-10-08,
9283923590,2025-10-31,294208853.0,597265298.0,2,,,,,
9283923590,2025-11-30,294208853.0,597265298.0,2,,,,,
9283923590,2025-12-31,294208853.0,597265298.0,2,,,,,
9283923590,2026-01-31,294208853.0,597265298.0,2,,,,,
9283923590,2026-02-28,294208853.0,597265298.0,2,,,,,
9283923590,2026-03-31,294208853.0,597265298.0,2,,,,,
9283923590,2026-04-30,294208853.0,597265298.0,2,,,,,
9283923590,2026-05-31,294208853.0,597265298.0,2,,,,,
9283923590,2026-06-30,294208853.0,597265298.0,2,,,,,
9283923590,2026-07-31,294208853.0,597265298.0,2,,,,,
9283923590,2026-08-31,294208853.0,597265298.0,2,,,,,
9283923590,2026-09-30,294208853.0,597265298.0,2,868.0,2026-09-13,2026-09-18,2026-10-05,
9174940784,2025-10-31,318667420.0,485851245.0,6,,,,,
9174940784,2025-11-30,318667420.0,485851245.0,6,,,,,
9174940784,2025-12-31,318667420.0,485851245.0,6,,,,,
9174940784,2026-01-31,318667420.0,485851245.0,6,,,,,
9174940784,2026-02-28,318667420.0,485851245.0,6,,,,,
9174940784,2026-03-31,318667420.0,485851245.0,6,,,,,
9174940784,2026-04-30,318667420.0,485851245.0,6,,,,,
9174940784,2026-05-31,318667420.0,485851245.0,6,,,,,
9174940784,2026-06-30,318667420.0,485851245.0,6,,,,,
9174940784,2026-07-31,318667420.0,485851245.0,6,,,,,
9174940784,2026-08-31,318667420.0,485851245.0,6,,,,,
9174940784,2026-09-30,318667420.0,485851245.0,6,,,,,
9628076396,2025-10-31,1607586.0,2886479.0,4,,,,,
9628076396,2025-11-30,1541439.0,2541460.0,4,870.0,2025-12-05,2025-12-12,2026-01-08,
9628076396,2025-12-31,1541439.0,2541460.0,4,,,,,
9628076396,2026-01-31,1577884.0,3017073.0,4,,,,,
9628076396,2026-02-28,1577884.0,3017073.0,4,,,,,
9628076396,2026-03-31,1577884.0,3017073.0,4,,,,,
9628076396,2026-04-30,1577884.0,3017073.0,4,,,,,
9628076396,2026-05-31,1577884.0,3017073.0,4,,,,,
9628076396,2026-06-30,1577884.0,3017073.0,4,,,,,
9628076396,2026-07-31,1577884.0,3017073.0,4,,,,,
9628076396,2026-08-31,1577884.0,3017073.0,4,,,,,
9628076396,2026-09-30,1577884.0,3017073.0,4,,,,,
9135571256,2025-10-31,24270781.0,34520599.0,2,,,,,
9135571256,2025-11-30,25100127.0,34520599.0,2,,,,,
9135571256,2025-12-31,25743666.0,34520599.0,2,,,,,
9135571256,2026-01-31,25082530.0,34520599.0,2,,,,,
9135571256,2026-02-28,25538899.0,34520599.0,2,,,,,
9135571256,2026-03-31,25807311.0,34520599.0,2,,,,,
9135571256,2026-04-30,24238399.0,34520599.0,2,,,,,
9135571256,2026-05-31,24752482.0,34520599.0,2,,,,,
9135571256,2026-06-30,24926605.0,34520599.0,2,,,,,
9135571256,2026-07-31,23960197.0,34520599.0,2,,,,,
9135571256,2026-08-31,25391254.0,34520599.0,2,,,,,
9135571256,2026-09-30,24070124.0,34520599.0,2,,,,,
9756545578,2025-10-31,627880.0,1253630.0,3,,,,,
9756545578,2025-11-30,627880.0,1253630.0,3,,,,,
9756545578,2025-12-31,627880.0,1253630.0,3,,,,,
9756545578,2026-01-31,627880.0,1253630.0,3,,,,,
9756545578,2026-02-28,627880.0,1253630.0,3,,,,,
9756545578,2026-03-31,627880.0,1253630.0,3,,,,,
9756545578,2026-04-30,627880.0,1253630.0,3,,,,,
9756545578,2026-05-31,627880.0,1253630.0,3,,,,,
9756545578,2026-06-30,627880.0,1253630.0,3,,,,,
9756545578,2026-07-31,627880.0,1253630.0,3,,,,,
9756545578,2026-08-31,627880.0,1253630.0,3,,,,,
9756545578,2026-09-30,627880.0,1253630.0,3,,,,,
9316097315,2025-10-31,20934100.0,44185085.0,2,,,,,
9316097315,2025-11-30,20934100.0,44185085.0,2,,,,,
9316097315,2025-12-31,20934100.0,44185085.0,2,,,,,
9316097315,2026-01-31,20934100.0,44185085.0,2,,,,,
9316097315,2026-02-28,20934100.0,44185085.0,2,,,,,
9316097315,2026-03-31,20934100.0,44185085.0,2,,,,,
9316097315,2026-04-30,20934100.0,44185085.0,2,,,,,
9316097315,2026-05-31,20934100.0,44185085.0,2,,,,,
9316097315,2026-06-30,20934100.0,44185085.0,2,,,,,
9316097315,2026-07-31,17667792.0,30844338.0,2,875.0,2026-07-21,,,Musteri vazgecti
9316097315,2026-08-31,16667087.0,30450746.0,2,,,,,
9316097315,2026-09-30,19632828.0,32360109.0,2,,,,,
9569542792,2025-10-31,142707358.0,246654045.0,2,,,,,
9569542792,2025-11-30,142707358.0,246654045.0,2,,,,,
9569542792,2025-12-31,142707358.0,246654045.0,2,,,,,
9569542792,2026-01-31,142707358.0,246654045.0,2,,,,,
9569542792,2026-02-28,142707358.0,246654045.0,2,,,,,
9569542792,2026-03-31,136051787.0,185094318.0,2,,,,,
9569542792,2026-04-30,136051787.0,185094318.0,2,,,,,
9569542792,2026-05-31,136051787.0,185094318.0,2,,,,,
9569542792,2026-06-30,136051787.0,185094318.0,2,,,,,
9569542792,2026-07-31,122467145.0,168891304.0,2,,,,,
9569542792,2026-08-31,122467145.0,168891304.0,2,,,,,
9569542792,2026-09-30,134777591.0,231417396.0,2,,,,,
9656003254,2025-10-31,970334.0,1846432.0,4,,,,,
9656003254,2025-11-30,970334.0,1846432.0,4,,,,,
9656003254,2025-12-31,970334.0,1846432.0,4,,,,,
9656003254,2026-01-31,1032911.0,1851650.0,4,883.0,2026-01-29,,,Not dusuk
9656003254,2026-02-28,1032911.0,1851650.0,4,,,,,
9656003254,2026-03-31,1041662.0,1862664.0,4,,,,,
9656003254,2026-04-30,1041662.0,1862664.0,4,,,,,
9656003254,2026-05-31,1041662.0,1862664.0,4,,,,,
9656003254,2026-06-30,946816.0,1297762.0,4,,,,,
9656003254,2026-07-31,990597.0,1232727.0,4,886.0,2026-08-04,,,Musteri vazgecti
9656003254,2026-08-31,1039576.0,1173961.0,4,,,,,
9656003254,2026-09-30,1039576.0,1173961.0,4,,,,,
9785969271,2025-10-31,2796114.0,9162688.0,3,,,,,
9785969271,2025-11-30,2796114.0,9162688.0,3,,,,,
9785969271,2025-12-31,2796114.0,9162688.0,3,,,,,
9785969271,2026-01-31,2796114.0,9162688.0,3,,,,,
9785969271,2026-02-28,2796114.0,9162688.0,3,,,,,
9785969271,2026-03-31,2796114.0,9162688.0,3,,,,,
9785969271,2026-04-30,2796114.0,9162688.0,3,,,,,
9785969271,2026-05-31,2796114.0,9162688.0,3,,,,,
9785969271,2026-06-30,2796114.0,9162688.0,3,888.0,2026-06-27,,,Musteri vazgecti
9785969271,2026-07-31,2796114.0,9162688.0,3,,,,,
9785969271,2026-08-31,2796114.0,9162688.0,3,,,,,
9785969271,2026-09-30,2796114.0,9162688.0,3,,,,,
9842070551,2025-10-31,15474459.0,24432259.0,2,,,,,
9842070551,2025-11-30,15474459.0,24432259.0,2,,,,,
9842070551,2025-12-31,15474459.0,24432259.0,2,,,,,
9842070551,2026-01-31,15474459.0,24432259.0,2,,,,,
9842070551,2026-02-28,15474459.0,24432259.0,2,,,,,
9842070551,2026-03-31,15474459.0,24432259.0,2,,,,,
9842070551,2026-04-30,15474459.0,24432259.0,2,,,,,
9842070551,2026-05-31,15474459.0,24432259.0,2,,,,,
9842070551,2026-06-30,15474459.0,24432259.0,2,,,,,
9842070551,2026-07-31,15474459.0,24432259.0,2,,,,,
9842070551,2026-08-31,15474459.0,24432259.0,2,,,,,
9842070551,2026-09-30,15474459.0,24432259.0,2,,,,,
9160280211,2025-10-31,6072310.0,9937305.0,2,,,,,
9160280211,2025-11-30,6072310.0,9937305.0,2,,,,,
9160280211,2025-12-31,6072310.0,9937305.0,2,,,,,
9160280211,2026-01-31,6072310.0,9937305.0,2,,,,,
9160280211,2026-02-28,6171372.0,10046234.0,2,,,,,
9160280211,2026-03-31,5508898.0,11127116.0,2,893.0,2026-04-11,,,Not dusuk
9160280211,2026-04-30,5508898.0,11127116.0,2,,,,,
9160280211,2026-05-31,5508898.0,11127116.0,2,,,,,
9160280211,2026-06-30,5508898.0,11127116.0,2,,,,,
9160280211,2026-07-31,5508898.0,11127116.0,2,,,,,
9160280211,2026-08-31,5508898.0,11127116.0,2,,,,,
9160280211,2026-09-30,5508898.0,11127116.0,2,,,,,
9987426768,2025-10-31,213053332.0,256987511.0,1,,,,,
9987426768,2025-11-30,213053332.0,256987511.0,1,894.0,2025-12-07,,,Musteri vazgecti
9987426768,2025-12-31,232773741.0,310347159.0,1,,,,,
9987426768,2026-01-31,206109480.0,283742589.0,1,,,,,
9987426768,2026-02-28,206109480.0,283742589.0,1,,,,,
9987426768,2026-03-31,206109480.0,283742589.0,1,,,,,
9987426768,2026-04-30,206109480.0,283742589.0,1,,,,,
9987426768,2026-05-31,206109480.0,283742589.0,1,,,,,
9987426768,2026-06-30,264706098.0,417738744.0,1,,,,,
9987426768,2026-07-31,269697417.0,400034269.0,1,,,,,
9987426768,2026-08-31,269697417.0,400034269.0,1,,,,,
9987426768,2026-09-30,269697417.0,400034269.0,1,,,,,
9848932017,2025-10-31,6276927.0,21039176.0,3,,,,,
9848932017,2025-11-30,6276927.0,21039176.0,3,,,,,
9848932017,2025-12-31,6276927.0,21039176.0,3,,,,,
9848932017,2026-01-31,6276927.0,21039176.0,3,,,,,
9848932017,2026-02-28,1974724.0,6494382.0,3,900.0,2026-02-28,2026-03-06,2026-03-25,
9848932017,2026-03-31,1974724.0,6494382.0,3,,,,,
9848932017,2026-04-30,1974724.0,6494382.0,3,,,,,
9848932017,2026-05-31,0.0,8110245.0,3,,,,,
9848932017,2026-06-30,0.0,8110245.0,3,,,,,
9848932017,2026-07-31,0.0,8110245.0,3,,,,,
9848932017,2026-08-31,0.0,8530972.0,3,,,,,
9848932017,2026-09-30,0.0,8530972.0,3,,,,,
9224722496,2025-10-31,32034499.0,42285868.0,1,,,,,
9224722496,2025-11-30,32034499.0,42285868.0,1,,,,,
9224722496,2025-12-31,32034499.0,42285868.0,1,,,,,
9224722496,2026-01-31,32034499.0,42285868.0,1,904.0,2026-01-03,2026-01-09,2026-01-26,
9224722496,2026-02-28,32034499.0,42285868.0,1,,,,,
9224722496,2026-03-31,32034499.0,42285868.0,1,,,,,
9224722496,2026-04-30,32034499.0,42285868.0,1,,,,,
9224722496,2026-05-31,37403512.0,63299550.0,1,906.0,2026-05-28,,,Teminat yetersiz
9224722496,2026-06-30,37403512.0,63299550.0,1,,,,,
9224722496,2026-07-31,36763031.0,55266929.0,1,,,,,
9224722496,2026-08-31,40465710.0,52971236.0,1,,,,,
9224722496,2026-09-30,40213776.0,67416122.0,1,,,,,
9849214195,2025-10-31,93734344.0,154563423.0,3,,,,,
9849214195,2025-11-30,93734344.0,154563423.0,3,,,,,
9849214195,2025-12-31,93734344.0,154563423.0,3,,,,,
9849214195,2026-01-31,93734344.0,154563423.0,3,,,,,
9849214195,2026-02-28,93734344.0,154563423.0,3,,,,,
9849214195,2026-03-31,91095841.0,143816476.0,3,911.0,2026-03-23,,,Risk
9849214195,2026-04-30,91095841.0,143816476.0,3,,,,,
9849214195,2026-05-31,91095841.0,143816476.0,3,,,,,
9849214195,2026-06-30,91095841.0,143816476.0,3,,,,,
9849214195,2026-07-31,80603913.0,124264561.0,3,,,,,
9849214195,2026-08-31,80603913.0,124264561.0,3,,,,,
9849214195,2026-09-30,80811318.0,136226790.0,3,913.0,2026-10-01,,,Musteri vazgecti
9253287179,2025-10-31,101434176.0,144399259.0,1,,,,,
9253287179,2025-11-30,101434176.0,144399259.0,1,,,,,
9253287179,2025-12-31,101434176.0,144399259.0,1,,,,,
9253287179,2026-01-31,106133627.0,238436476.0,1,914.0,2026-01-18,2026-01-24,2026-01-26,
9253287179,2026-02-28,106133627.0,238436476.0,1,,,,,
9253287179,2026-03-31,106133627.0,238436476.0,1,,,,,
9253287179,2026-04-30,106133627.0,238436476.0,1,,,,,
9253287179,2026-05-31,106133627.0,238436476.0,1,,,,,
9253287179,2026-06-30,106133627.0,238436476.0,1,,,,,
9253287179,2026-07-31,158621953.0,446460599.0,1,,,,,
9253287179,2026-08-31,158621953.0,446460599.0,1,,,,,
9253287179,2026-09-30,158621953.0,446460599.0,1,,,,,
9107175792,2025-10-31,13407457.0,19078462.0,3,,,,,
9107175792,2025-11-30,13266079.0,19078462.0,3,,,,,
9107175792,2025-12-31,13554275.0,19078462.0,3,,,,,
9107175792,2026-01-31,13581251.0,19078462.0,3,,,,,
9107175792,2026-02-28,13662796.0,19078462.0,3,,,,,
9107175792,2026-03-31,13754010.0,19078462.0,3,,,,,
9107175792,2026-04-30,13747265.0,19078462.0,3,,,,,
9107175792,2026-05-31,13446571.0,19078462.0,3,,,,,
9107175792,2026-06-30,14173497.0,19078462.0,3,,,,,
9107175792,2026-07-31,13643358.0,19078462.0,3,,,,,
9107175792,2026-08-31,14080063.0,19078462.0,3,,,,,
9107175792,2026-09-30,13705665.0,19078462.0,3,,,,,
9167816279,2025-10-31,2355654.0,3511536.0,3,,,,,
9167816279,2025-11-30,2355654.0,3511536.0,3,,,,,
9167816279,2025-12-31,2604027.0,3198604.0,3,918.0,2026-01-07,,,Teminat yetersiz
9167816279,2026-01-31,2422239.0,3254965.0,3,,,,,
9167816279,2026-02-28,2422239.0,3254965.0,3,,,,,
9167816279,2026-03-31,2422239.0,3254965.0,3,,,,,
9167816279,2026-04-30,2422239.0,3254965.0,3,,,,,
9167816279,2026-05-31,2422239.0,3254965.0,3,,,,,
9167816279,2026-06-30,2422239.0,3254965.0,3,,,,,
9167816279,2026-07-31,2422239.0,3254965.0,3,,,,,
9167816279,2026-08-31,2422239.0,3254965.0,3,,,,,
9167816279,2026-09-30,2422239.0,3254965.0,3,,,,,
9311233139,2025-10-31,797686.0,1211397.0,5,,,,,
9311233139,2025-11-30,797686.0,1211397.0,5,,,,,
9311233139,2025-12-31,797686.0,1211397.0,5,,,,,
9311233139,2026-01-31,797686.0,1211397.0,5,,,,,
9311233139,2026-02-28,797686.0,1211397.0,5,,,,,
9311233139,2026-03-31,797686.0,1211397.0,5,,,,,
9311233139,2026-04-30,797686.0,1211397.0,5,,,,,
9311233139,2026-05-31,797686.0,1211397.0,5,,,,,
9311233139,2026-06-30,797686.0,1211397.0,5,,,,,
9311233139,2026-07-31,797686.0,1211397.0,5,,,,,
9311233139,2026-08-31,797686.0,1211397.0,5,,,,,
9311233139,2026-09-30,797686.0,1211397.0,5,,,,,
9897831267,2025-10-31,37894909.0,49735524.0,6,,,,,
9897831267,2025-11-30,37894909.0,49735524.0,6,,,,,
9897831267,2025-12-31,37894909.0,49735524.0,6,,,,,
9897831267,2026-01-31,37894909.0,49735524.0,6,,,,,
9897831267,2026-02-28,37894909.0,49735524.0,6,,,,,
9897831267,2026-03-31,37894909.0,49735524.0,6,,,,,
9897831267,2026-04-30,37894909.0,49735524.0,6,,,,,
9897831267,2026-05-31,37894909.0,49735524.0,6,,,,,
9897831267,2026-06-30,37894909.0,49735524.0,6,,,,,
9897831267,2026-07-31,37894909.0,49735524.0,6,,,,,
9897831267,2026-08-31,37894909.0,49735524.0,6,,,,,
9897831267,2026-09-30,37894909.0,49735524.0,6,,,,,
9235116600,2025-10-31,166693233.0,358144083.0,3,922.0,2025-11-04,,,Musteri vazgecti
9235116600,2025-11-30,166693233.0,358144083.0,3,,,,,
9235116600,2025-12-31,166693233.0,358144083.0,3,,,,,
9235116600,2026-01-31,166693233.0,358144083.0,3,,,,,
9235116600,2026-02-28,166693233.0,358144083.0,3,,,,,
9235116600,2026-03-31,166693233.0,358144083.0,3,,,,,
9235116600,2026-04-30,166693233.0,358144083.0,3,,,,,
9235116600,2026-05-31,0.0,192758416.0,3,,,,,
9235116600,2026-06-30,0.0,192758416.0,3,,,,,
9235116600,2026-07-31,0.0,192758416.0,3,,,,,
9235116600,2026-08-31,0.0,193643320.0,3,925.0,2026-08-26,2026-09-03,2026-09-21,
9235116600,2026-09-30,0.0,207495793.0,3,,,,,
9897701341,2025-10-31,21081847.0,32696709.0,1,,,,,
9897701341,2025-11-30,21081847.0,32696709.0,1,,,,,
9897701341,2025-12-31,21081847.0,32696709.0,1,,,,,
9897701341,2026-01-31,23556197.0,35179873.0,1,,,,,
9897701341,2026-02-28,23556197.0,35179873.0,1,,,,,
9897701341,2026-03-31,23556197.0,35179873.0,1,,,,,
9897701341,2026-04-30,23556197.0,35179873.0,1,,,,,
9897701341,2026-05-31,23556197.0,35179873.0,1,,,,,
9897701341,2026-06-30,23556197.0,35179873.0,1,,,,,
9897701341,2026-07-31,23556197.0,35179873.0,1,,,,,
9897701341,2026-08-31,23556197.0,35179873.0,1,,,,,
9897701341,2026-09-30,23556197.0,35179873.0,1,,,,,
9844722751,2025-10-31,31972282.0,43634903.0,5,,,,,
9844722751,2025-11-30,31972282.0,43634903.0,5,,,,,
9844722751,2025-12-31,31972282.0,43634903.0,5,,,,,
9844722751,2026-01-31,31972282.0,43634903.0,5,,,,,
9844722751,2026-02-28,31972282.0,43634903.0,5,,,,,
9844722751,2026-03-31,31972282.0,43634903.0,5,,,,,
9844722751,2026-04-30,31972282.0,43634903.0,5,929.0,2026-04-14,,,Musteri vazgecti
9844722751,2026-05-31,31972282.0,43634903.0,5,,,,,
9844722751,2026-06-30,32092775.0,47641107.0,5,930.0,2026-06-28,2026-07-07,2026-07-26,
9844722751,2026-07-31,32092775.0,47641107.0,5,,,,,
9844722751,2026-08-31,32092775.0,47641107.0,5,,,,,
9844722751,2026-09-30,32092775.0,47641107.0,5,,,,,
9394208516,2025-10-31,2294945.0,4511490.0,4,,,,,
9394208516,2025-11-30,2294945.0,4511490.0,4,,,,,
9394208516,2025-12-31,2294945.0,4511490.0,4,,,,,
9394208516,2026-01-31,2294945.0,4511490.0,4,,,,,
9394208516,2026-02-28,2702351.0,7238758.0,4,,,,,
9394208516,2026-03-31,2702351.0,7238758.0,4,,,,,
9394208516,2026-04-30,2702351.0,7238758.0,4,,,,,
9394208516,2026-05-31,2702351.0,7238758.0,4,,,,,
9394208516,2026-06-30,2702351.0,7238758.0,4,,,,,
9394208516,2026-07-31,2702351.0,7238758.0,4,,,,,
9394208516,2026-08-31,2702351.0,7238758.0,4,,,,,
9394208516,2026-09-30,2702351.0,7238758.0,4,,,,,
9825631514,2025-10-31,610779.0,1117829.0,3,,,,,
9825631514,2025-11-30,610779.0,1117829.0,3,,,,,
9825631514,2025-12-31,610779.0,1117829.0,3,,,,,
9825631514,2026-01-31,610779.0,1117829.0,3,,,,,
9825631514,2026-02-28,610779.0,1117829.0,3,,,,,
9825631514,2026-03-31,610779.0,1117829.0,3,,,,,
9825631514,2026-04-30,610779.0,1117829.0,3,,,,,
9825631514,2026-05-31,610779.0,1117829.0,3,,,,,
9825631514,2026-06-30,610779.0,1117829.0,3,,,,,
9825631514,2026-07-31,610779.0,1117829.0,3,,,,,
9825631514,2026-08-31,610779.0,1117829.0,3,935.0,2026-08-20,2026-08-23,2026-08-29,
9825631514,2026-09-30,630539.0,1437562.0,3,936.0,2026-09-17,,,Musteri vazgecti
9724473400,2025-10-31,8720263.0,14623228.0,3,,,,,
9724473400,2025-11-30,8720263.0,14623228.0,3,937.0,2025-12-02,2025-12-06,2025-12-24,
9724473400,2025-12-31,8720263.0,14623228.0,3,,,,,
9724473400,2026-01-31,8720263.0,14623228.0,3,,,,,
9724473400,2026-02-28,8720263.0,14623228.0,3,,,,,
9724473400,2026-03-31,8720263.0,14623228.0,3,,,,,
9724473400,2026-04-30,8720263.0,14623228.0,3,,,,,
9724473400,2026-05-31,9101594.0,13157487.0,3,,,,,
9724473400,2026-06-30,9101594.0,13157487.0,3,,,,,
9724473400,2026-07-31,9101594.0,13157487.0,3,,,,,
9724473400,2026-08-31,9101594.0,13157487.0,3,,,,,
9724473400,2026-09-30,9101594.0,13157487.0,3,,,,,
9107755531,2025-10-31,990269.0,1160060.0,6,,,,,
9107755531,2025-11-30,990269.0,1160060.0,6,,,,,
9107755531,2025-12-31,990269.0,1160060.0,6,,,,,
9107755531,2026-01-31,990269.0,1160060.0,6,,,,,
9107755531,2026-02-28,990269.0,1160060.0,6,,,,,
9107755531,2026-03-31,990269.0,1160060.0,6,,,,,
9107755531,2026-04-30,990269.0,1160060.0,6,,,,,
9107755531,2026-05-31,990269.0,1160060.0,6,,,,,
9107755531,2026-06-30,990269.0,1160060.0,6,,,,,
9107755531,2026-07-31,990269.0,1160060.0,6,,,,,
9107755531,2026-08-31,928778.0,1331596.0,6,941.0,2026-09-11,2026-09-16,2026-09-21,
9107755531,2026-09-30,928778.0,1331596.0,6,,,,,
9401943791,2025-10-31,3125752.0,8484147.0,4,,,,,
9401943791,2025-11-30,3125752.0,8484147.0,4,,,,,
9401943791,2025-12-31,3125752.0,8484147.0,4,,,,,
9401943791,2026-01-31,3125752.0,8484147.0,4,,,,,
9401943791,2026-02-28,3125752.0,8484147.0,4,,,,,
9401943791,2026-03-31,3125752.0,8484147.0,4,,,,,
9401943791,2026-04-30,3125752.0,8484147.0,4,,,,,
9401943791,2026-05-31,3125752.0,8484147.0,4,,,,,
9401943791,2026-06-30,3125752.0,8484147.0,4,,,,,
9401943791,2026-07-31,3125752.0,8484147.0,4,,,,,
9401943791,2026-08-31,3125752.0,8484147.0,4,,,,,
9401943791,2026-09-30,3125752.0,8484147.0,4,,,,,
9859892873,2025-10-31,1033269.0,1667269.0,5,,,,,
9859892873,2025-11-30,1033269.0,1667269.0,5,,,,,
9859892873,2025-12-31,1033269.0,1667269.0,5,,,,,
9859892873,2026-01-31,1033269.0,1667269.0,5,,,,,
9859892873,2026-02-28,1033269.0,1667269.0,5,,,,,
9859892873,2026-03-31,1033269.0,1667269.0,5,,,,,
9859892873,2026-04-30,1033269.0,1667269.0,5,,,,,
9859892873,2026-05-31,1033269.0,1667269.0,5,,,,,
9859892873,2026-06-30,1033269.0,1667269.0,5,,,,,
9859892873,2026-07-31,1033269.0,1667269.0,5,,,,,
9859892873,2026-08-31,1033269.0,1667269.0,5,,,,,
9859892873,2026-09-30,1033269.0,1667269.0,5,,,,,
9974028704,2025-10-31,140419329.0,338379941.0,1,,,,,
9974028704,2025-11-30,140419329.0,338379941.0,1,,,,,
9974028704,2025-12-31,140419329.0,338379941.0,1,,,,,
9974028704,2026-01-31,140419329.0,338379941.0,1,,,,,
9974028704,2026-02-28,128748741.0,231916643.0,1,945.0,2026-03-05,2026-03-14,2026-04-07,
9974028704,2026-03-31,128748741.0,231916643.0,1,,,,,
9974028704,2026-04-30,138401344.0,255759078.0,1,,,,,
9974028704,2026-05-31,138401344.0,255759078.0,1,,,,,
9974028704,2026-06-30,138401344.0,255759078.0,1,,,,,
9974028704,2026-07-31,138401344.0,255759078.0,1,,,,,
9974028704,2026-08-31,138401344.0,255759078.0,1,,,,,
9974028704,2026-09-30,136980421.0,209299353.0,1,,,,,
9650660307,2025-10-31,25465214.0,89407845.0,5,,,,,
9650660307,2025-11-30,25465214.0,89407845.0,5,,,,,
9650660307,2025-12-31,25465214.0,89407845.0,5,,,,,
9650660307,2026-01-31,25465214.0,89407845.0,5,,,,,
9650660307,2026-02-28,25465214.0,89407845.0,5,948.0,2026-03-02,,,Musteri vazgecti
9650660307,2026-03-31,16747413.0,58326941.0,5,,,,,
9650660307,2026-04-30,27474328.0,89418632.0,5,,,,,
9650660307,2026-05-31,27474328.0,89418632.0,5,,,,,
9650660307,2026-06-30,27474328.0,89418632.0,5,,,,,
9650660307,2026-07-31,0.0,96850722.0,5,952.0,2026-08-11,,,Musteri vazgecti
9650660307,2026-08-31,0.0,96850722.0,5,,,,,
9650660307,2026-09-30,0.0,96850722.0,5,,,,,
9903287345,2025-10-31,14681094.0,19653337.0,3,,,,,
9903287345,2025-11-30,13420588.0,19653337.0,3,,,,,
9903287345,2025-12-31,13613685.0,19653337.0,3,,,,,
9903287345,2026-01-31,13664438.0,19653337.0,3,,,,,
9903287345,2026-02-28,13935745.0,19653337.0,3,,,,,
9903287345,2026-03-31,13506091.0,19653337.0,3,,,,,
9903287345,2026-04-30,13911572.0,19653337.0,3,,,,,
9903287345,2026-05-31,14481975.0,19653337.0,3,,,,,
9903287345,2026-06-30,13565937.0,19653337.0,3,,,,,
9903287345,2026-07-31,14622898.0,19653337.0,3,,,,,
9903287345,2026-08-31,14615419.0,19653337.0,3,,,,,
9903287345,2026-09-30,14056329.0,19653337.0,3,,,,,
9885385383,2025-10-31,1736843.0,2435600.0,2,,,,,
9885385383,2025-11-30,1736843.0,2435600.0,2,,,,,
9885385383,2025-12-31,1736843.0,2435600.0,2,,,,,
9885385383,2026-01-31,1736843.0,2435600.0,2,,,,,
9885385383,2026-02-28,1736843.0,2435600.0,2,,,,,
9885385383,2026-03-31,1736843.0,2435600.0,2,,,,,
9885385383,2026-04-30,1736843.0,2435600.0,2,,,,,
9885385383,2026-05-31,1736843.0,2435600.0,2,,,,,
9885385383,2026-06-30,1736843.0,2435600.0,2,,,,,
9885385383,2026-07-31,1736843.0,2435600.0,2,,,,,
9885385383,2026-08-31,1736843.0,2435600.0,2,,,,,
9885385383,2026-09-30,1736843.0,2435600.0,2,,,,,
9977131371,2025-10-31,57522931.0,125190349.0,4,,,,,
9977131371,2025-11-30,57522931.0,125190349.0,4,,,,,
9977131371,2025-12-31,57522931.0,125190349.0,4,,,,,
9977131371,2026-01-31,57522931.0,125190349.0,4,,,,,
9977131371,2026-02-28,57522931.0,125190349.0,4,,,,,
9977131371,2026-03-31,57522931.0,125190349.0,4,,,,,
9977131371,2026-04-30,38653403.0,83096025.0,4,,,,,
9977131371,2026-05-31,38653403.0,83096025.0,4,,,,,
9977131371,2026-06-30,38653403.0,83096025.0,4,,,,,
9977131371,2026-07-31,38653403.0,83096025.0,4,,,,,
9977131371,2026-08-31,38653403.0,83096025.0,4,,,,,
9977131371,2026-09-30,38653403.0,83096025.0,4,,,,,
9196558351,2025-10-31,3628544.0,5623836.0,1,,,,,
9196558351,2025-11-30,3628544.0,5623836.0,1,,,,,
9196558351,2025-12-31,3628544.0,5623836.0,1,,,,,
9196558351,2026-01-31,3628544.0,5623836.0,1,,,,,
9196558351,2026-02-28,3628544.0,5623836.0,1,,,,,
9196558351,2026-03-31,3628544.0,5623836.0,1,956.0,2026-03-31,2026-04-08,2026-04-13,
9196558351,2026-04-30,3628544.0,5623836.0,1,,,,,
9196558351,2026-05-31,3628544.0,5623836.0,1,,,,,
9196558351,2026-06-30,3628544.0,5623836.0,1,,,,,
9196558351,2026-07-31,3628544.0,5623836.0,1,,,,,
9196558351,2026-08-31,3628544.0,5623836.0,1,,,,,
9196558351,2026-09-30,3628544.0,5623836.0,1,,,,,
9865669104,2025-10-31,14187269.0,22798070.0,6,,,,,
9865669104,2025-11-30,14187269.0,22798070.0,6,,,,,
9865669104,2025-12-31,14187269.0,22798070.0,6,,,,,
9865669104,2026-01-31,14187269.0,22798070.0,6,,,,,
9865669104,2026-02-28,14187269.0,22798070.0,6,,,,,
9865669104,2026-03-31,14187269.0,22798070.0,6,,,,,
9865669104,2026-04-30,14187269.0,22798070.0,6,,,,,
9865669104,2026-05-31,14187269.0,22798070.0,6,,,,,
9865669104,2026-06-30,13749266.0,22271183.0,6,958.0,2026-06-26,,,Risk
9865669104,2026-07-31,13749266.0,22271183.0,6,,,,,
9865669104,2026-08-31,13749266.0,22271183.0,6,,,,,
9865669104,2026-09-30,13749266.0,22271183.0,6,,,,,
9187241087,2025-10-31,59422930.0,114838945.0,4,,,,,
9187241087,2025-11-30,59422930.0,114838945.0,4,,,,,
9187241087,2025-12-31,59422930.0,114838945.0,4,,,,,
9187241087,2026-01-31,59422930.0,114838945.0,4,,,,,
9187241087,2026-02-28,59422930.0,114838945.0,4,,,,,
9187241087,2026-03-31,59422930.0,114838945.0,4,,,,,
9187241087,2026-04-30,59422930.0,114838945.0,4,,,,,
9187241087,2026-05-31,59422930.0,114838945.0,4,,,,,
9187241087,2026-06-30,74736323.0,124272286.0,4,,,,,
9187241087,2026-07-31,74736323.0,124272286.0,4,,,,,
9187241087,2026-08-31,74736323.0,124272286.0,4,,,,,
9187241087,2026-09-30,74736323.0,124272286.0,4,,,,,
9861370355,2025-10-31,84232006.0,89419437.0,4,,,,,
9861370355,2025-11-30,84232006.0,89419437.0,4,,,,,
9861370355,2025-12-31,84232006.0,89419437.0,4,,,,,
9861370355,2026-01-31,84232006.0,89419437.0,4,,,,,
9861370355,2026-02-28,84232006.0,89419437.0,4,,,,,
9861370355,2026-03-31,84232006.0,89419437.0,4,,,,,
9861370355,2026-04-30,84232006.0,89419437.0,4,,,,,
9861370355,2026-05-31,73914353.0,76989323.0,4,,,,,
9861370355,2026-06-30,70116489.0,77193819.0,4,963.0,2026-07-01,,,Risk
9861370355,2026-07-31,70116489.0,77193819.0,4,,,,,
9861370355,2026-08-31,70239872.0,77638095.0,4,,,,,
9861370355,2026-09-30,70239872.0,77638095.0,4,,,,,
9746515506,2025-10-31,13740340.0,30712657.0,1,,,,,
9746515506,2025-11-30,13740340.0,30712657.0,1,,,,,
9746515506,2025-12-31,13740340.0,30712657.0,1,,,,,
9746515506,2026-01-31,13740340.0,30712657.0,1,,,,,
9746515506,2026-02-28,13740340.0,30712657.0,1,,,,,
9746515506,2026-03-31,9372515.0,19858047.0,1,,,,,
9746515506,2026-04-30,9372515.0,19858047.0,1,,,,,
9746515506,2026-05-31,9372515.0,19858047.0,1,,,,,
9746515506,2026-06-30,9372515.0,19858047.0,1,,,,,
9746515506,2026-07-31,9372515.0,19858047.0,1,,,,,
9746515506,2026-08-31,9372515.0,19858047.0,1,,,,,
9746515506,2026-09-30,0.0,10441699.0,1,,,,,
9271445039,2025-10-31,72739211.0,97199866.0,7,,,,,
9271445039,2025-11-30,66425566.0,97199866.0,7,,,,,
9271445039,2025-12-31,68250721.0,97199866.0,7,,,,,
9271445039,2026-01-31,67039715.0,97199866.0,7,,,,,
9271445039,2026-02-28,72600993.0,97199866.0,7,,,,,
9271445039,2026-03-31,69747166.0,97199866.0,7,,,,,
9271445039,2026-04-30,66857325.0,97199866.0,7,,,,,
9271445039,2026-05-31,70207255.0,97199866.0,7,,,,,
9271445039,2026-06-30,69431393.0,97199866.0,7,,,,,
9271445039,2026-07-31,66368905.0,97199866.0,7,,,,,
9271445039,2026-08-31,71959246.0,97199866.0,7,,,,,
9271445039,2026-09-30,70880894.0,97199866.0,7,,,,,
9493415237,2025-10-31,3259886.0,4730782.0,5,,,,,
9493415237,2025-11-30,3259886.0,4730782.0,5,,,,,
9493415237,2025-12-31,3259886.0,4730782.0,5,,,,,
9493415237,2026-01-31,3259886.0,4730782.0,5,,,,,
9493415237,2026-02-28,3259886.0,4730782.0,5,,,,,
9493415237,2026-03-31,3259886.0,4730782.0,5,,,,,
9493415237,2026-04-30,3259886.0,4730782.0,5,,,,,
9493415237,2026-05-31,3838684.0,7139110.0,5,970.0,2026-05-19,,,Risk
9493415237,2026-06-30,3838684.0,7139110.0,5,,,,,
9493415237,2026-07-31,3838684.0,7139110.0,5,,,,,
9493415237,2026-08-31,4146000.0,7971783.0,5,,,,,
9493415237,2026-09-30,4146000.0,7971783.0,5,,,,,
9105758806,2025-10-31,13771191.0,45319221.0,3,,,,,
9105758806,2025-11-30,13771191.0,45319221.0,3,,,,,
9105758806,2025-12-31,13901567.0,37828323.0,3,,,,,
9105758806,2026-01-31,13901567.0,37828323.0,3,,,,,
9105758806,2026-02-28,13901567.0,37828323.0,3,,,,,
9105758806,2026-03-31,4103589.0,11187681.0,3,,,,,
9105758806,2026-04-30,1283776.0,3502296.0,3,,,,,
9105758806,2026-05-31,1283776.0,3502296.0,3,,,,,
9105758806,2026-06-30,0.0,24818619.0,3,,,,,
9105758806,2026-07-31,0.0,24818619.0,3,,,,,
9105758806,2026-08-31,0.0,24818619.0,3,,,,,
9105758806,2026-09-30,0.0,24818619.0,3,,,,,
9614412805,2025-10-31,4609261.0,8611590.0,1,,,,,
9614412805,2025-11-30,4609261.0,8611590.0,1,,,,,
9614412805,2025-12-31,4609261.0,8611590.0,1,,,,,
9614412805,2026-01-31,4609261.0,8611590.0,1,,,,,
9614412805,2026-02-28,4609261.0,8611590.0,1,,,,,
9614412805,2026-03-31,4609261.0,8611590.0,1,,,,,
9614412805,2026-04-30,4609261.0,8611590.0,1,977.0,2026-05-05,,,Risk
9614412805,2026-05-31,4870471.0,11227250.0,1,,,,,
9614412805,2026-06-30,4870471.0,11227250.0,1,,,,,
9614412805,2026-07-31,4918902.0,9904694.0,1,,,,,
9614412805,2026-08-31,4918902.0,9904694.0,1,,,,,
9614412805,2026-09-30,4918902.0,9904694.0,1,,,,,
9410751273,2025-10-31,11486185.0,15968642.0,2,,,,,
9410751273,2025-11-30,11191087.0,15968642.0,2,,,,,
9410751273,2025-12-31,11047082.0,15968642.0,2,,,,,
9410751273,2026-01-31,11959766.0,15968642.0,2,,,,,
9410751273,2026-02-28,11215381.0,15968642.0,2,,,,,
9410751273,2026-03-31,11308916.0,15968642.0,2,,,,,
9410751273,2026-04-30,11171480.0,15968642.0,2,,,,,
9410751273,2026-05-31,11790546.0,15968642.0,2,,,,,
9410751273,2026-06-30,11060320.0,15968642.0,2,,,,,
9410751273,2026-07-31,10981473.0,15968642.0,2,,,,,
9410751273,2026-08-31,11841271.0,15968642.0,2,,,,,
9410751273,2026-09-30,11045008.0,15968642.0,2,,,,,
9811218839,2025-10-31,13863851.0,41241294.0,3,,,,,
9811218839,2025-11-30,13863851.0,41241294.0,3,,,,,
9811218839,2025-12-31,13863851.0,41241294.0,3,,,,,
9811218839,2026-01-31,13863851.0,41241294.0,3,980.0,2026-02-05,,,Risk
9811218839,2026-02-28,13863851.0,41241294.0,3,,,,,
9811218839,2026-03-31,13863851.0,41241294.0,3,,,,,
9811218839,2026-04-30,14174428.0,24680964.0,3,,,,,
9811218839,2026-05-31,13723282.0,19888055.0,3,,,,,
9811218839,2026-06-30,13723282.0,19888055.0,3,,,,,
9811218839,2026-07-31,13723282.0,19888055.0,3,,,,,
9811218839,2026-08-31,13723282.0,19888055.0,3,,,,,
9811218839,2026-09-30,15072102.0,38804284.0,3,,,,,
9799926935,2025-10-31,9318367.0,19275853.0,7,984.0,2025-11-11,,,Not dusuk
9799926935,2025-11-30,8631768.0,16844644.0,7,,,,,
9799926935,2025-12-31,8631768.0,16844644.0,7,,,,,
9799926935,2026-01-31,3929036.0,7881948.0,7,,,,,
9799926935,2026-02-28,3929036.0,7881948.0,7,,,,,
9799926935,2026-03-31,328659.0,615887.0,7,987.0,2026-03-15,,,Musteri vazgecti
9799926935,2026-04-30,328659.0,615887.0,7,,,,,
9799926935,2026-05-31,0.0,11714266.0,7,,,,,
9799926935,2026-06-30,0.0,11714266.0,7,,,,,
9799926935,2026-07-31,0.0,11714266.0,7,,,,,
9799926935,2026-08-31,0.0,11714266.0,7,,,,,
9799926935,2026-09-30,0.0,11714266.0,7,,,,,
9599350356,2025-10-31,2623288.0,3849557.0,5,989.0,2025-10-16,2025-10-19,2025-10-26,
9599350356,2025-11-30,2623288.0,3849557.0,5,,,,,
9599350356,2025-12-31,2627433.0,4645376.0,5,,,,,
9599350356,2026-01-31,2627433.0,4645376.0,5,,,,,
9599350356,2026-02-28,2770467.0,4111755.0,5,,,,,
9599350356,2026-03-31,2770467.0,4111755.0,5,,,,,
9599350356,2026-04-30,2240679.0,2642952.0,5,992.0,2026-04-08,,,Not dusuk
9599350356,2026-05-31,2240679.0,2642952.0,5,,,,,
9599350356,2026-06-30,2240679.0,2642952.0,5,,,,,
9599350356,2026-07-31,2240679.0,2642952.0,5,,,,,
9599350356,2026-08-31,2240679.0,2642952.0,5,,,,,
9599350356,2026-09-30,2240679.0,2642952.0,5,,,,,
9113494706,2025-10-31,6001377.0,10528111.0,2,,,,,
9113494706,2025-11-30,6001377.0,10528111.0,2,,,,,
9113494706,2025-12-31,6001377.0,10528111.0,2,993.0,2026-01-06,,,Risk
9113494706,2026-01-31,6001377.0,10528111.0,2,,,,,
9113494706,2026-02-28,6001377.0,10528111.0,2,,,,,
9113494706,2026-03-31,5937000.0,8646516.0,2,,,,,
9113494706,2026-04-30,5937000.0,8646516.0,2,,,,,
9113494706,2026-05-31,5901145.0,10733525.0,2,995.0,2026-05-12,2026-05-14,2026-05-16,
9113494706,2026-06-30,5901145.0,10733525.0,2,,,,,
9113494706,2026-07-31,5901145.0,10733525.0,2,,,,,
9113494706,2026-08-31,6141643.0,10063161.0,2,,,,,
9113494706,2026-09-30,6141643.0,10063161.0,2,,,,,
9632226348,2025-10-31,21106387.0,85433164.0,1,997.0,2025-11-03,2025-11-08,2025-12-02,
9632226348,2025-11-30,21106387.0,85433164.0,1,,,,,
9632226348,2025-12-31,21106387.0,85433164.0,1,,,,,
9632226348,2026-01-31,21106387.0,85433164.0,1,,,,,
9632226348,2026-02-28,21106387.0,85433164.0,1,,,,,
9632226348,2026-03-31,14362356.0,43658837.0,1,,,,,
9632226348,2026-04-30,14362356.0,43658837.0,1,,,,,
9632226348,2026-05-31,14362356.0,43658837.0,1,,,,,
9632226348,2026-06-30,14362356.0,43658837.0,1,,,,,
9632226348,2026-07-31,11722867.0,35098449.0,1,,,,,
9632226348,2026-08-31,11722867.0,35098449.0,1,,,,,
9632226348,2026-09-30,8601418.0,28981461.0,1,1000.0,2026-09-08,2026-09-16,2026-10-12,
9132250337,2025-10-31,7083434.0,13380264.0,4,,,,,
9132250337,2025-11-30,7083434.0,13380264.0,4,,,,,
9132250337,2025-12-31,7083434.0,13380264.0,4,,,,,
9132250337,2026-01-31,7083434.0,13380264.0,4,,,,,
9132250337,2026-02-28,7083434.0,13380264.0,4,,,,,
9132250337,2026-03-31,7083434.0,13380264.0,4,,,,,
9132250337,2026-04-30,7864560.0,12930799.0,4,1001.0,2026-04-17,2026-04-21,2026-05-19,
9132250337,2026-05-31,7864560.0,12930799.0,4,,,,,
9132250337,2026-06-30,7864560.0,12930799.0,4,,,,,
9132250337,2026-07-31,7864560.0,12930799.0,4,,,,,
9132250337,2026-08-31,7864560.0,12930799.0,4,,,,,
9132250337,2026-09-30,7864560.0,12930799.0,4,,,,,
9145341764,2025-10-31,163782522.0,565924070.0,6,,,,,
9145341764,2025-11-30,163782522.0,565924070.0,6,,,,,
9145341764,2025-12-31,163782522.0,565924070.0,6,,,,,
9145341764,2026-01-31,163782522.0,565924070.0,6,,,,,
9145341764,2026-02-28,163782522.0,565924070.0,6,,,,,
9145341764,2026-03-31,145621215.0,434224417.0,6,1004.0,2026-03-23,2026-03-31,2026-04-02,
9145341764,2026-04-30,145621215.0,434224417.0,6,,,,,
9145341764,2026-05-31,145621215.0,434224417.0,6,,,,,
9145341764,2026-06-30,145621215.0,434224417.0,6,,,,,
9145341764,2026-07-31,145621215.0,434224417.0,6,,,,,
9145341764,2026-08-31,84476751.0,241254976.0,6,,,,,
9145341764,2026-09-30,84476751.0,241254976.0,6,,,,,
9949729282,2025-10-31,2130949.0,4816280.0,4,,,,,
9949729282,2025-11-30,2130949.0,4816280.0,4,,,,,
9949729282,2025-12-31,2130949.0,4816280.0,4,,,,,
9949729282,2026-01-31,2130949.0,4816280.0,4,,,,,
9949729282,2026-02-28,2130949.0,4816280.0,4,,,,,
9949729282,2026-03-31,2130949.0,4816280.0,4,,,,,
9949729282,2026-04-30,2130949.0,4816280.0,4,,,,,
9949729282,2026-05-31,2130949.0,4816280.0,4,,,,,
9949729282,2026-06-30,2368476.0,3810361.0,4,,,,,
9949729282,2026-07-31,2368476.0,3810361.0,4,,,,,
9949729282,2026-08-31,2368476.0,3810361.0,4,,,,,
9949729282,2026-09-30,2368476.0,3810361.0,4,,,,,
9834157571,2025-10-31,31585756.0,46213639.0,4,,,,,
9834157571,2025-11-30,32025833.0,46213639.0,4,,,,,
9834157571,2025-12-31,32973670.0,46213639.0,4,,,,,
9834157571,2026-01-31,32751946.0,46213639.0,4,,,,,
9834157571,2026-02-28,33199791.0,46213639.0,4,,,,,
9834157571,2026-03-31,33764453.0,46213639.0,4,,,,,
9834157571,2026-04-30,32524474.0,46213639.0,4,,,,,
9834157571,2026-05-31,32694188.0,46213639.0,4,,,,,
9834157571,2026-06-30,32258379.0,46213639.0,4,,,,,
9834157571,2026-07-31,32480586.0,46213639.0,4,,,,,
9834157571,2026-08-31,31527701.0,46213639.0,4,,,,,
9834157571,2026-09-30,33274230.0,46213639.0,4,,,,,
9616134047,2025-10-31,14721701.0,33946679.0,2,,,,,
9616134047,2025-11-30,14721701.0,33946679.0,2,,,,,
9616134047,2025-12-31,14721701.0,33946679.0,2,,,,,
9616134047,2026-01-31,14721701.0,33946679.0,2,,,,,
9616134047,2026-02-28,14721701.0,33946679.0,2,,,,,
9616134047,2026-03-31,14721701.0,33946679.0,2,,,,,
9616134047,2026-04-30,14721701.0,33946679.0,2,,,,,
9616134047,2026-05-31,14721701.0,33946679.0,2,,,,,
9616134047,2026-06-30,14721701.0,33946679.0,2,,,,,
9616134047,2026-07-31,14721701.0,33946679.0,2,,,,,
9616134047,2026-08-31,14721701.0,33946679.0,2,,,,,
9616134047,2026-09-30,14721701.0,33946679.0,2,,,,,
9461924267,2025-10-31,10343771.0,13406097.0,2,1010.0,2025-10-12,,,Teminat yetersiz
9461924267,2025-11-30,10343771.0,13406097.0,2,,,,,
9461924267,2025-12-31,10343771.0,13406097.0,2,,,,,
9461924267,2026-01-31,10343771.0,13406097.0,2,,,,,
9461924267,2026-02-28,10343771.0,13406097.0,2,,,,,
9461924267,2026-03-31,10343771.0,13406097.0,2,,,,,
9461924267,2026-04-30,10343771.0,13406097.0,2,,,,,
9461924267,2026-05-31,10343771.0,13406097.0,2,,,,,
9461924267,2026-06-30,10343771.0,13406097.0,2,,,,,
9461924267,2026-07-31,10343771.0,13406097.0,2,,,,,
9461924267,2026-08-31,10343771.0,13406097.0,2,,,,,
9461924267,2026-09-30,10343771.0,13406097.0,2,,,,,
9683896248,2025-10-31,117114840.0,179920271.0,2,,,,,
9683896248,2025-11-30,109008638.0,179783763.0,2,,,,,
9683896248,2025-12-31,109008638.0,179783763.0,2,,,,,
9683896248,2026-01-31,109008638.0,179783763.0,2,,,,,
9683896248,2026-02-28,133313140.0,224555383.0,2,1015.0,2026-03-06,2026-03-11,2026-03-25,
9683896248,2026-03-31,133313140.0,224555383.0,2,,,,,
9683896248,2026-04-30,133313140.0,224555383.0,2,,,,,
9683896248,2026-05-31,133313140.0,224555383.0,2,,,,,
9683896248,2026-06-30,146354574.0,266489529.0,2,,,,,
9683896248,2026-07-31,146354574.0,266489529.0,2,,,,,
9683896248,2026-08-31,146354574.0,266489529.0,2,,,,,
9683896248,2026-09-30,146354574.0,266489529.0,2,,,,,
9837505679,2025-10-31,54791764.0,76950372.0,4,,,,,
9837505679,2025-11-30,54791764.0,76950372.0,4,,,,,
9837505679,2025-12-31,54791764.0,76950372.0,4,,,,,
9837505679,2026-01-31,54791764.0,76950372.0,4,,,,,
9837505679,2026-02-28,54791764.0,76950372.0,4,,,,,
9837505679,2026-03-31,54791764.0,76950372.0,4,,,,,
9837505679,2026-04-30,54791764.0,76950372.0,4,,,,,
9837505679,2026-05-31,54791764.0,76950372.0,4,,,,,
9837505679,2026-06-30,54791764.0,76950372.0,4,,,,,
9837505679,2026-07-31,54791764.0,76950372.0,4,,,,,
9837505679,2026-08-31,54791764.0,76950372.0,4,1017.0,2026-08-16,2026-08-25,2026-09-16,
9837505679,2026-09-30,54791764.0,76950372.0,4,,,,,
9955446642,2025-10-31,37630218.0,60689558.0,6,,,,,
9955446642,2025-11-30,37630218.0,60689558.0,6,,,,,
9955446642,2025-12-31,37630218.0,60689558.0,6,,,,,
9955446642,2026-01-31,37630218.0,60689558.0,6,,,,,
9955446642,2026-02-28,37630218.0,60689558.0,6,1018.0,2026-03-01,2026-03-03,2026-03-24,
9955446642,2026-03-31,37630218.0,60689558.0,6,,,,,
9955446642,2026-04-30,40583888.0,78136646.0,6,,,,,
9955446642,2026-05-31,40583888.0,78136646.0,6,,,,,
9955446642,2026-06-30,40583888.0,78136646.0,6,,,,,
9955446642,2026-07-31,43874988.0,110064104.0,6,,,,,
9955446642,2026-08-31,43874988.0,110064104.0,6,,,,,
9955446642,2026-09-30,45984370.0,82783644.0,6,1021.0,2026-10-03,,,Musteri vazgecti
9693066967,2025-10-31,24162728.0,41188885.0,5,,,,,
9693066967,2025-11-30,24162728.0,41188885.0,5,,,,,
9693066967,2025-12-31,24162728.0,41188885.0,5,,,,,
9693066967,2026-01-31,24162728.0,41188885.0,5,,,,,
9693066967,2026-02-28,24162728.0,41188885.0,5,,,,,
9693066967,2026-03-31,24162728.0,41188885.0,5,,,,,
9693066967,2026-04-30,24162728.0,41188885.0,5,,,,,
9693066967,2026-05-31,28695612.0,51836455.0,5,,,,,
9693066967,2026-06-30,28632625.0,47582004.0,5,1025.0,2026-07-06,,,Teminat yetersiz
9693066967,2026-07-31,28404176.0,46567205.0,5,1026.0,2026-08-08,2026-08-15,2026-09-02,
9693066967,2026-08-31,28404176.0,46567205.0,5,,,,,
9693066967,2026-09-30,28404176.0,46567205.0,5,,,,,
9516340054,2025-10-31,4594659.0,7265313.0,1,,,,,
9516340054,2025-11-30,4594659.0,7265313.0,1,,,,,
9516340054,2025-12-31,4594659.0,7265313.0,1,,,,,
9516340054,2026-01-31,4594659.0,7265313.0,1,,,,,
9516340054,2026-02-28,4594659.0,7265313.0,1,,,,,
9516340054,2026-03-31,10141616.0,18801722.0,1,,,,,
9516340054,2026-04-30,10141616.0,18801722.0,1,,,,,
9516340054,2026-05-31,10141616.0,18801722.0,1,,,,,
9516340054,2026-06-30,10141616.0,18801722.0,1,,,,,
9516340054,2026-07-31,10141616.0,18801722.0,1,,,,,
9516340054,2026-08-31,10141616.0,18801722.0,1,,,,,
9516340054,2026-09-30,10141616.0,18801722.0,1,,,,,
9309458931,2025-10-31,3002918.0,4493898.0,1,,,,,
9309458931,2025-11-30,3002918.0,4493898.0,1,,,,,
9309458931,2025-12-31,3002918.0,4493898.0,1,,,,,
9309458931,2026-01-31,2899079.0,4273356.0,1,,,,,
9309458931,2026-02-28,2935379.0,5217214.0,1,,,,,
9309458931,2026-03-31,2935379.0,5217214.0,1,,,,,
9309458931,2026-04-30,2935379.0,5217214.0,1,,,,,
9309458931,2026-05-31,2935379.0,5217214.0,1,,,,,
9309458931,2026-06-30,2935379.0,5217214.0,1,,,,,
9309458931,2026-07-31,2935379.0,5217214.0,1,,,,,
9309458931,2026-08-31,2982474.0,4955412.0,1,,,,,
9309458931,2026-09-30,2982474.0,4955412.0,1,,,,,
9593752653,2025-10-31,3311784.0,5586451.0,3,,,,,
9593752653,2025-11-30,3311784.0,5586451.0,3,,,,,
9593752653,2025-12-31,3311784.0,5586451.0,3,,,,,
9593752653,2026-01-31,3311784.0,5586451.0,3,,,,,
9593752653,2026-02-28,3311784.0,5586451.0,3,,,,,
9593752653,2026-03-31,3311784.0,5586451.0,3,,,,,
9593752653,2026-04-30,3311784.0,5586451.0,3,,,,,
9593752653,2026-05-31,3311784.0,5586451.0,3,,,,,
9593752653,2026-06-30,3311784.0,5586451.0,3,,,,,
9593752653,2026-07-31,3311784.0,5586451.0,3,,,,,
9593752653,2026-08-31,3311784.0,5586451.0,3,,,,,
9593752653,2026-09-30,3311784.0,5586451.0,3,,,,,
9431283943,2025-10-31,7205930.0,9860874.0,2,,,,,
9431283943,2025-11-30,6739289.0,9860874.0,2,,,,,
9431283943,2025-12-31,6750006.0,9860874.0,2,,,,,
9431283943,2026-01-31,7027025.0,9860874.0,2,,,,,
9431283943,2026-02-28,6931944.0,9860874.0,2,,,,,
9431283943,2026-03-31,7111361.0,9860874.0,2,,,,,
9431283943,2026-04-30,6845673.0,9860874.0,2,,,,,
9431283943,2026-05-31,7367016.0,9860874.0,2,,,,,
9431283943,2026-06-30,7052029.0,9860874.0,2,,,,,
9431283943,2026-07-31,7220075.0,9860874.0,2,,,,,
9431283943,2026-08-31,6779903.0,9860874.0,2,,,,,
9431283943,2026-09-30,7125837.0,9860874.0,2,,,,,
9966429055,2025-10-31,26858761.0,153001561.0,4,1034.0,2025-10-13,,,Teminat yetersiz
9966429055,2025-11-30,25700547.0,121900459.0,4,,,,,
9966429055,2025-12-31,25700547.0,121900459.0,4,,,,,
9966429055,2026-01-31,24166263.0,101679691.0,4,,,,,
9966429055,2026-02-28,24166263.0,101679691.0,4,,,,,
9966429055,2026-03-31,24166263.0,101679691.0,4,,,,,
9966429055,2026-04-30,24166263.0,101679691.0,4,,,,,
9966429055,2026-05-31,24166263.0,101679691.0,4,,,,,
9966429055,2026-06-30,16566867.0,55071052.0,4,,,,,
9966429055,2026-07-31,14283291.0,44109594.0,4,,,,,
9966429055,2026-08-31,12709029.0,46903001.0,4,,,,,
9966429055,2026-09-30,12709029.0,46903001.0,4,,,,,
9668157325,2025-10-31,8622649.0,16882519.0,1,,,,,
9668157325,2025-11-30,8622649.0,16882519.0,1,,,,,
9668157325,2025-12-31,8622649.0,16882519.0,1,1040.0,2026-01-04,2026-01-12,2026-02-07,
9668157325,2026-01-31,8622649.0,16882519.0,1,,,,,
9668157325,2026-02-28,7134796.0,12762372.0,1,,,,,
9668157325,2026-03-31,7134796.0,12762372.0,1,,,,,
9668157325,2026-04-30,7134796.0,12762372.0,1,,,,,
9668157325,2026-05-31,7134796.0,12762372.0,1,,,,,
9668157325,2026-06-30,7134796.0,12762372.0,1,,,,,
9668157325,2026-07-31,7134796.0,12762372.0,1,,,,,
9668157325,2026-08-31,7134796.0,12762372.0,1,,,,,
9668157325,2026-09-30,10582644.0,15661938.0,1,1042.0,2026-09-20,2026-09-25,2026-10-05,
9573945892,2025-10-31,50530708.0,73527540.0,1,1043.0,2025-10-24,2025-10-30,2025-11-06,
9573945892,2025-11-30,59890346.0,93319441.0,1,,,,,
9573945892,2025-12-31,59890346.0,93319441.0,1,,,,,
9573945892,2026-01-31,59890346.0,93319441.0,1,,,,,
9573945892,2026-02-28,59890346.0,93319441.0,1,,,,,
9573945892,2026-03-31,59890346.0,93319441.0,1,,,,,
9573945892,2026-04-30,75244414.0,157105832.0,1,,,,,
9573945892,2026-05-31,75244414.0,157105832.0,1,,,,,
9573945892,2026-06-30,75244414.0,157105832.0,1,,,,,
9573945892,2026-07-31,75244414.0,157105832.0,1,,,,,
9573945892,2026-08-31,75244414.0,157105832.0,1,,,,,
9573945892,2026-09-30,101187256.0,218665142.0,1,,,,,
9803319255,2025-10-31,209931672.0,409584635.0,1,,,,,
9803319255,2025-11-30,209931672.0,409584635.0,1,,,,,
9803319255,2025-12-31,209931672.0,409584635.0,1,,,,,
9803319255,2026-01-31,209931672.0,409584635.0,1,,,,,
9803319255,2026-02-28,209931672.0,409584635.0,1,,,,,
9803319255,2026-03-31,209931672.0,409584635.0,1,,,,,
9803319255,2026-04-30,209931672.0,409584635.0,1,,,,,
9803319255,2026-05-31,209931672.0,409584635.0,1,1047.0,2026-05-19,2026-05-24,2026-05-27,
9803319255,2026-06-30,209931672.0,409584635.0,1,,,,,
9803319255,2026-07-31,209931672.0,409584635.0,1,,,,,
9803319255,2026-08-31,209931672.0,409584635.0,1,,,,,
9803319255,2026-09-30,209931672.0,409584635.0,1,,,,,
9556471107,2025-10-31,3012564.0,5900922.0,1,,,,,
9556471107,2025-11-30,3008340.0,14750362.0,1,1049.0,2025-11-26,2025-11-30,2025-12-15,
9556471107,2025-12-31,3008340.0,14750362.0,1,,,,,
9556471107,2026-01-31,3008340.0,14750362.0,1,,,,,
9556471107,2026-02-28,3673304.0,7536638.0,1,1050.0,2026-03-08,2026-03-13,2026-03-17,
9556471107,2026-03-31,3673304.0,7536638.0,1,,,,,
9556471107,2026-04-30,3673304.0,7536638.0,1,,,,,
9556471107,2026-05-31,3673304.0,7536638.0,1,,,,,
9556471107,2026-06-30,3673304.0,7536638.0,1,,,,,
9556471107,2026-07-31,3673304.0,7536638.0,1,,,,,
9556471107,2026-08-31,3673304.0,7536638.0,1,,,,,
9556471107,2026-09-30,6006162.0,16101237.0,1,,,,,
9898549049,2025-10-31,3966435.0,8752568.0,5,,,,,
9898549049,2025-11-30,3966435.0,8752568.0,5,,,,,
9898549049,2025-12-31,4174996.0,9315397.0,5,,,,,
9898549049,2026-01-31,4174996.0,9315397.0,5,,,,,
9898549049,2026-02-28,4174996.0,9315397.0,5,,,,,
9898549049,2026-03-31,5362860.0,10706843.0,5,,,,,
9898549049,2026-04-30,5362860.0,10706843.0,5,,,,,
9898549049,2026-05-31,5362860.0,10706843.0,5,,,,,
9898549049,2026-06-30,5362860.0,10706843.0,5,,,,,
9898549049,2026-07-31,5362860.0,10706843.0,5,,,,,
9898549049,2026-08-31,5362860.0,10706843.0,5,,,,,
9898549049,2026-09-30,5362860.0,10706843.0,5,,,,,
9387699010,2025-10-31,752203.0,1649112.0,3,,,,,
9387699010,2025-11-30,752203.0,1649112.0,3,,,,,
9387699010,2025-12-31,752203.0,1649112.0,3,1055.0,2026-01-02,2026-01-07,2026-01-08,
9387699010,2026-01-31,752203.0,1649112.0,3,,,,,
9387699010,2026-02-28,752203.0,1649112.0,3,,,,,
9387699010,2026-03-31,752203.0,1649112.0,3,,,,,
9387699010,2026-04-30,752203.0,1649112.0,3,,,,,
9387699010,2026-05-31,723938.0,1409824.0,3,,,,,
9387699010,2026-06-30,698997.0,1386013.0,3,,,,,
9387699010,2026-07-31,889518.0,1757351.0,3,,,,,
9387699010,2026-08-31,852325.0,1305743.0,3,,,,,
9387699010,2026-09-30,852325.0,1305743.0,3,,,,,
9198164725,2025-10-31,11821467.0,19381915.0,4,,,,,
9198164725,2025-11-30,11821467.0,19381915.0,4,,,,,
9198164725,2025-12-31,11821467.0,19381915.0,4,,,,,
9198164725,2026-01-31,11821467.0,19381915.0,4,,,,,
9198164725,2026-02-28,11821467.0,19381915.0,4,,,,,
9198164725,2026-03-31,12069763.0,24188061.0,4,,,,,
9198164725,2026-04-30,12069763.0,24188061.0,4,,,,,
9198164725,2026-05-31,12069763.0,24188061.0,4,,,,,
9198164725,2026-06-30,12069763.0,24188061.0,4,,,,,
9198164725,2026-07-31,12069763.0,24188061.0,4,,,,,
9198164725,2026-08-31,12069763.0,24188061.0,4,,,,,
9198164725,2026-09-30,13201537.0,28452413.0,4,1062.0,2026-09-27,,,Teminat yetersiz
9723494412,2025-10-31,9327330.0,17656874.0,1,,,,,
9723494412,2025-11-30,9327330.0,17656874.0,1,,,,,
9723494412,2025-12-31,9327330.0,17656874.0,1,,,,,
9723494412,2026-01-31,9327330.0,17656874.0,1,,,,,
9723494412,2026-02-28,9327330.0,17656874.0,1,1063.0,2026-02-09,2026-02-14,2026-03-15,
9723494412,2026-03-31,9327330.0,17656874.0,1,,,,,
9723494412,2026-04-30,9327330.0,17656874.0,1,,,,,
9723494412,2026-05-31,9327330.0,17656874.0,1,,,,,
9723494412,2026-06-30,9327330.0,17656874.0,1,,,,,
9723494412,2026-07-31,9327330.0,17656874.0,1,,,,,
9723494412,2026-08-31,9327330.0,17656874.0,1,,,,,
9723494412,2026-09-30,9327330.0,17656874.0,1,,,,,
9127895309,2025-10-31,66448683.0,104180278.0,3,,,,,
9127895309,2025-11-30,66448683.0,104180278.0,3,,,,,
9127895309,2025-12-31,66448683.0,104180278.0,3,,,,,
9127895309,2026-01-31,66448683.0,104180278.0,3,,,,,
9127895309,2026-02-28,66448683.0,104180278.0,3,,,,,
9127895309,2026-03-31,66448683.0,104180278.0,3,,,,,
9127895309,2026-04-30,66448683.0,104180278.0,3,,,,,
9127895309,2026-05-31,66448683.0,104180278.0,3,,,,,
9127895309,2026-06-30,61612624.0,89991397.0,3,,,,,
9127895309,2026-07-31,69904986.0,113874819.0,3,,,,,
9127895309,2026-08-31,69904986.0,113874819.0,3,,,,,
9127895309,2026-09-30,69904986.0,113874819.0,3,,,,,
9323318519,2025-10-31,122959833.0,232417107.0,2,,,,,
9323318519,2025-11-30,122959833.0,232417107.0,2,,,,,
9323318519,2025-12-31,122959833.0,232417107.0,2,,,,,
9323318519,2026-01-31,122959833.0,232417107.0,2,,,,,
9323318519,2026-02-28,122959833.0,232417107.0,2,,,,,
9323318519,2026-03-31,122959833.0,232417107.0,2,,,,,
9323318519,2026-04-30,122959833.0,232417107.0,2,,,,,
9323318519,2026-05-31,122959833.0,232417107.0,2,,,,,
9323318519,2026-06-30,122959833.0,232417107.0,2,,,,,
9323318519,2026-07-31,122959833.0,232417107.0,2,,,,,
9323318519,2026-08-31,122959833.0,232417107.0,2,,,,,
9323318519,2026-09-30,122959833.0,232417107.0,2,,,,,
9512725349,2025-10-31,44203187.0,89446048.0,6,,,,,
9512725349,2025-11-30,44203187.0,89446048.0,6,,,,,
9512725349,2025-12-31,44203187.0,89446048.0,6,,,,,
9512725349,2026-01-31,44203187.0,89446048.0,6,,,,,
9512725349,2026-02-28,44203187.0,89446048.0,6,,,,,
9512725349,2026-03-31,44203187.0,89446048.0,6,,,,,
9512725349,2026-04-30,44203187.0,89446048.0,6,,,,,
9512725349,2026-05-31,44203187.0,89446048.0,6,1068.0,2026-06-03,,,Risk
9512725349,2026-06-30,36667279.0,68244744.0,6,1069.0,2026-07-07,2026-07-11,2026-07-28,
9512725349,2026-07-31,36667279.0,68244744.0,6,,,,,
9512725349,2026-08-31,36667279.0,68244744.0,6,,,,,
9512725349,2026-09-30,36667279.0,68244744.0,6,,,,,
9676298913,2025-10-31,175794438.0,364270618.0,2,,,,,
9676298913,2025-11-30,175794438.0,364270618.0,2,,,,,
9676298913,2025-12-31,175794438.0,364270618.0,2,,,,,
9676298913,2026-01-31,175794438.0,364270618.0,2,,,,,
9676298913,2026-02-28,175794438.0,364270618.0,2,,,,,
9676298913,2026-03-31,175794438.0,364270618.0,2,,,,,
9676298913,2026-04-30,175794438.0,364270618.0,2,,,,,
9676298913,2026-05-31,175794438.0,364270618.0,2,,,,,
9676298913,2026-06-30,175794438.0,364270618.0,2,,,,,
9676298913,2026-07-31,175794438.0,364270618.0,2,,,,,
9676298913,2026-08-31,224539978.0,346297010.0,2,1072.0,2026-09-04,2026-09-05,2026-09-24,
9676298913,2026-09-30,224539978.0,346297010.0,2,,,,,
9335437173,2025-10-31,53665066.0,78977089.0,1,,,,,
9335437173,2025-11-30,54090472.0,78977089.0,1,,,,,
9335437173,2025-12-31,53687232.0,78977089.0,1,,,,,
9335437173,2026-01-31,58557443.0,78977089.0,1,,,,,
9335437173,2026-02-28,53843733.0,78977089.0,1,,,,,
9335437173,2026-03-31,55693965.0,78977089.0,1,,,,,
9335437173,2026-04-30,54815698.0,78977089.0,1,,,,,
9335437173,2026-05-31,55518981.0,78977089.0,1,,,,,
9335437173,2026-06-30,55230893.0,78977089.0,1,,,,,
9335437173,2026-07-31,58600277.0,78977089.0,1,,,,,
9335437173,2026-08-31,57928034.0,78977089.0,1,,,,,
9335437173,2026-09-30,58584172.0,78977089.0,1,,,,,
9933563976,2025-10-31,1191482.0,3040266.0,3,,,,,
9933563976,2025-11-30,1191482.0,3040266.0,3,,,,,
9933563976,2025-12-31,1191482.0,3040266.0,3,,,,,
9933563976,2026-01-31,1191482.0,3040266.0,3,,,,,
9933563976,2026-02-28,1191482.0,3040266.0,3,,,,,
9933563976,2026-03-31,1191482.0,3040266.0,3,,,,,
9933563976,2026-04-30,1191482.0,3040266.0,3,,,,,
9933563976,2026-05-31,747725.0,1377066.0,3,1074.0,2026-05-08,2026-05-15,2026-06-02,
9933563976,2026-06-30,633447.0,1146542.0,3,,,,,
9933563976,2026-07-31,633447.0,1146542.0,3,,,,,
9933563976,2026-08-31,633447.0,1146542.0,3,,,,,
9933563976,2026-09-30,633447.0,1146542.0,3,,,,,
9749898295,2025-10-31,36945186.0,63020100.0,1,,,,,
9749898295,2025-11-30,36945186.0,63020100.0,1,,,,,
9749898295,2025-12-31,36945186.0,63020100.0,1,,,,,
9749898295,2026-01-31,36945186.0,63020100.0,1,,,,,
9749898295,2026-02-28,36945186.0,63020100.0,1,,,,,
9749898295,2026-03-31,36945186.0,63020100.0,1,,,,,
9749898295,2026-04-30,36945186.0,63020100.0,1,,,,,
9749898295,2026-05-31,36945186.0,63020100.0,1,,,,,
9749898295,2026-06-30,36945186.0,63020100.0,1,,,,,
9749898295,2026-07-31,36945186.0,63020100.0,1,,,,,
9749898295,2026-08-31,36945186.0,63020100.0,1,1077.0,2026-08-15,,,Risk
9749898295,2026-09-30,36945186.0,63020100.0,1,,,,,
9284144676,2025-10-31,2543657.0,4244058.0,4,,,,,
9284144676,2025-11-30,2543657.0,4244058.0,4,,,,,
9284144676,2025-12-31,2543657.0,4244058.0,4,1078.0,2026-01-04,2026-01-06,2026-01-20,
9284144676,2026-01-31,2233830.0,4435476.0,4,,,,,
9284144676,2026-02-28,2233830.0,4435476.0,4,,,,,
9284144676,2026-03-31,2233830.0,4435476.0,4,,,,,
9284144676,2026-04-30,2233830.0,4435476.0,4,,,,,
9284144676,2026-05-31,2233830.0,4435476.0,4,,,,,
9284144676,2026-06-30,2914662.0,4753077.0,4,1080.0,2026-06-30,2026-07-06,2026-07-08,
9284144676,2026-07-31,2848008.0,4681175.0,4,,,,,
9284144676,2026-08-31,2848008.0,4681175.0,4,,,,,
9284144676,2026-09-30,2848008.0,4681175.0,4,,,,,
9790894929,2025-10-31,388744790.0,1733252771.0,3,,,,,
9790894929,2025-11-30,388744790.0,1733252771.0,3,,,,,
9790894929,2025-12-31,363616928.0,1493892682.0,3,1084.0,2026-01-06,,,Not dusuk
9790894929,2026-01-31,363616928.0,1493892682.0,3,,,,,
9790894929,2026-02-28,303526107.0,1154310038.0,3,,,,,
9790894929,2026-03-31,292661743.0,1037869069.0,3,,,,,
9790894929,2026-04-30,292661743.0,1037869069.0,3,,,,,
9790894929,2026-05-31,216262321.0,747321128.0,3,,,,,
9790894929,2026-06-30,216262321.0,747321128.0,3,,,,,
9790894929,2026-07-31,216262321.0,747321128.0,3,,,,,
9790894929,2026-08-31,216262321.0,747321128.0,3,,,,,
9790894929,2026-09-30,216262321.0,747321128.0,3,,,,,
9836432557,2025-10-31,13599938.0,27473496.0,1,,,,,
9836432557,2025-11-30,13599938.0,27473496.0,1,,,,,
9836432557,2025-12-31,13599938.0,27473496.0,1,,,,,
9836432557,2026-01-31,13599938.0,27473496.0,1,,,,,
9836432557,2026-02-28,13599938.0,27473496.0,1,,,,,
9836432557,2026-03-31,13599938.0,27473496.0,1,,,,,
9836432557,2026-04-30,13599938.0,27473496.0,1,,,,,
9836432557,2026-05-31,13599938.0,27473496.0,1,,,,,
9836432557,2026-06-30,13599938.0,27473496.0,1,,,,,
9836432557,2026-07-31,13599938.0,27473496.0,1,,,,,
9836432557,2026-08-31,13599938.0,27473496.0,1,,,,,
9836432557,2026-09-30,13599938.0,27473496.0,1,,,,,
9466170255,2025-10-31,17010816.0,45398649.0,6,1090.0,2025-11-13,2025-11-22,2025-12-18,
9466170255,2025-11-30,15403529.0,37845179.0,6,,,,,
9466170255,2025-12-31,15403529.0,37845179.0,6,,,,,
9466170255,2026-01-31,15403529.0,37845179.0,6,,,,,
9466170255,2026-02-28,18424883.0,29339117.0,6,,,,,
9466170255,2026-03-31,18424883.0,29339117.0,6,,,,,
9466170255,2026-04-30,18455270.0,33930672.0,6,,,,,
9466170255,2026-05-31,18455270.0,33930672.0,6,,,,,
9466170255,2026-06-30,18095368.0,24160338.0,6,,,,,
9466170255,2026-07-31,18095368.0,24160338.0,6,,,,,
9466170255,2026-08-31,18095368.0,24160338.0,6,,,,,
9466170255,2026-09-30,18095368.0,24160338.0,6,,,,,
9852855900,2025-10-31,8972678.0,15150709.0,6,1095.0,2025-11-03,2025-11-10,2025-11-28,
9852855900,2025-11-30,8972678.0,15150709.0,6,,,,,
9852855900,2025-12-31,8972678.0,15150709.0,6,,,,,
9852855900,2026-01-31,10139768.0,20872145.0,6,1096.0,2026-01-16,,,Musteri vazgecti
9852855900,2026-02-28,10139768.0,20872145.0,6,,,,,
9852855900,2026-03-31,10139768.0,20872145.0,6,,,,,
9852855900,2026-04-30,10139768.0,20872145.0,6,,,,,
9852855900,2026-05-31,10162483.0,16506581.0,6,,,,,
9852855900,2026-06-30,10162483.0,16506581.0,6,,,,,
9852855900,2026-07-31,10162483.0,16506581.0,6,,,,,
9852855900,2026-08-31,11000258.0,18770440.0,6,,,,,
9852855900,2026-09-30,10295850.0,17436486.0,6,1100.0,2026-10-09,2026-10-11,2026-10-16,
9128423197,2025-10-31,79812298.0,141226287.0,1,,,,,
9128423197,2025-11-30,79812298.0,141226287.0,1,,,,,
9128423197,2025-12-31,79812298.0,141226287.0,1,,,,,
9128423197,2026-01-31,79812298.0,141226287.0,1,,,,,
9128423197,2026-02-28,79812298.0,141226287.0,1,,,,,
9128423197,2026-03-31,79812298.0,141226287.0,1,,,,,
9128423197,2026-04-30,79812298.0,141226287.0,1,,,,,
9128423197,2026-05-31,79812298.0,141226287.0,1,,,,,
9128423197,2026-06-30,79812298.0,141226287.0,1,,,,,
9128423197,2026-07-31,79812298.0,141226287.0,1,,,,,
9128423197,2026-08-31,79812298.0,141226287.0,1,,,,,
9128423197,2026-09-30,79812298.0,141226287.0,1,,,,,
9807938196,2025-10-31,127353631.0,255463239.0,1,,,,,
9807938196,2025-11-30,127353631.0,255463239.0,1,,,,,
9807938196,2025-12-31,127353631.0,255463239.0,1,,,,,
9807938196,2026-01-31,127353631.0,255463239.0,1,,,,,
9807938196,2026-02-28,127353631.0,255463239.0,1,,,,,
9807938196,2026-03-31,127353631.0,255463239.0,1,,,,,
9807938196,2026-04-30,127353631.0,255463239.0,1,,,,,
9807938196,2026-05-31,127353631.0,255463239.0,1,1102.0,2026-05-13,,,Risk
9807938196,2026-06-30,127353631.0,255463239.0,1,,,,,
9807938196,2026-07-31,127353631.0,255463239.0,1,,,,,
9807938196,2026-08-31,127353631.0,255463239.0,1,,,,,
9807938196,2026-09-30,127353631.0,255463239.0,1,,,,,
9837333446,2025-10-31,2155217.0,3264951.0,3,,,,,
9837333446,2025-11-30,2155217.0,3264951.0,3,,,,,
9837333446,2025-12-31,2155217.0,3264951.0,3,,,,,
9837333446,2026-01-31,2155217.0,3264951.0,3,,,,,
9837333446,2026-02-28,2155217.0,3264951.0,3,,,,,
9837333446,2026-03-31,2155217.0,3264951.0,3,1103.0,2026-03-28,,,Risk
9837333446,2026-04-30,2155217.0,3264951.0,3,,,,,
9837333446,2026-05-31,2155217.0,3264951.0,3,,,,,
9837333446,2026-06-30,2155217.0,3264951.0,3,,,,,
9837333446,2026-07-31,2155217.0,3264951.0,3,,,,,
9837333446,2026-08-31,2155217.0,3264951.0,3,,,,,
9837333446,2026-09-30,2224386.0,3861886.0,3,,,,,
9221688379,2025-10-31,10938940.0,18423038.0,3,,,,,
9221688379,2025-11-30,10938940.0,18423038.0,3,,,,,
9221688379,2025-12-31,10938940.0,18423038.0,3,,,,,
9221688379,2026-01-31,10938940.0,18423038.0,3,,,,,
9221688379,2026-02-28,10938940.0,18423038.0,3,,,,,
9221688379,2026-03-31,10938940.0,18423038.0,3,,,,,
9221688379,2026-04-30,10938940.0,18423038.0,3,,,,,
9221688379,2026-05-31,10938940.0,18423038.0,3,,,,,
9221688379,2026-06-30,10938940.0,18423038.0,3,,,,,
9221688379,2026-07-31,10938940.0,18423038.0,3,,,,,
9221688379,2026-08-31,10938940.0,18423038.0,3,,,,,
9221688379,2026-09-30,10938940.0,18423038.0,3,,,,,
9922514230,2025-10-31,23371873.0,61645688.0,5,1106.0,2025-10-23,2025-10-24,2025-11-21,
9922514230,2025-11-30,23371873.0,61645688.0,5,,,,,
9922514230,2025-12-31,23371873.0,61645688.0,5,,,,,
9922514230,2026-01-31,23371873.0,61645688.0,5,,,,,
9922514230,2026-02-28,23371873.0,61645688.0,5,,,,,
9922514230,2026-03-31,23371873.0,61645688.0,5,,,,,
9922514230,2026-04-30,23371873.0,61645688.0,5,,,,,
9922514230,2026-05-31,23371873.0,61645688.0,5,,,,,
9922514230,2026-06-30,23371873.0,61645688.0,5,,,,,
9922514230,2026-07-31,22760396.0,64600556.0,5,1108.0,2026-07-22,2026-07-30,2026-08-11,
9922514230,2026-08-31,22760396.0,64600556.0,5,,,,,
9922514230,2026-09-30,22071729.0,50857286.0,5,,,,,
9305502608,2025-10-31,3754712.0,6795149.0,1,,,,,
9305502608,2025-11-30,3754712.0,6795149.0,1,1110.0,2025-12-09,,,Risk
9305502608,2025-12-31,3754712.0,6795149.0,1,,,,,
9305502608,2026-01-31,3754712.0,6795149.0,1,,,,,
9305502608,2026-02-28,3754712.0,6795149.0,1,,,,,
9305502608,2026-03-31,3754712.0,6795149.0,1,,,,,
9305502608,2026-04-30,3754712.0,6795149.0,1,,,,,
9305502608,2026-05-31,3754712.0,6795149.0,1,,,,,
9305502608,2026-06-30,3754712.0,6795149.0,1,,,,,
9305502608,2026-07-31,3754712.0,6795149.0,1,,,,,
9305502608,2026-08-31,3754712.0,6795149.0,1,,,,,
9305502608,2026-09-30,3754712.0,6795149.0,1,,,,,
9742709001,2025-10-31,4340843.0,6112581.0,2,,,,,
9742709001,2025-11-30,4340843.0,6112581.0,2,,,,,
9742709001,2025-12-31,4340843.0,6112581.0,2,,,,,
9742709001,2026-01-31,4340843.0,6112581.0,2,,,,,
9742709001,2026-02-28,4340843.0,6112581.0,2,,,,,
9742709001,2026-03-31,4340843.0,6112581.0,2,,,,,
9742709001,2026-04-30,4340843.0,6112581.0,2,,,,,
9742709001,2026-05-31,4340843.0,6112581.0,2,,,,,
9742709001,2026-06-30,3288323.0,5397868.0,2,,,,,
9742709001,2026-07-31,3288323.0,5397868.0,2,,,,,
9742709001,2026-08-31,3288323.0,5397868.0,2,,,,,
9742709001,2026-09-30,3288323.0,5397868.0,2,,,,,
9994053230,2025-10-31,55463053.0,103545828.0,4,,,,,
9994053230,2025-11-30,55463053.0,103545828.0,4,,,,,
9994053230,2025-12-31,55463053.0,103545828.0,4,,,,,
9994053230,2026-01-31,55463053.0,103545828.0,4,,,,,
9994053230,2026-02-28,55463053.0,103545828.0,4,,,,,
9994053230,2026-03-31,55463053.0,103545828.0,4,,,,,
9994053230,2026-04-30,55463053.0,103545828.0,4,,,,,
9994053230,2026-05-31,55463053.0,103545828.0,4,,,,,
9994053230,2026-06-30,55463053.0,103545828.0,4,,,,,
9994053230,2026-07-31,55463053.0,103545828.0,4,,,,,
9994053230,2026-08-31,55463053.0,103545828.0,4,,,,,
9994053230,2026-09-30,55463053.0,103545828.0,4,,,,,
9667136772,2025-10-31,186136292.0,612050418.0,4,1115.0,2025-10-27,2025-11-05,2025-12-03,
9667136772,2025-11-30,186136292.0,612050418.0,4,,,,,
9667136772,2025-12-31,186136292.0,612050418.0,4,,,,,
9667136772,2026-01-31,186136292.0,612050418.0,4,,,,,
9667136772,2026-02-28,186136292.0,612050418.0,4,,,,,
9667136772,2026-03-31,186136292.0,612050418.0,4,,,,,
9667136772,2026-04-30,90636902.0,224282112.0,4,,,,,
9667136772,2026-05-31,90636902.0,224282112.0,4,,,,,
9667136772,2026-06-30,0.0,216974303.0,4,,,,,
9667136772,2026-07-31,0.0,216974303.0,4,,,,,
9667136772,2026-08-31,0.0,216974303.0,4,,,,,
9667136772,2026-09-30,0.0,216974303.0,4,,,,,
9653638876,2025-10-31,4784284.0,13857113.0,3,,,,,
9653638876,2025-11-30,4293052.0,7409764.0,3,,,,,
9653638876,2025-12-31,5168951.0,9470305.0,3,1123.0,2025-12-20,2025-12-25,2026-01-11,
9653638876,2026-01-31,5168951.0,9470305.0,3,,,,,
9653638876,2026-02-28,5168951.0,9470305.0,3,,,,,
9653638876,2026-03-31,5168951.0,9470305.0,3,,,,,
9653638876,2026-04-30,5168951.0,9470305.0,3,,,,,
9653638876,2026-05-31,5168951.0,9470305.0,3,,,,,
9653638876,2026-06-30,5168951.0,9470305.0,3,,,,,
9653638876,2026-07-31,5168951.0,9470305.0,3,,,,,
9653638876,2026-08-31,5168951.0,9470305.0,3,,,,,
9653638876,2026-09-30,5168951.0,9470305.0,3,,,,,
9744960480,2025-10-31,3019246.0,4994705.0,3,,,,,
9744960480,2025-11-30,3019246.0,4994705.0,3,,,,,
9744960480,2025-12-31,3019246.0,4994705.0,3,,,,,
9744960480,2026-01-31,3019246.0,4994705.0,3,,,,,
9744960480,2026-02-28,3019246.0,4994705.0,3,,,,,
9744960480,2026-03-31,3138708.0,4826905.0,3,1126.0,2026-04-05,,,Musteri vazgecti
9744960480,2026-04-30,3138708.0,4826905.0,3,,,,,
9744960480,2026-05-31,3138708.0,4826905.0,3,,,,,
9744960480,2026-06-30,3138708.0,4826905.0,3,,,,,
9744960480,2026-07-31,3138708.0,4826905.0,3,,,,,
9744960480,2026-08-31,3138708.0,4826905.0,3,,,,,
9744960480,2026-09-30,3138708.0,4826905.0,3,,,,,
9338333956,2025-10-31,1629136.0,2927844.0,2,,,,,
9338333956,2025-11-30,1629136.0,2927844.0,2,,,,,
9338333956,2025-12-31,1629136.0,2927844.0,2,,,,,
9338333956,2026-01-31,1629136.0,2927844.0,2,,,,,
9338333956,2026-02-28,1629136.0,2927844.0,2,,,,,
9338333956,2026-03-31,1629136.0,2927844.0,2,,,,,
9338333956,2026-04-30,1673670.0,4193085.0,2,1128.0,2026-05-04,2026-05-10,2026-05-23,
9338333956,2026-05-31,1673670.0,4193085.0,2,,,,,
9338333956,2026-06-30,1673670.0,4193085.0,2,,,,,
9338333956,2026-07-31,1673670.0,4193085.0,2,,,,,
9338333956,2026-08-31,2031372.0,3592159.0,2,,,,,
9338333956,2026-09-30,2031372.0,3592159.0,2,,,,,
9818874844,2025-10-31,28263358.0,38113078.0,2,,,,,
9818874844,2025-11-30,28263358.0,38113078.0,2,,,,,
9818874844,2025-12-31,28263358.0,38113078.0,2,,,,,
9818874844,2026-01-31,28263358.0,38113078.0,2,,,,,
9818874844,2026-02-28,28263358.0,38113078.0,2,,,,,
9818874844,2026-03-31,28263358.0,38113078.0,2,,,,,
9818874844,2026-04-30,28263358.0,38113078.0,2,,,,,
9818874844,2026-05-31,28263358.0,38113078.0,2,,,,,
9818874844,2026-06-30,28263358.0,38113078.0,2,,,,,
9818874844,2026-07-31,28263358.0,38113078.0,2,1130.0,2026-07-11,2026-07-18,2026-08-02,
9818874844,2026-08-31,28263358.0,38113078.0,2,,,,,
9818874844,2026-09-30,28263358.0,38113078.0,2,,,,,
9259595854,2025-10-31,265871995.0,705867496.0,4,,,,,
9259595854,2025-11-30,265871995.0,705867496.0,4,,,,,
9259595854,2025-12-31,265871995.0,705867496.0,4,,,,,
9259595854,2026-01-31,265871995.0,705867496.0,4,,,,,
9259595854,2026-02-28,257244258.0,664913357.0,4,1131.0,2026-02-08,2026-02-10,2026-03-11,
9259595854,2026-03-31,257244258.0,664913357.0,4,,,,,
9259595854,2026-04-30,257244258.0,664913357.0,4,,,,,
9259595854,2026-05-31,257244258.0,664913357.0,4,,,,,
9259595854,2026-06-30,257244258.0,664913357.0,4,,,,,
9259595854,2026-07-31,257244258.0,664913357.0,4,,,,,
9259595854,2026-08-31,257244258.0,664913357.0,4,,,,,
9259595854,2026-09-30,257244258.0,664913357.0,4,,,,,
9919946734,2025-10-31,983311.0,1658303.0,6,,,,,
9919946734,2025-11-30,983311.0,1658303.0,6,,,,,
9919946734,2025-12-31,1271752.0,1873320.0,6,1134.0,2025-12-15,,,Musteri vazgecti
9919946734,2026-01-31,1211525.0,1758014.0,6,,,,,
9919946734,2026-02-28,1211525.0,1758014.0,6,,,,,
9919946734,2026-03-31,1211525.0,1758014.0,6,,,,,
9919946734,2026-04-30,1211525.0,1758014.0,6,,,,,
9919946734,2026-05-31,1211525.0,1758014.0,6,,,,,
9919946734,2026-06-30,1211525.0,1758014.0,6,,,,,
9919946734,2026-07-31,1211525.0,1758014.0,6,,,,,
9919946734,2026-08-31,1211525.0,1758014.0,6,,,,,
9919946734,2026-09-30,1641446.0,2644342.0,6,,,,,
9195348121,2025-10-31,13562834.0,50416227.0,1,,,,,
9195348121,2025-11-30,13562834.0,50416227.0,1,,,,,
9195348121,2025-12-31,13562834.0,50416227.0,1,,,,,
9195348121,2026-01-31,13562834.0,50416227.0,1,,,,,
9195348121,2026-02-28,13562834.0,50416227.0,1,,,,,
9195348121,2026-03-31,13562834.0,50416227.0,1,,,,,
9195348121,2026-04-30,13562834.0,50416227.0,1,,,,,
9195348121,2026-05-31,13562834.0,50416227.0,1,,,,,
9195348121,2026-06-30,5151293.0,18418209.0,1,,,,,
9195348121,2026-07-31,5151293.0,18418209.0,1,,,,,
9195348121,2026-08-31,1920596.0,5464653.0,1,,,,,
9195348121,2026-09-30,1920596.0,5464653.0,1,,,,,
9454675680,2025-10-31,72069562.0,104497187.0,4,,,,,
9454675680,2025-11-30,76396641.0,104497187.0,4,,,,,
9454675680,2025-12-31,72653835.0,104497187.0,4,,,,,
9454675680,2026-01-31,72309568.0,104497187.0,4,,,,,
9454675680,2026-02-28,72906131.0,104497187.0,4,,,,,
9454675680,2026-03-31,75225110.0,104497187.0,4,,,,,
9454675680,2026-04-30,73092718.0,104497187.0,4,,,,,
9454675680,2026-05-31,71213441.0,104497187.0,4,,,,,
9454675680,2026-06-30,73801117.0,104497187.0,4,,,,,
9454675680,2026-07-31,72658295.0,104497187.0,4,,,,,
9454675680,2026-08-31,74726292.0,104497187.0,4,,,,,
9454675680,2026-09-30,74339013.0,104497187.0,4,,,,,
9451813732,2025-10-31,19254875.0,39187265.0,3,,,,,
9451813732,2025-11-30,19254875.0,39187265.0,3,,,,,
9451813732,2025-12-31,19254875.0,39187265.0,3,,,,,
9451813732,2026-01-31,19254875.0,39187265.0,3,,,,,
9451813732,2026-02-28,19254875.0,39187265.0,3,,,,,
9451813732,2026-03-31,19254875.0,39187265.0,3,,,,,
9451813732,2026-04-30,19254875.0,39187265.0,3,1142.0,2026-04-21,2026-04-24,2026-04-30,
9451813732,2026-05-31,20145368.0,49619956.0,3,1144.0,2026-06-10,2026-06-01,2026-06-22,Not dusuk
9451813732,2026-06-30,20145368.0,49619956.0,3,,,,,
9451813732,2026-07-31,17279027.0,37889367.0,3,,,,,
9451813732,2026-08-31,17279027.0,37889367.0,3,,,,,
9451813732,2026-09-30,17279027.0,37889367.0,3,,,,,
9371612080,2025-10-31,611297.0,1265528.0,1,,,,,
9371612080,2025-11-30,611297.0,1265528.0,1,,,,,
9371612080,2025-12-31,611297.0,1265528.0,1,,,,,
9371612080,2026-01-31,611297.0,1265528.0,1,,,,,
9371612080,2026-02-28,661872.0,698780.0,1,1147.0,2026-03-01,2026-03-05,2026-04-01,
9371612080,2026-03-31,685608.0,834469.0,1,,,,,
9371612080,2026-04-30,685608.0,834469.0,1,,,,,
9371612080,2026-05-31,685608.0,834469.0,1,,,,,
9371612080,2026-06-30,685608.0,834469.0,1,,,,,
9371612080,2026-07-31,634605.0,645777.0,1,,,,,
9371612080,2026-08-31,634605.0,645777.0,1,,,,,
9371612080,2026-09-30,634605.0,645777.0,1,,,,,
9623799215,2025-10-31,25087198.0,45970928.0,7,,,,,
9623799215,2025-11-30,25087198.0,45970928.0,7,,,,,
9623799215,2025-12-31,25087198.0,45970928.0,7,,,,,
9623799215,2026-01-31,25087198.0,45970928.0,7,,,,,
9623799215,2026-02-28,25087198.0,45970928.0,7,,,,,
9623799215,2026-03-31,25076468.0,45536327.0,7,,,,,
9623799215,2026-04-30,25076468.0,45536327.0,7,,,,,
9623799215,2026-05-31,25076468.0,45536327.0,7,,,,,
9623799215,2026-06-30,25076468.0,45536327.0,7,,,,,
9623799215,2026-07-31,25076468.0,45536327.0,7,,,,,
9623799215,2026-08-31,25076468.0,45536327.0,7,,,,,
9623799215,2026-09-30,11702187.0,20793197.0,7,,,,,
9771083191,2025-10-31,18067037.0,25870360.0,7,,,,,
9771083191,2025-11-30,18067037.0,25870360.0,7,,,,,
9771083191,2025-12-31,18067037.0,25870360.0,7,,,,,
9771083191,2026-01-31,18067037.0,25870360.0,7,1153.0,2026-02-01,,,Musteri vazgecti
9771083191,2026-02-28,18067037.0,25870360.0,7,,,,,
9771083191,2026-03-31,18067037.0,25870360.0,7,,,,,
9771083191,2026-04-30,18067037.0,25870360.0,7,,,,,
9771083191,2026-05-31,18067037.0,25870360.0,7,,,,,
9771083191,2026-06-30,18067037.0,25870360.0,7,,,,,
9771083191,2026-07-31,18067037.0,25870360.0,7,,,,,
9771083191,2026-08-31,18067037.0,25870360.0,7,,,,,
9771083191,2026-09-30,19071232.0,30488915.0,7,,,,,
9345757517,2025-10-31,4920204.0,9691194.0,3,,,,,
9345757517,2025-11-30,4920204.0,9691194.0,3,,,,,
9345757517,2025-12-31,4920204.0,9691194.0,3,,,,,
9345757517,2026-01-31,4920204.0,9691194.0,3,1155.0,2026-02-07,2026-02-11,2026-03-09,
9345757517,2026-02-28,4920204.0,9691194.0,3,,,,,
9345757517,2026-03-31,4920204.0,9691194.0,3,,,,,
9345757517,2026-04-30,4920204.0,9691194.0,3,,,,,
9345757517,2026-05-31,4920204.0,9691194.0,3,,,,,
9345757517,2026-06-30,4920204.0,9691194.0,3,,,,,
9345757517,2026-07-31,4920204.0,9691194.0,3,,,,,
9345757517,2026-08-31,6843585.0,11224255.0,3,1156.0,2026-08-18,2026-08-26,2026-09-15,
9345757517,2026-09-30,6843585.0,11224255.0,3,,,,,
9765255089,2025-10-31,31194935.0,70244670.0,4,1157.0,2025-10-30,2025-11-05,2025-12-01,
9765255089,2025-11-30,32301072.0,70848505.0,4,,,,,
9765255089,2025-12-31,32301072.0,70848505.0,4,,,,,
9765255089,2026-01-31,32301072.0,70848505.0,4,,,,,
9765255089,2026-02-28,32301072.0,70848505.0,4,,,,,
9765255089,2026-03-31,32301072.0,70848505.0,4,,,,,
9765255089,2026-04-30,26154750.0,55357317.0,4,,,,,
9765255089,2026-05-31,26154750.0,55357317.0,4,,,,,
9765255089,2026-06-30,20749596.0,42527602.0,4,,,,,
9765255089,2026-07-31,20749596.0,42527602.0,4,,,,,
9765255089,2026-08-31,17068075.0,33603336.0,4,,,,,
9765255089,2026-09-30,17068075.0,33603336.0,4,,,,,
9560029386,2025-10-31,2169317.0,7982554.0,3,,,,,
9560029386,2025-11-30,2169317.0,7982554.0,3,,,,,
9560029386,2025-12-31,1721898.0,4089078.0,3,1163.0,2025-12-12,,,Teminat yetersiz
9560029386,2026-01-31,2086813.0,7356828.0,3,1166.0,2026-02-07,,,Not dusuk
9560029386,2026-02-28,2086813.0,7356828.0,3,,,,,
9560029386,2026-03-31,2086813.0,7356828.0,3,,,,,
9560029386,2026-04-30,2086813.0,7356828.0,3,,,,,
9560029386,2026-05-31,2086813.0,7356828.0,3,,,,,
9560029386,2026-06-30,2086813.0,7356828.0,3,,,,,
9560029386,2026-07-31,2086813.0,7356828.0,3,,,,,
9560029386,2026-08-31,2086813.0,7356828.0,3,,,,,
9560029386,2026-09-30,2086813.0,7356828.0,3,,,,,
9311629528,2025-10-31,53678176.0,62136755.0,5,,,,,
9311629528,2025-11-30,53678176.0,62136755.0,5,,,,,
9311629528,2025-12-31,53678176.0,62136755.0,5,,,,,
9311629528,2026-01-31,53678176.0,62136755.0,5,,,,,
9311629528,2026-02-28,53678176.0,62136755.0,5,,,,,
9311629528,2026-03-31,53678176.0,62136755.0,5,,,,,
9311629528,2026-04-30,53678176.0,62136755.0,5,,,,,
9311629528,2026-05-31,53678176.0,62136755.0,5,,,,,
9311629528,2026-06-30,53678176.0,62136755.0,5,,,,,
9311629528,2026-07-31,53678176.0,62136755.0,5,1167.0,2026-07-19,,,Musteri vazgecti
9311629528,2026-08-31,53678176.0,62136755.0,5,,,,,
9311629528,2026-09-30,53678176.0,62136755.0,5,,,,,
9837692397,2025-10-31,13149307.0,29711881.0,3,1168.0,2025-11-03,,,Musteri vazgecti
9837692397,2025-11-30,13149307.0,29711881.0,3,,,,,
9837692397,2025-12-31,13149307.0,29711881.0,3,,,,,
9837692397,2026-01-31,12265492.0,18357397.0,3,,,,,
9837692397,2026-02-28,12265492.0,18357397.0,3,,,,,
9837692397,2026-03-31,13473566.0,20364791.0,3,,,,,
9837692397,2026-04-30,13473566.0,20364791.0,3,,,,,
9837692397,2026-05-31,13473566.0,20364791.0,3,,,,,
9837692397,2026-06-30,13473566.0,20364791.0,3,,,,,
9837692397,2026-07-31,15633822.0,20525344.0,3,,,,,
9837692397,2026-08-31,13536788.0,15913285.0,3,1172.0,2026-08-20,2026-08-29,2026-09-23,
9837692397,2026-09-30,13536788.0,15913285.0,3,,,,,
9866340979,2025-10-31,139432802.0,306922836.0,5,,,,,
9866340979,2025-11-30,139432802.0,306922836.0,5,,,,,
9866340979,2025-12-31,139432802.0,306922836.0,5,,,,,
9866340979,2026-01-31,139432802.0,306922836.0,5,,,,,
9866340979,2026-02-28,139432802.0,306922836.0,5,,,,,
9866340979,2026-03-31,139432802.0,306922836.0,5,,,,,
9866340979,2026-04-30,139432802.0,306922836.0,5,,,,,
9866340979,2026-05-31,150441435.0,300165658.0,5,,,,,
9866340979,2026-06-30,150441435.0,300165658.0,5,,,,,
9866340979,2026-07-31,150441435.0,300165658.0,5,,,,,
9866340979,2026-08-31,130381581.0,278913812.0,5,1175.0,2026-08-27,,,Musteri vazgecti
9866340979,2026-09-30,130381581.0,278913812.0,5,,,,,
9831067251,2025-10-31,3941179.0,6459717.0,1,,,,,
9831067251,2025-11-30,3941179.0,6459717.0,1,,,,,
9831067251,2025-12-31,3941179.0,6459717.0,1,,,,,
9831067251,2026-01-31,3941179.0,6459717.0,1,,,,,
9831067251,2026-02-28,3941179.0,6459717.0,1,1176.0,2026-03-05,2026-03-09,2026-03-17,
9831067251,2026-03-31,4178109.0,8261820.0,1,1177.0,2026-03-12,2026-03-19,2026-04-15,
9831067251,2026-04-30,4269611.0,6201534.0,1,1179.0,2026-04-14,,,Risk
9831067251,2026-05-31,4269611.0,6201534.0,1,,,,,
9831067251,2026-06-30,4269611.0,6201534.0,1,,,,,
9831067251,2026-07-31,4269611.0,6201534.0,1,,,,,
9831067251,2026-08-31,4269611.0,6201534.0,1,,,,,
9831067251,2026-09-30,4269611.0,6201534.0,1,,,,,
9379946592,2025-10-31,9040051.0,14406812.0,1,,,,,
9379946592,2025-11-30,9040051.0,14406812.0,1,,,,,
9379946592,2025-12-31,9040051.0,14406812.0,1,,,,,
9379946592,2026-01-31,9040051.0,14406812.0,1,,,,,
9379946592,2026-02-28,9040051.0,14406812.0,1,,,,,
9379946592,2026-03-31,9040051.0,14406812.0,1,,,,,
9379946592,2026-04-30,9040051.0,14406812.0,1,,,,,
9379946592,2026-05-31,9040051.0,14406812.0,1,,,,,
9379946592,2026-06-30,9040051.0,14406812.0,1,1180.0,2026-07-06,2026-07-09,2026-07-24,
9379946592,2026-07-31,9703103.0,16390552.0,1,,,,,
9379946592,2026-08-31,9703103.0,16390552.0,1,,,,,
9379946592,2026-09-30,9703103.0,16390552.0,1,,,,,
9166244835,2025-10-31,151064381.0,287538471.0,1,,,,,
9166244835,2025-11-30,151064381.0,287538471.0,1,,,,,
9166244835,2025-12-31,151064381.0,287538471.0,1,,,,,
9166244835,2026-01-31,151064381.0,287538471.0,1,,,,,
9166244835,2026-02-28,151064381.0,287538471.0,1,,,,,
9166244835,2026-03-31,151064381.0,287538471.0,1,,,,,
9166244835,2026-04-30,151064381.0,287538471.0,1,,,,,
9166244835,2026-05-31,151064381.0,287538471.0,1,,,,,
9166244835,2026-06-30,151064381.0,287538471.0,1,,,,,
9166244835,2026-07-31,153310866.0,203042161.0,1,,,,,
9166244835,2026-08-31,153310866.0,203042161.0,1,,,,,
9166244835,2026-09-30,163739503.0,230444583.0,1,1184.0,2026-09-10,,,Musteri vazgecti
9965366523,2025-10-31,13082993.0,20495531.0,3,,,,,
9965366523,2025-11-30,13082993.0,20495531.0,3,,,,,
9965366523,2025-12-31,13082993.0,20495531.0,3,,,,,
9965366523,2026-01-31,13082993.0,20495531.0,3,,,,,
9965366523,2026-02-28,13082993.0,20495531.0,3,,,,,
9965366523,2026-03-31,13082993.0,20495531.0,3,,,,,
9965366523,2026-04-30,13082993.0,20495531.0,3,,,,,
9965366523,2026-05-31,13082993.0,20495531.0,3,,,,,
9965366523,2026-06-30,8517529.0,16758049.0,3,,,,,
9965366523,2026-07-31,8517529.0,16758049.0,3,,,,,
9965366523,2026-08-31,8517529.0,16758049.0,3,,,,,
9965366523,2026-09-30,8517529.0,16758049.0,3,,,,,
9110926810,2025-10-31,69307049.0,96664346.0,4,,,,,
9110926810,2025-11-30,67392664.0,96664346.0,4,,,,,
9110926810,2025-12-31,70974114.0,96664346.0,4,,,,,
9110926810,2026-01-31,65619092.0,96664346.0,4,,,,,
9110926810,2026-02-28,67159560.0,96664346.0,4,,,,,
9110926810,2026-03-31,69684825.0,96664346.0,4,,,,,
9110926810,2026-04-30,71927205.0,96664346.0,4,,,,,
9110926810,2026-05-31,65659472.0,96664346.0,4,,,,,
9110926810,2026-06-30,69742413.0,96664346.0,4,,,,,
9110926810,2026-07-31,65616909.0,96664346.0,4,,,,,
9110926810,2026-08-31,69893966.0,96664346.0,4,,,,,
9110926810,2026-09-30,68435563.0,96664346.0,4,,,,,
9326536868,2025-10-31,240083000.0,488443722.0,3,,,,,
9326536868,2025-11-30,240083000.0,488443722.0,3,,,,,
9326536868,2025-12-31,240083000.0,488443722.0,3,,,,,
9326536868,2026-01-31,240083000.0,488443722.0,3,,,,,
9326536868,2026-02-28,240083000.0,488443722.0,3,,,,,
9326536868,2026-03-31,240083000.0,488443722.0,3,1187.0,2026-03-30,2026-04-06,2026-04-27,
9326536868,2026-04-30,240083000.0,488443722.0,3,,,,,
9326536868,2026-05-31,240083000.0,488443722.0,3,,,,,
9326536868,2026-06-30,240083000.0,488443722.0,3,,,,,
9326536868,2026-07-31,240083000.0,488443722.0,3,,,,,
9326536868,2026-08-31,226183549.0,333269419.0,3,,,,,
9326536868,2026-09-30,210315311.0,436207752.0,3,1189.0,2026-09-13,2026-09-15,2026-10-03,
9377050108,2025-10-31,8441909.0,11258734.0,1,,,,,
9377050108,2025-11-30,7846274.0,11258734.0,1,,,,,
9377050108,2025-12-31,8191459.0,11258734.0,1,,,,,
9377050108,2026-01-31,8186946.0,11258734.0,1,,,,,
9377050108,2026-02-28,8323200.0,11258734.0,1,,,,,
9377050108,2026-03-31,7960622.0,11258734.0,1,,,,,
9377050108,2026-04-30,8199547.0,11258734.0,1,,,,,
9377050108,2026-05-31,8143234.0,11258734.0,1,,,,,
9377050108,2026-06-30,7990822.0,11258734.0,1,,,,,
9377050108,2026-07-31,8376464.0,11258734.0,1,,,,,
9377050108,2026-08-31,7842456.0,11258734.0,1,,,,,
9377050108,2026-09-30,7820215.0,11258734.0,1,,,,,
9736804248,2025-10-31,17507534.0,27935714.0,2,,,,,
9736804248,2025-11-30,17507534.0,27935714.0,2,,,,,
9736804248,2025-12-31,17507534.0,27935714.0,2,,,,,
9736804248,2026-01-31,17507534.0,27935714.0,2,,,,,
9736804248,2026-02-28,17507534.0,27935714.0,2,,,,,
9736804248,2026-03-31,17507534.0,27935714.0,2,,,,,
9736804248,2026-04-30,19767317.0,24545802.0,2,1191.0,2026-05-06,,,Musteri vazgecti
9736804248,2026-05-31,20120067.0,26805184.0,2,,,,,
9736804248,2026-06-30,20120067.0,26805184.0,2,,,,,
9736804248,2026-07-31,20120067.0,26805184.0,2,,,,,
9736804248,2026-08-31,22163487.0,24322117.0,2,,,,,
9736804248,2026-09-30,22163487.0,24322117.0,2,,,,,
9634053032,2025-10-31,2087956.0,5059394.0,4,,,,,
9634053032,2025-11-30,2087956.0,5059394.0,4,,,,,
9634053032,2025-12-31,2087956.0,5059394.0,4,,,,,
9634053032,2026-01-31,2087956.0,5059394.0,4,,,,,
9634053032,2026-02-28,2087956.0,5059394.0,4,,,,,
9634053032,2026-03-31,2087956.0,5059394.0,4,,,,,
9634053032,2026-04-30,2087956.0,5059394.0,4,,,,,
9634053032,2026-05-31,2087956.0,5059394.0,4,,,,,
9634053032,2026-06-30,1921621.0,3521332.0,4,,,,,
9634053032,2026-07-31,1921621.0,3521332.0,4,,,,,
9634053032,2026-08-31,1921621.0,3521332.0,4,,,,,
9634053032,2026-09-30,1921621.0,3521332.0,4,,,,,
9183957440,2025-10-31,29946259.0,51554886.0,2,,,,,
9183957440,2025-11-30,29946259.0,51554886.0,2,,,,,
9183957440,2025-12-31,29946259.0,51554886.0,2,1196.0,2026-01-04,2026-01-09,2026-02-05,
9183957440,2026-01-31,29362941.0,37760950.0,2,,,,,
9183957440,2026-02-28,29362941.0,37760950.0,2,,,,,
9183957440,2026-03-31,29362941.0,37760950.0,2,,,,,
9183957440,2026-04-30,31531502.0,41518558.0,2,1198.0,2026-05-03,2026-05-05,2026-06-02,
9183957440,2026-05-31,31531502.0,41518558.0,2,,,,,
9183957440,2026-06-30,30430295.0,30737672.0,2,,,,,
9183957440,2026-07-31,30430295.0,30737672.0,2,,,,,
9183957440,2026-08-31,30430295.0,30737672.0,2,,,,,
9183957440,2026-09-30,30430295.0,30737672.0,2,,,,,
9788330800,2025-10-31,1045140.0,2344808.0,2,1200.0,2025-10-31,2025-11-09,2025-12-03,
9788330800,2025-11-30,1045140.0,2344808.0,2,,,,,
9788330800,2025-12-31,1045140.0,2344808.0,2,,,,,
9788330800,2026-01-31,1045140.0,2344808.0,2,,,,,
9788330800,2026-02-28,1045140.0,2344808.0,2,,,,,
9788330800,2026-03-31,1045140.0,2344808.0,2,,,,,
9788330800,2026-04-30,1045140.0,2344808.0,2,,,,,
9788330800,2026-05-31,1045140.0,2344808.0,2,,,,,
9788330800,2026-06-30,1045140.0,2344808.0,2,,,,,
9788330800,2026-07-31,1045140.0,2344808.0,2,,,,,
9788330800,2026-08-31,1045140.0,2344808.0,2,,,,,
9788330800,2026-09-30,1045140.0,2344808.0,2,,,,,
9796988749,2025-10-31,11354894.0,17614269.0,5,,,,,
9796988749,2025-11-30,11354894.0,17614269.0,5,,,,,
9796988749,2025-12-31,11354894.0,17614269.0,5,,,,,
9796988749,2026-01-31,11354894.0,17614269.0,5,,,,,
9796988749,2026-02-28,11354894.0,17614269.0,5,,,,,
9796988749,2026-03-31,11354894.0,17614269.0,5,,,,,
9796988749,2026-04-30,11354894.0,17614269.0,5,1201.0,2026-04-30,2026-05-07,2026-05-25,
9796988749,2026-05-31,11354894.0,17614269.0,5,,,,,
9796988749,2026-06-30,11354894.0,17614269.0,5,,,,,
9796988749,2026-07-31,11354894.0,17614269.0,5,,,,,
9796988749,2026-08-31,11354894.0,17614269.0,5,,,,,
9796988749,2026-09-30,11354894.0,17614269.0,5,,,,,
9302767604,2025-10-31,1360226.0,3348184.0,3,,,,,
9302767604,2025-11-30,1360226.0,3348184.0,3,,,,,
9302767604,2025-12-31,1360226.0,3348184.0,3,1202.0,2025-12-26,2025-12-29,2026-01-06,
9302767604,2026-01-31,1360226.0,3348184.0,3,,,,,
9302767604,2026-02-28,1360226.0,3348184.0,3,,,,,
9302767604,2026-03-31,1360226.0,3348184.0,3,,,,,
9302767604,2026-04-30,992670.0,2333837.0,3,,,,,
9302767604,2026-05-31,992670.0,2333837.0,3,,,,,
9302767604,2026-06-30,992670.0,2333837.0,3,,,,,
9302767604,2026-07-31,290551.0,533716.0,3,1204.0,2026-07-16,,,Musteri vazgecti
9302767604,2026-08-31,290551.0,533716.0,3,,,,,
9302767604,2026-09-30,0.0,1083212.0,3,1205.0,2026-09-08,2026-09-16,2026-10-10,
9610524221,2025-10-31,20527083.0,29210956.0,4,,,,,
9610524221,2025-11-30,21386724.0,29210956.0,4,,,,,
9610524221,2025-12-31,21715739.0,29210956.0,4,,,,,
9610524221,2026-01-31,21144199.0,29210956.0,4,,,,,
9610524221,2026-02-28,21065596.0,29210956.0,4,,,,,
9610524221,2026-03-31,20612961.0,29210956.0,4,,,,,
9610524221,2026-04-30,20819174.0,29210956.0,4,,,,,
9610524221,2026-05-31,20723562.0,29210956.0,4,,,,,
9610524221,2026-06-30,19936846.0,29210956.0,4,,,,,
9610524221,2026-07-31,19867316.0,29210956.0,4,,,,,
9610524221,2026-08-31,21109931.0,29210956.0,4,,,,,
9610524221,2026-09-30,20885497.0,29210956.0,4,,,,,
9706737760,2025-10-31,9155916.0,23031819.0,3,,,,,
9706737760,2025-11-30,9155916.0,23031819.0,3,,,,,
9706737760,2025-12-31,9155916.0,23031819.0,3,,,,,
9706737760,2026-01-31,9155916.0,23031819.0,3,,,,,
9706737760,2026-02-28,9155916.0,23031819.0,3,,,,,
9706737760,2026-03-31,9155916.0,23031819.0,3,,,,,
9706737760,2026-04-30,9155916.0,23031819.0,3,,,,,
9706737760,2026-05-31,9155916.0,23031819.0,3,,,,,
9706737760,2026-06-30,9155916.0,23031819.0,3,,,,,
9706737760,2026-07-31,9155916.0,23031819.0,3,,,,,
9706737760,2026-08-31,9155916.0,23031819.0,3,,,,,
9706737760,2026-09-30,9155916.0,23031819.0,3,,,,,
9628730762,2025-10-31,1748756.0,4502980.0,2,1207.0,2025-10-18,2025-10-21,2025-11-07,
9628730762,2025-11-30,1748756.0,4502980.0,2,,,,,
9628730762,2025-12-31,1748756.0,4502980.0,2,,,,,
9628730762,2026-01-31,1748756.0,4502980.0,2,,,,,
9628730762,2026-02-28,1748756.0,4502980.0,2,,,,,
9628730762,2026-03-31,1900327.0,3195695.0,2,,,,,
9628730762,2026-04-30,1933320.0,3243475.0,2,,,,,
9628730762,2026-05-31,1933320.0,3243475.0,2,,,,,
9628730762,2026-06-30,1933320.0,3243475.0,2,,,,,
9628730762,2026-07-31,1933320.0,3243475.0,2,,,,,
9628730762,2026-08-31,2115647.0,3876784.0,2,,,,,
9628730762,2026-09-30,2115647.0,3876784.0,2,,,,,
9179794485,2025-10-31,50834150.0,128405375.0,4,,,,,
9179794485,2025-11-30,50834150.0,128405375.0,4,,,,,
9179794485,2025-12-31,50834150.0,128405375.0,4,,,,,
9179794485,2026-01-31,50834150.0,128405375.0,4,,,,,
9179794485,2026-02-28,50834150.0,128405375.0,4,1211.0,2026-02-07,2026-02-14,2026-03-02,
9179794485,2026-03-31,50330719.0,122765419.0,4,,,,,
9179794485,2026-04-30,47072975.0,89828921.0,4,1213.0,2026-04-26,,,Not dusuk
9179794485,2026-05-31,47072975.0,89828921.0,4,,,,,
9179794485,2026-06-30,47072975.0,89828921.0,4,,,,,
9179794485,2026-07-31,47072975.0,89828921.0,4,,,,,
9179794485,2026-08-31,47072975.0,89828921.0,4,,,,,
9179794485,2026-09-30,47072975.0,89828921.0,4,,,,,
9245604211,2025-10-31,98794600.0,150505113.0,3,,,,,
9245604211,2025-11-30,98794600.0,150505113.0,3,,,,,
9245604211,2025-12-31,98794600.0,150505113.0,3,,,,,
9245604211,2026-01-31,98794600.0,150505113.0,3,,,,,
9245604211,2026-02-28,98794600.0,150505113.0,3,,,,,
9245604211,2026-03-31,98794600.0,150505113.0,3,,,,,
9245604211,2026-04-30,98794600.0,150505113.0,3,,,,,
9245604211,2026-05-31,98794600.0,150505113.0,3,,,,,
9245604211,2026-06-30,98794600.0,150505113.0,3,1214.0,2026-06-21,2026-06-22,2026-07-05,
9245604211,2026-07-31,98794600.0,150505113.0,3,,,,,
9245604211,2026-08-31,93783752.0,164934931.0,3,,,,,
9245604211,2026-09-30,93783752.0,164934931.0,3,,,,,
9297421840,2025-10-31,2003140.0,3291031.0,1,1216.0,2025-11-07,,,Not dusuk
9297421840,2025-11-30,2003140.0,3291031.0,1,,,,,
9297421840,2025-12-31,2003140.0,3291031.0,1,,,,,
9297421840,2026-01-31,2003140.0,3291031.0,1,,,,,
9297421840,2026-02-28,2003140.0,3291031.0,1,,,,,
9297421840,2026-03-31,2003140.0,3291031.0,1,,,,,
9297421840,2026-04-30,2446784.0,5286822.0,1,,,,,
9297421840,2026-05-31,2446784.0,5286822.0,1,,,,,
9297421840,2026-06-30,2446784.0,5286822.0,1,,,,,
9297421840,2026-07-31,2446784.0,5286822.0,1,,,,,
9297421840,2026-08-31,2446784.0,5286822.0,1,,,,,
9297421840,2026-09-30,2368492.0,6703221.0,1,1218.0,2026-09-30,,,Not dusuk
9562643376,2025-10-31,778310.0,1230839.0,4,,,,,
9562643376,2025-11-30,778310.0,1230839.0,4,,,,,
9562643376,2025-12-31,778310.0,1230839.0,4,1220.0,2025-12-23,2025-12-25,2025-12-31,
9562643376,2026-01-31,778310.0,1230839.0,4,,,,,
9562643376,2026-02-28,846121.0,1238253.0,4,,,,,
9562643376,2026-03-31,970015.0,1514276.0,4,1222.0,2026-03-14,,,Musteri vazgecti
9562643376,2026-04-30,970015.0,1514276.0,4,,,,,
9562643376,2026-05-31,970015.0,1514276.0,4,,,,,
9562643376,2026-06-30,1172681.0,1635095.0,4,1223.0,2026-06-29,,,Musteri vazgecti
9562643376,2026-07-31,967235.0,1634536.0,4,1224.0,2026-07-11,,,Not dusuk
9562643376,2026-08-31,941139.0,1967432.0,4,,,,,
9562643376,2026-09-30,941139.0,1967432.0,4,,,,,
9183285089,2025-10-31,211995594.0,448575984.0,6,,,,,
9183285089,2025-11-30,211995594.0,448575984.0,6,,,,,
9183285089,2025-12-31,221605693.0,328436144.0,6,1227.0,2026-01-07,,,Teminat yetersiz
9183285089,2026-01-31,221605693.0,328436144.0,6,,,,,
9183285089,2026-02-28,221605693.0,328436144.0,6,,,,,
9183285089,2026-03-31,221605693.0,328436144.0,6,,,,,
9183285089,2026-04-30,221605693.0,328436144.0,6,,,,,
9183285089,2026-05-31,221605693.0,328436144.0,6,,,,,
9183285089,2026-06-30,227600215.0,316494514.0,6,,,,,
9183285089,2026-07-31,227600215.0,316494514.0,6,,,,,
9183285089,2026-08-31,227600215.0,316494514.0,6,,,,,
9183285089,2026-09-30,227600215.0,316494514.0,6,,,,,
9722696583,2025-10-31,6288432.0,9320045.0,5,,,,,
9722696583,2025-11-30,6288432.0,9320045.0,5,1229.0,2025-12-11,,,Musteri vazgecti
9722696583,2025-12-31,6288432.0,9320045.0,5,,,,,
9722696583,2026-01-31,6288432.0,9320045.0,5,,,,,
9722696583,2026-02-28,30297447.0,58527532.0,5,1230.0,2026-03-04,2026-03-06,2026-03-28,
9722696583,2026-03-31,30297447.0,58527532.0,5,,,,,
9722696583,2026-04-30,30830676.0,55642158.0,5,1231.0,2026-04-15,,,Not dusuk
9722696583,2026-05-31,30830676.0,55642158.0,5,,,,,
9722696583,2026-06-30,30830676.0,55642158.0,5,,,,,
9722696583,2026-07-31,30830676.0,55642158.0,5,,,,,
9722696583,2026-08-31,30830676.0,55642158.0,5,,,,,
9722696583,2026-09-30,30830676.0,55642158.0,5,,,,,
9508491514,2025-10-31,2411228.0,7837040.0,1,,,,,
9508491514,2025-11-30,2411228.0,7837040.0,1,,,,,
9508491514,2025-12-31,2411228.0,7837040.0,1,,,,,
9508491514,2026-01-31,2411228.0,7837040.0,1,,,,,
9508491514,2026-02-28,2411228.0,7837040.0,1,,,,,
9508491514,2026-03-31,2411228.0,7837040.0,1,,,,,
9508491514,2026-04-30,1611228.0,4652053.0,1,,,,,
9508491514,2026-05-31,1611228.0,4652053.0,1,,,,,
9508491514,2026-06-30,1611228.0,4652053.0,1,,,,,
9508491514,2026-07-31,1611228.0,4652053.0,1,,,,,
9508491514,2026-08-31,1611228.0,4652053.0,1,,,,,
9508491514,2026-09-30,615274.0,1830904.0,1,1234.0,2026-09-21,2026-09-29,2026-10-27,
9765847984,2025-10-31,2717372.0,4008007.0,4,,,,,
9765847984,2025-11-30,2717372.0,4008007.0,4,,,,,
9765847984,2025-12-31,2717372.0,4008007.0,4,,,,,
9765847984,2026-01-31,2717372.0,4008007.0,4,,,,,
9765847984,2026-02-28,2717372.0,4008007.0,4,1235.0,2026-02-28,2026-03-01,2026-03-10,
9765847984,2026-03-31,2717372.0,4008007.0,4,,,,,
9765847984,2026-04-30,2717372.0,4008007.0,4,,,,,
9765847984,2026-05-31,3184640.0,7022526.0,4,,,,,
9765847984,2026-06-30,3184640.0,7022526.0,4,,,,,
9765847984,2026-07-31,3184640.0,7022526.0,4,,,,,
9765847984,2026-08-31,3184640.0,7022526.0,4,,,,,
9765847984,2026-09-30,3184640.0,7022526.0,4,,,,,
9575008790,2025-10-31,1455785.0,2796278.0,4,,,,,
9575008790,2025-11-30,1455785.0,2796278.0,4,,,,,
9575008790,2025-12-31,1879213.0,3917975.0,4,1238.0,2026-01-02,,,Not dusuk
9575008790,2026-01-31,1879213.0,3917975.0,4,,,,,
9575008790,2026-02-28,1879213.0,3917975.0,4,,,,,
9575008790,2026-03-31,1879213.0,3917975.0,4,,,,,
9575008790,2026-04-30,1879213.0,3917975.0,4,,,,,
9575008790,2026-05-31,1879213.0,3917975.0,4,,,,,
9575008790,2026-06-30,1597747.0,2532777.0,4,,,,,
9575008790,2026-07-31,1597747.0,2532777.0,4,,,,,
9575008790,2026-08-31,1544331.0,4116466.0,4,1240.0,2026-08-16,2026-08-19,2026-08-20,
9575008790,2026-09-30,1544331.0,4116466.0,4,,,,,
9793355844,2025-10-31,15673665.0,29973391.0,2,,,,,
9793355844,2025-11-30,15673665.0,29973391.0,2,,,,,
9793355844,2025-12-31,15673665.0,29973391.0,2,,,,,
9793355844,2026-01-31,16042130.0,26867045.0,2,1241.0,2026-01-31,,,Teminat yetersiz
9793355844,2026-02-28,16042130.0,26867045.0,2,,,,,
9793355844,2026-03-31,16042130.0,26867045.0,2,,,,,
9793355844,2026-04-30,16203574.0,35062685.0,2,1243.0,2026-04-28,2026-04-29,2026-05-08,
9793355844,2026-05-31,16203574.0,35062685.0,2,,,,,
9793355844,2026-06-30,16203574.0,35062685.0,2,,,,,
9793355844,2026-07-31,13536644.0,24640768.0,2,,,,,
9793355844,2026-08-31,13536644.0,24640768.0,2,,,,,
9793355844,2026-09-30,13536644.0,24640768.0,2,,,,,
9506045038,2025-10-31,1329898.0,6210072.0,1,,,,,
9506045038,2025-11-30,1329898.0,6210072.0,1,,,,,
9506045038,2025-12-31,1329898.0,6210072.0,1,,,,,
9506045038,2026-01-31,1329898.0,6210072.0,1,,,,,
9506045038,2026-02-28,1329898.0,6210072.0,1,,,,,
9506045038,2026-03-31,1329898.0,6210072.0,1,,,,,
9506045038,2026-04-30,1329898.0,6210072.0,1,,,,,
9506045038,2026-05-31,1329898.0,6210072.0,1,,,,,
9506045038,2026-06-30,1329898.0,6210072.0,1,,,,,
9506045038,2026-07-31,122770.0,425471.0,1,1246.0,2026-07-26,2026-07-30,2026-08-27,
9506045038,2026-08-31,0.0,1471682.0,1,,,,,
9506045038,2026-09-30,0.0,1435447.0,1,,,,,
9614307055,2025-10-31,11351895.0,21920872.0,3,,,,,
9614307055,2025-11-30,11351895.0,21920872.0,3,,,,,
9614307055,2025-12-31,11351895.0,21920872.0,3,,,,,
9614307055,2026-01-31,11351895.0,21920872.0,3,,,,,
9614307055,2026-02-28,11351895.0,21920872.0,3,,,,,
9614307055,2026-03-31,11351895.0,21920872.0,3,,,,,
9614307055,2026-04-30,11351895.0,21920872.0,3,,,,,
9614307055,2026-05-31,11351895.0,21920872.0,3,,,,,
9614307055,2026-06-30,10599343.0,23606924.0,3,,,,,
9614307055,2026-07-31,11807419.0,29190315.0,3,1251.0,2026-07-29,,,Not dusuk
9614307055,2026-08-31,11807419.0,29190315.0,3,,,,,
9614307055,2026-09-30,11706948.0,27393345.0,3,,,,,
9280935817,2025-10-31,3884505.0,7434456.0,1,,,,,
9280935817,2025-11-30,3884505.0,7434456.0,1,,,,,
9280935817,2025-12-31,3884505.0,7434456.0,1,,,,,
9280935817,2026-01-31,3884505.0,7434456.0,1,,,,,
9280935817,2026-02-28,3884505.0,7434456.0,1,,,,,
9280935817,2026-03-31,3884505.0,7434456.0,1,,,,,
9280935817,2026-04-30,3884505.0,7434456.0,1,,,,,
9280935817,2026-05-31,3884505.0,7434456.0,1,,,,,
9280935817,2026-06-30,3884505.0,7434456.0,1,,,,,
9280935817,2026-07-31,4133556.0,7777963.0,1,,,,,
9280935817,2026-08-31,4133556.0,7777963.0,1,,,,,
9280935817,2026-09-30,4133556.0,7777963.0,1,,,,,
9125463074,2025-10-31,62946705.0,105483619.0,5,,,,,
9125463074,2025-11-30,62946705.0,105483619.0,5,,,,,
9125463074,2025-12-31,62946705.0,105483619.0,5,,,,,
9125463074,2026-01-31,62946705.0,105483619.0,5,,,,,
9125463074,2026-02-28,62946705.0,105483619.0,5,,,,,
9125463074,2026-03-31,62946705.0,105483619.0,5,,,,,
9125463074,2026-04-30,62946705.0,105483619.0,5,,,,,
9125463074,2026-05-31,62946705.0,105483619.0,5,,,,,
9125463074,2026-06-30,62946705.0,105483619.0,5,,,,,
9125463074,2026-07-31,69880766.0,87322235.0,5,,,,,
9125463074,2026-08-31,72321836.0,83026793.0,5,,,,,
9125463074,2026-09-30,75281248.0,76041664.0,5,,,,,
9197655505,2025-10-31,4711469.0,11209061.0,3,,,,,
9197655505,2025-11-30,4711469.0,11209061.0,3,,,,,
9197655505,2025-12-31,4711469.0,11209061.0,3,,,,,
9197655505,2026-01-31,4711469.0,11209061.0,3,,,,,
9197655505,2026-02-28,4711469.0,11209061.0,3,1261.0,2026-02-07,2026-02-09,2026-02-22,
9197655505,2026-03-31,4711469.0,11209061.0,3,,,,,
9197655505,2026-04-30,4711469.0,11209061.0,3,,,,,
9197655505,2026-05-31,4711469.0,11209061.0,3,,,,,
9197655505,2026-06-30,4711469.0,11209061.0,3,,,,,
9197655505,2026-07-31,4711469.0,11209061.0,3,,,,,
9197655505,2026-08-31,4711469.0,11209061.0,3,,,,,
9197655505,2026-09-30,4711469.0,11209061.0,3,,,,,
9960274480,2025-10-31,9130916.0,13955208.0,3,,,,,
9960274480,2025-11-30,9130916.0,13955208.0,3,,,,,
9960274480,2025-12-31,10440537.0,19845497.0,3,,,,,
9960274480,2026-01-31,10440537.0,19845497.0,3,,,,,
9960274480,2026-02-28,10440537.0,19845497.0,3,,,,,
9960274480,2026-03-31,10440537.0,19845497.0,3,,,,,
9960274480,2026-04-30,10440537.0,19845497.0,3,,,,,
9960274480,2026-05-31,10440537.0,19845497.0,3,,,,,
9960274480,2026-06-30,10440537.0,19845497.0,3,,,,,
9960274480,2026-07-31,11464238.0,17171963.0,3,1265.0,2026-07-21,2026-07-24,2026-08-19,
9960274480,2026-08-31,11464238.0,17171963.0,3,,,,,
9960274480,2026-09-30,11464238.0,17171963.0,3,,,,,
9320633314,2025-10-31,93713140.0,151851597.0,4,,,,,
9320633314,2025-11-30,93713140.0,151851597.0,4,,,,,
9320633314,2025-12-31,93713140.0,151851597.0,4,,,,,
9320633314,2026-01-31,93713140.0,151851597.0,4,,,,,
9320633314,2026-02-28,93713140.0,151851597.0,4,,,,,
9320633314,2026-03-31,64162730.0,182659844.0,4,,,,,
9320633314,2026-04-30,64162730.0,182659844.0,4,,,,,
9320633314,2026-05-31,64162730.0,182659844.0,4,,,,,
9320633314,2026-06-30,64162730.0,182659844.0,4,,,,,
9320633314,2026-07-31,64162730.0,182659844.0,4,,,,,
9320633314,2026-08-31,64162730.0,182659844.0,4,,,,,
9320633314,2026-09-30,64162730.0,182659844.0,4,,,,,
9299758635,2025-10-31,3558929.0,6222589.0,4,,,,,
9299758635,2025-11-30,3558929.0,6222589.0,4,,,,,
9299758635,2025-12-31,3558929.0,6222589.0,4,,,,,
9299758635,2026-01-31,3558929.0,6222589.0,4,,,,,
9299758635,2026-02-28,3558929.0,6222589.0,4,,,,,
9299758635,2026-03-31,3558929.0,6222589.0,4,,,,,
9299758635,2026-04-30,3558929.0,6222589.0,4,,,,,
9299758635,2026-05-31,3558929.0,6222589.0,4,,,,,
9299758635,2026-06-30,3558929.0,6222589.0,4,,,,,
9299758635,2026-07-31,4084758.0,7790010.0,4,1269.0,2026-07-14,,,Teminat yetersiz
9299758635,2026-08-31,4594654.0,11072326.0,4,,,,,
9299758635,2026-09-30,4087192.0,11952768.0,4,,,,,
9782472222,2025-10-31,33721604.0,140586728.0,4,1272.0,2025-10-26,2025-11-01,2025-11-30,
9782472222,2025-11-30,33721604.0,140586728.0,4,,,,,
9782472222,2025-12-31,33721604.0,140586728.0,4,,,,,
9782472222,2026-01-31,33721604.0,140586728.0,4,,,,,
9782472222,2026-02-28,33721604.0,140586728.0,4,,,,,
9782472222,2026-03-31,33721604.0,140586728.0,4,,,,,
9782472222,2026-04-30,23286959.0,80265822.0,4,,,,,
9782472222,2026-05-31,23286959.0,80265822.0,4,,,,,
9782472222,2026-06-30,23286959.0,80265822.0,4,,,,,
9782472222,2026-07-31,23286959.0,80265822.0,4,,,,,
9782472222,2026-08-31,23286959.0,80265822.0,4,,,,,
9782472222,2026-09-30,6306251.0,19729323.0,4,,,,,
9343423071,2025-10-31,1879220.0,4845801.0,1,1275.0,2025-10-15,2025-10-16,2025-11-09,
9343423071,2025-11-30,1879220.0,4845801.0,1,,,,,
9343423071,2025-12-31,1879220.0,4845801.0,1,,,,,
9343423071,2026-01-31,2154950.0,3572210.0,1,,,,,
9343423071,2026-02-28,1639828.0,2550569.0,1,1278.0,2026-03-07,2026-03-09,2026-03-29,
9343423071,2026-03-31,1639828.0,2550569.0,1,,,,,
9343423071,2026-04-30,1639828.0,2550569.0,1,,,,,
9343423071,2026-05-31,1639828.0,2550569.0,1,,,,,
9343423071,2026-06-30,1781762.0,3378756.0,1,1279.0,2026-07-01,,,Teminat yetersiz
9343423071,2026-07-31,1781762.0,3378756.0,1,,,,,
9343423071,2026-08-31,2037119.0,2767133.0,1,,,,,
9343423071,2026-09-30,2037119.0,2767133.0,1,,,,,
9489698393,2025-10-31,18008598.0,26077854.0,4,,,,,
9489698393,2025-11-30,18008598.0,26077854.0,4,1281.0,2025-11-17,,,Risk
9489698393,2025-12-31,18008598.0,26077854.0,4,,,,,
9489698393,2026-01-31,18008598.0,26077854.0,4,,,,,
9489698393,2026-02-28,18008598.0,26077854.0,4,,,,,
9489698393,2026-03-31,18008598.0,26077854.0,4,,,,,
9489698393,2026-04-30,18008598.0,26077854.0,4,,,,,
9489698393,2026-05-31,18008598.0,26077854.0,4,,,,,
9489698393,2026-06-30,18008598.0,26077854.0,4,,,,,
9489698393,2026-07-31,18008598.0,26077854.0,4,,,,,
9489698393,2026-08-31,18008598.0,26077854.0,4,,,,,
9489698393,2026-09-30,18008598.0,26077854.0,4,,,,,
9629039736,2025-10-31,7753236.0,12783274.0,1,,,,,
9629039736,2025-11-30,7753236.0,12783274.0,1,,,,,
9629039736,2025-12-31,7753236.0,12783274.0,1,,,,,
9629039736,2026-01-31,7753236.0,12783274.0,1,,,,,
9629039736,2026-02-28,7753236.0,12783274.0,1,,,,,
9629039736,2026-03-31,7753236.0,12783274.0,1,,,,,
9629039736,2026-04-30,7753236.0,12783274.0,1,,,,,
9629039736,2026-05-31,7753236.0,12783274.0,1,,,,,
9629039736,2026-06-30,7753236.0,12783274.0,1,,,,,
9629039736,2026-07-31,7753236.0,12783274.0,1,,,,,
9629039736,2026-08-31,7753236.0,12783274.0,1,,,,,
9629039736,2026-09-30,7753236.0,12783274.0,1,,,,,
9438822490,2025-10-31,21909172.0,53610040.0,5,,,,,
9438822490,2025-11-30,21909172.0,53610040.0,5,,,,,
9438822490,2025-12-31,21909172.0,53610040.0,5,,,,,
9438822490,2026-01-31,21909172.0,53610040.0,5,,,,,
9438822490,2026-02-28,21909172.0,53610040.0,5,,,,,
9438822490,2026-03-31,21909172.0,53610040.0,5,,,,,
9438822490,2026-04-30,21909172.0,53610040.0,5,,,,,
9438822490,2026-05-31,21909172.0,53610040.0,5,,,,,
9438822490,2026-06-30,21909172.0,53610040.0,5,,,,,
9438822490,2026-07-31,21909172.0,53610040.0,5,,,,,
9438822490,2026-08-31,21909172.0,53610040.0,5,,,,,
9438822490,2026-09-30,20944842.0,39318884.0,5,,,,,
9388753206,2025-10-31,26495480.0,74205211.0,1,,,,,
9388753206,2025-11-30,26495480.0,74205211.0,1,,,,,
9388753206,2025-12-31,26495480.0,74205211.0,1,,,,,
9388753206,2026-01-31,26495480.0,74205211.0,1,,,,,
9388753206,2026-02-28,26495480.0,74205211.0,1,,,,,
9388753206,2026-03-31,34381716.0,82275186.0,1,,,,,
9388753206,2026-04-30,34381716.0,82275186.0,1,,,,,
9388753206,2026-05-31,34381716.0,82275186.0,1,,,,,
9388753206,2026-06-30,34381716.0,82275186.0,1,,,,,
9388753206,2026-07-31,34381716.0,82275186.0,1,,,,,
9388753206,2026-08-31,34381716.0,82275186.0,1,,,,,
9388753206,2026-09-30,34381716.0,82275186.0,1,,,,,
9961518072,2025-10-31,9492482.0,34034913.0,5,,,,,
9961518072,2025-11-30,9168233.0,38824478.0,5,1288.0,2025-12-05,,,Musteri vazgecti
9961518072,2025-12-31,9168233.0,38824478.0,5,,,,,
9961518072,2026-01-31,9319169.0,30074929.0,5,1289.0,2026-01-25,,,Musteri vazgecti
9961518072,2026-02-28,8275691.0,36330973.0,5,,,,,
9961518072,2026-03-31,8275691.0,36330973.0,5,,,,,
9961518072,2026-04-30,8275691.0,36330973.0,5,,,,,
9961518072,2026-05-31,8275691.0,36330973.0,5,,,,,
9961518072,2026-06-30,8275691.0,36330973.0,5,,,,,
9961518072,2026-07-31,5411644.0,15896282.0,5,,,,,
9961518072,2026-08-31,5411644.0,15896282.0,5,,,,,
9961518072,2026-09-30,5411644.0,15896282.0,5,,,,,
9472984543,2025-10-31,41212744.0,141500554.0,2,1292.0,2025-11-02,,,Musteri vazgecti
9472984543,2025-11-30,41212744.0,141500554.0,2,,,,,
9472984543,2025-12-31,41212744.0,141500554.0,2,,,,,
9472984543,2026-01-31,37853643.0,116313217.0,2,,,,,
9472984543,2026-02-28,37853643.0,116313217.0,2,,,,,
9472984543,2026-03-31,37853643.0,116313217.0,2,,,,,
9472984543,2026-04-30,20785395.0,71887601.0,2,,,,,
9472984543,2026-05-31,20785395.0,71887601.0,2,,,,,
9472984543,2026-06-30,20785395.0,71887601.0,2,,,,,
9472984543,2026-07-31,20785395.0,71887601.0,2,,,,,
9472984543,2026-08-31,20785395.0,71887601.0,2,,,,,
9472984543,2026-09-30,20785395.0,71887601.0,2,,,,,
9473402071,2025-10-31,49269871.0,107452439.0,2,,,,,
9473402071,2025-11-30,49269871.0,107452439.0,2,,,,,
9473402071,2025-12-31,49269871.0,107452439.0,2,,,,,
9473402071,2026-01-31,49269871.0,107452439.0,2,,,,,
9473402071,2026-02-28,49269871.0,107452439.0,2,,,,,
9473402071,2026-03-31,49269871.0,107452439.0,2,,,,,
9473402071,2026-04-30,49269871.0,107452439.0,2,,,,,
9473402071,2026-05-31,68127614.0,108063643.0,2,1296.0,2026-05-11,2026-05-20,2026-06-10,
9473402071,2026-06-30,68127614.0,108063643.0,2,,,,,
9473402071,2026-07-31,68127614.0,108063643.0,2,,,,,
9473402071,2026-08-31,57022915.0,70709439.0,2,,,,,
9473402071,2026-09-30,57022915.0,70709439.0,2,,,,,
9302018082,2025-10-31,3542672.0,6719627.0,5,,,,,
9302018082,2025-11-30,3542672.0,6719627.0,5,,,,,
9302018082,2025-12-31,3542672.0,6719627.0,5,,,,,
9302018082,2026-01-31,3542672.0,6719627.0,5,,,,,
9302018082,2026-02-28,3542672.0,6719627.0,5,1298.0,2026-03-08,,,Not dusuk
9302018082,2026-03-31,3564235.0,6062226.0,5,,,,,
9302018082,2026-04-30,3564235.0,6062226.0,5,,,,,
9302018082,2026-05-31,3455641.0,5346521.0,5,,,,,
9302018082,2026-06-30,3455641.0,5346521.0,5,,,,,
9302018082,2026-07-31,3455641.0,5346521.0,5,,,,,
9302018082,2026-08-31,3455641.0,5346521.0,5,,,,,
9302018082,2026-09-30,3455641.0,5346521.0,5,,,,,
9118235015,2025-10-31,2391651.0,7224365.0,1,1302.0,2025-11-03,2025-11-11,2025-11-20,
9118235015,2025-11-30,2391651.0,7224365.0,1,,,,,
9118235015,2025-12-31,2258613.0,7120023.0,1,,,,,
9118235015,2026-01-31,1964374.0,6459259.0,1,,,,,
9118235015,2026-02-28,1908168.0,5913264.0,1,1305.0,2026-03-04,2026-03-06,2026-03-21,
9118235015,2026-03-31,1908168.0,5913264.0,1,,,,,
9118235015,2026-04-30,1908168.0,5913264.0,1,,,,,
9118235015,2026-05-31,1908168.0,5913264.0,1,,,,,
9118235015,2026-06-30,1908168.0,5913264.0,1,,,,,
9118235015,2026-07-31,1437499.0,4314462.0,1,,,,,
9118235015,2026-08-31,1437499.0,4314462.0,1,,,,,
9118235015,2026-09-30,1437499.0,4314462.0,1,,,,,
9229726848,2025-10-31,3347814.0,4718585.0,3,,,,,
9229726848,2025-11-30,3347814.0,4718585.0,3,,,,,
9229726848,2025-12-31,3347814.0,4718585.0,3,1307.0,2025-12-29,2026-01-06,2026-01-22,
9229726848,2026-01-31,3347814.0,4718585.0,3,,,,,
9229726848,2026-02-28,3347814.0,4718585.0,3,,,,,
9229726848,2026-03-31,3501017.0,6188384.0,3,1308.0,2026-04-08,,,Musteri vazgecti
9229726848,2026-04-30,3501017.0,6188384.0,3,,,,,
9229726848,2026-05-31,3320480.0,5582269.0,3,1309.0,2026-05-11,2026-05-14,2026-06-07,
9229726848,2026-06-30,3320480.0,5582269.0,3,,,,,
9229726848,2026-07-31,3320480.0,5582269.0,3,,,,,
9229726848,2026-08-31,3320480.0,5582269.0,3,,,,,
9229726848,2026-09-30,3320480.0,5582269.0,3,,,,,
9245682424,2025-10-31,198257807.0,378763043.0,3,,,,,
9245682424,2025-11-30,198257807.0,378763043.0,3,,,,,
9245682424,2025-12-31,198257807.0,378763043.0,3,,,,,
9245682424,2026-01-31,208804003.0,411053697.0,3,,,,,
9245682424,2026-02-28,208804003.0,411053697.0,3,,,,,
9245682424,2026-03-31,198062619.0,345942077.0,3,,,,,
9245682424,2026-04-30,198062619.0,345942077.0,3,,,,,
9245682424,2026-05-31,198062619.0,345942077.0,3,,,,,
9245682424,2026-06-30,198062619.0,345942077.0,3,,,,,
9245682424,2026-07-31,198062619.0,345942077.0,3,,,,,
9245682424,2026-08-31,198062619.0,345942077.0,3,,,,,
9245682424,2026-09-30,204836236.0,318140511.0,3,,,,,
9522599668,2025-10-31,56998008.0,120760051.0,2,1314.0,2025-11-09,2025-11-12,2025-12-04,
9522599668,2025-11-30,56998008.0,120760051.0,2,,,,,
9522599668,2025-12-31,56998008.0,120760051.0,2,,,,,
9522599668,2026-01-31,56998008.0,120760051.0,2,,,,,
9522599668,2026-02-28,41693926.0,79888808.0,2,,,,,
9522599668,2026-03-31,41693926.0,79888808.0,2,,,,,
9522599668,2026-04-30,38071867.0,65643538.0,2,1317.0,2026-05-07,,,Risk
9522599668,2026-05-31,38071867.0,65643538.0,2,,,,,
9522599668,2026-06-30,18220844.0,36265520.0,2,,,,,
9522599668,2026-07-31,18220844.0,36265520.0,2,,,,,
9522599668,2026-08-31,18220844.0,36265520.0,2,,,,,
9522599668,2026-09-30,18220844.0,36265520.0,2,,,,,
9458140848,2025-10-31,236437734.0,352635018.0,4,,,,,
9458140848,2025-11-30,236437734.0,352635018.0,4,1319.0,2025-11-24,2025-11-25,2025-12-12,
9458140848,2025-12-31,239050881.0,363096949.0,4,,,,,
9458140848,2026-01-31,239050881.0,363096949.0,4,,,,,
9458140848,2026-02-28,239050881.0,363096949.0,4,,,,,
9458140848,2026-03-31,228398767.0,290525946.0,4,1321.0,2026-03-13,2026-03-22,2026-04-18,
9458140848,2026-04-30,228398767.0,290525946.0,4,,,,,
9458140848,2026-05-31,228398767.0,290525946.0,4,,,,,
9458140848,2026-06-30,228398767.0,290525946.0,4,,,,,
9458140848,2026-07-31,228398767.0,290525946.0,4,,,,,
9458140848,2026-08-31,267160863.0,449145563.0,4,,,,,
9458140848,2026-09-30,267160863.0,449145563.0,4,,,,,
9680912167,2025-10-31,5944873.0,14661445.0,4,,,,,
9680912167,2025-11-30,5944873.0,14661445.0,4,,,,,
9680912167,2025-12-31,5944873.0,14661445.0,4,,,,,
9680912167,2026-01-31,5944873.0,14661445.0,4,,,,,
9680912167,2026-02-28,5944873.0,14661445.0,4,,,,,
9680912167,2026-03-31,5944873.0,14661445.0,4,,,,,
9680912167,2026-04-30,5292923.0,12074323.0,4,,,,,
9680912167,2026-05-31,5292923.0,12074323.0,4,,,,,
9680912167,2026-06-30,4366147.0,9079231.0,4,1325.0,2026-06-28,2026-07-05,2026-07-30,
9680912167,2026-07-31,4366147.0,9079231.0,4,,,,,
9680912167,2026-08-31,4015633.0,7857136.0,4,,,,,
9680912167,2026-09-30,4015633.0,7857136.0,4,,,,,
9977050803,2025-10-31,606117.0,921350.0,1,,,,,
9977050803,2025-11-30,606117.0,921350.0,1,,,,,
9977050803,2025-12-31,606117.0,921350.0,1,,,,,
9977050803,2026-01-31,606117.0,921350.0,1,1327.0,2026-01-04,2026-01-09,2026-01-26,
9977050803,2026-02-28,646609.0,1098298.0,1,1328.0,2026-03-08,,,Risk
9977050803,2026-03-31,646609.0,1098298.0,1,,,,,
9977050803,2026-04-30,646609.0,1098298.0,1,,,,,
9977050803,2026-05-31,646609.0,1098298.0,1,,,,,
9977050803,2026-06-30,547907.0,740343.0,1,,,,,
9977050803,2026-07-31,575292.0,711020.0,1,1330.0,2026-08-11,2026-08-12,2026-09-07,
9977050803,2026-08-31,575292.0,711020.0,1,,,,,
9977050803,2026-09-30,575292.0,711020.0,1,,,,,
9211935313,2025-10-31,2490230.0,5403744.0,6,,,,,
9211935313,2025-11-30,2490230.0,5403744.0,6,,,,,
9211935313,2025-12-31,2490230.0,5403744.0,6,,,,,
9211935313,2026-01-31,2490230.0,5403744.0,6,,,,,
9211935313,2026-02-28,2490230.0,5403744.0,6,,,,,
9211935313,2026-03-31,939071.0,1974778.0,6,,,,,
9211935313,2026-04-30,0.0,8991219.0,6,1335.0,2026-05-01,,,Musteri vazgecti
9211935313,2026-05-31,0.0,8991219.0,6,,,,,
9211935313,2026-06-30,0.0,8991219.0,6,,,,,
9211935313,2026-07-31,0.0,8991219.0,6,,,,,
9211935313,2026-08-31,0.0,8991219.0,6,,,,,
9211935313,2026-09-30,0.0,9459768.0,6,1336.0,2026-10-03,2026-10-09,2026-11-01,
9997362109,2025-10-31,1195990.0,3787783.0,1,,,,,
9997362109,2025-11-30,1195990.0,3787783.0,1,,,,,
9997362109,2025-12-31,1195990.0,3787783.0,1,,,,,
9997362109,2026-01-31,1195990.0,3787783.0,1,,,,,
9997362109,2026-02-28,1195990.0,3787783.0,1,,,,,
9997362109,2026-03-31,1195990.0,3787783.0,1,,,,,
9997362109,2026-04-30,1195990.0,3787783.0,1,,,,,
9997362109,2026-05-31,1202357.0,2745068.0,1,1337.0,2026-05-14,2026-05-21,2026-06-19,
9997362109,2026-06-30,1202357.0,2745068.0,1,,,,,
9997362109,2026-07-31,1202357.0,2745068.0,1,,,,,
9997362109,2026-08-31,1289745.0,2950309.0,1,1339.0,2026-09-07,2026-09-16,2026-09-18,
9997362109,2026-09-30,1289745.0,2950309.0,1,,,,,
9633650607,2025-10-31,130078107.0,224886025.0,3,1340.0,2025-10-10,,,Musteri vazgecti
9633650607,2025-11-30,130078107.0,224886025.0,3,,,,,
9633650607,2025-12-31,141697433.0,170840273.0,3,,,,,
9633650607,2026-01-31,158373474.0,245576584.0,3,1342.0,2026-02-09,,,Musteri vazgecti
9633650607,2026-02-28,150479093.0,161375855.0,3,,,,,
9633650607,2026-03-31,136563253.0,143094477.0,3,,,,,
9633650607,2026-04-30,136563253.0,143094477.0,3,,,,,
9633650607,2026-05-31,136563253.0,143094477.0,3,,,,,
9633650607,2026-06-30,136563253.0,143094477.0,3,,,,,
9633650607,2026-07-31,136563253.0,143094477.0,3,,,,,
9633650607,2026-08-31,136563253.0,143094477.0,3,,,,,
9633650607,2026-09-30,136563253.0,143094477.0,3,,,,,
9885084829,2025-10-31,15987663.0,48371899.0,1,,,,,
9885084829,2025-11-30,15871762.0,57970277.0,1,,,,,
9885084829,2025-12-31,15871762.0,57970277.0,1,,,,,
9885084829,2026-01-31,15871762.0,57970277.0,1,,,,,
9885084829,2026-02-28,15871762.0,57970277.0,1,,,,,
9885084829,2026-03-31,15871762.0,57970277.0,1,,,,,
9885084829,2026-04-30,0.0,27074040.0,1,1348.0,2026-05-01,,,Teminat yetersiz
9885084829,2026-05-31,0.0,27074040.0,1,,,,,
9885084829,2026-06-30,0.0,30782560.0,1,1349.0,2026-07-05,,,Teminat yetersiz
9885084829,2026-07-31,0.0,30782560.0,1,,,,,
9885084829,2026-08-31,0.0,30782560.0,1,,,,,
9885084829,2026-09-30,0.0,30782560.0,1,,,,,
9510622576,2025-10-31,119008279.0,246289878.0,4,,,,,
9510622576,2025-11-30,119008279.0,246289878.0,4,,,,,
9510622576,2025-12-31,119008279.0,246289878.0,4,,,,,
9510622576,2026-01-31,119008279.0,246289878.0,4,,,,,
9510622576,2026-02-28,119008279.0,246289878.0,4,,,,,
9510622576,2026-03-31,119008279.0,246289878.0,4,,,,,
9510622576,2026-04-30,119008279.0,246289878.0,4,,,,,
9510622576,2026-05-31,116709109.0,269050486.0,4,,,,,
9510622576,2026-06-30,116709109.0,269050486.0,4,,,,,
9510622576,2026-07-31,116709109.0,269050486.0,4,,,,,
9510622576,2026-08-31,119918576.0,330191445.0,4,,,,,
9510622576,2026-09-30,119918576.0,330191445.0,4,,,,,
9131023893,2025-10-31,50765797.0,75209307.0,4,,,,,
9131023893,2025-11-30,50765797.0,75209307.0,4,,,,,
9131023893,2025-12-31,50765797.0,75209307.0,4,,,,,
9131023893,2026-01-31,50765797.0,75209307.0,4,,,,,
9131023893,2026-02-28,50765797.0,75209307.0,4,,,,,
9131023893,2026-03-31,50765797.0,75209307.0,4,,,,,
9131023893,2026-04-30,50765797.0,75209307.0,4,,,,,
9131023893,2026-05-31,50765797.0,75209307.0,4,,,,,
9131023893,2026-06-30,50765797.0,75209307.0,4,,,,,
9131023893,2026-07-31,50765797.0,75209307.0,4,,,,,
9131023893,2026-08-31,50765797.0,75209307.0,4,,,,,
9131023893,2026-09-30,50765797.0,75209307.0,4,,,,,
9244941114,2025-10-31,6533412.0,8973905.0,2,,,,,
9244941114,2025-11-30,6533412.0,8973905.0,2,,,,,
9244941114,2025-12-31,6533412.0,8973905.0,2,,,,,
9244941114,2026-01-31,6533412.0,8973905.0,2,1355.0,2026-01-11,2026-01-13,2026-02-01,
9244941114,2026-02-28,6533412.0,8973905.0,2,,,,,
9244941114,2026-03-31,6533412.0,8973905.0,2,,,,,
9244941114,2026-04-30,6533412.0,8973905.0,2,,,,,
9244941114,2026-05-31,6533412.0,8973905.0,2,,,,,
9244941114,2026-06-30,6533412.0,8973905.0,2,,,,,
9244941114,2026-07-31,6533412.0,8973905.0,2,,,,,
9244941114,2026-08-31,7852618.0,11524838.0,2,1356.0,2026-09-07,,,Musteri vazgecti
9244941114,2026-09-30,7862800.0,12363654.0,2,1357.0,2026-09-30,,,Musteri vazgecti
9470586724,2025-10-31,4876028.0,7903056.0,2,,,,,
9470586724,2025-11-30,4876028.0,7903056.0,2,,,,,
9470586724,2025-12-31,4876028.0,7903056.0,2,,,,,
9470586724,2026-01-31,4876028.0,7903056.0,2,,,,,
9470586724,2026-02-28,4876028.0,7903056.0,2,,,,,
9470586724,2026-03-31,4876028.0,7903056.0,2,,,,,
9470586724,2026-04-30,4876028.0,7903056.0,2,,,,,
9470586724,2026-05-31,4876028.0,7903056.0,2,,,,,
9470586724,2026-06-30,4876028.0,7903056.0,2,,,,,
9470586724,2026-07-31,5337353.0,11654279.0,2,1360.0,2026-08-06,2026-08-13,2026-08-30,
9470586724,2026-08-31,5337353.0,11654279.0,2,,,,,
9470586724,2026-09-30,5055333.0,9025682.0,2,,,,,
9286873454,2025-10-31,40441106.0,115916110.0,3,1362.0,2025-10-26,2025-11-03,2025-11-24,
9286873454,2025-11-30,40441106.0,115916110.0,3,,,,,
9286873454,2025-12-31,40441106.0,115916110.0,3,,,,,
9286873454,2026-01-31,52682137.0,156354643.0,3,1363.0,2026-01-29,,,Musteri vazgecti
9286873454,2026-02-28,52682137.0,156354643.0,3,,,,,
9286873454,2026-03-31,52682137.0,156354643.0,3,,,,,
9286873454,2026-04-30,52682137.0,156354643.0,3,,,,,
9286873454,2026-05-31,52682137.0,156354643.0,3,,,,,
9286873454,2026-06-30,52682137.0,156354643.0,3,,,,,
9286873454,2026-07-31,52682137.0,156354643.0,3,,,,,
9286873454,2026-08-31,52682137.0,156354643.0,3,,,,,
9286873454,2026-09-30,52682137.0,156354643.0,3,,,,,
9808404116,2025-10-31,97389427.0,134247140.0,3,,,,,
9808404116,2025-11-30,97389427.0,134247140.0,3,,,,,
9808404116,2025-12-31,97389427.0,134247140.0,3,,,,,
9808404116,2026-01-31,97389427.0,134247140.0,3,,,,,
9808404116,2026-02-28,97389427.0,134247140.0,3,,,,,
9808404116,2026-03-31,109491521.0,170806262.0,3,1366.0,2026-03-30,2026-04-05,2026-05-03,
9808404116,2026-04-30,99534111.0,152800706.0,3,1367.0,2026-04-10,2026-04-12,2026-05-05,
9808404116,2026-05-31,99534111.0,152800706.0,3,,,,,
9808404116,2026-06-30,107878859.0,152463230.0,3,1368.0,2026-06-26,,,Teminat yetersiz
9808404116,2026-07-31,107878859.0,152463230.0,3,,,,,
9808404116,2026-08-31,107878859.0,152463230.0,3,,,,,
9808404116,2026-09-30,113210882.0,172968281.0,3,1369.0,2026-09-29,,,Musteri vazgecti
9320164419,2025-10-31,2479581.0,3515258.0,2,,,,,
9320164419,2025-11-30,2404296.0,3515258.0,2,,,,,
9320164419,2025-12-31,2396391.0,3515258.0,2,,,,,
9320164419,2026-01-31,2623838.0,3515258.0,2,,,,,
9320164419,2026-02-28,2536966.0,3515258.0,2,,,,,
9320164419,2026-03-31,2546904.0,3515258.0,2,,,,,
9320164419,2026-04-30,2615206.0,3515258.0,2,,,,,
9320164419,2026-05-31,2523669.0,3515258.0,2,,,,,
9320164419,2026-06-30,2539913.0,3515258.0,2,,,,,
9320164419,2026-07-31,2516683.0,3515258.0,2,,,,,
9320164419,2026-08-31,2429539.0,3515258.0,2,,,,,
9320164419,2026-09-30,2463571.0,3515258.0,2,,,,,
9217761808,2025-10-31,3337032.0,7122583.0,3,,,,,
9217761808,2025-11-30,3337032.0,7122583.0,3,,,,,
9217761808,2025-12-31,3337032.0,7122583.0,3,,,,,
9217761808,2026-01-31,3337032.0,7122583.0,3,,,,,
9217761808,2026-02-28,3337032.0,7122583.0,3,,,,,
9217761808,2026-03-31,3337032.0,7122583.0,3,,,,,
9217761808,2026-04-30,3337032.0,7122583.0,3,,,,,
9217761808,2026-05-31,3337032.0,7122583.0,3,,,,,
9217761808,2026-06-30,3337032.0,7122583.0,3,,,,,
9217761808,2026-07-31,3337032.0,7122583.0,3,,,,,
9217761808,2026-08-31,3337032.0,7122583.0,3,,,,,
9217761808,2026-09-30,3337032.0,7122583.0,3,,,,,
9818515731,2025-10-31,26424624.0,45319063.0,2,,,,,
9818515731,2025-11-30,26424624.0,45319063.0,2,,,,,
9818515731,2025-12-31,26424624.0,45319063.0,2,,,,,
9818515731,2026-01-31,26424624.0,45319063.0,2,,,,,
9818515731,2026-02-28,26424624.0,45319063.0,2,,,,,
9818515731,2026-03-31,26424624.0,45319063.0,2,,,,,
9818515731,2026-04-30,26424624.0,45319063.0,2,,,,,
9818515731,2026-05-31,26424624.0,45319063.0,2,,,,,
9818515731,2026-06-30,26424624.0,45319063.0,2,,,,,
9818515731,2026-07-31,26424624.0,45319063.0,2,,,,,
9818515731,2026-08-31,26424624.0,45319063.0,2,,,,,
9818515731,2026-09-30,26424624.0,45319063.0,2,,,,,
9184357558,2025-10-31,7130491.0,13569705.0,4,,,,,
9184357558,2025-11-30,7130491.0,13569705.0,4,,,,,
9184357558,2025-12-31,7130491.0,13569705.0,4,,,,,
9184357558,2026-01-31,7130491.0,13569705.0,4,,,,,
9184357558,2026-02-28,7130491.0,13569705.0,4,,,,,
9184357558,2026-03-31,7130491.0,13569705.0,4,,,,,
9184357558,2026-04-30,7130491.0,13569705.0,4,,,,,
9184357558,2026-05-31,7130491.0,13569705.0,4,,,,,
9184357558,2026-06-30,7130491.0,13569705.0,4,,,,,
9184357558,2026-07-31,7130491.0,13569705.0,4,,,,,
9184357558,2026-08-31,7130491.0,13569705.0,4,,,,,
9184357558,2026-09-30,7130491.0,13569705.0,4,,,,,
9402742979,2025-10-31,9387896.0,16692422.0,4,,,,,
9402742979,2025-11-30,9387896.0,16692422.0,4,,,,,
9402742979,2025-12-31,9387896.0,16692422.0,4,,,,,
9402742979,2026-01-31,9387896.0,16692422.0,4,,,,,
9402742979,2026-02-28,9387896.0,16692422.0,4,,,,,
9402742979,2026-03-31,9387896.0,16692422.0,4,,,,,
9402742979,2026-04-30,9387896.0,16692422.0,4,,,,,
9402742979,2026-05-31,9387896.0,16692422.0,4,,,,,
9402742979,2026-06-30,9387896.0,16692422.0,4,,,,,
9402742979,2026-07-31,9387896.0,16692422.0,4,,,,,
9402742979,2026-08-31,10254443.0,16926674.0,4,,,,,
9402742979,2026-09-30,10254443.0,16926674.0,4,,,,,
9922618056,2025-10-31,19963841.0,42088502.0,1,,,,,
9922618056,2025-11-30,19963841.0,42088502.0,1,1375.0,2025-11-14,2025-11-18,2025-11-21,
9922618056,2025-12-31,19963841.0,42088502.0,1,,,,,
9922618056,2026-01-31,23156751.0,35735577.0,1,,,,,
9922618056,2026-02-28,23156751.0,35735577.0,1,,,,,
9922618056,2026-03-31,23156751.0,35735577.0,1,,,,,
9922618056,2026-04-30,23156751.0,35735577.0,1,,,,,
9922618056,2026-05-31,23156751.0,35735577.0,1,,,,,
9922618056,2026-06-30,23156751.0,35735577.0,1,,,,,
9922618056,2026-07-31,34412286.0,71697714.0,1,1377.0,2026-08-02,,,Risk
9922618056,2026-08-31,34412286.0,71697714.0,1,,,,,
9922618056,2026-09-30,34412286.0,71697714.0,1,,,,,
9768900784,2025-10-31,1244191.0,3332055.0,4,,,,,
9768900784,2025-11-30,1274364.0,3147977.0,4,,,,,
9768900784,2025-12-31,1274364.0,3147977.0,4,,,,,
9768900784,2026-01-31,1274364.0,3147977.0,4,,,,,
9768900784,2026-02-28,1274364.0,3147977.0,4,,,,,
9768900784,2026-03-31,1274364.0,3147977.0,4,,,,,
9768900784,2026-04-30,1274364.0,3147977.0,4,,,,,
9768900784,2026-05-31,649417.0,1412954.0,4,,,,,
9768900784,2026-06-30,649417.0,1412954.0,4,,,,,
9768900784,2026-07-31,421560.0,928642.0,4,,,,,
9768900784,2026-08-31,421560.0,928642.0,4,,,,,
9768900784,2026-09-30,0.0,809629.0,4,,,,,
9854079234,2025-10-31,17360978.0,24431699.0,1,,,,,
9854079234,2025-11-30,17896276.0,24431699.0,1,,,,,
9854079234,2025-12-31,18126037.0,24431699.0,1,,,,,
9854079234,2026-01-31,18001515.0,24431699.0,1,,,,,
9854079234,2026-02-28,16769795.0,24431699.0,1,,,,,
9854079234,2026-03-31,16967425.0,24431699.0,1,,,,,
9854079234,2026-04-30,17655368.0,24431699.0,1,,,,,
9854079234,2026-05-31,17817532.0,24431699.0,1,,,,,
9854079234,2026-06-30,16593902.0,24431699.0,1,,,,,
9854079234,2026-07-31,16827462.0,24431699.0,1,,,,,
9854079234,2026-08-31,16742724.0,24431699.0,1,,,,,
9854079234,2026-09-30,17173930.0,24431699.0,1,,,,,
9522220093,2025-10-31,1189317.0,1947864.0,2,,,,,
9522220093,2025-11-30,1189317.0,1947864.0,2,,,,,
9522220093,2025-12-31,1189317.0,1947864.0,2,,,,,
9522220093,2026-01-31,895627.0,1361956.0,2,,,,,
9522220093,2026-02-28,895627.0,1361956.0,2,,,,,
9522220093,2026-03-31,895627.0,1361956.0,2,,,,,
9522220093,2026-04-30,895627.0,1361956.0,2,,,,,
9522220093,2026-05-31,895627.0,1361956.0,2,,,,,
9522220093,2026-06-30,895627.0,1361956.0,2,,,,,
9522220093,2026-07-31,895627.0,1361956.0,2,,,,,
9522220093,2026-08-31,895627.0,1361956.0,2,,,,,
9522220093,2026-09-30,895627.0,1361956.0,2,,,,,
9555152229,2025-10-31,53265916.0,96620640.0,1,,,,,
9555152229,2025-11-30,53265916.0,96620640.0,1,,,,,
9555152229,2025-12-31,53265916.0,96620640.0,1,,,,,
9555152229,2026-01-31,56885464.0,77819175.0,1,1386.0,2026-02-09,2026-02-11,2026-02-28,
9555152229,2026-02-28,56885464.0,77819175.0,1,,,,,
9555152229,2026-03-31,56885464.0,77819175.0,1,,,,,
9555152229,2026-04-30,56885464.0,77819175.0,1,,,,,
9555152229,2026-05-31,56885464.0,77819175.0,1,,,,,
9555152229,2026-06-30,56885464.0,77819175.0,1,,,,,
9555152229,2026-07-31,56885464.0,77819175.0,1,,,,,
9555152229,2026-08-31,56885464.0,77819175.0,1,,,,,
9555152229,2026-09-30,56885464.0,77819175.0,1,,,,,
9650792448,2025-10-31,20139345.0,44785071.0,1,,,,,
9650792448,2025-11-30,20139345.0,44785071.0,1,,,,,
9650792448,2025-12-31,20139345.0,44785071.0,1,,,,,
9650792448,2026-01-31,20139345.0,44785071.0,1,,,,,
9650792448,2026-02-28,20139345.0,44785071.0,1,,,,,
9650792448,2026-03-31,20139345.0,44785071.0,1,,,,,
9650792448,2026-04-30,20139345.0,44785071.0,1,1387.0,2026-04-29,2026-05-08,2026-05-12,
9650792448,2026-05-31,20139345.0,44785071.0,1,,,,,
9650792448,2026-06-30,23554209.0,49787214.0,1,,,,,
9650792448,2026-07-31,23554209.0,49787214.0,1,,,,,
9650792448,2026-08-31,23554209.0,49787214.0,1,,,,,
9650792448,2026-09-30,27250695.0,60328913.0,1,1390.0,2026-09-28,,,Teminat yetersiz
9746289348,2025-10-31,1115721.0,1652117.0,3,,,,,
9746289348,2025-11-30,1115721.0,1652117.0,3,,,,,
9746289348,2025-12-31,1115721.0,1652117.0,3,,,,,
9746289348,2026-01-31,1115721.0,1652117.0,3,,,,,
9746289348,2026-02-28,1115721.0,1652117.0,3,,,,,
9746289348,2026-03-31,1115721.0,1652117.0,3,,,,,
9746289348,2026-04-30,1115721.0,1652117.0,3,,,,,
9746289348,2026-05-31,1115721.0,1652117.0,3,,,,,
9746289348,2026-06-30,1115721.0,1652117.0,3,,,,,
9746289348,2026-07-31,1451811.0,1966173.0,3,,,,,
9746289348,2026-08-31,1451811.0,1966173.0,3,,,,,
9746289348,2026-09-30,1451811.0,1966173.0,3,,,,,
9967145496,2025-10-31,27317901.0,48926254.0,5,,,,,
9967145496,2025-11-30,27317901.0,48926254.0,5,,,,,
9967145496,2025-12-31,27317901.0,48926254.0,5,,,,,
9967145496,2026-01-31,27317901.0,48926254.0,5,,,,,
9967145496,2026-02-28,27317901.0,48926254.0,5,,,,,
9967145496,2026-03-31,27317901.0,48926254.0,5,,,,,
9967145496,2026-04-30,24508020.0,44395795.0,5,1394.0,2026-04-20,2026-04-23,2026-05-06,
9967145496,2026-05-31,24508020.0,44395795.0,5,,,,,
9967145496,2026-06-30,31593561.0,60355071.0,5,1395.0,2026-06-20,2026-06-22,2026-07-05,
9967145496,2026-07-31,31593561.0,60355071.0,5,,,,,
9967145496,2026-08-31,31593561.0,60355071.0,5,,,,,
9967145496,2026-09-30,31593561.0,60355071.0,5,,,,,
9935251221,2025-10-31,19635907.0,73824898.0,4,,,,,
9935251221,2025-11-30,19104111.0,53813693.0,4,,,,,
9935251221,2025-12-31,19104111.0,53813693.0,4,,,,,
9935251221,2026-01-31,19104111.0,53813693.0,4,,,,,
9935251221,2026-02-28,19104111.0,53813693.0,4,,,,,
9935251221,2026-03-31,19104111.0,53813693.0,4,,,,,
9935251221,2026-04-30,19104111.0,53813693.0,4,,,,,
9935251221,2026-05-31,19104111.0,53813693.0,4,,,,,
9935251221,2026-06-30,19104111.0,53813693.0,4,,,,,
9935251221,2026-07-31,18832614.0,36072254.0,4,,,,,
9935251221,2026-08-31,18832614.0,36072254.0,4,,,,,
9935251221,2026-09-30,18832614.0,36072254.0,4,,,,,
9144766476,2025-10-31,639391.0,1141163.0,1,,,,,
9144766476,2025-11-30,639391.0,1141163.0,1,,,,,
9144766476,2025-12-31,639391.0,1141163.0,1,,,,,
9144766476,2026-01-31,639391.0,1141163.0,1,,,,,
9144766476,2026-02-28,639391.0,1141163.0,1,,,,,
9144766476,2026-03-31,639391.0,1141163.0,1,,,,,
9144766476,2026-04-30,639391.0,1141163.0,1,,,,,
9144766476,2026-05-31,639391.0,1141163.0,1,,,,,
9144766476,2026-06-30,639391.0,1141163.0,1,,,,,
9144766476,2026-07-31,639391.0,1141163.0,1,,,,,
9144766476,2026-08-31,639391.0,1141163.0,1,,,,,
9144766476,2026-09-30,639391.0,1141163.0,1,,,,,
9981318915,2025-10-31,2432769.0,4770390.0,2,,,,,
9981318915,2025-11-30,2432769.0,4770390.0,2,,,,,
9981318915,2025-12-31,2432769.0,4770390.0,2,,,,,
9981318915,2026-01-31,2432769.0,4770390.0,2,,,,,
9981318915,2026-02-28,2432769.0,4770390.0,2,,,,,
9981318915,2026-03-31,2432769.0,4770390.0,2,,,,,
9981318915,2026-04-30,2432769.0,4770390.0,2,,,,,
9981318915,2026-05-31,2432769.0,4770390.0,2,,,,,
9981318915,2026-06-30,2432769.0,4770390.0,2,,,,,
9981318915,2026-07-31,2432769.0,4770390.0,2,,,,,
9981318915,2026-08-31,2432769.0,4770390.0,2,,,,,
9981318915,2026-09-30,3004740.0,7324638.0,2,,,,,
9520622191,2025-10-31,15961975.0,33322886.0,5,,,,,
9520622191,2025-11-30,15961975.0,33322886.0,5,,,,,
9520622191,2025-12-31,15961975.0,33322886.0,5,,,,,
9520622191,2026-01-31,15961975.0,33322886.0,5,,,,,
9520622191,2026-02-28,15961975.0,33322886.0,5,,,,,
9520622191,2026-03-31,15961975.0,33322886.0,5,,,,,
9520622191,2026-04-30,15961975.0,33322886.0,5,,,,,
9520622191,2026-05-31,15961975.0,33322886.0,5,,,,,
9520622191,2026-06-30,15961975.0,33322886.0,5,,,,,
9520622191,2026-07-31,15961975.0,33322886.0,5,,,,,
9520622191,2026-08-31,15378880.0,31232980.0,5,,,,,
9520622191,2026-09-30,15378880.0,31232980.0,5,,,,,
9796976050,2025-10-31,8410338.0,12641609.0,5,,,,,
9796976050,2025-11-30,8410338.0,12641609.0,5,,,,,
9796976050,2025-12-31,8410338.0,12641609.0,5,,,,,
9796976050,2026-01-31,8410338.0,12641609.0,5,,,,,
9796976050,2026-02-28,8410338.0,12641609.0,5,,,,,
9796976050,2026-03-31,8410338.0,12641609.0,5,,,,,
9796976050,2026-04-30,8410338.0,12641609.0,5,,,,,
9796976050,2026-05-31,8410338.0,12641609.0,5,,,,,
9796976050,2026-06-30,8410338.0,12641609.0,5,,,,,
9796976050,2026-07-31,8410338.0,12641609.0,5,,,,,
9796976050,2026-08-31,8410338.0,12641609.0,5,,,,,
9796976050,2026-09-30,8410338.0,12641609.0,5,,,,,
9775752699,2025-10-31,12553213.0,36315530.0,5,,,,,
9775752699,2025-11-30,12553213.0,36315530.0,5,1406.0,2025-11-20,,,Not dusuk
9775752699,2025-12-31,12553213.0,36315530.0,5,,,,,
9775752699,2026-01-31,12553213.0,36315530.0,5,,,,,
9775752699,2026-02-28,12553213.0,36315530.0,5,,,,,
9775752699,2026-03-31,12553213.0,36315530.0,5,,,,,
9775752699,2026-04-30,7905795.0,20738895.0,5,,,,,
9775752699,2026-05-31,1384165.0,4210937.0,5,,,,,
9775752699,2026-06-30,2597913.0,6993134.0,5,,,,,
9775752699,2026-07-31,0.0,18171354.0,5,1410.0,2026-07-31,2026-08-04,2026-08-07,
9775752699,2026-08-31,0.0,18171354.0,5,,,,,
9775752699,2026-09-30,0.0,18171354.0,5,,,,,
9503944590,2025-10-31,3205708.0,7383939.0,4,,,,,
9503944590,2025-11-30,3205708.0,7383939.0,4,,,,,
9503944590,2025-12-31,1542359.0,3675811.0,4,,,,,
9503944590,2026-01-31,1542359.0,3675811.0,4,,,,,
9503944590,2026-02-28,1542359.0,3675811.0,4,,,,,
9503944590,2026-03-31,1542359.0,3675811.0,4,,,,,
9503944590,2026-04-30,0.0,4294190.0,4,,,,,
9503944590,2026-05-31,0.0,4294190.0,4,,,,,
9503944590,2026-06-30,0.0,4521339.0,4,1415.0,2026-06-05,2026-06-06,2026-06-16,
9503944590,2026-07-31,0.0,4521339.0,4,,,,,
9503944590,2026-08-31,0.0,4521339.0,4,,,,,
9503944590,2026-09-30,0.0,4521339.0,4,,,,,
9323893295,2025-10-31,39570549.0,58546813.0,3,,,,,
9323893295,2025-11-30,39570549.0,58546813.0,3,,,,,
9323893295,2025-12-31,39570549.0,58546813.0,3,,,,,
9323893295,2026-01-31,39570549.0,58546813.0,3,,,,,
9323893295,2026-02-28,39570549.0,58546813.0,3,,,,,
9323893295,2026-03-31,39570549.0,58546813.0,3,,,,,
9323893295,2026-04-30,39570549.0,58546813.0,3,,,,,
9323893295,2026-05-31,39570549.0,58546813.0,3,,,,,
9323893295,2026-06-30,39570549.0,58546813.0,3,,,,,
9323893295,2026-07-31,39570549.0,58546813.0,3,,,,,
9323893295,2026-08-31,39570549.0,58546813.0,3,,,,,
9323893295,2026-09-30,39570549.0,58546813.0,3,,,,,
9453925120,2025-10-31,12348197.0,17918330.0,4,,,,,
9453925120,2025-11-30,12440289.0,17918330.0,4,,,,,
9453925120,2025-12-31,13407471.0,17918330.0,4,,,,,
9453925120,2026-01-31,13400929.0,17918330.0,4,,,,,
9453925120,2026-02-28,13141388.0,17918330.0,4,,,,,
9453925120,2026-03-31,12940011.0,17918330.0,4,,,,,
9453925120,2026-04-30,13014862.0,17918330.0,4,,,,,
9453925120,2026-05-31,12927498.0,17918330.0,4,,,,,
9453925120,2026-06-30,12986732.0,17918330.0,4,,,,,
9453925120,2026-07-31,12439464.0,17918330.0,4,,,,,
9453925120,2026-08-31,13408928.0,17918330.0,4,,,,,
9453925120,2026-09-30,13127274.0,17918330.0,4,,,,,
9257518958,2025-10-31,3814862.0,8865491.0,1,,,,,
9257518958,2025-11-30,3814862.0,8865491.0,1,,,,,
9257518958,2025-12-31,3814862.0,8865491.0,1,,,,,
9257518958,2026-01-31,3814862.0,8865491.0,1,,,,,
9257518958,2026-02-28,3814862.0,8865491.0,1,,,,,
9257518958,2026-03-31,3814862.0,8865491.0,1,,,,,
9257518958,2026-04-30,3814862.0,8865491.0,1,,,,,
9257518958,2026-05-31,3814862.0,8865491.0,1,,,,,
9257518958,2026-06-30,3814862.0,8865491.0,1,,,,,
9257518958,2026-07-31,3814862.0,8865491.0,1,,,,,
9257518958,2026-08-31,3769107.0,6632831.0,1,1418.0,2026-08-28,2026-09-03,2026-09-27,
9257518958,2026-09-30,3769107.0,6632831.0,1,,,,,
9642175265,2025-10-31,1261844.0,2720377.0,4,,,,,
9642175265,2025-11-30,1261844.0,2720377.0,4,,,,,
9642175265,2025-12-31,1261844.0,2720377.0,4,,,,,
9642175265,2026-01-31,1261844.0,2720377.0,4,,,,,
9642175265,2026-02-28,1247661.0,2189284.0,4,1420.0,2026-02-21,,,Not dusuk
9642175265,2026-03-31,1247661.0,2189284.0,4,,,,,
9642175265,2026-04-30,1247661.0,2189284.0,4,,,,,
9642175265,2026-05-31,1247661.0,2189284.0,4,,,,,
9642175265,2026-06-30,1247661.0,2189284.0,4,,,,,
9642175265,2026-07-31,1247661.0,2189284.0,4,,,,,
9642175265,2026-08-31,1603163.0,2618567.0,4,1421.0,2026-08-23,2026-08-27,2026-09-06,
9642175265,2026-09-30,1814556.0,2807570.0,4,1422.0,2026-10-02,2026-10-09,2026-10-26,
9435256716,2025-10-31,2183991.0,3961131.0,2,,,,,
9435256716,2025-11-30,2292863.0,3579400.0,2,1424.0,2025-11-21,,,Teminat yetersiz
9435256716,2025-12-31,2292863.0,3579400.0,2,,,,,
9435256716,2026-01-31,2292863.0,3579400.0,2,,,,,
9435256716,2026-02-28,2292863.0,3579400.0,2,,,,,
9435256716,2026-03-31,2442233.0,3714757.0,2,,,,,
9435256716,2026-04-30,2442233.0,3714757.0,2,,,,,
9435256716,2026-05-31,2442233.0,3714757.0,2,,,,,
9435256716,2026-06-30,2442233.0,3714757.0,2,,,,,
9435256716,2026-07-31,2442233.0,3714757.0,2,,,,,
9435256716,2026-08-31,2304508.0,3603609.0,2,1426.0,2026-08-12,,,Teminat yetersiz
9435256716,2026-09-30,2304508.0,3603609.0,2,,,,,
9745819003,2025-10-31,2908262.0,5992577.0,6,,,,,
9745819003,2025-11-30,2908262.0,5992577.0,6,,,,,
9745819003,2025-12-31,2947646.0,5990751.0,6,1428.0,2025-12-23,,,Risk
9745819003,2026-01-31,2947646.0,5990751.0,6,,,,,
9745819003,2026-02-28,2947646.0,5990751.0,6,,,,,
9745819003,2026-03-31,2947646.0,5990751.0,6,,,,,
9745819003,2026-04-30,2947646.0,5990751.0,6,,,,,
9745819003,2026-05-31,2767284.0,6379007.0,6,1429.0,2026-05-17,,,Musteri vazgecti
9745819003,2026-06-30,2767284.0,6379007.0,6,,,,,
9745819003,2026-07-31,2767284.0,6379007.0,6,,,,,
9745819003,2026-08-31,2767284.0,6379007.0,6,,,,,
9745819003,2026-09-30,2739965.0,7175016.0,6,,,,,
9908111334,2025-10-31,1058345.0,1564854.0,2,,,,,
9908111334,2025-11-30,1058345.0,1564854.0,2,,,,,
9908111334,2025-12-31,1058345.0,1564854.0,2,,,,,
9908111334,2026-01-31,1058345.0,1564854.0,2,,,,,
9908111334,2026-02-28,1058345.0,1564854.0,2,1431.0,2026-03-02,2026-03-04,2026-04-01,
9908111334,2026-03-31,1058345.0,1564854.0,2,,,,,
9908111334,2026-04-30,1058345.0,1564854.0,2,,,,,
9908111334,2026-05-31,1058345.0,1564854.0,2,,,,,
9908111334,2026-06-30,1136873.0,1714491.0,2,,,,,
9908111334,2026-07-31,1136873.0,1714491.0,2,,,,,
9908111334,2026-08-31,1136873.0,1714491.0,2,,,,,
9908111334,2026-09-30,1051746.0,1482148.0,2,1433.0,2026-09-28,2026-10-05,2026-10-30,
9502645665,2025-10-31,4946185.0,7308188.0,2,,,,,
9502645665,2025-11-30,4946185.0,7308188.0,2,,,,,
9502645665,2025-12-31,4946185.0,7308188.0,2,,,,,
9502645665,2026-01-31,4946185.0,7308188.0,2,,,,,
9502645665,2026-02-28,4946185.0,7308188.0,2,,,,,
9502645665,2026-03-31,4946185.0,7308188.0,2,,,,,
9502645665,2026-04-30,4946185.0,7308188.0,2,,,,,
9502645665,2026-05-31,4946185.0,7308188.0,2,,,,,
9502645665,2026-06-30,4946185.0,7308188.0,2,,,,,
9502645665,2026-07-31,4946185.0,7308188.0,2,,,,,
9502645665,2026-08-31,4946185.0,7308188.0,2,1434.0,2026-08-09,2026-08-14,2026-08-30,
9502645665,2026-09-30,4946185.0,7308188.0,2,,,,,
9383152069,2025-10-31,2449836.0,6381115.0,2,1436.0,2025-11-10,2025-11-11,2025-11-22,
9383152069,2025-11-30,2449836.0,6381115.0,2,,,,,
9383152069,2025-12-31,2449836.0,6381115.0,2,,,,,
9383152069,2026-01-31,2449836.0,6381115.0,2,,,,,
9383152069,2026-02-28,2449836.0,6381115.0,2,,,,,
9383152069,2026-03-31,2449836.0,6381115.0,2,,,,,
9383152069,2026-04-30,2449836.0,6381115.0,2,,,,,
9383152069,2026-05-31,2449836.0,6381115.0,2,,,,,
9383152069,2026-06-30,2540886.0,7030051.0,2,,,,,
9383152069,2026-07-31,2540886.0,7030051.0,2,,,,,
9383152069,2026-08-31,2540886.0,7030051.0,2,,,,,
9383152069,2026-09-30,2540886.0,7030051.0,2,,,,,
9539083448,2025-10-31,35819325.0,47190434.0,2,,,,,
9539083448,2025-11-30,35819325.0,47190434.0,2,,,,,
9539083448,2025-12-31,35819325.0,47190434.0,2,1438.0,2026-01-07,,,Teminat yetersiz
9539083448,2026-01-31,37596212.0,69482535.0,2,,,,,
9539083448,2026-02-28,41942662.0,56668408.0,2,,,,,
9539083448,2026-03-31,41942662.0,56668408.0,2,,,,,
9539083448,2026-04-30,41942662.0,56668408.0,2,,,,,
9539083448,2026-05-31,41942662.0,56668408.0,2,,,,,
9539083448,2026-06-30,41942662.0,56668408.0,2,,,,,
9539083448,2026-07-31,41942662.0,56668408.0,2,,,,,
9539083448,2026-08-31,41942662.0,56668408.0,2,,,,,
9539083448,2026-09-30,41942662.0,56668408.0,2,,,,,
9653145597,2025-10-31,5645870.0,11661265.0,3,,,,,
9653145597,2025-11-30,5645870.0,11661265.0,3,,,,,
9653145597,2025-12-31,5645870.0,11661265.0,3,,,,,
9653145597,2026-01-31,5645870.0,11661265.0,3,,,,,
9653145597,2026-02-28,5645870.0,11661265.0,3,,,,,
9653145597,2026-03-31,5645870.0,11661265.0,3,,,,,
9653145597,2026-04-30,8450678.0,15254427.0,3,,,,,
9653145597,2026-05-31,8450678.0,15254427.0,3,,,,,
9653145597,2026-06-30,8450678.0,15254427.0,3,,,,,
9653145597,2026-07-31,8450678.0,15254427.0,3,,,,,
9653145597,2026-08-31,8450678.0,15254427.0,3,,,,,
9653145597,2026-09-30,8450678.0,15254427.0,3,,,,,
9859399827,2025-10-31,36000515.0,71604216.0,2,,,,,
9859399827,2025-11-30,36000515.0,71604216.0,2,,,,,
9859399827,2025-12-31,36000515.0,71604216.0,2,,,,,
9859399827,2026-01-31,36000515.0,71604216.0,2,,,,,
9859399827,2026-02-28,36000515.0,71604216.0,2,,,,,
9859399827,2026-03-31,36000515.0,71604216.0,2,,,,,
9859399827,2026-04-30,36000515.0,71604216.0,2,,,,,
9859399827,2026-05-31,36000515.0,71604216.0,2,,,,,
9859399827,2026-06-30,20932055.0,40435194.0,2,,,,,
9859399827,2026-07-31,12780862.0,23513610.0,2,1445.0,2026-08-14,2026-08-23,2026-09-18,
9859399827,2026-08-31,12780862.0,23513610.0,2,,,,,
9859399827,2026-09-30,12780862.0,23513610.0,2,,,,,
9224855466,2025-10-31,8099068.0,22720663.0,2,,,,,
9224855466,2025-11-30,8099068.0,22720663.0,2,1446.0,2025-12-04,2025-12-09,2025-12-26,
9224855466,2025-12-31,8099068.0,22720663.0,2,,,,,
9224855466,2026-01-31,8099068.0,22720663.0,2,,,,,
9224855466,2026-02-28,8099068.0,22720663.0,2,,,,,
9224855466,2026-03-31,8099068.0,22720663.0,2,,,,,
9224855466,2026-04-30,25749.0,62222.0,2,,,,,
9224855466,2026-05-31,25749.0,62222.0,2,,,,,
9224855466,2026-06-30,25749.0,62222.0,2,,,,,
9224855466,2026-07-31,25749.0,62222.0,2,,,,,
9224855466,2026-08-31,0.0,10001887.0,2,,,,,
9224855466,2026-09-30,0.0,10001887.0,2,,,,,
9501428547,2025-10-31,8651576.0,19938876.0,1,,,,,
9501428547,2025-11-30,8651576.0,19938876.0,1,,,,,
9501428547,2025-12-31,8651576.0,19938876.0,1,1449.0,2025-12-12,,,Not dusuk
9501428547,2026-01-31,5780505.0,13551930.0,1,1451.0,2026-02-02,2026-02-08,2026-03-01,
9501428547,2026-02-28,5780505.0,13551930.0,1,,,,,
9501428547,2026-03-31,5780505.0,13551930.0,1,,,,,
9501428547,2026-04-30,5780505.0,13551930.0,1,,,,,
9501428547,2026-05-31,5780505.0,13551930.0,1,,,,,
9501428547,2026-06-30,5780505.0,13551930.0,1,,,,,
9501428547,2026-07-31,5780505.0,13551930.0,1,,,,,
9501428547,2026-08-31,0.0,9850667.0,1,,,,,
9501428547,2026-09-30,0.0,9850667.0,1,,,,,
9114631398,2025-10-31,15966555.0,26551082.0,4,,,,,
9114631398,2025-11-30,15966555.0,26551082.0,4,,,,,
9114631398,2025-12-31,15966555.0,26551082.0,4,,,,,
9114631398,2026-01-31,15966555.0,26551082.0,4,,,,,
9114631398,2026-02-28,15966555.0,26551082.0,4,,,,,
9114631398,2026-03-31,15966555.0,26551082.0,4,,,,,
9114631398,2026-04-30,15966555.0,26551082.0,4,,,,,
9114631398,2026-05-31,15966555.0,26551082.0,4,,,,,
9114631398,2026-06-30,15966555.0,26551082.0,4,,,,,
9114631398,2026-07-31,15966555.0,26551082.0,4,1453.0,2026-07-22,2026-07-31,2026-08-22,
9114631398,2026-08-31,15966555.0,26551082.0,4,,,,,
9114631398,2026-09-30,15966555.0,26551082.0,4,,,,,
9186894106,2025-10-31,13629779.0,17003820.0,4,,,,,
9186894106,2025-11-30,13629779.0,17003820.0,4,,,,,
9186894106,2025-12-31,14808392.0,21989225.0,4,1455.0,2026-01-04,,,Musteri vazgecti
9186894106,2026-01-31,14808392.0,21989225.0,4,,,,,
9186894106,2026-02-28,14808392.0,21989225.0,4,,,,,
9186894106,2026-03-31,14808392.0,21989225.0,4,,,,,
9186894106,2026-04-30,14808392.0,21989225.0,4,,,,,
9186894106,2026-05-31,14808392.0,21989225.0,4,,,,,
9186894106,2026-06-30,13862613.0,20368977.0,4,,,,,
9186894106,2026-07-31,15417431.0,26379262.0,4,,,,,
9186894106,2026-08-31,15417431.0,26379262.0,4,,,,,
9186894106,2026-09-30,21317619.0,33800497.0,4,,,,,
9649862810,2025-10-31,19726469.0,54350687.0,3,1460.0,2025-11-06,2025-11-10,2025-12-03,
9649862810,2025-11-30,19726469.0,54350687.0,3,,,,,
9649862810,2025-12-31,22859398.0,60312169.0,3,1461.0,2025-12-30,,,Teminat yetersiz
9649862810,2026-01-31,22859398.0,60312169.0,3,,,,,
9649862810,2026-02-28,22859398.0,60312169.0,3,,,,,
9649862810,2026-03-31,22859398.0,60312169.0,3,,,,,
9649862810,2026-04-30,22859398.0,60312169.0,3,,,,,
9649862810,2026-05-31,22859398.0,60312169.0,3,,,,,
9649862810,2026-06-30,34719339.0,103420138.0,3,,,,,
9649862810,2026-07-31,34719339.0,103420138.0,3,,,,,
9649862810,2026-08-31,34719339.0,103420138.0,3,,,,,
9649862810,2026-09-30,34719339.0,103420138.0,3,,,,,
9202516529,2025-10-31,94027216.0,212895229.0,4,,,,,
9202516529,2025-11-30,94027216.0,212895229.0,4,,,,,
9202516529,2025-12-31,94027216.0,212895229.0,4,,,,,
9202516529,2026-01-31,94027216.0,212895229.0,4,,,,,
9202516529,2026-02-28,94027216.0,212895229.0,4,,,,,
9202516529,2026-03-31,94027216.0,212895229.0,4,,,,,
9202516529,2026-04-30,94027216.0,212895229.0,4,,,,,
9202516529,2026-05-31,94027216.0,212895229.0,4,,,,,
9202516529,2026-06-30,94027216.0,212895229.0,4,,,,,
9202516529,2026-07-31,94027216.0,212895229.0,4,,,,,
9202516529,2026-08-31,94027216.0,212895229.0,4,,,,,
9202516529,2026-09-30,110419457.0,320265132.0,4,1465.0,2026-09-13,2026-09-17,2026-09-23,
9585576534,2025-10-31,975570.0,2805762.0,3,,,,,
9585576534,2025-11-30,975570.0,2805762.0,3,1466.0,2025-11-29,,,Teminat yetersiz
9585576534,2025-12-31,907990.0,2269487.0,3,,,,,
9585576534,2026-01-31,907990.0,2269487.0,3,,,,,
9585576534,2026-02-28,786037.0,1909400.0,3,,,,,
9585576534,2026-03-31,786037.0,1909400.0,3,,,,,
9585576534,2026-04-30,786037.0,1909400.0,3,,,,,
9585576534,2026-05-31,786037.0,1909400.0,3,,,,,
9585576534,2026-06-30,786037.0,1909400.0,3,,,,,
9585576534,2026-07-31,786037.0,1909400.0,3,,,,,
9585576534,2026-08-31,786037.0,1909400.0,3,,,,,
9585576534,2026-09-30,0.0,743522.0,3,,,,,
9451562690,2025-10-31,3183337.0,7307571.0,2,,,,,
9451562690,2025-11-30,3183337.0,7307571.0,2,,,,,
9451562690,2025-12-31,3183337.0,7307571.0,2,,,,,
9451562690,2026-01-31,3183337.0,7307571.0,2,1470.0,2026-01-31,,,Risk
9451562690,2026-02-28,3138873.0,5566926.0,2,,,,,
9451562690,2026-03-31,3138873.0,5566926.0,2,,,,,
9451562690,2026-04-30,3138873.0,5566926.0,2,,,,,
9451562690,2026-05-31,3138873.0,5566926.0,2,,,,,
9451562690,2026-06-30,3138873.0,5566926.0,2,,,,,
9451562690,2026-07-31,3138873.0,5566926.0,2,,,,,
9451562690,2026-08-31,3364678.0,6227795.0,2,1472.0,2026-08-31,2026-09-04,2026-09-06,
9451562690,2026-09-30,3364678.0,6227795.0,2,,,,,
9968123083,2025-10-31,250090341.0,394619484.0,3,,,,,
9968123083,2025-11-30,250090341.0,394619484.0,3,,,,,
9968123083,2025-12-31,250090341.0,394619484.0,3,,,,,
9968123083,2026-01-31,250090341.0,394619484.0,3,,,,,
9968123083,2026-02-28,250090341.0,394619484.0,3,,,,,
9968123083,2026-03-31,250090341.0,394619484.0,3,,,,,
9968123083,2026-04-30,250090341.0,394619484.0,3,,,,,
9968123083,2026-05-31,250090341.0,394619484.0,3,,,,,
9968123083,2026-06-30,250090341.0,394619484.0,3,,,,,
9968123083,2026-07-31,250090341.0,394619484.0,3,,,,,
9968123083,2026-08-31,366548160.0,761731627.0,3,,,,,
9968123083,2026-09-30,382227232.0,566950065.0,3,1475.0,2026-10-01,2026-10-06,2026-10-27,
9451248527,2025-10-31,44353533.0,63569994.0,2,,,,,
9451248527,2025-11-30,44715020.0,63569994.0,2,,,,,
9451248527,2025-12-31,43658267.0,63569994.0,2,,,,,
9451248527,2026-01-31,45466158.0,63569994.0,2,,,,,
9451248527,2026-02-28,46483736.0,63569994.0,2,,,,,
9451248527,2026-03-31,46252016.0,63569994.0,2,,,,,
9451248527,2026-04-30,47021826.0,63569994.0,2,,,,,
9451248527,2026-05-31,44438014.0,63569994.0,2,,,,,
9451248527,2026-06-30,44565577.0,63569994.0,2,,,,,
9451248527,2026-07-31,47521174.0,63569994.0,2,,,,,
9451248527,2026-08-31,45210070.0,63569994.0,2,,,,,
9451248527,2026-09-30,46926069.0,63569994.0,2,,,,,
9275877629,2025-10-31,13448363.0,26844799.0,3,,,,,
9275877629,2025-11-30,13448363.0,26844799.0,3,,,,,
9275877629,2025-12-31,13448363.0,26844799.0,3,,,,,
9275877629,2026-01-31,14205942.0,22755631.0,3,,,,,
9275877629,2026-02-28,13226253.0,23449090.0,3,,,,,
9275877629,2026-03-31,13226253.0,23449090.0,3,,,,,
9275877629,2026-04-30,13226253.0,23449090.0,3,,,,,
9275877629,2026-05-31,13226253.0,23449090.0,3,,,,,
9275877629,2026-06-30,15680305.0,24157864.0,3,,,,,
9275877629,2026-07-31,15680305.0,24157864.0,3,,,,,
9275877629,2026-08-31,15680305.0,24157864.0,3,,,,,
9275877629,2026-09-30,16028382.0,17289996.0,3,,,,,
9621691138,2025-10-31,1136584.0,1568971.0,2,,,,,
9621691138,2025-11-30,1093182.0,1568971.0,2,,,,,
9621691138,2025-12-31,1129173.0,1568971.0,2,,,,,
9621691138,2026-01-31,1125301.0,1568971.0,2,,,,,
9621691138,2026-02-28,1093913.0,1568971.0,2,,,,,
9621691138,2026-03-31,1175470.0,1568971.0,2,,,,,
9621691138,2026-04-30,1080425.0,1568971.0,2,,,,,
9621691138,2026-05-31,1114307.0,1568971.0,2,,,,,
9621691138,2026-06-30,1068175.0,1568971.0,2,,,,,
9621691138,2026-07-31,1141171.0,1568971.0,2,,,,,
9621691138,2026-08-31,1116446.0,1568971.0,2,,,,,
9621691138,2026-09-30,1127428.0,1568971.0,2,,,,,
9943934889,2025-10-31,1232269.0,2075453.0,2,,,,,
9943934889,2025-11-30,1232269.0,2075453.0,2,,,,,
9943934889,2025-12-31,1232269.0,2075453.0,2,,,,,
9943934889,2026-01-31,1225031.0,2181570.0,2,1482.0,2026-02-06,2026-02-12,2026-02-16,
9943934889,2026-02-28,1225031.0,2181570.0,2,,,,,
9943934889,2026-03-31,1225031.0,2181570.0,2,,,,,
9943934889,2026-04-30,1225031.0,2181570.0,2,,,,,
9943934889,2026-05-31,1225031.0,2181570.0,2,,,,,
9943934889,2026-06-30,1225031.0,2181570.0,2,,,,,
9943934889,2026-07-31,1225031.0,2181570.0,2,,,,,
9943934889,2026-08-31,1825919.0,3006307.0,2,,,,,
9943934889,2026-09-30,1825919.0,3006307.0,2,,,,,
9104203706,2025-10-31,118121418.0,170742259.0,1,1484.0,2025-10-30,,,Not dusuk
9104203706,2025-11-30,118121418.0,170742259.0,1,,,,,
9104203706,2025-12-31,118121418.0,170742259.0,1,,,,,
9104203706,2026-01-31,118121418.0,170742259.0,1,,,,,
9104203706,2026-02-28,134006942.0,253634834.0,1,1486.0,2026-02-12,2026-02-19,2026-03-16,
9104203706,2026-03-31,134006942.0,253634834.0,1,,,,,
9104203706,2026-04-30,134006942.0,253634834.0,1,,,,,
9104203706,2026-05-31,134006942.0,253634834.0,1,,,,,
9104203706,2026-06-30,134006942.0,253634834.0,1,,,,,
9104203706,2026-07-31,169394093.0,252711320.0,1,,,,,
9104203706,2026-08-31,169394093.0,252711320.0,1,,,,,
9104203706,2026-09-30,169394093.0,252711320.0,1,,,,,
9705995476,2025-10-31,643372.0,1390891.0,7,,,,,
9705995476,2025-11-30,643372.0,1390891.0,7,,,,,
9705995476,2025-12-31,643372.0,1390891.0,7,,,,,
9705995476,2026-01-31,643372.0,1390891.0,7,,,,,
9705995476,2026-02-28,643372.0,1390891.0,7,1488.0,2026-02-22,2026-02-23,2026-03-18,
9705995476,2026-03-31,643372.0,1390891.0,7,,,,,
9705995476,2026-04-30,731338.0,1764058.0,7,1489.0,2026-05-04,2026-05-05,2026-05-31,
9705995476,2026-05-31,873150.0,1924577.0,7,,,,,
9705995476,2026-06-30,873150.0,1924577.0,7,,,,,
9705995476,2026-07-31,873150.0,1924577.0,7,,,,,
9705995476,2026-08-31,915852.0,2593422.0,7,,,,,
9705995476,2026-09-30,915852.0,2593422.0,7,,,,,
9399139421,2025-10-31,169467836.0,279260272.0,3,,,,,
9399139421,2025-11-30,169467836.0,279260272.0,3,,,,,
9399139421,2025-12-31,169467836.0,279260272.0,3,,,,,
9399139421,2026-01-31,169467836.0,279260272.0,3,,,,,
9399139421,2026-02-28,169467836.0,279260272.0,3,,,,,
9399139421,2026-03-31,169467836.0,279260272.0,3,,,,,
9399139421,2026-04-30,169467836.0,279260272.0,3,,,,,
9399139421,2026-05-31,169467836.0,279260272.0,3,,,,,
9399139421,2026-06-30,169467836.0,279260272.0,3,,,,,
9399139421,2026-07-31,169467836.0,279260272.0,3,,,,,
9399139421,2026-08-31,169467836.0,279260272.0,3,,,,,
9399139421,2026-09-30,169467836.0,279260272.0,3,,,,,
9715095307,2025-10-31,65432202.0,97424423.0,2,,,,,
9715095307,2025-11-30,78213289.0,107055436.0,2,1495.0,2025-12-08,,,Musteri vazgecti
9715095307,2025-12-31,78213289.0,107055436.0,2,,,,,
9715095307,2026-01-31,78213289.0,107055436.0,2,,,,,
9715095307,2026-02-28,78213289.0,107055436.0,2,,,,,
9715095307,2026-03-31,78213289.0,107055436.0,2,,,,,
9715095307,2026-04-30,78213289.0,107055436.0,2,,,,,
9715095307,2026-05-31,81248935.0,86367899.0,2,,,,,
9715095307,2026-06-30,81248935.0,86367899.0,2,,,,,
9715095307,2026-07-31,81248935.0,86367899.0,2,,,,,
9715095307,2026-08-31,81248935.0,86367899.0,2,,,,,
9715095307,2026-09-30,83880595.0,84727874.0,2,,,,,
9759743475,2025-10-31,1884596.0,3163206.0,2,,,,,
9759743475,2025-11-30,1702063.0,2955692.0,2,1498.0,2025-11-27,,,Musteri vazgecti
9759743475,2025-12-31,1702063.0,2955692.0,2,,,,,
9759743475,2026-01-31,1702063.0,2955692.0,2,,,,,
9759743475,2026-02-28,1702063.0,2955692.0,2,,,,,
9759743475,2026-03-31,1702063.0,2955692.0,2,,,,,
9759743475,2026-04-30,1702063.0,2955692.0,2,,,,,
9759743475,2026-05-31,2525992.0,4704008.0,2,,,,,
9759743475,2026-06-30,2525992.0,4704008.0,2,,,,,
9759743475,2026-07-31,2525992.0,4704008.0,2,,,,,
9759743475,2026-08-31,2525992.0,4704008.0,2,,,,,
9759743475,2026-09-30,3257319.0,4857501.0,2,,,,,
9188484931,2025-10-31,201003447.0,257394564.0,1,,,,,
9188484931,2025-11-30,201003447.0,257394564.0,1,,,,,
9188484931,2025-12-31,201003447.0,257394564.0,1,,,,,
9188484931,2026-01-31,201003447.0,257394564.0,1,,,,,
9188484931,2026-02-28,201003447.0,257394564.0,1,,,,,
9188484931,2026-03-31,201003447.0,257394564.0,1,,,,,
9188484931,2026-04-30,201003447.0,257394564.0,1,,,,,
9188484931,2026-05-31,201003447.0,257394564.0,1,1502.0,2026-06-01,2026-06-07,2026-06-12,
9188484931,2026-06-30,201003447.0,257394564.0,1,,,,,
9188484931,2026-07-31,201003447.0,257394564.0,1,,,,,
9188484931,2026-08-31,201003447.0,257394564.0,1,,,,,
9188484931,2026-09-30,201003447.0,257394564.0,1,,,,,
9858752416,2025-10-31,167566555.0,289346831.0,4,,,,,
9858752416,2025-11-30,167566555.0,289346831.0,4,,,,,
9858752416,2025-12-31,167566555.0,289346831.0,4,,,,,
9858752416,2026-01-31,167566555.0,289346831.0,4,,,,,
9858752416,2026-02-28,167566555.0,289346831.0,4,,,,,
9858752416,2026-03-31,167566555.0,289346831.0,4,,,,,
9858752416,2026-04-30,142949813.0,204882072.0,4,,,,,
9858752416,2026-05-31,142949813.0,204882072.0,4,,,,,
9858752416,2026-06-30,142949813.0,204882072.0,4,,,,,
9858752416,2026-07-31,166800923.0,232572835.0,4,1505.0,2026-08-03,2026-08-04,2026-08-20,
9858752416,2026-08-31,148069469.0,354742847.0,4,,,,,
9858752416,2026-09-30,148069469.0,354742847.0,4,,,,,
9114493372,2025-10-31,11801575.0,16563287.0,3,,,,,
9114493372,2025-11-30,11998184.0,16563287.0,3,,,,,
9114493372,2025-12-31,12368452.0,16563287.0,3,,,,,
9114493372,2026-01-31,11443681.0,16563287.0,3,,,,,
9114493372,2026-02-28,11662285.0,16563287.0,3,,,,,
9114493372,2026-03-31,11327236.0,16563287.0,3,,,,,
9114493372,2026-04-30,11475972.0,16563287.0,3,,,,,
9114493372,2026-05-31,12407446.0,16563287.0,3,,,,,
9114493372,2026-06-30,11286173.0,16563287.0,3,,,,,
9114493372,2026-07-31,11492174.0,16563287.0,3,,,,,
9114493372,2026-08-31,11743967.0,16563287.0,3,,,,,
9114493372,2026-09-30,11585628.0,16563287.0,3,,,,,
9344123099,2025-10-31,11944090.0,24267144.0,3,,,,,
9344123099,2025-11-30,11944090.0,24267144.0,3,,,,,
9344123099,2025-12-31,11944090.0,24267144.0,3,,,,,
9344123099,2026-01-31,11944090.0,24267144.0,3,,,,,
9344123099,2026-02-28,11944090.0,24267144.0,3,,,,,
9344123099,2026-03-31,11944090.0,24267144.0,3,,,,,
9344123099,2026-04-30,11944090.0,24267144.0,3,,,,,
9344123099,2026-05-31,11944090.0,24267144.0,3,,,,,
9344123099,2026-06-30,11944090.0,24267144.0,3,,,,,
9344123099,2026-07-31,11944090.0,24267144.0,3,,,,,
9344123099,2026-08-31,11944090.0,24267144.0,3,,,,,
9344123099,2026-09-30,11944090.0,24267144.0,3,,,,,
9740545407,2025-10-31,1696011.0,2865640.0,3,,,,,
9740545407,2025-11-30,1696011.0,2865640.0,3,,,,,
9740545407,2025-12-31,1696011.0,2865640.0,3,,,,,
9740545407,2026-01-31,1696011.0,2865640.0,3,,,,,
9740545407,2026-02-28,1696011.0,2865640.0,3,,,,,
9740545407,2026-03-31,1696011.0,2865640.0,3,,,,,
9740545407,2026-04-30,1696011.0,2865640.0,3,,,,,
9740545407,2026-05-31,1696011.0,2865640.0,3,,,,,
9740545407,2026-06-30,1696011.0,2865640.0,3,,,,,
9740545407,2026-07-31,1696011.0,2865640.0,3,,,,,
9740545407,2026-08-31,1696011.0,2865640.0,3,,,,,
9740545407,2026-09-30,1696011.0,2865640.0,3,,,,,
9370701380,2025-10-31,1284305.0,2584695.0,2,,,,,
9370701380,2025-11-30,1284305.0,2584695.0,2,,,,,
9370701380,2025-12-31,1284305.0,2584695.0,2,,,,,
9370701380,2026-01-31,1221422.0,2767779.0,2,1510.0,2026-01-28,2026-02-12,2026-02-18,Musteri vazgecti
9370701380,2026-02-28,1221422.0,2767779.0,2,,,,,
9370701380,2026-03-31,1221422.0,2767779.0,2,,,,,
9370701380,2026-04-30,1221422.0,2767779.0,2,,,,,
9370701380,2026-05-31,1221422.0,2767779.0,2,,,,,
9370701380,2026-06-30,1221422.0,2767779.0,2,,,,,
9370701380,2026-07-31,1221422.0,2767779.0,2,,,,,
9370701380,2026-08-31,1221422.0,2767779.0,2,,,,,
9370701380,2026-09-30,1221422.0,2767779.0,2,,,,,
9141606212,2025-10-31,84567599.0,141463461.0,5,,,,,
9141606212,2025-11-30,84567599.0,141463461.0,5,,,,,
9141606212,2025-12-31,84567599.0,141463461.0,5,,,,,
9141606212,2026-01-31,84567599.0,141463461.0,5,,,,,
9141606212,2026-02-28,84567599.0,141463461.0,5,,,,,
9141606212,2026-03-31,84567599.0,141463461.0,5,,,,,
9141606212,2026-04-30,84567599.0,141463461.0,5,,,,,
9141606212,2026-05-31,84567599.0,141463461.0,5,,,,,
9141606212,2026-06-30,84567599.0,141463461.0,5,,,,,
9141606212,2026-07-31,84567599.0,141463461.0,5,1511.0,2026-07-10,,,Teminat yetersiz
9141606212,2026-08-31,84567599.0,141463461.0,5,,,,,
9141606212,2026-09-30,84567599.0,141463461.0,5,,,,,
9798685589,2025-10-31,95455541.0,145790451.0,1,,,,,
9798685589,2025-11-30,95455541.0,145790451.0,1,,,,,
9798685589,2025-12-31,95455541.0,145790451.0,1,,,,,
9798685589,2026-01-31,95455541.0,145790451.0,1,,,,,
9798685589,2026-02-28,95455541.0,145790451.0,1,,,,,
9798685589,2026-03-31,95455541.0,145790451.0,1,,,,,
9798685589,2026-04-30,95455541.0,145790451.0,1,,,,,
9798685589,2026-05-31,95455541.0,145790451.0,1,,,,,
9798685589,2026-06-30,103712607.0,136974513.0,1,1513.0,2026-06-06,2026-06-13,2026-06-28,
9798685589,2026-07-31,103712607.0,136974513.0,1,,,,,
9798685589,2026-08-31,103712607.0,136974513.0,1,,,,,
9798685589,2026-09-30,103712607.0,136974513.0,1,,,,,
9743431872,2025-10-31,494927.0,1118992.0,2,,,,,
9743431872,2025-11-30,494927.0,1118992.0,2,,,,,
9743431872,2025-12-31,494927.0,1118992.0,2,,,,,
9743431872,2026-01-31,494927.0,1118992.0,2,,,,,
9743431872,2026-02-28,494927.0,1118992.0,2,,,,,
9743431872,2026-03-31,494927.0,1118992.0,2,,,,,
9743431872,2026-04-30,571235.0,1488226.0,2,1516.0,2026-04-29,2026-04-28,2026-05-21,Risk
9743431872,2026-05-31,571235.0,1488226.0,2,,,,,
9743431872,2026-06-30,0.0,1455495.0,2,,,,,
9743431872,2026-07-31,0.0,1455495.0,2,,,,,
9743431872,2026-08-31,0.0,1455495.0,2,,,,,
9743431872,2026-09-30,0.0,1455495.0,2,,,,,
9159953674,2025-10-31,9747992.0,17657425.0,6,,,,,
9159953674,2025-11-30,9747992.0,17657425.0,6,,,,,
9159953674,2025-12-31,9747992.0,17657425.0,6,,,,,
9159953674,2026-01-31,9747992.0,17657425.0,6,,,,,
9159953674,2026-02-28,9747992.0,17657425.0,6,,,,,
9159953674,2026-03-31,9747992.0,17657425.0,6,,,,,
9159953674,2026-04-30,9747992.0,17657425.0,6,,,,,
9159953674,2026-05-31,9747992.0,17657425.0,6,,,,,
9159953674,2026-06-30,9747992.0,17657425.0,6,,,,,
9159953674,2026-07-31,10493093.0,16875934.0,6,1520.0,2026-07-26,2026-07-24,2026-08-06,Musteri vazgecti
9159953674,2026-08-31,10493093.0,16875934.0,6,,,,,
9159953674,2026-09-30,11467708.0,18121113.0,6,,,,,
9704786083,2025-10-31,3211575.0,5907201.0,5,1522.0,2025-11-08,,,Musteri vazgecti
9704786083,2025-11-30,3211575.0,5907201.0,5,,,,,
9704786083,2025-12-31,3211575.0,5907201.0,5,,,,,
9704786083,2026-01-31,3211575.0,5907201.0,5,,,,,
9704786083,2026-02-28,3563597.0,5109454.0,5,,,,,
9704786083,2026-03-31,3607354.0,6621764.0,5,,,,,
9704786083,2026-04-30,3729585.0,5231507.0,5,1525.0,2026-05-08,2026-05-15,2026-05-28,
9704786083,2026-05-31,3720289.0,5005226.0,5,,,,,
9704786083,2026-06-30,3720289.0,5005226.0,5,,,,,
9704786083,2026-07-31,3551567.0,4014616.0,5,,,,,
9704786083,2026-08-31,3551567.0,4014616.0,5,,,,,
9704786083,2026-09-30,3551567.0,4014616.0,5,,,,,
9136163415,2025-10-31,2393419.0,5845931.0,4,,,,,
9136163415,2025-11-30,2393419.0,5845931.0,4,1528.0,2025-11-30,,,Musteri vazgecti
9136163415,2025-12-31,2393419.0,5845931.0,4,,,,,
9136163415,2026-01-31,2104819.0,3225322.0,4,,,,,
9136163415,2026-02-28,2294696.0,4006801.0,4,,,,,
9136163415,2026-03-31,2294696.0,4006801.0,4,,,,,
9136163415,2026-04-30,2294696.0,4006801.0,4,,,,,
9136163415,2026-05-31,2294696.0,4006801.0,4,,,,,
9136163415,2026-06-30,2294696.0,4006801.0,4,,,,,
9136163415,2026-07-31,2294696.0,4006801.0,4,,,,,
9136163415,2026-08-31,2294696.0,4006801.0,4,,,,,
9136163415,2026-09-30,2294696.0,4006801.0,4,,,,,
9133463352,2025-10-31,57901541.0,79572308.0,6,,,,,
9133463352,2025-11-30,55116558.0,79572308.0,6,,,,,
9133463352,2025-12-31,54912534.0,79572308.0,6,,,,,
9133463352,2026-01-31,58192233.0,79572308.0,6,,,,,
9133463352,2026-02-28,57676898.0,79572308.0,6,,,,,
9133463352,2026-03-31,59586219.0,79572308.0,6,,,,,
9133463352,2026-04-30,56580147.0,79572308.0,6,,,,,
9133463352,2026-05-31,55298869.0,79572308.0,6,,,,,
9133463352,2026-06-30,58370392.0,79572308.0,6,,,,,
9133463352,2026-07-31,58249915.0,79572308.0,6,,,,,
9133463352,2026-08-31,56966401.0,79572308.0,6,,,,,
9133463352,2026-09-30,58235841.0,79572308.0,6,,,,,
9542361855,2025-10-31,2881502.0,5087178.0,3,,,,,
9542361855,2025-11-30,2881502.0,5087178.0,3,,,,,
9542361855,2025-12-31,2881502.0,5087178.0,3,,,,,
9542361855,2026-01-31,2881502.0,5087178.0,3,,,,,
9542361855,2026-02-28,2881502.0,5087178.0,3,,,,,
9542361855,2026-03-31,2881502.0,5087178.0,3,,,,,
9542361855,2026-04-30,2881502.0,5087178.0,3,,,,,
9542361855,2026-05-31,2881502.0,5087178.0,3,,,,,
9542361855,2026-06-30,2881502.0,5087178.0,3,,,,,
9542361855,2026-07-31,2881502.0,5087178.0,3,,,,,
9542361855,2026-08-31,2881502.0,5087178.0,3,,,,,
9542361855,2026-09-30,2881502.0,5087178.0,3,,,,,
9754309815,2025-10-31,104612661.0,225293304.0,3,,,,,
9754309815,2025-11-30,104612661.0,225293304.0,3,,,,,
9754309815,2025-12-31,104612661.0,225293304.0,3,,,,,
9754309815,2026-01-31,104612661.0,225293304.0,3,,,,,
9754309815,2026-02-28,104612661.0,225293304.0,3,,,,,
9754309815,2026-03-31,92934784.0,225800396.0,3,,,,,
9754309815,2026-04-30,92934784.0,225800396.0,3,,,,,
9754309815,2026-05-31,92934784.0,225800396.0,3,,,,,
9754309815,2026-06-30,92934784.0,225800396.0,3,,,,,
9754309815,2026-07-31,92934784.0,225800396.0,3,,,,,
9754309815,2026-08-31,0.0,85250890.0,3,1538.0,2026-09-03,,,Musteri vazgecti
9754309815,2026-09-30,0.0,85250890.0,3,,,,,
9275526520,2025-10-31,8819089.0,12476618.0,5,,,,,
9275526520,2025-11-30,8819089.0,12476618.0,5,1539.0,2025-12-10,2025-12-16,2026-01-07,
9275526520,2025-12-31,8564542.0,14991035.0,5,,,,,
9275526520,2026-01-31,8564542.0,14991035.0,5,,,,,
9275526520,2026-02-28,8564542.0,14991035.0,5,,,,,
9275526520,2026-03-31,8564542.0,14991035.0,5,,,,,
9275526520,2026-04-30,8564542.0,14991035.0,5,,,,,
9275526520,2026-05-31,8564542.0,14991035.0,5,,,,,
9275526520,2026-06-30,8564542.0,14991035.0,5,,,,,
9275526520,2026-07-31,8564542.0,14991035.0,5,,,,,
9275526520,2026-08-31,8564542.0,14991035.0,5,,,,,
9275526520,2026-09-30,8564542.0,14991035.0,5,,,,,
9683089732,2025-10-31,26786788.0,44252590.0,2,1541.0,2025-10-26,,,Risk
9683089732,2025-11-30,25897424.0,42596715.0,2,1542.0,2025-11-26,,,Musteri vazgecti
9683089732,2025-12-31,25897424.0,42596715.0,2,,,,,
9683089732,2026-01-31,25897424.0,42596715.0,2,,,,,
9683089732,2026-02-28,25897424.0,42596715.0,2,,,,,
9683089732,2026-03-31,25897424.0,42596715.0,2,,,,,
9683089732,2026-04-30,25897424.0,42596715.0,2,,,,,
9683089732,2026-05-31,25897424.0,42596715.0,2,,,,,
9683089732,2026-06-30,27417114.0,37403365.0,2,1543.0,2026-06-11,,,Musteri vazgecti
9683089732,2026-07-31,28748588.0,43296842.0,2,1544.0,2026-08-08,2026-08-11,2026-09-05,
9683089732,2026-08-31,28748588.0,43296842.0,2,,,,,
9683089732,2026-09-30,28748588.0,43296842.0,2,,,,,
9608601450,2025-10-31,8509173.0,13836891.0,1,1545.0,2025-10-21,2025-10-26,2025-11-01,
9608601450,2025-11-30,8509173.0,13836891.0,1,,,,,
9608601450,2025-12-31,8509173.0,13836891.0,1,,,,,
9608601450,2026-01-31,8509173.0,13836891.0,1,,,,,
9608601450,2026-02-28,8509173.0,13836891.0,1,,,,,
9608601450,2026-03-31,11448780.0,19933822.0,1,1546.0,2026-04-09,,,Not dusuk
9608601450,2026-04-30,11448780.0,19933822.0,1,,,,,
9608601450,2026-05-31,11448780.0,19933822.0,1,,,,,
9608601450,2026-06-30,11613043.0,20431839.0,1,1547.0,2026-06-14,,,Musteri vazgecti
9608601450,2026-07-31,11613043.0,20431839.0,1,,,,,
9608601450,2026-08-31,11613043.0,20431839.0,1,,,,,
9608601450,2026-09-30,12407274.0,22039898.0,1,,,,,
9930465186,2025-10-31,1257410.0,2033318.0,5,,,,,
9930465186,2025-11-30,1257410.0,2033318.0,5,,,,,
9930465186,2025-12-31,1146743.0,2039920.0,5,,,,,
9930465186,2026-01-31,1146743.0,2039920.0,5,,,,,
9930465186,2026-02-28,1146743.0,2039920.0,5,,,,,
9930465186,2026-03-31,1146743.0,2039920.0,5,,,,,
9930465186,2026-04-30,1146743.0,2039920.0,5,,,,,
9930465186,2026-05-31,1146743.0,2039920.0,5,,,,,
9930465186,2026-06-30,1146743.0,2039920.0,5,,,,,
9930465186,2026-07-31,1146743.0,2039920.0,5,,,,,
9930465186,2026-08-31,1146743.0,2039920.0,5,,,,,
9930465186,2026-09-30,1146743.0,2039920.0,5,,,,,
9863373194,2025-10-31,4822952.0,11875330.0,1,,,,,
9863373194,2025-11-30,4822952.0,11875330.0,1,,,,,
9863373194,2025-12-31,4822952.0,11875330.0,1,,,,,
9863373194,2026-01-31,4822952.0,11875330.0,1,1551.0,2026-01-09,2026-01-17,2026-01-23,
9863373194,2026-02-28,4822952.0,11875330.0,1,,,,,
9863373194,2026-03-31,5035823.0,13018666.0,1,1552.0,2026-03-21,2026-03-24,2026-04-03,
9863373194,2026-04-30,5035823.0,13018666.0,1,,,,,
9863373194,2026-05-31,6073458.0,11485482.0,1,,,,,
9863373194,2026-06-30,5456782.0,8606650.0,1,1554.0,2026-06-14,2026-06-17,2026-07-09,
9863373194,2026-07-31,5638608.0,12245316.0,1,,,,,
9863373194,2026-08-31,5638608.0,12245316.0,1,,,,,
9863373194,2026-09-30,5638608.0,12245316.0,1,,,,,
9982946808,2025-10-31,794240.0,1781693.0,3,,,,,
9982946808,2025-11-30,794240.0,1781693.0,3,,,,,
9982946808,2025-12-31,794240.0,1781693.0,3,,,,,
9982946808,2026-01-31,794240.0,1781693.0,3,,,,,
9982946808,2026-02-28,794240.0,1781693.0,3,,,,,
9982946808,2026-03-31,794240.0,1781693.0,3,1557.0,2026-03-10,2026-03-15,2026-04-06,
9982946808,2026-04-30,956565.0,2201442.0,3,,,,,
9982946808,2026-05-31,956565.0,2201442.0,3,,,,,
9982946808,2026-06-30,956565.0,2201442.0,3,,,,,
9982946808,2026-07-31,956565.0,2201442.0,3,,,,,
9982946808,2026-08-31,847190.0,1777413.0,3,,,,,
9982946808,2026-09-30,847190.0,1777413.0,3,,,,,
9811583925,2025-10-31,589843.0,1252508.0,6,,,,,
9811583925,2025-11-30,589843.0,1252508.0,6,,,,,
9811583925,2025-12-31,589843.0,1252508.0,6,,,,,
9811583925,2026-01-31,589843.0,1252508.0,6,,,,,
9811583925,2026-02-28,589843.0,1252508.0,6,,,,,
9811583925,2026-03-31,589843.0,1252508.0,6,,,,,
9811583925,2026-04-30,589843.0,1252508.0,6,,,,,
9811583925,2026-05-31,589843.0,1252508.0,6,,,,,
9811583925,2026-06-30,589843.0,1252508.0,6,,,,,
9811583925,2026-07-31,589843.0,1252508.0,6,1560.0,2026-08-09,,,Teminat yetersiz
9811583925,2026-08-31,422352.0,842509.0,6,1561.0,2026-08-11,2026-08-15,2026-08-21,
9811583925,2026-09-30,0.0,1773945.0,6,,,,,
9419321727,2025-10-31,12167670.0,24354361.0,6,,,,,
9419321727,2025-11-30,12167670.0,24354361.0,6,,,,,
9419321727,2025-12-31,12167670.0,24354361.0,6,1563.0,2025-12-10,,,Musteri vazgecti
9419321727,2026-01-31,8850947.0,17471289.0,6,,,,,
9419321727,2026-02-28,8850947.0,17471289.0,6,,,,,
9419321727,2026-03-31,221654.0,395723.0,6,,,,,
9419321727,2026-04-30,221654.0,395723.0,6,,,,,
9419321727,2026-05-31,221654.0,395723.0,6,,,,,
9419321727,2026-06-30,221654.0,395723.0,6,,,,,
9419321727,2026-07-31,0.0,14931773.0,6,,,,,
9419321727,2026-08-31,0.0,14931773.0,6,,,,,
9419321727,2026-09-30,0.0,14931773.0,6,,,,,
9346820981,2025-10-31,348012831.0,473938056.0,2,,,,,
9346820981,2025-11-30,348012831.0,473938056.0,2,,,,,
9346820981,2025-12-31,348012831.0,473938056.0,2,,,,,
9346820981,2026-01-31,348012831.0,473938056.0,2,,,,,
9346820981,2026-02-28,348012831.0,473938056.0,2,,,,,
9346820981,2026-03-31,348012831.0,473938056.0,2,1568.0,2026-03-28,2026-04-01,2026-04-16,
9346820981,2026-04-30,348012831.0,473938056.0,2,,,,,
9346820981,2026-05-31,348012831.0,473938056.0,2,,,,,
9346820981,2026-06-30,348012831.0,473938056.0,2,,,,,
9346820981,2026-07-31,384633750.0,521555514.0,2,1569.0,2026-07-10,2026-07-15,2026-08-01,
9346820981,2026-08-31,384633750.0,521555514.0,2,,,,,
9346820981,2026-09-30,384633750.0,521555514.0,2,,,,,
9269282943,2025-10-31,729585.0,2398087.0,2,,,,,
9269282943,2025-11-30,729585.0,2398087.0,2,,,,,
9269282943,2025-12-31,729585.0,2398087.0,2,,,,,
9269282943,2026-01-31,372813.0,1137701.0,2,,,,,
9269282943,2026-02-28,91056.0,240485.0,2,,,,,
9269282943,2026-03-31,91056.0,240485.0,2,,,,,
9269282943,2026-04-30,91056.0,240485.0,2,,,,,
9269282943,2026-05-31,0.0,1086244.0,2,1573.0,2026-05-21,,,Teminat yetersiz
9269282943,2026-06-30,0.0,1086244.0,2,,,,,
9269282943,2026-07-31,0.0,1086244.0,2,,,,,
9269282943,2026-08-31,0.0,1086244.0,2,,,,,
9269282943,2026-09-30,0.0,1175896.0,2,1574.0,2026-10-03,,,Musteri vazgecti
9275353917,2025-10-31,8149379.0,14882697.0,1,,,,,
9275353917,2025-11-30,8149379.0,14882697.0,1,,,,,
9275353917,2025-12-31,8149379.0,14882697.0,1,,,,,
9275353917,2026-01-31,8149379.0,14882697.0,1,,,,,
9275353917,2026-02-28,8149379.0,14882697.0,1,,,,,
9275353917,2026-03-31,8149379.0,14882697.0,1,,,,,
9275353917,2026-04-30,8149379.0,14882697.0,1,,,,,
9275353917,2026-05-31,8149379.0,14882697.0,1,,,,,
9275353917,2026-06-30,8149379.0,14882697.0,1,,,,,
9275353917,2026-07-31,8149379.0,14882697.0,1,,,,,
9275353917,2026-08-31,8149379.0,14882697.0,1,,,,,
9275353917,2026-09-30,8149379.0,14882697.0,1,,,,,
9314174870,2025-10-31,10886443.0,18080656.0,4,,,,,
9314174870,2025-11-30,10886443.0,18080656.0,4,,,,,
9314174870,2025-12-31,10886443.0,18080656.0,4,,,,,
9314174870,2026-01-31,10595195.0,12122632.0,4,,,,,
9314174870,2026-02-28,10595195.0,12122632.0,4,,,,,
9314174870,2026-03-31,10595195.0,12122632.0,4,,,,,
9314174870,2026-04-30,11360901.0,19781383.0,4,,,,,
9314174870,2026-05-31,11360901.0,19781383.0,4,,,,,
9314174870,2026-06-30,11360901.0,19781383.0,4,,,,,
9314174870,2026-07-31,10534542.0,15611708.0,4,,,,,
9314174870,2026-08-31,10534542.0,15611708.0,4,,,,,
9314174870,2026-09-30,10534542.0,15611708.0,4,,,,,
9247828048,2025-10-31,19367922.0,34909717.0,1,,,,,
9247828048,2025-11-30,19367922.0,34909717.0,1,,,,,
9247828048,2025-12-31,19367922.0,34909717.0,1,1580.0,2025-12-10,,,Risk
9247828048,2026-01-31,19367922.0,34909717.0,1,,,,,
9247828048,2026-02-28,19367922.0,34909717.0,1,,,,,
9247828048,2026-03-31,19367922.0,34909717.0,1,,,,,
9247828048,2026-04-30,25394605.0,65665676.0,1,1581.0,2026-04-15,2026-04-17,2026-04-26,
9247828048,2026-05-31,25394605.0,65665676.0,1,,,,,
9247828048,2026-06-30,25394605.0,65665676.0,1,,,,,
9247828048,2026-07-31,25394605.0,65665676.0,1,,,,,
9247828048,2026-08-31,30334763.0,62139837.0,1,1582.0,2026-08-24,2026-08-29,2026-09-22,
9247828048,2026-09-30,30334763.0,62139837.0,1,,,,,
9318389219,2025-10-31,18960221.0,47765388.0,2,,,,,
9318389219,2025-11-30,18960221.0,47765388.0,2,,,,,
9318389219,2025-12-31,18960221.0,47765388.0,2,,,,,
9318389219,2026-01-31,18960221.0,47765388.0,2,,,,,
9318389219,2026-02-28,18960221.0,47765388.0,2,,,,,
9318389219,2026-03-31,18960221.0,47765388.0,2,1583.0,2026-04-04,,,Musteri vazgecti
9318389219,2026-04-30,17856111.0,40078234.0,2,,,,,
9318389219,2026-05-31,17856111.0,40078234.0,2,,,,,
9318389219,2026-06-30,18067767.0,37427524.0,2,1585.0,2026-06-27,2026-07-01,2026-07-10,
9318389219,2026-07-31,18067767.0,37427524.0,2,,,,,
9318389219,2026-08-31,17000445.0,32942159.0,2,1586.0,2026-08-28,2026-09-06,2026-09-25,
9318389219,2026-09-30,17000445.0,32942159.0,2,,,,,
9741915360,2025-10-31,323075701.0,776069945.0,4,,,,,
9741915360,2025-11-30,323075701.0,776069945.0,4,,,,,
9741915360,2025-12-31,323075701.0,776069945.0,4,1587.0,2025-12-29,,,Musteri vazgecti
9741915360,2026-01-31,323075701.0,776069945.0,4,,,,,
9741915360,2026-02-28,323075701.0,776069945.0,4,,,,,
9741915360,2026-03-31,323075701.0,776069945.0,4,,,,,
9741915360,2026-04-30,323075701.0,776069945.0,4,,,,,
9741915360,2026-05-31,299569117.0,649104389.0,4,,,,,
9741915360,2026-06-30,318885724.0,530617395.0,4,1589.0,2026-06-13,,,Musteri vazgecti
9741915360,2026-07-31,318885724.0,530617395.0,4,,,,,
9741915360,2026-08-31,304339831.0,679316808.0,4,,,,,
9741915360,2026-09-30,304339831.0,679316808.0,4,,,,,
9366711469,2025-10-31,2314289.0,3087971.0,2,,,,,
9366711469,2025-11-30,2248523.0,3087971.0,2,,,,,
9366711469,2025-12-31,2125114.0,3087971.0,2,,,,,
9366711469,2026-01-31,2271766.0,3087971.0,2,,,,,
9366711469,2026-02-28,2218389.0,3087971.0,2,,,,,
9366711469,2026-03-31,2183694.0,3087971.0,2,,,,,
9366711469,2026-04-30,2138711.0,3087971.0,2,,,,,
9366711469,2026-05-31,2156711.0,3087971.0,2,,,,,
9366711469,2026-06-30,2132301.0,3087971.0,2,,,,,
9366711469,2026-07-31,2272604.0,3087971.0,2,,,,,
9366711469,2026-08-31,2155619.0,3087971.0,2,,,,,
9366711469,2026-09-30,2199068.0,3087971.0,2,,,,,
9525316159,2025-10-31,21380038.0,52158290.0,1,,,,,
9525316159,2025-11-30,21380038.0,52158290.0,1,,,,,
9525316159,2025-12-31,21380038.0,52158290.0,1,,,,,
9525316159,2026-01-31,21380038.0,52158290.0,1,,,,,
9525316159,2026-02-28,21380038.0,52158290.0,1,,,,,
9525316159,2026-03-31,21380038.0,52158290.0,1,,,,,
9525316159,2026-04-30,21380038.0,52158290.0,1,,,,,
9525316159,2026-05-31,21380038.0,52158290.0,1,,,,,
9525316159,2026-06-30,21380038.0,52158290.0,1,,,,,
9525316159,2026-07-31,21380038.0,52158290.0,1,,,,,
9525316159,2026-08-31,21380038.0,52158290.0,1,,,,,
9525316159,2026-09-30,21380038.0,52158290.0,1,1591.0,2026-09-10,,,Musteri vazgecti
9953564957,2025-10-31,751755.0,994438.0,2,,,,,
9953564957,2025-11-30,751755.0,994438.0,2,,,,,
9953564957,2025-12-31,751755.0,994438.0,2,,,,,
9953564957,2026-01-31,751755.0,994438.0,2,,,,,
9953564957,2026-02-28,751755.0,994438.0,2,,,,,
9953564957,2026-03-31,751755.0,994438.0,2,,,,,
9953564957,2026-04-30,751755.0,994438.0,2,,,,,
9953564957,2026-05-31,751755.0,994438.0,2,,,,,
9953564957,2026-06-30,751755.0,994438.0,2,,,,,
9953564957,2026-07-31,751755.0,994438.0,2,,,,,
9953564957,2026-08-31,751755.0,994438.0,2,,,,,
9953564957,2026-09-30,751755.0,994438.0,2,,,,,
9828854867,2025-10-31,2196283.0,3771550.0,3,,,,,
9828854867,2025-11-30,2196283.0,3771550.0,3,,,,,
9828854867,2025-12-31,2196283.0,3771550.0,3,,,,,
9828854867,2026-01-31,2196283.0,3771550.0,3,,,,,
9828854867,2026-02-28,2286206.0,3675947.0,3,,,,,
9828854867,2026-03-31,2603731.0,4275201.0,3,,,,,
9828854867,2026-04-30,2603731.0,4275201.0,3,,,,,
9828854867,2026-05-31,2603731.0,4275201.0,3,,,,,
9828854867,2026-06-30,2847228.0,3763347.0,3,1596.0,2026-07-08,2026-07-11,2026-07-22,
9828854867,2026-07-31,2492208.0,3541680.0,3,,,,,
9828854867,2026-08-31,2492208.0,3541680.0,3,,,,,
9828854867,2026-09-30,2271716.0,2661771.0,3,,,,,
9171385209,2025-10-31,1259622.0,1669757.0,2,,,,,
9171385209,2025-11-30,1259622.0,1669757.0,2,1599.0,2025-11-26,2025-11-29,2025-12-26,
9171385209,2025-12-31,1259622.0,1669757.0,2,,,,,
9171385209,2026-01-31,1436664.0,2252848.0,2,,,,,
9171385209,2026-02-28,1436664.0,2252848.0,2,,,,,
9171385209,2026-03-31,1436664.0,2252848.0,2,,,,,
9171385209,2026-04-30,1436664.0,2252848.0,2,,,,,
9171385209,2026-05-31,1436664.0,2252848.0,2,,,,,
9171385209,2026-06-30,1436664.0,2252848.0,2,,,,,
9171385209,2026-07-31,1436664.0,2252848.0,2,,,,,
9171385209,2026-08-31,1436664.0,2252848.0,2,,,,,
9171385209,2026-09-30,1436664.0,2252848.0,2,,,,,
9404826069,2025-10-31,6762569.0,14857972.0,3,,,,,
9404826069,2025-11-30,6762569.0,14857972.0,3,1601.0,2025-12-06,,,Risk
9404826069,2025-12-31,4751177.0,12243451.0,3,,,,,
9404826069,2026-01-31,4751177.0,12243451.0,3,,,,,
9404826069,2026-02-28,5768814.0,10383965.0,3,,,,,
9404826069,2026-03-31,5768814.0,10383965.0,3,,,,,
9404826069,2026-04-30,5768814.0,10383965.0,3,,,,,
9404826069,2026-05-31,5768814.0,10383965.0,3,,,,,
9404826069,2026-06-30,5768814.0,10383965.0,3,,,,,
9404826069,2026-07-31,5768814.0,10383965.0,3,,,,,
9404826069,2026-08-31,6525009.0,12957631.0,3,,,,,
9404826069,2026-09-30,6525009.0,12957631.0,3,,,,,
9956387973,2025-10-31,5900115.0,9441163.0,3,,,,,
9956387973,2025-11-30,5900115.0,9441163.0,3,,,,,
9956387973,2025-12-31,5900115.0,9441163.0,3,,,,,
9956387973,2026-01-31,5900115.0,9441163.0,3,,,,,
9956387973,2026-02-28,5900115.0,9441163.0,3,,,,,
9956387973,2026-03-31,5900115.0,9441163.0,3,,,,,
9956387973,2026-04-30,5900115.0,9441163.0,3,,,,,
9956387973,2026-05-31,5900115.0,9441163.0,3,,,,,
9956387973,2026-06-30,5900115.0,9441163.0,3,,,,,
9956387973,2026-07-31,5900115.0,9441163.0,3,,,,,
9956387973,2026-08-31,5900115.0,9441163.0,3,,,,,
9956387973,2026-09-30,5900115.0,9441163.0,3,,,,,
9255963239,2025-10-31,4287017.0,8522214.0,5,,,,,
9255963239,2025-11-30,4287017.0,8522214.0,5,,,,,
9255963239,2025-12-31,4287017.0,8522214.0,5,1606.0,2025-12-19,2025-12-22,2026-01-04,
9255963239,2026-01-31,4287017.0,8522214.0,5,,,,,
9255963239,2026-02-28,4287017.0,8522214.0,5,,,,,
9255963239,2026-03-31,4287017.0,8522214.0,5,,,,,
9255963239,2026-04-30,4287017.0,8522214.0,5,,,,,
9255963239,2026-05-31,4287017.0,8522214.0,5,,,,,
9255963239,2026-06-30,4287017.0,8522214.0,5,,,,,
9255963239,2026-07-31,4287017.0,8522214.0,5,,,,,
9255963239,2026-08-31,4287017.0,8522214.0,5,,,,,
9255963239,2026-09-30,4287017.0,8522214.0,5,,,,,
9837829997,2025-10-31,5585636.0,9024311.0,2,1607.0,2025-10-14,2025-10-16,2025-10-29,
9837829997,2025-11-30,5585636.0,9024311.0,2,,,,,
9837829997,2025-12-31,5585636.0,9024311.0,2,,,,,
9837829997,2026-01-31,5585636.0,9024311.0,2,,,,,
9837829997,2026-02-28,5585636.0,9024311.0,2,,,,,
9837829997,2026-03-31,5585636.0,9024311.0,2,,,,,
9837829997,2026-04-30,5585636.0,9024311.0,2,,,,,
9837829997,2026-05-31,5658476.0,9346938.0,2,,,,,
9837829997,2026-06-30,5658476.0,9346938.0,2,,,,,
9837829997,2026-07-31,5658476.0,9346938.0,2,,,,,
9837829997,2026-08-31,5658476.0,9346938.0,2,,,,,
9837829997,2026-09-30,5658476.0,9346938.0,2,,,,,
9958726598,2025-10-31,31957729.0,42256370.0,5,,,,,
9958726598,2025-11-30,31957729.0,42256370.0,5,,,,,
9958726598,2025-12-31,31957729.0,42256370.0,5,1609.0,2025-12-15,,,Not dusuk
9958726598,2026-01-31,31957729.0,42256370.0,5,,,,,
9958726598,2026-02-28,36507144.0,53283175.0,5,,,,,
9958726598,2026-03-31,36507144.0,53283175.0,5,,,,,
9958726598,2026-04-30,36507144.0,53283175.0,5,,,,,
9958726598,2026-05-31,37367515.0,59161280.0,5,,,,,
9958726598,2026-06-30,37367515.0,59161280.0,5,,,,,
9958726598,2026-07-31,37367515.0,59161280.0,5,,,,,
9958726598,2026-08-31,37367515.0,59161280.0,5,,,,,
9958726598,2026-09-30,37367515.0,59161280.0,5,,,,,
9348071545,2025-10-31,4994559.0,8338232.0,4,1613.0,2025-10-27,,,Teminat yetersiz
9348071545,2025-11-30,4994559.0,8338232.0,4,,,,,
9348071545,2025-12-31,4994559.0,8338232.0,4,,,,,
9348071545,2026-01-31,4994559.0,8338232.0,4,,,,,
9348071545,2026-02-28,4994559.0,8338232.0,4,,,,,
9348071545,2026-03-31,4945863.0,8825224.0,4,1614.0,2026-04-13,2026-04-14,2026-05-02,
9348071545,2026-04-30,4945863.0,8825224.0,4,,,,,
9348071545,2026-05-31,4945863.0,8825224.0,4,,,,,
9348071545,2026-06-30,4945863.0,8825224.0,4,,,,,
9348071545,2026-07-31,4945863.0,8825224.0,4,,,,,
9348071545,2026-08-31,4945863.0,8825224.0,4,,,,,
9348071545,2026-09-30,4945863.0,8825224.0,4,,,,,
9665628967,2025-10-31,181398732.0,500531265.0,2,,,,,
9665628967,2025-11-30,181398732.0,500531265.0,2,1615.0,2025-11-30,2025-12-07,2025-12-09,
9665628967,2025-12-31,206142587.0,472665936.0,2,,,,,
9665628967,2026-01-31,206142587.0,472665936.0,2,,,,,
9665628967,2026-02-28,206142587.0,472665936.0,2,,,,,
9665628967,2026-03-31,206142587.0,472665936.0,2,,,,,
9665628967,2026-04-30,206142587.0,472665936.0,2,,,,,
9665628967,2026-05-31,206142587.0,472665936.0,2,,,,,
9665628967,2026-06-30,206142587.0,472665936.0,2,,,,,
9665628967,2026-07-31,323727528.0,642715144.0,2,,,,,
9665628967,2026-08-31,323727528.0,642715144.0,2,,,,,
9665628967,2026-09-30,323727528.0,642715144.0,2,,,,,
9417470384,2025-10-31,1218717.0,1654708.0,2,,,,,
9417470384,2025-11-30,1218717.0,1654708.0,2,,,,,
9417470384,2025-12-31,1218717.0,1654708.0,2,,,,,
9417470384,2026-01-31,1218717.0,1654708.0,2,,,,,
9417470384,2026-02-28,1218717.0,1654708.0,2,,,,,
9417470384,2026-03-31,1218717.0,1654708.0,2,,,,,
9417470384,2026-04-30,1218717.0,1654708.0,2,,,,,
9417470384,2026-05-31,1218717.0,1654708.0,2,,,,,
9417470384,2026-06-30,1218717.0,1654708.0,2,,,,,
9417470384,2026-07-31,1218717.0,1654708.0,2,,,,,
9417470384,2026-08-31,1218717.0,1654708.0,2,,,,,
9417470384,2026-09-30,1218717.0,1654708.0,2,,,,,
9314141251,2025-10-31,80114225.0,106481185.0,3,,,,,
9314141251,2025-11-30,80114225.0,106481185.0,3,,,,,
9314141251,2025-12-31,80114225.0,106481185.0,3,,,,,
9314141251,2026-01-31,80114225.0,106481185.0,3,,,,,
9314141251,2026-02-28,80114225.0,106481185.0,3,,,,,
9314141251,2026-03-31,80114225.0,106481185.0,3,,,,,
9314141251,2026-04-30,80114225.0,106481185.0,3,,,,,
9314141251,2026-05-31,80114225.0,106481185.0,3,,,,,
9314141251,2026-06-30,80114225.0,106481185.0,3,,,,,
9314141251,2026-07-31,80114225.0,106481185.0,3,,,,,
9314141251,2026-08-31,80114225.0,106481185.0,3,,,,,
9314141251,2026-09-30,80114225.0,106481185.0,3,,,,,
9547281604,2025-10-31,94092271.0,159229220.0,2,,,,,
9547281604,2025-11-30,94092271.0,159229220.0,2,,,,,
9547281604,2025-12-31,94092271.0,159229220.0,2,,,,,
9547281604,2026-01-31,94092271.0,159229220.0,2,,,,,
9547281604,2026-02-28,101953042.0,152949062.0,2,1621.0,2026-03-04,,,Musteri vazgecti
9547281604,2026-03-31,101953042.0,152949062.0,2,,,,,
9547281604,2026-04-30,101953042.0,152949062.0,2,,,,,
9547281604,2026-05-31,101953042.0,152949062.0,2,,,,,
9547281604,2026-06-30,101953042.0,152949062.0,2,,,,,
9547281604,2026-07-31,101953042.0,152949062.0,2,,,,,
9547281604,2026-08-31,101953042.0,152949062.0,2,,,,,
9547281604,2026-09-30,101953042.0,152949062.0,2,,,,,
9387256574,2025-10-31,44645885.0,91636049.0,3,,,,,
9387256574,2025-11-30,44645885.0,91636049.0,3,,,,,
9387256574,2025-12-31,44645885.0,91636049.0,3,,,,,
9387256574,2026-01-31,44645885.0,91636049.0,3,1622.0,2026-01-23,,,Musteri vazgecti
9387256574,2026-02-28,44645885.0,91636049.0,3,,,,,
9387256574,2026-03-31,44645885.0,91636049.0,3,,,,,
9387256574,2026-04-30,44645885.0,91636049.0,3,,,,,
9387256574,2026-05-31,44645885.0,91636049.0,3,,,,,
9387256574,2026-06-30,45219707.0,90976952.0,3,,,,,
9387256574,2026-07-31,45219707.0,90976952.0,3,,,,,
9387256574,2026-08-31,45219707.0,90976952.0,3,,,,,
9387256574,2026-09-30,45219707.0,90976952.0,3,,,,,
9402040153,2025-10-31,130133906.0,209881318.0,1,,,,,
9402040153,2025-11-30,130133906.0,209881318.0,1,,,,,
9402040153,2025-12-31,130133906.0,209881318.0,1,,,,,
9402040153,2026-01-31,130133906.0,209881318.0,1,1625.0,2026-02-07,,,Musteri vazgecti
9402040153,2026-02-28,130133906.0,209881318.0,1,,,,,
9402040153,2026-03-31,130133906.0,209881318.0,1,,,,,
9402040153,2026-04-30,130133906.0,209881318.0,1,,,,,
9402040153,2026-05-31,130133906.0,209881318.0,1,,,,,
9402040153,2026-06-30,130133906.0,209881318.0,1,,,,,
9402040153,2026-07-31,130133906.0,209881318.0,1,,,,,
9402040153,2026-08-31,146993206.0,198156445.0,1,,,,,
9402040153,2026-09-30,146993206.0,198156445.0,1,,,,,
9388605780,2025-10-31,159125129.0,272158475.0,7,,,,,
9388605780,2025-11-30,159125129.0,272158475.0,7,,,,,
9388605780,2025-12-31,159125129.0,272158475.0,7,,,,,
9388605780,2026-01-31,159125129.0,272158475.0,7,,,,,
9388605780,2026-02-28,159125129.0,272158475.0,7,,,,,
9388605780,2026-03-31,159125129.0,272158475.0,7,,,,,
9388605780,2026-04-30,159125129.0,272158475.0,7,1627.0,2026-04-07,,,Musteri vazgecti
9388605780,2026-05-31,159125129.0,272158475.0,7,,,,,
9388605780,2026-06-30,159125129.0,272158475.0,7,,,,,
9388605780,2026-07-31,148010913.0,288665161.0,7,1628.0,2026-07-16,2026-07-21,2026-08-04,
9388605780,2026-08-31,140254119.0,270114004.0,7,1629.0,2026-08-17,,,Musteri vazgecti
9388605780,2026-09-30,140254119.0,270114004.0,7,,,,,
9591448659,2025-10-31,112280252.0,186461765.0,6,,,,,
9591448659,2025-11-30,112280252.0,186461765.0,6,,,,,
9591448659,2025-12-31,112280252.0,186461765.0,6,,,,,
9591448659,2026-01-31,112280252.0,186461765.0,6,1630.0,2026-01-30,2026-02-02,2026-02-20,
9591448659,2026-02-28,112280252.0,186461765.0,6,,,,,
9591448659,2026-03-31,112280252.0,186461765.0,6,,,,,
9591448659,2026-04-30,112280252.0,186461765.0,6,,,,,
9591448659,2026-05-31,112280252.0,186461765.0,6,,,,,
9591448659,2026-06-30,112280252.0,186461765.0,6,,,,,
9591448659,2026-07-31,112280252.0,186461765.0,6,,,,,
9591448659,2026-08-31,112280252.0,186461765.0,6,,,,,
9591448659,2026-09-30,112280252.0,186461765.0,6,,,,,
9763714400,2025-10-31,12033980.0,20209797.0,1,1631.0,2025-10-11,2025-10-17,2025-11-10,
9763714400,2025-11-30,12033980.0,20209797.0,1,,,,,
9763714400,2025-12-31,15247640.0,20423868.0,1,,,,,
9763714400,2026-01-31,15247640.0,20423868.0,1,,,,,
9763714400,2026-02-28,15247640.0,20423868.0,1,,,,,
9763714400,2026-03-31,15247640.0,20423868.0,1,,,,,
9763714400,2026-04-30,15247640.0,20423868.0,1,,,,,
9763714400,2026-05-31,15247640.0,20423868.0,1,,,,,
9763714400,2026-06-30,15247640.0,20423868.0,1,,,,,
9763714400,2026-07-31,15247640.0,20423868.0,1,,,,,
9763714400,2026-08-31,15247640.0,20423868.0,1,,,,,
9763714400,2026-09-30,15247640.0,20423868.0,1,,,,,
9111219093,2025-10-31,4873561.0,13644043.0,2,,,,,
9111219093,2025-11-30,4873561.0,13644043.0,2,,,,,
9111219093,2025-12-31,4873561.0,13644043.0,2,,,,,
9111219093,2026-01-31,4873561.0,13644043.0,2,,,,,
9111219093,2026-02-28,4873561.0,13644043.0,2,,,,,
9111219093,2026-03-31,4873561.0,13644043.0,2,,,,,
9111219093,2026-04-30,4873561.0,13644043.0,2,,,,,
9111219093,2026-05-31,4873561.0,13644043.0,2,,,,,
9111219093,2026-06-30,4935828.0,10576783.0,2,1634.0,2026-07-08,2026-07-03,2026-07-11,Teminat yetersiz
9111219093,2026-07-31,4935828.0,10576783.0,2,,,,,
9111219093,2026-08-31,4935828.0,10576783.0,2,,,,,
9111219093,2026-09-30,4935828.0,10576783.0,2,,,,,
9595273410,2025-10-31,114936291.0,207393556.0,3,1635.0,2025-10-25,,,Not dusuk
9595273410,2025-11-30,114936291.0,207393556.0,3,,,,,
9595273410,2025-12-31,112021214.0,222674126.0,3,,,,,
9595273410,2026-01-31,112021214.0,222674126.0,3,,,,,
9595273410,2026-02-28,112021214.0,222674126.0,3,,,,,
9595273410,2026-03-31,112021214.0,222674126.0,3,,,,,
9595273410,2026-04-30,112021214.0,222674126.0,3,,,,,
9595273410,2026-05-31,112021214.0,222674126.0,3,,,,,
9595273410,2026-06-30,112021214.0,222674126.0,3,,,,,
9595273410,2026-07-31,119454428.0,199922048.0,3,1637.0,2026-08-02,,,Teminat yetersiz
9595273410,2026-08-31,119454428.0,199922048.0,3,,,,,
9595273410,2026-09-30,119454428.0,199922048.0,3,,,,,
9863894876,2025-10-31,1724364.0,3204419.0,4,,,,,
9863894876,2025-11-30,1724364.0,3204419.0,4,,,,,
9863894876,2025-12-31,1724364.0,3204419.0,4,,,,,
9863894876,2026-01-31,1724364.0,3204419.0,4,,,,,
9863894876,2026-02-28,1724364.0,3204419.0,4,,,,,
9863894876,2026-03-31,1724364.0,3204419.0,4,,,,,
9863894876,2026-04-30,1710216.0,3248936.0,4,,,,,
9863894876,2026-05-31,1710216.0,3248936.0,4,,,,,
9863894876,2026-06-30,1710216.0,3248936.0,4,,,,,
9863894876,2026-07-31,1710216.0,3248936.0,4,,,,,
9863894876,2026-08-31,1710216.0,3248936.0,4,,,,,
9863894876,2026-09-30,1710216.0,3248936.0,4,,,,,
9347473786,2025-10-31,555357.0,907095.0,4,,,,,
9347473786,2025-11-30,555357.0,907095.0,4,,,,,
9347473786,2025-12-31,555357.0,907095.0,4,1640.0,2026-01-08,,,Musteri vazgecti
9347473786,2026-01-31,601033.0,814811.0,4,,,,,
9347473786,2026-02-28,601033.0,814811.0,4,,,,,
9347473786,2026-03-31,601033.0,814811.0,4,,,,,
9347473786,2026-04-30,601033.0,814811.0,4,,,,,
9347473786,2026-05-31,601033.0,814811.0,4,,,,,
9347473786,2026-06-30,601033.0,814811.0,4,,,,,
9347473786,2026-07-31,601033.0,814811.0,4,,,,,
9347473786,2026-08-31,732120.0,870214.0,4,,,,,
9347473786,2026-09-30,732120.0,870214.0,4,,,,,
9416214714,2025-10-31,25131259.0,73090469.0,7,,,,,
9416214714,2025-11-30,25131259.0,73090469.0,7,,,,,
9416214714,2025-12-31,25131259.0,73090469.0,7,1643.0,2025-12-17,,,Musteri vazgecti
9416214714,2026-01-31,11842408.0,35479127.0,7,,,,,
9416214714,2026-02-28,11786149.0,35745241.0,7,,,,,
9416214714,2026-03-31,11786149.0,35745241.0,7,,,,,
9416214714,2026-04-30,0.0,43331611.0,7,,,,,
9416214714,2026-05-31,0.0,43331611.0,7,,,,,
9416214714,2026-06-30,0.0,43331611.0,7,,,,,
9416214714,2026-07-31,0.0,43331611.0,7,,,,,
9416214714,2026-08-31,0.0,43331611.0,7,,,,,
9416214714,2026-09-30,0.0,43331611.0,7,,,,,
9912400916,2025-10-31,536789206.0,2201579632.0,6,,,,,
9912400916,2025-11-30,536789206.0,2201579632.0,6,,,,,
9912400916,2025-12-31,536789206.0,2201579632.0,6,,,,,
9912400916,2026-01-31,536789206.0,2201579632.0,6,,,,,
9912400916,2026-02-28,536789206.0,2201579632.0,6,,,,,
9912400916,2026-03-31,536789206.0,2201579632.0,6,,,,,
9912400916,2026-04-30,536789206.0,2201579632.0,6,,,,,
9912400916,2026-05-31,332409867.0,1176296429.0,6,,,,,
9912400916,2026-06-30,332409867.0,1176296429.0,6,,,,,
9912400916,2026-07-31,218295569.0,563558968.0,6,,,,,
9912400916,2026-08-31,218295569.0,563558968.0,6,,,,,
9912400916,2026-09-30,148555753.0,420014063.0,6,,,,,
9241841361,2025-10-31,1198485.0,3135576.0,1,1652.0,2025-10-31,,,Musteri vazgecti
9241841361,2025-11-30,1198485.0,3135576.0,1,,,,,
9241841361,2025-12-31,1198485.0,3135576.0,1,,,,,
9241841361,2026-01-31,1198485.0,3135576.0,1,,,,,
9241841361,2026-02-28,1198485.0,3135576.0,1,,,,,
9241841361,2026-03-31,0.0,1965536.0,1,,,,,
9241841361,2026-04-30,0.0,1862495.0,1,,,,,
9241841361,2026-05-31,0.0,1862495.0,1,,,,,
9241841361,2026-06-30,0.0,1862495.0,1,,,,,
9241841361,2026-07-31,0.0,1862495.0,1,,,,,
9241841361,2026-08-31,0.0,2029475.0,1,,,,,
9241841361,2026-09-30,0.0,2159405.0,1,,,,,
9815972680,2025-10-31,1447874.0,2346313.0,1,,,,,
9815972680,2025-11-30,1447874.0,2346313.0,1,1657.0,2025-11-28,2025-11-30,2025-12-18,
9815972680,2025-12-31,1447874.0,2346313.0,1,,,,,
9815972680,2026-01-31,1596775.0,3035286.0,1,1658.0,2026-02-06,2026-02-13,2026-02-17,
9815972680,2026-02-28,1596775.0,3035286.0,1,,,,,
9815972680,2026-03-31,1596775.0,3035286.0,1,,,,,
9815972680,2026-04-30,1596775.0,3035286.0,1,,,,,
9815972680,2026-05-31,1596775.0,3035286.0,1,,,,,
9815972680,2026-06-30,1629636.0,2453832.0,1,,,,,
9815972680,2026-07-31,1629636.0,2453832.0,1,,,,,
9815972680,2026-08-31,1864402.0,2832700.0,1,,,,,
9815972680,2026-09-30,1864402.0,2832700.0,1,,,,,
9901176446,2025-10-31,50024040.0,73450446.0,2,,,,,
9901176446,2025-11-30,50024040.0,73450446.0,2,1661.0,2025-12-01,2025-12-03,2025-12-28,
9901176446,2025-12-31,50024040.0,73450446.0,2,,,,,
9901176446,2026-01-31,50024040.0,73450446.0,2,,,,,
9901176446,2026-02-28,59616015.0,107599735.0,2,1662.0,2026-02-20,,,Musteri vazgecti
9901176446,2026-03-31,59616015.0,107599735.0,2,,,,,
9901176446,2026-04-30,59616015.0,107599735.0,2,,,,,
9901176446,2026-05-31,59616015.0,107599735.0,2,,,,,
9901176446,2026-06-30,53278358.0,91288914.0,2,,,,,
9901176446,2026-07-31,53278358.0,91288914.0,2,,,,,
9901176446,2026-08-31,53278358.0,91288914.0,2,,,,,
9901176446,2026-09-30,53278358.0,91288914.0,2,,,,,
9280149378,2025-10-31,834278.0,1258634.0,2,,,,,
9280149378,2025-11-30,834278.0,1258634.0,2,,,,,
9280149378,2025-12-31,834278.0,1258634.0,2,,,,,
9280149378,2026-01-31,834278.0,1258634.0,2,,,,,
9280149378,2026-02-28,834278.0,1258634.0,2,,,,,
9280149378,2026-03-31,834278.0,1258634.0,2,,,,,
9280149378,2026-04-30,834278.0,1258634.0,2,,,,,
9280149378,2026-05-31,712097.0,2229854.0,2,1665.0,2026-05-17,,,Musteri vazgecti
9280149378,2026-06-30,712097.0,2229854.0,2,,,,,
9280149378,2026-07-31,712097.0,2229854.0,2,,,,,
9280149378,2026-08-31,815913.0,1644045.0,2,,,,,
9280149378,2026-09-30,737181.0,1322283.0,2,,,,,
9532548233,2025-10-31,219150046.0,426192160.0,1,,,,,
9532548233,2025-11-30,219150046.0,426192160.0,1,,,,,
9532548233,2025-12-31,219150046.0,426192160.0,1,,,,,
9532548233,2026-01-31,219150046.0,426192160.0,1,,,,,
9532548233,2026-02-28,199930539.0,379867493.0,1,1669.0,2026-02-28,2026-03-06,2026-04-04,
9532548233,2026-03-31,199930539.0,379867493.0,1,,,,,
9532548233,2026-04-30,199930539.0,379867493.0,1,,,,,
9532548233,2026-05-31,279193055.0,503210575.0,1,1670.0,2026-05-29,2026-06-02,2026-06-28,
9532548233,2026-06-30,279193055.0,503210575.0,1,,,,,
9532548233,2026-07-31,274590335.0,627297316.0,1,1671.0,2026-07-28,2026-07-29,2026-08-06,
9532548233,2026-08-31,274590335.0,627297316.0,1,,,,,
9532548233,2026-09-30,274590335.0,627297316.0,1,,,,,
9260506025,2025-10-31,15767637.0,43854413.0,3,,,,,
9260506025,2025-11-30,15767637.0,43854413.0,3,,,,,
9260506025,2025-12-31,15767637.0,43854413.0,3,,,,,
9260506025,2026-01-31,15767637.0,43854413.0,3,,,,,
9260506025,2026-02-28,15767637.0,43854413.0,3,,,,,
9260506025,2026-03-31,15029601.0,28102454.0,3,,,,,
9260506025,2026-04-30,15029601.0,28102454.0,3,,,,,
9260506025,2026-05-31,14656285.0,28543981.0,3,,,,,
9260506025,2026-06-30,14656285.0,28543981.0,3,,,,,
9260506025,2026-07-31,14656285.0,28543981.0,3,,,,,
9260506025,2026-08-31,14656285.0,28543981.0,3,,,,,
9260506025,2026-09-30,14656285.0,28543981.0,3,,,,,
9383229922,2025-10-31,2677993.0,3683813.0,4,,,,,
9383229922,2025-11-30,2677993.0,3683813.0,4,,,,,
9383229922,2025-12-31,2677993.0,3683813.0,4,,,,,
9383229922,2026-01-31,2677993.0,3683813.0,4,,,,,
9383229922,2026-02-28,2677993.0,3683813.0,4,,,,,
9383229922,2026-03-31,2677993.0,3683813.0,4,1675.0,2026-04-02,,,Not dusuk
9383229922,2026-04-30,2677993.0,3683813.0,4,,,,,
9383229922,2026-05-31,2586802.0,3323418.0,4,,,,,
9383229922,2026-06-30,2586802.0,3323418.0,4,,,,,
9383229922,2026-07-31,2074741.0,2413506.0,4,,,,,
9383229922,2026-08-31,2456797.0,2481614.0,4,1678.0,2026-08-31,,,Musteri vazgecti
9383229922,2026-09-30,2456797.0,2481614.0,4,,,,,
9458304875,2025-10-31,30358556.0,55203074.0,3,,,,,
9458304875,2025-11-30,30358556.0,55203074.0,3,,,,,
9458304875,2025-12-31,30358556.0,55203074.0,3,1679.0,2025-12-23,,,Musteri vazgecti
9458304875,2026-01-31,30358556.0,55203074.0,3,,,,,
9458304875,2026-02-28,30358556.0,55203074.0,3,,,,,
9458304875,2026-03-31,30358556.0,55203074.0,3,,,,,
9458304875,2026-04-30,30358556.0,55203074.0,3,,,,,
9458304875,2026-05-31,30358556.0,55203074.0,3,,,,,
9458304875,2026-06-30,37441026.0,52749061.0,3,,,,,
9458304875,2026-07-31,37441026.0,52749061.0,3,,,,,
9458304875,2026-08-31,37441026.0,52749061.0,3,,,,,
9458304875,2026-09-30,37441026.0,52749061.0,3,,,,,
9132675108,2025-10-31,4784988.0,10308223.0,4,,,,,
9132675108,2025-11-30,4784988.0,10308223.0,4,,,,,
9132675108,2025-12-31,4195186.0,9351991.0,4,,,,,
9132675108,2026-01-31,4195186.0,9351991.0,4,,,,,
9132675108,2026-02-28,4195186.0,9351991.0,4,,,,,
9132675108,2026-03-31,4975690.0,13984112.0,4,1684.0,2026-04-08,,,Risk
9132675108,2026-04-30,4975690.0,13984112.0,4,,,,,
9132675108,2026-05-31,4975690.0,13984112.0,4,,,,,
9132675108,2026-06-30,4975690.0,13984112.0,4,,,,,
9132675108,2026-07-31,5318957.0,10070187.0,4,,,,,
9132675108,2026-08-31,4999087.0,10992879.0,4,,,,,
9132675108,2026-09-30,4999087.0,10992879.0,4,,,,,
9481902785,2025-10-31,24938208.0,43816040.0,5,,,,,
9481902785,2025-11-30,25385301.0,44076430.0,5,1689.0,2025-11-13,,,Musteri vazgecti
9481902785,2025-12-31,25385301.0,44076430.0,5,,,,,
9481902785,2026-01-31,25282507.0,39600269.0,5,,,,,
9481902785,2026-02-28,25282507.0,39600269.0,5,,,,,
9481902785,2026-03-31,25282507.0,39600269.0,5,,,,,
9481902785,2026-04-30,25282507.0,39600269.0,5,,,,,
9481902785,2026-05-31,28532296.0,35401746.0,5,,,,,
9481902785,2026-06-30,28532296.0,35401746.0,5,,,,,
9481902785,2026-07-31,28532296.0,35401746.0,5,,,,,
9481902785,2026-08-31,28532296.0,35401746.0,5,,,,,
9481902785,2026-09-30,28532296.0,35401746.0,5,,,,,
9367406500,2025-10-31,11669413.0,19815975.0,1,,,,,
9367406500,2025-11-30,11669413.0,19815975.0,1,,,,,
9367406500,2025-12-31,11669413.0,19815975.0,1,,,,,
9367406500,2026-01-31,11669413.0,19815975.0,1,,,,,
9367406500,2026-02-28,11669413.0,19815975.0,1,,,,,
9367406500,2026-03-31,11669413.0,19815975.0,1,,,,,
9367406500,2026-04-30,11669413.0,19815975.0,1,,,,,
9367406500,2026-05-31,11669413.0,19815975.0,1,,,,,
9367406500,2026-06-30,11669413.0,19815975.0,1,,,,,
9367406500,2026-07-31,11669413.0,19815975.0,1,,,,,
9367406500,2026-08-31,11669413.0,19815975.0,1,,,,,
9367406500,2026-09-30,11669413.0,19815975.0,1,,,,,
9698642242,2025-10-31,8103932.0,18316910.0,5,,,,,
9698642242,2025-11-30,8103932.0,18316910.0,5,,,,,
9698642242,2025-12-31,8103932.0,18316910.0,5,,,,,
9698642242,2026-01-31,8103932.0,18316910.0,5,,,,,
9698642242,2026-02-28,8103932.0,18316910.0,5,,,,,
9698642242,2026-03-31,8103932.0,18316910.0,5,1693.0,2026-03-21,,,Musteri vazgecti
9698642242,2026-04-30,8103932.0,18316910.0,5,,,,,
9698642242,2026-05-31,8103932.0,18316910.0,5,,,,,
9698642242,2026-06-30,8103932.0,18316910.0,5,,,,,
9698642242,2026-07-31,8103932.0,18316910.0,5,,,,,
9698642242,2026-08-31,8103932.0,18316910.0,5,,,,,
9698642242,2026-09-30,3205635.0,12053048.0,5,,,,,
9570297688,2025-10-31,32231986.0,54866094.0,2,,,,,
9570297688,2025-11-30,32231986.0,54866094.0,2,,,,,
9570297688,2025-12-31,32231986.0,54866094.0,2,,,,,
9570297688,2026-01-31,32231986.0,54866094.0,2,,,,,
9570297688,2026-02-28,32231986.0,54866094.0,2,,,,,
9570297688,2026-03-31,32231986.0,54866094.0,2,,,,,
9570297688,2026-04-30,32231986.0,54866094.0,2,1696.0,2026-05-02,2026-05-04,2026-06-02,
9570297688,2026-05-31,32231986.0,54866094.0,2,,,,,
9570297688,2026-06-30,44495262.0,60569070.0,2,,,,,
9570297688,2026-07-31,40692080.0,71461158.0,2,,,,,
9570297688,2026-08-31,40692080.0,71461158.0,2,,,,,
9570297688,2026-09-30,40692080.0,71461158.0,2,,,,,
9684535692,2025-10-31,50985256.0,82565935.0,5,,,,,
9684535692,2025-11-30,50985256.0,82565935.0,5,,,,,
9684535692,2025-12-31,50985256.0,82565935.0,5,,,,,
9684535692,2026-01-31,50985256.0,82565935.0,5,,,,,
9684535692,2026-02-28,50985256.0,82565935.0,5,1699.0,2026-03-10,,,Musteri vazgecti
9684535692,2026-03-31,50985256.0,82565935.0,5,,,,,
9684535692,2026-04-30,50985256.0,82565935.0,5,,,,,
9684535692,2026-05-31,50985256.0,82565935.0,5,,,,,
9684535692,2026-06-30,49207504.0,82610741.0,5,,,,,
9684535692,2026-07-31,49791091.0,64068207.0,5,,,,,
9684535692,2026-08-31,50344903.0,82045543.0,5,,,,,
9684535692,2026-09-30,50344903.0,82045543.0,5,,,,,
9167303380,2025-10-31,23304268.0,29184211.0,5,,,,,
9167303380,2025-11-30,23304268.0,29184211.0,5,,,,,
9167303380,2025-12-31,23304268.0,29184211.0,5,,,,,
9167303380,2026-01-31,23304268.0,29184211.0,5,,,,,
9167303380,2026-02-28,23304268.0,29184211.0,5,,,,,
9167303380,2026-03-31,27251655.0,37828170.0,5,,,,,
9167303380,2026-04-30,27251655.0,37828170.0,5,,,,,
9167303380,2026-05-31,27251655.0,37828170.0,5,,,,,
9167303380,2026-06-30,25881736.0,42899303.0,5,1705.0,2026-06-12,,,Teminat yetersiz
9167303380,2026-07-31,25881736.0,42899303.0,5,,,,,
9167303380,2026-08-31,25881736.0,42899303.0,5,,,,,
9167303380,2026-09-30,26429736.0,45979866.0,5,,,,,
9866336428,2025-10-31,3635343.0,6227593.0,4,,,,,
9866336428,2025-11-30,3635343.0,6227593.0,4,,,,,
9866336428,2025-12-31,3635343.0,6227593.0,4,,,,,
9866336428,2026-01-31,3635343.0,6227593.0,4,,,,,
9866336428,2026-02-28,3635343.0,6227593.0,4,,,,,
9866336428,2026-03-31,3635343.0,6227593.0,4,,,,,
9866336428,2026-04-30,3635343.0,6227593.0,4,,,,,
9866336428,2026-05-31,3635343.0,6227593.0,4,,,,,
9866336428,2026-06-30,3635343.0,6227593.0,4,,,,,
9866336428,2026-07-31,3635343.0,6227593.0,4,,,,,
9866336428,2026-08-31,4087150.0,7953756.0,4,,,,,
9866336428,2026-09-30,4087150.0,7953756.0,4,,,,,
9916477635,2025-10-31,154489750.0,255090365.0,5,,,,,
9916477635,2025-11-30,154489750.0,255090365.0,5,,,,,
9916477635,2025-12-31,154489750.0,255090365.0,5,1709.0,2025-12-14,2025-12-22,2025-12-29,
9916477635,2026-01-31,154489750.0,255090365.0,5,,,,,
9916477635,2026-02-28,154489750.0,255090365.0,5,,,,,
9916477635,2026-03-31,154489750.0,255090365.0,5,,,,,
9916477635,2026-04-30,190027776.0,350293972.0,5,,,,,
9916477635,2026-05-31,186070599.0,313280668.0,5,1711.0,2026-05-17,2026-05-24,2026-05-30,
9916477635,2026-06-30,205229453.0,468320397.0,5,1712.0,2026-07-02,2026-07-04,2026-07-26,
9916477635,2026-07-31,205229453.0,468320397.0,5,,,,,
9916477635,2026-08-31,205229453.0,468320397.0,5,,,,,
9916477635,2026-09-30,205229453.0,468320397.0,5,,,,,
9432085393,2025-10-31,136255445.0,217381002.0,1,,,,,
9432085393,2025-11-30,136255445.0,217381002.0,1,,,,,
9432085393,2025-12-31,136255445.0,217381002.0,1,,,,,
9432085393,2026-01-31,136255445.0,217381002.0,1,,,,,
9432085393,2026-02-28,136255445.0,217381002.0,1,,,,,
9432085393,2026-03-31,136255445.0,217381002.0,1,,,,,
9432085393,2026-04-30,136255445.0,217381002.0,1,,,,,
9432085393,2026-05-31,136255445.0,217381002.0,1,,,,,
9432085393,2026-06-30,136255445.0,217381002.0,1,,,,,
9432085393,2026-07-31,136255445.0,217381002.0,1,,,,,
9432085393,2026-08-31,136255445.0,217381002.0,1,,,,,
9432085393,2026-09-30,132697665.0,236019936.0,1,1714.0,2026-09-11,,,Musteri vazgecti
9692961533,2025-10-31,103649617.0,145235810.0,1,,,,,
9692961533,2025-11-30,103649617.0,145235810.0,1,,,,,
9692961533,2025-12-31,103649617.0,145235810.0,1,,,,,
9692961533,2026-01-31,103649617.0,145235810.0,1,,,,,
9692961533,2026-02-28,103649617.0,145235810.0,1,,,,,
9692961533,2026-03-31,103649617.0,145235810.0,1,,,,,
9692961533,2026-04-30,103649617.0,145235810.0,1,,,,,
9692961533,2026-05-31,103649617.0,145235810.0,1,,,,,
9692961533,2026-06-30,103649617.0,145235810.0,1,,,,,
9692961533,2026-07-31,103649617.0,145235810.0,1,1716.0,2026-07-27,2026-08-04,2026-08-20,
9692961533,2026-08-31,103649617.0,145235810.0,1,,,,,
9692961533,2026-09-30,103649617.0,145235810.0,1,,,,,
9655618059,2025-10-31,63520178.0,121875100.0,4,,,,,
9655618059,2025-11-30,63520178.0,121875100.0,4,,,,,
9655618059,2025-12-31,63520178.0,121875100.0,4,,,,,
9655618059,2026-01-31,63520178.0,121875100.0,4,,,,,
9655618059,2026-02-28,63520178.0,121875100.0,4,,,,,
9655618059,2026-03-31,63520178.0,121875100.0,4,,,,,
9655618059,2026-04-30,63520178.0,121875100.0,4,,,,,
9655618059,2026-05-31,63520178.0,121875100.0,4,,,,,
9655618059,2026-06-30,24010355.0,63988633.0,4,1718.0,2026-07-04,2026-07-07,2026-07-15,
9655618059,2026-07-31,24010355.0,63988633.0,4,,,,,
9655618059,2026-08-31,20021856.0,45252638.0,4,,,,,
9655618059,2026-09-30,20021856.0,45252638.0,4,,,,,
9151572658,2025-10-31,5291937.0,12507552.0,2,,,,,
9151572658,2025-11-30,5291937.0,12507552.0,2,,,,,
9151572658,2025-12-31,5291937.0,12507552.0,2,,,,,
9151572658,2026-01-31,5966118.0,14305255.0,2,,,,,
9151572658,2026-02-28,5966118.0,14305255.0,2,,,,,
9151572658,2026-03-31,5966118.0,14305255.0,2,,,,,
9151572658,2026-04-30,5202090.0,10714703.0,2,,,,,
9151572658,2026-05-31,5202090.0,10714703.0,2,,,,,
9151572658,2026-06-30,3970222.0,7921641.0,2,,,,,
9151572658,2026-07-31,3886343.0,8667142.0,2,,,,,
9151572658,2026-08-31,3886343.0,8667142.0,2,,,,,
9151572658,2026-09-30,3886343.0,8667142.0,2,,,,,
9346204317,2025-10-31,22627223.0,33483432.0,3,,,,,
9346204317,2025-11-30,22627223.0,33483432.0,3,,,,,
9346204317,2025-12-31,22627223.0,33483432.0,3,,,,,
9346204317,2026-01-31,22627223.0,33483432.0,3,,,,,
9346204317,2026-02-28,22627223.0,33483432.0,3,,,,,
9346204317,2026-03-31,22627223.0,33483432.0,3,,,,,
9346204317,2026-04-30,22627223.0,33483432.0,3,,,,,
9346204317,2026-05-31,22627223.0,33483432.0,3,,,,,
9346204317,2026-06-30,22627223.0,33483432.0,3,,,,,
9346204317,2026-07-31,24060713.0,34235760.0,3,,,,,
9346204317,2026-08-31,22092562.0,28480270.0,3,,,,,
9346204317,2026-09-30,22092562.0,28480270.0,3,,,,,
9575796176,2025-10-31,1190625.0,1948216.0,3,,,,,
9575796176,2025-11-30,1190625.0,1948216.0,3,,,,,
9575796176,2025-12-31,1190625.0,1948216.0,3,,,,,
9575796176,2026-01-31,1393412.0,2632600.0,3,,,,,
9575796176,2026-02-28,1668468.0,3577678.0,3,,,,,
9575796176,2026-03-31,1668468.0,3577678.0,3,,,,,
9575796176,2026-04-30,1668468.0,3577678.0,3,,,,,
9575796176,2026-05-31,1668468.0,3577678.0,3,,,,,
9575796176,2026-06-30,1668468.0,3577678.0,3,,,,,
9575796176,2026-07-31,1668468.0,3577678.0,3,,,,,
9575796176,2026-08-31,1668468.0,3577678.0,3,,,,,
9575796176,2026-09-30,1668468.0,3577678.0,3,,,,,
9485151398,2025-10-31,70041127.0,150773650.0,3,,,,,
9485151398,2025-11-30,70041127.0,150773650.0,3,1732.0,2025-11-28,2025-11-29,2025-12-10,
9485151398,2025-12-31,70041127.0,150773650.0,3,,,,,
9485151398,2026-01-31,70041127.0,150773650.0,3,,,,,
9485151398,2026-02-28,70041127.0,150773650.0,3,,,,,
9485151398,2026-03-31,70041127.0,150773650.0,3,,,,,
9485151398,2026-04-30,70041127.0,150773650.0,3,,,,,
9485151398,2026-05-31,70041127.0,150773650.0,3,,,,,
9485151398,2026-06-30,71941920.0,117981837.0,3,1733.0,2026-06-14,,,Musteri vazgecti
9485151398,2026-07-31,71941920.0,117981837.0,3,,,,,
9485151398,2026-08-31,71917323.0,152693707.0,3,,,,,
9485151398,2026-09-30,71917323.0,152693707.0,3,,,,,
9986146638,2025-10-31,1739996.0,2358402.0,3,,,,,
9986146638,2025-11-30,1739996.0,2358402.0,3,,,,,
9986146638,2025-12-31,1739996.0,2358402.0,3,,,,,
9986146638,2026-01-31,1739996.0,2358402.0,3,,,,,
9986146638,2026-02-28,1739996.0,2358402.0,3,,,,,
9986146638,2026-03-31,1739996.0,2358402.0,3,,,,,
9986146638,2026-04-30,1739996.0,2358402.0,3,,,,,
9986146638,2026-05-31,1975676.0,3419648.0,3,1736.0,2026-05-14,2026-05-18,2026-05-25,
9986146638,2026-06-30,1975676.0,3419648.0,3,,,,,
9986146638,2026-07-31,1975676.0,3419648.0,3,,,,,
9986146638,2026-08-31,1648427.0,2660745.0,3,1737.0,2026-08-28,,,Not dusuk
9986146638,2026-09-30,1648427.0,2660745.0,3,,,,,
9395907037,2025-10-31,180227788.0,414293112.0,4,,,,,
9395907037,2025-11-30,180227788.0,414293112.0,4,,,,,
9395907037,2025-12-31,180227788.0,414293112.0,4,,,,,
9395907037,2026-01-31,180227788.0,414293112.0,4,,,,,
9395907037,2026-02-28,180227788.0,414293112.0,4,,,,,
9395907037,2026-03-31,180227788.0,414293112.0,4,,,,,
9395907037,2026-04-30,180227788.0,414293112.0,4,,,,,
9395907037,2026-05-31,180227788.0,414293112.0,4,,,,,
9395907037,2026-06-30,180227788.0,414293112.0,4,,,,,
9395907037,2026-07-31,180227788.0,414293112.0,4,,,,,
9395907037,2026-08-31,180227788.0,414293112.0,4,,,,,
9395907037,2026-09-30,180227788.0,414293112.0,4,,,,,
9785444396,2025-10-31,17335274.0,32222620.0,1,,,,,
9785444396,2025-11-30,17335274.0,32222620.0,1,,,,,
9785444396,2025-12-31,17335274.0,32222620.0,1,,,,,
9785444396,2026-01-31,17335274.0,32222620.0,1,,,,,
9785444396,2026-02-28,17335274.0,32222620.0,1,,,,,
9785444396,2026-03-31,18146090.0,49962855.0,1,,,,,
9785444396,2026-04-30,18146090.0,49962855.0,1,,,,,
9785444396,2026-05-31,17680923.0,36974384.0,1,,,,,
9785444396,2026-06-30,17680923.0,36974384.0,1,,,,,
9785444396,2026-07-31,17680923.0,36974384.0,1,,,,,
9785444396,2026-08-31,17680923.0,36974384.0,1,,,,,
9785444396,2026-09-30,17680923.0,36974384.0,1,,,,,
9403003726,2025-10-31,3329115.0,4620559.0,5,,,,,
9403003726,2025-11-30,3329115.0,4620559.0,5,,,,,
9403003726,2025-12-31,3329115.0,4620559.0,5,,,,,
9403003726,2026-01-31,3329115.0,4620559.0,5,,,,,
9403003726,2026-02-28,3329115.0,4620559.0,5,,,,,
9403003726,2026-03-31,3329115.0,4620559.0,5,,,,,
9403003726,2026-04-30,3329115.0,4620559.0,5,,,,,
9403003726,2026-05-31,3329115.0,4620559.0,5,,,,,
9403003726,2026-06-30,3329115.0,4620559.0,5,,,,,
9403003726,2026-07-31,3329115.0,4620559.0,5,,,,,
9403003726,2026-08-31,3329115.0,4620559.0,5,,,,,
9403003726,2026-09-30,3329115.0,4620559.0,5,,,,,
9944307895,2025-10-31,5544718.0,12728502.0,6,,,,,
9944307895,2025-11-30,5544718.0,12728502.0,6,,,,,
9944307895,2025-12-31,5544718.0,12728502.0,6,,,,,
9944307895,2026-01-31,5544718.0,12728502.0,6,1743.0,2026-02-09,2026-02-13,2026-03-09,
9944307895,2026-02-28,5544718.0,12728502.0,6,,,,,
9944307895,2026-03-31,5917484.0,19573693.0,6,,,,,
9944307895,2026-04-30,5917484.0,19573693.0,6,,,,,
9944307895,2026-05-31,5917484.0,19573693.0,6,,,,,
9944307895,2026-06-30,5917484.0,19573693.0,6,,,,,
9944307895,2026-07-31,5917484.0,19573693.0,6,,,,,
9944307895,2026-08-31,5917484.0,19573693.0,6,,,,,
9944307895,2026-09-30,8369900.0,20464507.0,6,,,,,
9100893217,2025-10-31,3426653.0,4807308.0,2,,,,,
9100893217,2025-11-30,3490027.0,5676095.0,2,1746.0,2025-11-28,,,Musteri vazgecti
9100893217,2025-12-31,3490027.0,5676095.0,2,,,,,
9100893217,2026-01-31,3490027.0,5676095.0,2,,,,,
9100893217,2026-02-28,3756052.0,6177202.0,2,1748.0,2026-03-01,2026-03-04,2026-03-26,
9100893217,2026-03-31,3256858.0,6313538.0,2,1749.0,2026-03-22,2026-03-26,2026-04-08,
9100893217,2026-04-30,3256858.0,6313538.0,2,,,,,
9100893217,2026-05-31,3256858.0,6313538.0,2,,,,,
9100893217,2026-06-30,3256858.0,6313538.0,2,,,,,
9100893217,2026-07-31,3256858.0,6313538.0,2,,,,,
9100893217,2026-08-31,3256858.0,6313538.0,2,,,,,
9100893217,2026-09-30,3256858.0,6313538.0,2,,,,,
9366026516,2025-10-31,378011131.0,562541973.0,2,,,,,
9366026516,2025-11-30,378011131.0,562541973.0,2,,,,,
9366026516,2025-12-31,378011131.0,562541973.0,2,,,,,
9366026516,2026-01-31,378011131.0,562541973.0,2,,,,,
9366026516,2026-02-28,378011131.0,562541973.0,2,,,,,
9366026516,2026-03-31,378011131.0,562541973.0,2,,,,,
9366026516,2026-04-30,378011131.0,562541973.0,2,1750.0,2026-04-18,,,Risk
9366026516,2026-05-31,378011131.0,562541973.0,2,,,,,
9366026516,2026-06-30,378011131.0,562541973.0,2,,,,,
9366026516,2026-07-31,378011131.0,562541973.0,2,,,,,
9366026516,2026-08-31,406761096.0,711463545.0,2,1751.0,2026-08-14,,,Musteri vazgecti
9366026516,2026-09-30,406761096.0,711463545.0,2,,,,,
9812662560,2025-10-31,14503313.0,46068284.0,1,,,,,
9812662560,2025-11-30,14503313.0,46068284.0,1,,,,,
9812662560,2025-12-31,14503313.0,46068284.0,1,,,,,
9812662560,2026-01-31,14503313.0,46068284.0,1,,,,,
9812662560,2026-02-28,14503313.0,46068284.0,1,,,,,
9812662560,2026-03-31,15480787.0,49042956.0,1,,,,,
9812662560,2026-04-30,15480787.0,49042956.0,1,,,,,
9812662560,2026-05-31,8707364.0,29774455.0,1,,,,,
9812662560,2026-06-30,10558391.0,29636415.0,1,,,,,
9812662560,2026-07-31,10558391.0,29636415.0,1,,,,,
9812662560,2026-08-31,10558391.0,29636415.0,1,,,,,
9812662560,2026-09-30,10558391.0,29636415.0,1,,,,,
9447829316,2025-10-31,4580294.0,14186008.0,1,,,,,
9447829316,2025-11-30,4580294.0,14186008.0,1,,,,,
9447829316,2025-12-31,4580294.0,14186008.0,1,1757.0,2026-01-02,2026-01-06,2026-01-17,
9447829316,2026-01-31,4580294.0,14186008.0,1,,,,,
9447829316,2026-02-28,4580294.0,14186008.0,1,,,,,
9447829316,2026-03-31,4580294.0,14186008.0,1,,,,,
9447829316,2026-04-30,4580294.0,14186008.0,1,,,,,
9447829316,2026-05-31,1918962.0,4654458.0,1,,,,,
9447829316,2026-06-30,1918962.0,4654458.0,1,,,,,
9447829316,2026-07-31,0.0,4805120.0,1,,,,,
9447829316,2026-08-31,0.0,4805120.0,1,,,,,
9447829316,2026-09-30,0.0,5194520.0,1,,,,,
9450355148,2025-10-31,8246216.0,15947153.0,4,1762.0,2025-10-14,2025-10-20,2025-11-15,
9450355148,2025-11-30,8246216.0,15947153.0,4,,,,,
9450355148,2025-12-31,8246216.0,15947153.0,4,,,,,
9450355148,2026-01-31,8246216.0,15947153.0,4,,,,,
9450355148,2026-02-28,8246216.0,15947153.0,4,,,,,
9450355148,2026-03-31,8246216.0,15947153.0,4,,,,,
9450355148,2026-04-30,8246216.0,15947153.0,4,,,,,
9450355148,2026-05-31,8246216.0,15947153.0,4,,,,,
9450355148,2026-06-30,8246216.0,15947153.0,4,,,,,
9450355148,2026-07-31,14316165.0,19188478.0,4,,,,,
9450355148,2026-08-31,16477269.0,20739699.0,4,,,,,
9450355148,2026-09-30,16477269.0,20739699.0,4,,,,,
9552956633,2025-10-31,3101050.0,8123378.0,1,,,,,
9552956633,2025-11-30,3101050.0,8123378.0,1,,,,,
9552956633,2025-12-31,3101050.0,8123378.0,1,1765.0,2025-12-29,,,Musteri vazgecti
9552956633,2026-01-31,3101050.0,8123378.0,1,,,,,
9552956633,2026-02-28,3101050.0,8123378.0,1,,,,,
9552956633,2026-03-31,3101050.0,8123378.0,1,,,,,
9552956633,2026-04-30,3101050.0,8123378.0,1,,,,,
9552956633,2026-05-31,3101050.0,8123378.0,1,,,,,
9552956633,2026-06-30,3101050.0,8123378.0,1,,,,,
9552956633,2026-07-31,3101050.0,8123378.0,1,,,,,
9552956633,2026-08-31,0.0,2887545.0,1,,,,,
9552956633,2026-09-30,0.0,2887545.0,1,,,,,
