SorguID,VKN,SorguTarihi,Skor,Neden,BireyselSapma,AkranSapmasi,SonSorguMu,GecikmeVar,SonrakiGecikmeVar,RiskBuyume30g,DolulukDelta,BankaSayisiDelta,NotDelta,GayrinakdiPayDelta,RotatifPayDelta,BizimPayDelta
1459,9275877629,2026-09-01,100.0,Yeni gecikme sinyali,100.0,100.0,1,1,,0.0231,0.221,2.0,-301.0,-0.0,0.2342,-0.0011
856,9656003254,2026-07-14,99.8,Yeni gecikme sinyali,,99.8,0,1,1.0,0.0251,0.2291,2.0,-317.0,0.0,0.2331,-0.0316
459,9622216194,2026-06-12,99.7,Yeni gecikme sinyali,,99.7,0,1,1.0,0.028,0.2372,2.0,-274.0,0.0,0.1709,-0.0359
360,9220836521,2026-04-24,99.7,Yeni gecikme sinyali,,99.7,1,1,,0.0321,0.2424,2.0,-288.0,0.0,0.1639,0.0106
1690,9684535692,2026-06-11,99.6,Banka sayısı değişti (artış),100.0,99.2,1,0,,0.0175,0.2282,1.0,-178.0,0.0,0.2164,-0.0045
1075,9466170255,2026-09-28,99.6,Takibe düşüş,,99.6,1,1,,0.0252,0.1572,2.0,-407.0,0.0,0.1589,-0.0597
78,9343835894,2026-05-04,99.4,Yeni gecikme sinyali,,99.4,0,1,1.0,0.0424,0.1689,2.0,-302.0,0.0,0.2659,-0.012
785,9403241394,2026-04-10,99.3,Bizim pay değişti (artış),,99.3,1,0,,-0.0386,-0.0359,-1.0,69.0,-0.0,0.1665,0.5975
1703,9655618059,2026-04-03,99.2,Banka sayısı değişti (azalış),,99.2,0,0,0.0,-0.0362,-0.064,-1.0,21.0,0.0,-0.0958,0.8116
1513,9704786083,2026-09-16,99.2,Takibe düşüş,100.0,98.4,1,1,,0.0378,0.1242,1.0,-134.0,0.0,0.3798,-0.0058
704,9303680074,2026-08-27,99.1,Yeni gecikme sinyali,,99.1,0,1,1.0,0.0343,0.1844,2.0,-323.0,-0.0,0.0517,-0.0289
1007,9516340054,2026-02-25,99.0,Bizim pay değişti (artış),,99.0,0,0,0.0,-0.0298,0.064,-1.0,-42.0,-0.0,0.203,0.5937
1182,9736804248,2026-08-10,98.9,Takibe düşüş,100.0,97.8,0,0,1.0,0.0305,0.1148,1.0,-141.0,0.0,0.3795,0.0303
1516,9136163415,2026-06-16,98.9,Banka sayısı değişti (artış),,98.9,0,0,0.0,0.0358,0.1514,1.0,-247.0,0.0,0.2279,-0.039
1111,9744960480,2026-04-24,98.8,Banka sayısı değişti (azalış),,98.8,1,0,,0.0009,-0.1047,-1.0,-30.0,0.0,0.1682,-0.0726
1227,9508491514,2026-08-26,98.7,Banka sayısı değişti (artış),,98.7,0,0,0.0,0.0352,0.0625,2.0,32.0,0.0,-0.176,-0.2617
1536,9930465186,2026-09-25,98.6,Sektör riski hızlı değişti (artış),100.0,97.2,1,0,,0.3448,-0.0656,0.0,122.0,0.0,0.0719,0.0164
1575,9828854867,2026-05-14,98.5,Banka sayısı değişti (artış),,98.5,0,0,1.0,0.0213,0.1335,2.0,-202.0,0.0,-0.1747,-0.0346
1077,9852855900,2026-03-27,98.3,Gayrinakdi pay kaydı (artış),,98.3,0,0,0.0,0.022,-0.0339,0.0,19.0,0.2205,-0.247,-0.0383
1274,9343423071,2026-07-31,98.2,Banka sayısı değişti (artış),,98.2,0,0,1.0,0.0246,0.1244,1.0,-255.0,-0.0,-0.0228,-0.0078
1296,9473402071,2026-05-18,98.1,Banka sayısı değişti (artış),,98.1,0,0,1.0,0.0224,0.1878,2.0,-281.0,0.0,-0.0688,-0.0172
363,9931012270,2026-05-08,97.9,Gayrinakdi pay kaydı (artış),,97.9,0,0,0.0,0.0175,0.0384,0.0,-16.0,0.137,-0.1242,-0.0445
81,9692878068,2026-06-18,97.7,Gayrinakdi pay kaydı (artış),,97.7,0,0,0.0,0.0056,-0.0167,0.0,15.0,0.0863,-0.168,0.0547
506,9250628499,2026-06-09,97.6,Gayrinakdi pay kaydı (artış),,97.6,1,0,,0.0335,-0.0685,0.0,71.0,0.0515,-0.1191,0.0386
539,9400194933,2026-08-24,97.4,Gayrinakdi pay kaydı (artış),,97.4,0,0,0.0,0.0252,-0.084,0.0,38.0,0.0493,0.0386,0.0681
1472,9705995476,2026-04-24,97.4,Gayrinakdi pay kaydı (artış),100.0,94.7,0,0,0.0,0.0295,-0.0096,0.0,32.0,0.1973,-0.2343,-0.0079
694,9339239422,2026-02-26,97.3,Gayrinakdi pay kaydı (artış),,97.3,0,0,0.0,0.0274,0.0492,0.0,3.0,0.1548,-0.1798,-0.0049
1247,9614307055,2026-07-01,97.2,Gayrinakdi pay kaydı (artış),100.0,94.4,1,0,,0.0265,-0.0155,0.0,44.0,0.2945,-0.1684,-0.0168
1114,9338333956,2026-07-07,97.2,Gayrinakdi pay kaydı (artış),,97.2,1,0,,0.031,0.0373,0.0,-66.0,0.2205,-0.0771,-0.0559
1672,9481902785,2026-04-10,97.1,Banka sayısı değişti (artış),,97.1,0,0,1.0,-0.0758,0.0626,1.0,18.0,0.0,0.3292,-0.0092
760,9143448279,2026-01-29,97.0,Gayrinakdi pay kaydı (artış),,97.0,0,0,0.0,0.0232,0.0617,0.0,-29.0,0.1425,-0.1592,0.0121
1113,9338333956,2026-01-27,96.9,Gayrinakdi pay kaydı (artış),,96.9,0,0,0.0,0.0417,-0.083,0.0,47.0,0.063,-0.1183,0.0335
171,9457509971,2026-06-17,96.8,Gayrinakdi pay kaydı (artış),,96.8,0,0,0.0,0.0297,0.0125,0.0,-18.0,0.1123,-0.0187,0.059
481,9659675827,2026-01-29,96.7,Gayrinakdi pay kaydı (artış),,96.7,0,0,0.0,0.0549,0.0328,0.0,-31.0,0.0863,-0.2098,-0.0319
1017,9966429055,2026-07-24,96.6,Banka sayısı değişti (artış),,96.6,0,0,0.0,0.039,0.1016,2.0,2.0,0.0,-0.0008,-0.2642
255,9696276634,2026-06-09,96.4,Gayrinakdi pay kaydı (artış),,96.4,0,0,0.0,0.0281,0.0674,0.0,3.0,0.1781,0.0107,-0.0514
660,9392160065,2026-05-29,96.3,Banka sayısı değişti (artış),,96.3,0,0,0.0,0.0267,0.1274,1.0,54.0,0.0,0.024,-0.1378
1324,9211935313,2026-09-07,96.2,Banka sayısı değişti (artış),,96.2,1,0,,0.0388,0.0589,1.0,-40.0,0.0,-0.1924,-0.1594
1243,9506045038,2026-09-18,96.2,Banka sayısı değişti (artış),100.0,92.3,1,0,,0.0311,-0.004,2.0,11.0,-0.0,-0.0257,-0.1723
432,9775374339,2026-03-04,96.2,Gayrinakdi pay kaydı (artış),,96.2,0,0,0.0,0.0343,-0.0093,0.0,52.0,0.0403,0.1207,0.0244
1188,9183957440,2026-05-29,96.1,Yeni gecikme sinyali,,96.1,1,1,,0.0296,0.1235,1.0,-161.0,0.0,0.2534,-0.0137
256,9696276634,2026-08-27,96.0,Gayrinakdi pay kaydı (artış),,96.0,1,0,,0.0178,-0.0805,0.0,-9.0,0.1082,-0.0792,0.0401
3,9609778585,2026-03-13,95.9,Gayrinakdi pay kaydı (artış),,95.9,1,0,,0.0184,0.0059,0.0,-77.0,0.1767,0.0529,-0.0039
456,9155149048,2026-06-12,95.8,Banka sayısı değişti (artış),,95.8,0,0,1.0,0.0217,0.1122,1.0,-174.0,-0.0,0.2839,-0.0232
131,9721114092,2026-03-31,95.7,Banka sayısı değişti (artış),,95.7,0,0,1.0,0.0409,0.1597,1.0,-221.0,-0.0,-0.0171,-0.0039
1680,9698642242,2026-05-08,95.6,Banka sayısı değişti (azalış),,95.6,1,0,,-0.0213,-0.1092,-1.0,-6.0,-0.0,-0.0053,-0.0819
1267,9299758635,2026-05-22,95.6,Gayrinakdi pay kaydı (artış),99.4,91.8,1,0,,0.0178,0.0255,0.0,53.0,0.1548,-0.1025,0.007
329,9788997352,2025-12-22,95.5,Gayrinakdi pay kaydı (artış),,95.5,0,0,0.0,0.0207,-0.0543,0.0,-48.0,0.0932,-0.1406,-0.015
234,9577971496,2026-02-24,95.4,Rotatif pay kaydı (artış),,95.4,1,0,,0.0426,0.1117,0.0,-114.0,-0.0,0.2759,-0.0248
1351,9808404116,2026-08-10,95.3,Gayrinakdi pay kaydı (artış),100.0,90.6,1,0,,0.0267,-0.028,0.0,60.0,0.1863,-0.085,-0.0161
592,9276574680,2026-02-20,95.2,Gayrinakdi pay kaydı (artış),,95.2,0,0,0.0,0.0309,0.0765,0.0,44.0,0.1151,-0.042,-0.0242
1090,9221688379,2026-04-06,95.2,Sektör riski hızlı değişti (azalış),,95.2,1,0,,-0.3467,-0.1366,0.0,30.0,0.0,0.0764,-0.0347
1253,9125463074,2026-04-29,95.1,Yeni gecikme sinyali,,95.1,0,1,1.0,0.0258,0.1143,2.0,-169.0,-0.0,-0.1811,-0.0168
437,9145792660,2026-08-21,95.0,Gayrinakdi pay kaydı (artış),,95.0,0,0,0.0,0.0352,0.0503,0.0,73.0,0.0655,-0.0444,0.0905
707,9993527161,2026-02-16,94.9,Gayrinakdi pay kaydı (artış),,94.9,0,0,0.0,0.034,0.038,0.0,-4.0,0.1384,-0.109,-0.0627
427,9953158515,2026-06-12,94.8,Gayrinakdi pay kaydı (artış),,94.8,0,0,0.0,0.0191,-0.1024,0.0,54.0,0.0603,-0.1084,-0.0049
416,9299892333,2026-03-25,94.6,Gayrinakdi pay kaydı (artış),,94.6,0,0,0.0,0.0302,-0.0536,0.0,33.0,0.0214,-0.1333,0.0121
1261,9960274480,2026-09-29,94.6,Gayrinakdi pay kaydı (artış),,94.6,1,0,,0.0285,0.0011,0.0,-26.0,0.1877,-0.0756,-0.0552
375,9916844402,2026-01-26,94.5,Banka sayısı değişti (artış),,94.5,0,0,0.0,0.0027,-0.0976,1.0,6.0,0.0,-0.1629,-0.0667
1367,9522220093,2026-06-19,94.3,Banka sayısı değişti (azalış),,94.3,0,0,0.0,-0.0515,-0.0572,-1.0,49.0,-0.0,-0.0166,-0.0415
20,9796187133,2026-01-30,94.2,Gayrinakdi pay kaydı (artış),,94.2,0,0,0.0,0.1179,0.0126,0.0,-17.0,0.0411,0.1022,0.0428
536,9618130408,2026-05-29,94.2,Yeni gecikme sinyali,100.0,88.5,1,1,,0.0093,0.1115,1.0,-146.0,-0.0,0.1179,-0.0298
159,9694640063,2026-07-03,94.1,Banka sayısı değişti (artış),,94.1,0,0,0.0,0.039,0.0788,2.0,6.0,-0.0,-0.058,-0.1724
27,9847033530,2026-07-03,94.1,Gayrinakdi pay kaydı (artış),,94.1,0,0,0.0,0.0285,0.0705,0.0,-68.0,0.0781,0.0295,0.0202
362,9931012270,2026-01-28,94.0,Gayrinakdi pay kaydı (artış),,94.0,0,0,0.0,0.0155,-0.0603,0.0,51.0,0.1507,-0.0731,-0.0068
1063,9284144676,2025-12-18,93.9,Gayrinakdi pay kaydı (artış),,93.9,0,0,0.0,-0.0235,-0.0829,0.0,-12.0,0.0507,0.0683,-0.0041
1499,9141606212,2025-12-29,93.7,Sektör riski hızlı değişti (artış),,93.7,0,0,0.0,0.1958,0.0781,0.0,-21.0,-0.0,0.2139,-0.007
1538,9863373194,2026-02-10,93.6,Gayrinakdi pay kaydı (artış),,93.6,0,0,0.0,0.0368,0.0458,0.0,-12.0,0.1068,0.014,-0.0139
1066,9284144676,2026-07-14,93.6,Gayrinakdi pay kaydı (artış),100.0,87.3,1,0,,0.0206,0.0105,0.0,19.0,0.2356,-0.1112,0.0033
186,9978307786,2026-01-19,93.6,Gayrinakdi pay kaydı (artış),,93.6,0,0,0.0,0.0216,-0.0138,0.0,-33.0,0.1479,0.0767,0.0083
59,9577757216,2026-06-15,93.4,Yeni gecikme sinyali,100.0,86.9,0,1,1.0,0.0288,0.0755,1.0,-102.0,0.0,0.2786,0.0053
211,9275611816,2026-08-07,93.4,Banka sayısı değişti (artış),100.0,86.8,1,0,,0.0405,-0.0018,1.0,-123.0,-0.0,0.0395,-0.1096
932,9885385383,2026-06-05,93.4,Banka sayısı değişti (azalış),,93.4,0,0,0.0,-0.0412,-0.0375,-1.0,53.0,-0.0,0.1179,-0.0751
287,9349162040,2026-09-01,93.3,Sektör riski hızlı değişti (artış),100.0,86.6,1,0,,0.2267,0.0442,0.0,3.0,-0.0,-0.2051,0.015
944,9861370355,2026-05-08,93.3,Yeni gecikme sinyali,,93.3,0,1,1.0,0.0232,0.1335,1.0,-183.0,0.0,0.0364,0.0059
292,9409020143,2026-05-26,93.3,Banka sayısı değişti (artış),100.0,86.5,0,0,0.0,0.0379,0.0727,1.0,-2.0,0.0,-0.0626,-0.1214
246,9683365356,2026-04-13,93.2,Banka sayısı değişti (artış),,93.2,0,0,0.0,0.0281,0.0236,1.0,-64.0,-0.0,-0.1514,-0.175
1000,9955446642,2026-07-17,93.1,Gayrinakdi pay kaydı (artış),,93.1,1,0,,0.0221,-0.0497,0.0,-44.0,0.1822,-0.1521,0.0072
13,9843950336,2026-02-23,93.1,Banka sayısı değişti (artış),,93.1,0,0,0.0,0.0252,-0.0761,1.0,43.0,0.0,-0.1443,-0.0749
965,9799926935,2026-08-24,93.1,Banka sayısı değişti (artış),100.0,86.1,1,0,,0.0291,0.084,1.0,13.0,-0.0,0.0745,-0.1077
625,9379109355,2026-01-19,93.0,Banka sayısı değişti (artış),,93.0,0,0,0.0,-0.0606,0.0205,1.0,33.0,-0.0,-0.1948,-0.05
46,9729478084,2026-05-29,92.9,Yeni gecikme sinyali,100.0,85.7,0,1,1.0,0.0362,0.0678,1.0,-153.0,0.0,0.106,0.0091
685,9452653938,2026-05-28,92.8,Banka sayısı değişti (azalış),,92.8,0,0,0.0,-0.0362,-0.0341,-1.0,-4.0,-0.0,-0.1519,-0.0366
26,9847033530,2026-05-07,92.7,Gayrinakdi pay kaydı (artış),,92.7,0,0,0.0,0.0286,-0.0251,0.0,57.0,0.1137,-0.0839,-0.0336
1473,9705995476,2026-09-29,92.6,Gayrinakdi pay kaydı (artış),100.0,85.3,1,0,,0.015,-0.0184,0.0,-30.0,0.2164,-0.0613,-0.0004
187,9978307786,2026-02-26,92.6,Gayrinakdi pay kaydı (artış),,92.6,0,0,0.0,0.0792,0.057,0.0,49.0,0.0521,-0.1892,0.0029
708,9993527161,2026-02-26,92.6,Sektör riski hızlı değişti (azalış),,92.6,0,0,0.0,-0.0657,-0.0385,0.0,-15.0,0.0137,0.0765,0.0622
1003,9693066967,2026-02-06,92.5,Gayrinakdi pay kaydı (artış),,92.5,0,0,0.0,0.019,-0.0111,0.0,26.0,0.1397,-0.0107,-0.0368
1181,9736804248,2026-05-26,92.1,Yeni gecikme sinyali,100.0,84.2,0,1,0.0,0.0291,0.076,1.0,-122.0,-0.0,-0.1384,-0.0386
1040,9198164725,2026-09-25,92.1,Gayrinakdi pay kaydı (artış),,92.1,0,0,0.0,0.0405,-0.021,0.0,-50.0,0.1781,-0.0748,0.0291
1478,9715095307,2026-01-08,92.1,Banka sayısı değişti (artış),,92.1,0,0,0.0,0.0267,0.1066,1.0,-113.0,0.0,-0.1159,0.0173
1033,9387699010,2025-11-24,92.0,Sektör riski hızlı değişti (artış),,92.0,0,0,0.0,0.2487,-0.0268,0.0,31.0,0.0041,0.1552,-0.0029
870,9987426768,2026-06-26,91.7,Gayrinakdi pay kaydı (artış),,91.7,0,0,0.0,0.025,-0.0311,0.0,7.0,0.3164,-0.1475,0.0109
37,9319870421,2026-06-09,91.6,Banka sayısı değişti (azalış),,91.6,0,0,0.0,-0.0453,-0.059,-1.0,-9.0,-0.0,0.0939,-0.0289
93,9931510360,2026-05-29,91.6,Sektör riski hızlı değişti (azalış),100.0,83.3,0,0,0.0,-0.271,-0.0158,0.0,45.0,0.0,-0.1557,0.0045
571,9533832130,2026-05-15,91.6,Yeni gecikme sinyali,,91.6,0,1,1.0,0.0099,0.0545,1.0,-199.0,-0.0,0.0985,-0.0087
455,9155149048,2026-02-27,91.5,Banka sayısı değişti (artış),,91.5,0,0,0.0,0.0328,0.1247,1.0,-173.0,-0.0,-0.1082,-0.0169
746,9161259812,2026-07-28,91.4,Yeni gecikme sinyali,83.4,99.5,0,1,1.0,0.0286,0.2451,1.0,-282.0,0.0,0.0382,0.0
1595,9958726598,2026-07-28,91.4,Gayrinakdi pay kaydı (artış),,91.4,1,0,,0.043,-0.0216,0.0,-3.0,0.2493,-0.0948,0.0067
482,9659675827,2026-02-18,91.3,Gayrinakdi pay kaydı (artış),,91.3,0,0,0.0,-0.0202,-0.0727,0.0,-2.0,0.0274,0.1463,0.0647
94,9931510360,2026-08-14,91.3,Banka sayısı değişti (artış),100.0,82.5,1,0,,0.049,-0.0156,1.0,-16.0,-0.0,0.1303,-0.1036
1297,9473402071,2026-09-25,91.2,Yeni gecikme sinyali,,91.2,1,1,,0.0293,0.1151,1.0,-186.0,-0.0,0.1725,-0.0424
1331,9633650607,2026-05-15,91.1,Yeni gecikme sinyali,100.0,82.2,1,1,,0.0126,0.0721,1.0,-119.0,-0.0,0.0453,-0.0068
190,9978307786,2026-07-31,91.1,Gayrinakdi pay kaydı (artış),88.7,93.5,1,0,,0.0345,-0.026,0.0,-57.0,0.1438,0.0135,-0.0271
535,9618130408,2026-01-30,91.1,Banka sayısı değişti (artış),100.0,82.3,0,0,1.0,0.0479,0.1209,1.0,-87.0,-0.0,-0.115,-0.0096
761,9143448279,2026-07-24,91.0,Gayrinakdi pay kaydı (artış),,91.0,1,0,,0.0383,-0.0156,0.0,75.0,0.2411,-0.0697,0.0077
1638,9912400916,2026-07-24,90.9,Banka sayısı değişti (artış),,90.9,0,0,0.0,0.0334,-0.0442,1.0,-2.0,0.0,0.0382,-0.1539
1034,9387699010,2026-04-13,90.8,Gayrinakdi pay kaydı (artış),,90.8,0,0,0.0,0.0201,-0.012,0.0,-13.0,0.1918,-0.1497,0.0043
364,9931012270,2026-06-05,90.7,Gayrinakdi pay kaydı (artış),100.0,81.4,0,0,0.0,0.0866,-0.0313,0.0,-45.0,0.0384,0.0025,0.0219
547,9259163454,2026-05-08,90.7,Gayrinakdi pay kaydı (artış),,90.7,0,0,0.0,0.0212,-0.0587,0.0,4.0,0.1849,-0.0393,0.0169
725,9273647562,2026-09-11,90.6,Banka sayısı değişti (artış),100.0,81.2,0,1,1.0,0.0157,0.0202,1.0,-118.0,-0.0,0.1247,-0.0444
1725,9395907037,2026-03-24,90.6,Banka sayısı değişti (azalış),,90.6,0,0,0.0,-0.0523,-0.0846,-1.0,29.0,-0.0,0.0865,-0.007
999,9955446642,2026-03-06,90.5,Gayrinakdi pay kaydı (artış),,90.5,0,0,0.0,0.0228,0.0501,0.0,3.0,0.163,-0.0915,-0.0001
203,9312724391,2026-02-27,90.4,Gayrinakdi pay kaydı (artış),,90.4,0,0,0.0,0.0278,-0.0438,0.0,15.0,0.1658,-0.154,0.0046
705,9303680074,2026-08-31,90.3,Sektör riski hızlı değişti (azalış),,90.3,1,1,,-0.2505,0.0402,0.0,47.0,-0.0,0.1718,0.049
636,9685715130,2026-05-15,90.2,Gayrinakdi pay kaydı (artış),,90.2,0,0,0.0,0.0295,-0.0218,0.0,-15.0,0.3068,-0.1674,0.0013
475,9777398662,2026-08-19,90.2,Banka sayısı değişti (artış),100.0,80.4,0,0,0.0,0.017,-0.0319,1.0,29.0,0.0,0.1207,-0.0702
1071,9790894929,2026-07-31,90.1,Banka sayısı değişti (artış),100.0,80.1,1,0,,0.0445,-0.0321,1.0,51.0,-0.0,0.0263,-0.1084
68,9983689845,2026-05-26,90.1,Gayrinakdi pay kaydı (artış),,90.1,0,0,0.0,0.0123,-0.0085,0.0,33.0,0.174,-0.1195,-0.0087
67,9983689845,2026-01-19,90.0,Gayrinakdi pay kaydı (artış),,90.0,0,0,0.0,0.0799,0.0214,0.0,-24.0,0.0726,0.0808,-0.0104
747,9161259812,2026-09-07,90.0,Takibe düşüş,16.6,70.7,1,1,,0.0232,-0.0316,1.0,-72.0,0.0,0.038,-0.0077
1480,9715095307,2026-08-11,90.0,Takibe düşüş,76.7,99.9,0,1,1.0,0.0303,0.2533,2.0,-308.0,-0.0,0.2849,-0.0426
1135,9371612080,2026-08-28,90.0,Takibe düşüş,100.0,74.2,0,1,0.0,-0.0066,0.0491,1.0,-23.0,0.0,0.177,-0.0079
857,9656003254,2026-08-10,90.0,Takibe düşüş,,62.4,1,1,,0.0501,0.0164,1.0,-37.0,-0.0,-0.0538,0.016
1276,9343423071,2026-09-11,90.0,Takibe düşüş,100.0,41.9,0,0,1.0,0.0408,-0.0,0.0,-77.0,-0.0,-0.0263,-0.0215
775,9854322899,2026-08-25,90.0,Takibe düşüş,100.0,71.3,1,1,,0.0439,0.0326,1.0,-46.0,-0.0,0.1453,-0.0025
1093,9305502608,2026-03-17,89.8,Banka sayısı değişti (azalış),,89.8,0,0,0.0,-0.0367,-0.0109,-1.0,94.0,0.0,-0.0548,-0.0301
233,9577971496,2025-12-10,89.5,Banka sayısı değişti (artış),,89.5,0,0,0.0,0.0421,0.0488,1.0,-95.0,0.0,-0.1834,0.0027
1126,9195348121,2026-09-25,89.5,Banka sayısı değişti (artış),100.0,79.0,0,0,0.0,0.0164,0.0846,1.0,35.0,-0.0,-0.0071,-0.0929
1002,9693066967,2025-10-27,89.5,Sektör riski hızlı değişti (artış),,89.5,0,0,0.0,0.3754,0.0014,0.0,-4.0,0.0041,0.0605,0.007
323,9382913148,2026-04-10,89.4,Banka sayısı değişti (artış),100.0,78.8,0,0,0.0,0.0424,0.0601,1.0,20.0,-0.0,0.0233,-0.0807
197,9501465603,2026-03-19,89.4,Banka sayısı değişti (artış),,89.4,0,0,0.0,0.0396,0.0491,1.0,54.0,0.0,0.2336,-0.1308
1028,9556471107,2026-06-05,89.3,Gayrinakdi pay kaydı (artış),,89.3,0,0,0.0,0.0335,0.0128,0.0,53.0,0.0466,-0.2269,0.0317
688,9556260484,2026-04-24,89.2,Gayrinakdi pay kaydı (artış),,89.2,0,0,0.0,0.0242,-0.0358,0.0,-47.0,0.2644,-0.1007,0.0097
1148,9765255089,2026-06-16,89.1,Banka sayısı değişti (artış),,89.1,1,0,,0.0394,0.0859,1.0,4.0,-0.0,-0.0923,-0.1534
1303,9118235015,2026-07-24,89.0,Banka sayısı değişti (artış),,89.0,1,0,,0.0371,-0.0109,1.0,-51.0,0.0,0.0403,-0.146
21,9796187133,2026-03-17,89.0,Gayrinakdi pay kaydı (artış),,89.0,0,0,0.0,0.0138,-0.0091,0.0,-19.0,0.063,-0.0409,-0.0287
844,9628076396,2026-06-12,88.9,Sektör riski hızlı değişti (azalış),,88.9,0,0,0.0,-0.238,0.1248,0.0,-26.0,-0.0,-0.1208,0.0031
24,9796187133,2026-09-29,88.8,Gayrinakdi pay kaydı (artış),79.4,98.2,1,0,,0.0062,-0.0406,0.0,45.0,0.1329,0.0034,-0.0495
43,9729478084,2026-02-13,88.7,Banka sayısı değişti (artış),,88.7,0,0,0.0,0.0344,0.0005,1.0,-179.0,0.0,0.1514,-0.0247
282,9234139153,2026-09-14,88.7,Sektör riski hızlı değişti (artış),100.0,77.3,1,0,,0.1936,-0.0018,0.0,-6.0,-0.0,-0.1663,0.0304
1054,9933563976,2026-04-30,88.6,Banka sayısı değişti (artış),,88.6,0,0,0.0,0.0331,-0.0053,1.0,-18.0,-0.0,0.0027,-0.1683
500,9164665301,2026-07-24,88.6,Banka sayısı değişti (azalış),100.0,77.2,1,1,,-0.0124,0.0714,0.0,-132.0,-0.0,0.222,0.0211
526,9927384295,2026-09-17,88.5,Banka sayısı değişti (artış),100.0,76.9,1,0,,0.0116,0.0,1.0,-34.0,0.0,0.1508,-0.0681
994,9683896248,2026-07-23,88.4,Gayrinakdi pay kaydı (artış),,88.4,1,0,,0.0295,0.0077,0.0,52.0,0.1479,-0.0909,0.0112
198,9501465603,2026-08-07,88.1,Banka sayısı değişti (artış),,88.1,1,0,,0.0457,-0.0361,1.0,-29.0,-0.0,-0.1754,-0.1073
137,9656843300,2026-02-25,88.1,Banka sayısı değişti (artış),100.0,76.2,0,0,0.0,0.0693,0.0152,1.0,66.0,-0.0,-0.0445,-0.0235
916,9825631514,2026-06-29,88.0,Sektör riski hızlı değişti (azalış),100.0,76.1,1,0,,-0.2055,0.0273,0.0,66.0,0.0,0.1128,0.0069
1057,9933563976,2026-07-24,87.9,Banka sayısı değişti (azalış),100.0,75.8,1,0,,0.2368,-0.0223,0.0,25.0,0.0,0.0031,-0.052
1223,9722696583,2025-11-30,87.9,Sektör riski hızlı değişti (artış),,87.9,0,0,0.0,0.3163,0.0515,0.0,9.0,0.0,-0.0456,0.012
546,9259163454,2025-12-24,87.8,Gayrinakdi pay kaydı (artış),,87.8,0,0,0.0,0.0707,0.0614,0.0,-23.0,0.0644,-0.0587,-0.0224
905,9235116600,2026-09-18,87.8,Banka sayısı değişti (artış),100.0,75.6,1,0,,0.031,0.1006,1.0,26.0,-0.0,-0.0286,-0.0093
330,9788997352,2026-02-25,87.7,Gayrinakdi pay kaydı (artış),,87.7,0,0,0.0,0.036,0.0407,0.0,35.0,0.089,-0.0331,-0.0078
1512,9704786083,2026-06-19,87.5,Yeni gecikme sinyali,100.0,75.0,0,1,1.0,0.0154,0.0611,1.0,-108.0,0.0,-0.0033,-0.0414
1642,9241841361,2026-03-03,87.5,Banka sayısı değişti (artış),,87.5,0,0,0.0,0.0597,-0.0743,1.0,-23.0,-0.0,-0.0295,-0.0395
1695,9866336428,2026-03-31,87.5,Gayrinakdi pay kaydı (artış),,87.5,1,0,,0.0399,0.0113,0.0,45.0,0.0433,0.0473,0.0732
9,9657261830,2026-04-13,87.2,Banka sayısı değişti (artış),,87.2,0,0,0.0,0.0287,0.1156,1.0,-119.0,0.0,-0.0905,-0.0169
1275,9343423071,2026-08-06,87.0,Yeni gecikme sinyali,,87.0,0,1,0.0,-0.1512,0.0,1.0,-20.0,0.0,-0.0625,-0.013
82,9692878068,2026-09-16,87.0,Gayrinakdi pay kaydı (artış),,87.0,1,0,,0.0105,-0.0187,0.0,13.0,0.1233,-0.0413,-0.019
99,9922085802,2026-09-30,86.9,Banka sayısı değişti (artış),100.0,73.8,1,0,,0.0339,0.0146,1.0,-40.0,-0.0,0.0593,-0.1005
1557,9269282943,2026-01-20,86.8,Sektör riski hızlı değişti (artış),89.0,84.7,1,0,,0.2011,0.0852,0.0,-57.0,0.0,0.1157,0.0099
1272,9782472222,2026-09-24,86.8,Banka sayısı değişti (artış),100.0,73.7,1,0,,0.036,0.0881,1.0,5.0,0.0,-0.0348,-0.0824
877,9848932017,2026-07-24,86.8,Banka sayısı değişti (artış),100.0,73.6,1,0,,0.0144,0.0284,1.0,-55.0,0.0,0.1736,0.0
1265,9299758635,2025-12-11,86.3,Gayrinakdi pay kaydı (artış),,86.3,0,0,0.0,0.0365,0.0443,0.0,64.0,0.0849,-0.0314,-0.011
616,9279822879,2026-03-20,86.2,Banka sayısı değişti (artış),100.0,72.5,0,0,0.0,0.043,0.049,1.0,12.0,-0.0,0.0429,-0.0642
498,9164665301,2026-04-20,86.2,Yeni gecikme sinyali,,86.2,0,1,1.0,0.0564,0.0893,1.0,-155.0,-0.0,-0.1302,-0.0238
1429,9224855466,2026-08-13,86.1,Banka sayısı değişti (artış),100.0,72.2,0,0,0.0,0.0346,0.0644,1.0,0.0,-0.0,0.0915,-0.0782
930,9650660307,2026-07-28,86.1,Banka sayısı değişti (artış),100.0,72.2,1,0,,0.029,0.0057,1.0,-93.0,0.0,0.0554,0.0
1573,9953564957,2026-06-30,86.0,Sektör riski hızlı değişti (artış),93.6,78.3,1,0,,0.1937,-0.0334,0.0,1.0,0.0,0.0585,-0.0034
1646,9241841361,2026-09-21,86.0,Banka sayısı değişti (artış),100.0,72.0,1,0,,0.0162,0.0626,1.0,44.0,0.0,0.0639,-0.0611
518,9461781639,2026-09-14,86.0,Bizim pay değişti (artış),,86.0,1,0,,-0.0151,-0.0683,0.0,2.0,0.0,0.0102,0.2258
893,9311233139,2026-05-15,86.0,KKB notu değişti (artış),,86.0,0,0,0.0,0.0331,-0.0808,0.0,118.0,0.0,-0.0528,0.0672
56,9577757216,2025-11-03,85.8,Sektör riski hızlı değişti (artış),,85.8,0,0,0.0,0.2431,0.0114,0.0,-104.0,0.0,0.0797,0.0106
440,9761284833,2026-05-01,85.6,Banka sayısı değişti (azalış),,85.6,0,0,0.0,-0.0321,-0.052,-1.0,-41.0,0.0,-0.0203,-0.0463
976,9632226348,2026-09-18,85.6,Bizim pay değişti (azalış),78.8,92.4,1,0,,0.0292,0.0826,1.0,20.0,-0.0,-0.0885,-0.1751
226,9245884522,2025-11-02,85.5,Sektör riski hızlı değişti (azalış),,85.5,0,0,0.0,-0.4158,0.036,0.0,-44.0,0.0,0.1407,0.0233
92,9931510360,2026-05-27,85.5,Banka sayısı değişti (artış),,85.5,0,0,0.0,0.0411,0.0904,1.0,-29.0,0.0,0.0707,-0.1439
1621,9595273410,2026-03-27,85.4,Sektör riski hızlı değişti (azalış),,85.4,0,0,0.0,-0.2617,0.0806,0.0,-29.0,-0.0,-0.0487,0.023
1439,9186894106,2026-01-29,85.2,Gayrinakdi pay kaydı (artış),,85.2,0,0,0.0,-0.0036,0.0255,0.0,-31.0,0.0877,-0.0123,-0.0033
10,9657261830,2026-07-31,85.1,Banka sayısı değişti (azalış),100.0,70.2,1,0,,0.0323,0.0289,0.0,-193.0,0.0,0.0827,0.005
643,9354536579,2026-09-01,85.1,Banka sayısı değişti (artış),100.0,70.2,1,0,,0.0238,-0.014,1.0,45.0,0.0,-0.0656,0.0
570,9533832130,2026-01-05,85.1,Banka sayısı değişti (artış),,85.1,0,0,1.0,0.0536,0.1193,1.0,-65.0,0.0,-0.0147,0.0068
378,9916844402,2026-08-07,84.9,Banka sayısı değişti (artış),100.0,69.9,0,0,0.0,0.0293,0.0026,1.0,1.0,-0.0,-0.0721,-0.0787
880,9224722496,2026-09-18,84.9,Gayrinakdi pay kaydı (artış),,84.9,1,0,,0.0419,-0.0723,0.0,2.0,0.0671,-0.0276,-0.0039
1655,9532548233,2026-08-17,84.8,Bizim pay değişti (artış),,84.8,1,0,,0.0284,0.0094,0.0,92.0,0.0,-0.1797,0.0916
822,9320030683,2026-06-02,84.8,Yeni gecikme sinyali,100.0,69.6,1,1,,-0.0078,0.0705,1.0,-72.0,-0.0,-0.0055,0.0078
1750,9447829316,2026-01-02,84.7,Banka sayısı değişti (artış),100.0,69.5,0,0,0.0,0.0285,0.028,1.0,23.0,-0.0,-0.1167,-0.0205
1260,9960274480,2026-05-15,84.6,Sektör riski hızlı değişti (azalış),,84.6,0,0,0.0,-0.149,-0.0325,0.0,3.0,0.0014,-0.0436,0.0754
259,9639162006,2026-07-24,84.5,Banka sayısı değişti (artış),,84.5,1,0,,0.0331,0.0762,1.0,34.0,-0.0,-0.0424,-0.1122
560,9506687736,2026-09-18,84.4,Banka sayısı değişti (artış),100.0,68.7,1,0,,0.0206,0.0363,1.0,-28.0,-0.0,0.168,0.0
637,9685715130,2026-07-01,84.4,Gayrinakdi pay kaydı (artış),,84.4,1,0,,0.0609,0.0085,0.0,-34.0,0.0644,-0.0115,0.0125
521,9372881868,2026-04-24,84.4,Yeni gecikme sinyali,,84.4,1,1,,0.0493,0.1135,1.0,-124.0,-0.0,0.0122,-0.0383
993,9683896248,2026-04-06,84.3,Gayrinakdi pay kaydı (artış),,84.3,0,0,0.0,0.0347,0.027,0.0,-24.0,0.0849,-0.0721,-0.0353
628,9379109355,2026-09-25,84.2,Banka sayısı değişti (artış),100.0,68.4,1,0,,0.03,0.0269,1.0,36.0,-0.0,0.0453,-0.0922
1290,9961518072,2026-08-25,84.1,Banka sayısı değişti (artış),100.0,68.2,1,0,,0.0471,0.0484,1.0,-39.0,-0.0,0.1107,-0.086
1549,9419321727,2026-07-20,84.1,Banka sayısı değişti (artış),,84.1,0,0,0.0,0.0653,0.0235,1.0,25.0,0.0,0.1396,-0.1078
1440,9186894106,2026-03-27,83.9,Gayrinakdi pay kaydı (artış),,83.9,0,0,0.0,0.0685,-0.0439,0.0,13.0,0.0781,-0.0042,-0.0162
1594,9958726598,2026-01-27,83.8,Gayrinakdi pay kaydı (artış),,83.8,0,0,0.0,-0.0538,0.0188,0.0,-43.0,0.0452,-0.0598,-0.0317
714,9934901562,2026-09-29,83.7,Bizim pay değişti (artış),,83.7,1,0,,0.0306,0.0256,0.0,89.0,-0.0,-0.172,0.1007
1204,9628730762,2025-12-26,83.6,Banka sayısı değişti (artış),,83.6,0,0,0.0,0.0077,0.1138,1.0,-66.0,0.0,0.104,-0.0251
1437,9114631398,2026-07-30,83.6,Sektör riski hızlı değişti (azalış),97.9,69.3,1,0,,-0.167,-0.0378,0.0,54.0,0.0,-0.1802,-0.041
249,9683365356,2026-09-18,83.5,Banka sayısı değişti (artış),100.0,67.1,1,0,,0.028,0.0151,1.0,-60.0,0.0,0.0384,-0.0848
900,9235116600,2026-01-27,83.5,Banka sayısı değişti (artış),,83.5,0,0,0.0,0.0306,0.0118,1.0,-1.0,0.0,-0.1135,-0.069
57,9577757216,2026-01-30,83.4,Banka sayısı değişti (artış),,83.4,0,0,0.0,0.0328,0.0793,1.0,-162.0,0.0,-0.0194,-0.0331
879,9224722496,2026-07-31,83.4,Gayrinakdi pay kaydı (artış),,83.4,0,0,0.0,-0.0009,0.0023,0.0,-30.0,0.0959,0.0436,0.025
674,9217829180,2026-08-28,83.2,Banka sayısı değişti (artış),100.0,66.3,1,0,,0.0313,0.0509,1.0,-22.0,0.0,0.1219,-0.0356
18,9859858350,2026-06-26,83.2,Bizim pay değişti (artış),,83.2,1,0,,-0.0198,0.0073,0.0,-16.0,-0.0,-0.1634,0.1679
14,9843950336,2026-09-11,83.1,Bizim pay değişti (azalış),68.1,98.0,1,0,,0.0389,0.0956,1.0,-41.0,-0.0,0.1646,-0.1862
722,9273647562,2026-05-25,83.1,Banka sayısı değişti (artış),,83.1,0,0,0.0,0.0014,-0.0189,1.0,-150.0,0.0,0.0419,-0.0116
1686,9684535692,2025-10-29,83.0,Sektör riski hızlı değişti (artış),,83.0,0,0,0.0,0.1452,0.0847,0.0,-33.0,0.0,0.1423,-0.0144
274,9421914368,2026-02-26,82.9,Banka sayısı değişti (artış),,82.9,0,0,0.0,0.0577,0.0256,1.0,23.0,0.0,-0.1788,-0.0785
1745,9812662560,2026-09-09,82.8,Banka sayısı değişti (artış),,82.8,0,0,0.0,0.0474,0.0973,1.0,65.0,0.0,0.0404,-0.0094
1548,9419321727,2026-05-15,82.7,Banka sayısı değişti (artış),,82.7,0,0,0.0,0.0364,0.0992,1.0,-22.0,-0.0,-0.0845,-0.0989
97,9922085802,2026-01-27,82.6,Banka sayısı değişti (artış),,82.6,0,0,0.0,0.0435,0.0051,1.0,-57.0,-0.0,0.1126,-0.0824
1712,9151572658,2026-09-08,82.5,Banka sayısı değişti (artış),100.0,65.0,1,0,,0.0346,0.011,1.0,-2.0,-0.0,0.107,-0.0454
758,9503394478,2026-07-20,82.4,Banka sayısı değişti (artış),100.0,64.8,1,0,,0.0372,0.0151,1.0,-80.0,0.0,-0.0707,0.0
1103,9667136772,2026-02-23,82.4,Banka sayısı değişti (artış),,82.4,0,0,0.0,0.0351,0.1173,1.0,-31.0,-0.0,0.0766,-0.0687
1348,9808404116,2025-12-31,82.4,Gayrinakdi pay kaydı (artış),,82.4,0,0,0.0,0.0317,0.0738,0.0,-6.0,0.0452,0.0179,0.0338
1540,9863373194,2026-09-15,82.2,Gayrinakdi pay kaydı (artış),68.0,96.5,0,0,0.0,0.0282,-0.0137,0.0,40.0,0.2452,-0.1354,0.0257
1752,9447829316,2026-08-04,82.2,Banka sayısı değişti (artış),100.0,64.5,1,0,,0.0164,0.0025,1.0,-52.0,-0.0,-0.0175,-0.0576
1133,9371612080,2026-07-03,82.1,Yeni gecikme sinyali,,82.1,0,1,1.0,0.0273,0.1065,1.0,-128.0,0.0,0.0147,-0.0563
632,9356610160,2026-08-19,82.1,Sektör riski hızlı değişti (azalış),100.0,64.3,1,0,,-0.1852,0.0072,0.0,4.0,0.0,-0.0044,-0.0082
983,9145341764,2026-01-26,82.0,Banka sayısı değişti (artış),,82.0,0,0,0.0,0.0261,-0.0545,1.0,-21.0,0.0,0.1512,-0.042
825,9440981160,2026-06-09,81.9,Banka sayısı değişti (artış),,81.9,1,0,,0.0234,0.1045,1.0,-148.0,-0.0,0.0365,-0.0073
1446,9649862810,2026-04-17,81.9,Bizim pay değişti (artış),,81.9,0,0,0.0,0.0037,0.0406,0.0,13.0,0.0249,0.0019,0.0652
887,9167816279,2026-01-29,81.8,Banka sayısı değişti (artış),,81.8,0,0,0.0,0.0244,0.0994,1.0,-89.0,0.0,0.1479,0.0039
1648,9815972680,2026-05-15,81.7,Gayrinakdi pay kaydı (artış),,81.7,0,0,0.0,0.0151,-0.0191,0.0,-25.0,0.0726,-0.0166,0.0114
832,9728486566,2026-09-23,81.7,Sektör riski hızlı değişti (artış),100.0,63.5,1,0,,0.2386,0.0565,0.0,9.0,0.0,-0.0492,0.0118
1251,9280935817,2026-09-25,81.6,Sektör riski hızlı değişti (azalış),92.4,70.9,1,0,,-0.1495,-0.0778,0.0,-34.0,-0.0,-0.0344,-0.0323
1632,9416214714,2026-01-07,81.6,Banka sayısı değişti (artış),,81.6,0,0,0.0,0.0498,-0.0255,1.0,-61.0,-0.0,0.1257,-0.0712
381,9302220526,2026-02-18,81.4,Banka sayısı değişti (artış),,81.4,0,0,0.0,0.0309,-0.0174,1.0,41.0,0.0,0.1161,-0.1158
1212,9562643376,2026-02-18,81.1,Gayrinakdi pay kaydı (artış),,81.1,0,0,0.0,0.0243,-0.003,0.0,-9.0,0.074,-0.0398,-0.0225
783,9203667447,2026-08-24,81.0,Sektör riski hızlı değişti (azalış),81.0,80.9,1,0,,-0.334,-0.0351,0.0,-41.0,0.0,-0.0794,-0.019
1665,9458304875,2026-05-29,80.9,Bizim pay değişti (artış),,80.9,0,0,0.0,0.0415,0.0264,0.0,35.0,0.023,0.0283,0.0613
1754,9450355148,2026-04-27,80.5,Bizim pay değişti (artış),,80.5,0,0,0.0,-0.0123,-0.001,0.0,-14.0,0.0,-0.1397,0.1304
126,9853945172,2026-07-27,80.5,Banka sayısı değişti (artış),100.0,61.0,1,0,,0.0457,0.0406,1.0,16.0,0.0,-0.0476,-0.0214
204,9312724391,2026-04-20,80.4,Gayrinakdi pay kaydı (artış),,80.4,0,0,0.0,0.0202,-0.0123,0.0,29.0,0.0712,-0.0028,0.0241
1649,9815972680,2026-07-10,80.3,Gayrinakdi pay kaydı (artış),,80.3,1,0,,0.0309,-0.0013,0.0,-2.0,0.0767,-0.0741,-0.0107
1323,9211935313,2026-03-27,80.2,Banka sayısı değişti (artış),,80.2,0,0,0.0,0.0346,0.0014,1.0,24.0,-0.0,0.1803,-0.1133
1441,9186894106,2026-06-26,80.2,Gayrinakdi pay kaydı (artış),72.3,88.2,0,0,0.0,0.0245,-0.0203,0.0,41.0,0.1247,-0.1419,0.0114
731,9407518238,2026-07-31,80.1,Banka sayısı değişti (artış),100.0,60.1,1,0,,0.0322,0.0245,1.0,50.0,0.0,0.0118,-0.0108
744,9161259812,2025-12-19,80.0,Banka sayısı değişti (artış),,80.0,0,0,0.0,0.0517,0.0424,1.0,-75.0,0.0,-0.066,0.0167
530,9388765066,2026-06-26,80.0,Yeni gecikme sinyali,39.7,78.5,1,1,,0.0673,0.1061,0.0,-104.0,-0.0,0.1487,-0.0291
132,9721114092,2026-04-27,80.0,Yeni gecikme sinyali,25.2,79.2,0,1,1.0,0.0229,0.1214,1.0,-14.0,0.0,-0.0047,-0.0415
967,9599350356,2026-05-27,80.0,Yeni gecikme sinyali,,44.0,0,1,1.0,0.0482,0.0849,0.0,-81.0,0.0,0.1023,-0.0184
1673,9481902785,2026-05-29,80.0,Yeni gecikme sinyali,,61.8,0,1,1.0,0.0225,0.0136,0.0,-126.0,0.0,-0.1503,-0.0308
1630,9347473786,2026-05-22,80.0,Yeni gecikme sinyali,23.4,21.3,1,1,,0.0669,0.0182,0.0,-80.0,-0.0,-0.0752,0.0041
1277,9343423071,2026-09-18,80.0,Yeni gecikme sinyali,100.0,3.2,1,1,,-0.0072,-0.0,0.0,-1.0,0.0,-0.0722,-0.0007
1206,9628730762,2026-07-24,80.0,Yeni gecikme sinyali,47.5,98.7,1,1,,0.0355,0.1633,1.0,-196.0,0.0,0.2289,-0.023
1158,9837692397,2026-06-26,80.0,Yeni gecikme sinyali,49.8,96.7,0,1,1.0,0.0261,0.1843,1.0,-156.0,-0.0,-0.1203,0.001
1661,9383229922,2026-06-19,80.0,Yeni gecikme sinyali,,68.5,0,1,1.0,0.0358,0.0686,1.0,-100.0,-0.0,-0.0671,0.0217
1576,9828854867,2026-06-16,80.0,Yeni gecikme sinyali,,76.3,0,1,1.0,-0.0015,0.0842,0.0,-37.0,0.0,0.2641,0.0002
1183,9736804248,2026-09-25,80.0,Yeni gecikme sinyali,22.0,48.1,1,1,,0.0126,0.0626,0.0,-45.0,-0.0,-0.1702,-0.029
724,9273647562,2026-07-09,80.0,Yeni gecikme sinyali,36.9,42.6,0,1,1.0,-0.0782,-0.0276,0.0,-11.0,0.0,-0.1298,0.018
457,9155149048,2026-09-04,80.0,Yeni gecikme sinyali,47.3,66.0,1,1,,0.0233,0.0686,1.0,-60.0,0.0,-0.1167,-0.0242
890,9167816279,2026-04-24,80.0,Yeni gecikme sinyali,100.0,46.9,0,1,1.0,-0.0953,0.023,0.0,-28.0,0.0,-0.1093,0.0061
955,9105758806,2026-08-25,80.0,Banka sayısı değişti (artış),100.0,60.0,0,0,0.0,0.0391,-0.0088,1.0,3.0,-0.0,-0.0705,0.0
1369,9522220093,2026-08-27,79.9,Sektör riski hızlı değişti (artış),92.2,67.6,1,0,,0.1065,-0.0866,0.0,12.0,-0.0,-0.0629,-0.0016
670,9217829180,2026-01-23,79.9,Banka sayısı değişti (artış),,79.9,0,0,0.0,0.0386,0.0807,1.0,19.0,-0.0,0.1294,-0.0947
1266,9299758635,2026-01-29,79.8,Gayrinakdi pay kaydı (artış),,79.8,0,0,0.0,0.0197,-0.0581,0.0,-66.0,0.0671,-0.0639,-0.0094
1078,9852855900,2026-05-15,79.8,Gayrinakdi pay kaydı (artış),,79.8,0,0,0.0,0.0179,0.0476,0.0,-47.0,0.0671,-0.048,0.0255
1395,9775752699,2026-04-24,79.6,Banka sayısı değişti (artış),,79.6,0,0,0.0,0.0328,0.0275,1.0,16.0,-0.0,0.0855,-0.123
1675,9481902785,2026-08-25,79.5,Banka sayısı değişti (artış),100.0,59.0,1,1,,0.0288,0.0066,1.0,-50.0,-0.0,0.0422,-0.0226
565,9827446828,2026-02-26,79.5,Banka sayısı değişti (azalış),,79.5,0,0,0.0,-0.0108,0.0326,-1.0,-54.0,-0.0,-0.0215,-0.0297
263,9218039652,2026-02-23,79.4,Sektör riski hızlı değişti (azalış),,79.4,0,0,0.0,-0.0538,-0.0013,0.0,27.0,0.026,0.1433,0.0243
1365,9768900784,2026-07-13,79.3,Banka sayısı değişti (artış),100.0,58.7,1,0,,0.0492,0.0315,1.0,-16.0,-0.0,0.0482,0.0
1062,9284144676,2025-11-11,79.3,Sektör riski hızlı değişti (artış),,79.3,0,0,0.0,0.119,0.0323,0.0,10.0,0.0151,-0.1511,-0.01
970,9599350356,2026-08-14,79.1,Banka sayısı değişti (artış),100.0,58.2,1,1,,0.0536,0.0106,1.0,-28.0,-0.0,-0.0086,0.018
465,9502653476,2026-09-21,79.1,Bizim pay değişti (artış),,79.1,1,0,,0.0324,0.0475,0.0,125.0,0.0,-0.0969,0.0956
968,9599350356,2026-05-29,78.8,Sektör riski hızlı değişti (azalış),,78.8,0,1,1.0,-0.3235,-0.0184,0.0,-46.0,0.0,-0.0205,-0.0305
864,9160280211,2026-01-22,78.7,Gayrinakdi pay kaydı (artış),,78.7,0,0,0.0,0.028,0.0182,0.0,-2.0,0.0808,-0.0432,-0.0014
1052,9676298913,2026-05-29,78.6,Sektör riski hızlı değişti (azalış),,78.6,1,0,,-0.1914,-0.0177,0.0,44.0,0.0,0.1034,0.009
1470,9705995476,2025-11-28,78.4,Gayrinakdi pay kaydı (artış),,78.4,0,0,0.0,0.06,0.0283,0.0,-34.0,0.0438,-0.1638,-0.001
148,9828072642,2026-05-08,78.3,Gayrinakdi pay kaydı (artış),,78.3,0,0,0.0,0.0177,0.0072,0.0,-21.0,0.0767,0.0146,-0.0022
1424,9859399827,2026-08-07,78.1,Banka sayısı değişti (artış),,78.1,1,0,,0.0126,-0.0079,1.0,10.0,-0.0,0.2451,-0.0414
170,9457509971,2026-03-27,78.0,Gayrinakdi pay kaydı (artış),,78.0,0,0,0.0,0.0096,-0.0441,0.0,-19.0,0.0425,-0.0906,-0.0498
520,9372881868,2026-01-13,77.9,Banka sayısı değişti (artış),,77.9,0,0,1.0,-0.0022,0.0373,1.0,-118.0,-0.0,0.0545,0.0194
1758,9552956633,2026-05-27,77.8,Banka sayısı değişti (artış),,77.8,0,0,0.0,0.0439,0.0563,1.0,-6.0,0.0,-0.0505,-0.1108
1687,9684535692,2025-12-05,77.8,Banka sayısı değişti (artış),,77.8,0,0,0.0,0.0367,-0.0023,1.0,-7.0,0.0,-0.1067,0.0278
149,9828072642,2026-05-10,77.7,Sektör riski hızlı değişti (artış),,77.7,0,0,0.0,0.2258,-0.0139,0.0,47.0,0.0027,0.0027,-0.0148
1442,9186894106,2026-06-30,77.6,Gayrinakdi pay kaydı (artış),96.4,58.8,0,0,0.0,-0.0641,0.0583,0.0,-37.0,0.0055,0.0485,-0.0019
262,9218039652,2026-02-04,77.6,Gayrinakdi pay kaydı (artış),,77.6,0,0,0.0,0.0295,-0.0117,0.0,-59.0,0.0836,-0.0514,0.0019
402,9554749229,2025-11-28,77.5,Sektör riski hızlı değişti (azalış),,77.5,0,0,0.0,-0.2688,-0.0359,0.0,21.0,0.0,-0.1886,-0.0042
1123,9195348121,2026-01-23,77.4,Banka sayısı değişti (artış),,77.4,0,0,0.0,0.083,0.037,1.0,0.0,0.0,0.1534,-0.0078
1751,9447829316,2026-06-09,77.1,Bizim pay değişti (azalış),73.1,81.0,0,0,0.0,0.0395,0.0203,0.0,23.0,0.0,0.1593,-0.1447
583,9246120977,2025-12-19,76.8,Banka sayısı değişti (artış),,76.8,0,0,0.0,0.0708,0.0525,1.0,-110.0,0.0,0.0894,-0.0356
1552,9346820981,2026-01-16,76.7,Sektör riski hızlı değişti (azalış),,76.7,0,0,0.0,-0.431,0.0294,0.0,-13.0,0.0,0.0348,-0.0039
376,9916844402,2026-04-20,76.6,Rotatif pay kaydı (artış),,76.6,0,0,0.0,0.0321,0.0995,0.0,13.0,-0.0,0.178,-0.0767
1136,9371612080,2026-08-31,76.6,Sektör riski hızlı değişti (artış),99.9,53.2,1,0,,0.1885,-0.0129,0.0,-56.0,-0.0,0.0357,0.0038
23,9796187133,2026-06-24,76.6,Gayrinakdi pay kaydı (artış),65.2,88.0,0,0,0.0,0.0303,0.0173,0.0,22.0,0.0877,-0.0641,0.0277
62,9457772521,2026-04-28,76.5,Banka sayısı değişti (artış),,76.5,0,0,0.0,0.0358,-0.0321,1.0,-11.0,-0.0,-0.012,-0.1116
646,9588106364,2026-01-16,76.4,Banka sayısı değişti (artış),,76.4,1,0,,0.0761,-0.0532,1.0,-39.0,-0.0,-0.0192,-0.0425
105,9343307609,2025-11-11,76.3,Sektör riski hızlı değişti (azalış),,76.3,0,0,0.0,-0.0819,0.0004,0.0,-81.0,0.0,0.2122,0.0125
332,9788997352,2026-06-26,76.1,Gayrinakdi pay kaydı (artış),54.5,97.7,0,0,0.0,-0.0211,-0.0881,0.0,-49.0,0.0616,0.0271,0.0003
943,9861370355,2025-12-22,76.0,Banka sayısı değişti (artış),,76.0,0,0,1.0,0.0249,-0.0124,1.0,-34.0,-0.0,-0.0756,0.0232
1603,9547281604,2026-04-20,75.9,Sektör riski hızlı değişti (artış),,75.9,0,0,0.0,0.1904,0.0002,0.0,20.0,-0.0,-0.0159,-0.0112
180,9706543930,2026-02-27,75.7,Banka sayısı değişti (artış),,75.7,0,0,0.0,0.0423,0.0134,1.0,4.0,0.0,-0.056,-0.1263
1024,9803319255,2026-05-27,75.4,KKB notu değişti (artış),,75.4,0,0,0.0,0.0401,-0.0566,0.0,99.0,0.0,0.0762,0.0636
1029,9556471107,2026-06-19,75.3,Sektör riski hızlı değişti (azalış),,75.3,0,0,0.0,-0.0758,-0.0043,0.0,-43.0,0.0038,0.2019,0.0141
1138,9623799215,2026-01-16,75.3,Banka sayısı değişti (artış),,75.3,0,0,0.0,0.0481,-0.0467,1.0,-49.0,0.0,-0.045,-0.0579
622,9235538458,2026-07-28,75.2,Bizim pay değişti (artış),,75.2,0,0,0.0,0.0346,0.0249,0.0,67.0,-0.0,-0.0574,0.1156
365,9931012270,2026-07-16,75.1,Gayrinakdi pay kaydı (artış),66.3,83.9,1,0,,0.0033,-0.0412,0.0,79.0,0.0562,-0.0176,0.0182
1583,9404826069,2026-06-01,74.9,Rotatif pay kaydı (azalış),,74.9,0,0,0.0,-0.0259,0.0442,0.0,-33.0,-0.0,-0.1644,0.0232
1229,9508491514,2026-09-18,74.8,Sektör riski hızlı değişti (azalış),100.0,49.6,1,0,,-0.1242,0.0245,0.0,-11.0,-0.0,-0.0397,-0.0472
1022,9573945892,2026-04-24,74.7,Rotatif pay kaydı (artış),,74.7,1,0,,-0.009,-0.0143,0.0,27.0,0.0082,0.1511,0.0223
1640,9912400916,2026-08-31,74.7,Banka sayısı değişti (azalış),100.0,49.4,1,0,,0.005,0.0703,0.0,98.0,0.0,-0.0437,-0.0097
1427,9224855466,2026-04-22,74.7,Banka sayısı değişti (artış),,74.7,0,0,0.0,0.0434,0.0125,1.0,-19.0,0.0,0.1644,-0.093
333,9788997352,2026-07-31,74.6,Gayrinakdi pay kaydı (artış),64.4,84.9,1,0,,0.0083,0.0423,0.0,20.0,0.0479,-0.0663,-0.0184
415,9299892333,2026-01-06,74.6,Sektör riski hızlı değişti (azalış),,74.6,0,0,0.0,-0.101,-0.0304,0.0,59.0,0.0011,0.1322,0.0103
853,9569542792,2025-11-17,74.5,Rotatif pay kaydı (artış),,74.5,0,0,0.0,0.0618,0.1084,0.0,-13.0,-0.0,0.2206,0.0071
640,9354536579,2026-03-13,74.4,Banka sayısı değişti (artış),,74.4,0,0,0.0,0.0342,-0.0181,1.0,-49.0,0.0,-0.0391,-0.095
801,9376952771,2026-07-24,74.3,Sektör riski hızlı değişti (artış),,74.3,1,0,,0.1465,0.0205,0.0,52.0,0.0,-0.1599,0.0144
1263,9320633314,2026-07-07,74.2,Limit doluluğu değişti (azalış),,74.2,1,0,,-0.0548,-0.1439,0.0,-42.0,-0.0,-0.0846,-0.0343
1524,9754309815,2026-03-27,74.0,Banka sayısı değişti (artış),,74.0,0,0,0.0,0.0504,0.0553,1.0,-6.0,-0.0,-0.0535,-0.0513
1485,9188484931,2026-02-26,73.9,Rotatif pay kaydı (azalış),,73.9,0,0,0.0,-0.0089,-0.033,0.0,4.0,0.0,-0.2228,0.0012
631,9356610160,2026-08-14,73.7,KKB notu değişti (artış),,73.7,0,0,0.0,0.0321,-0.0635,0.0,107.0,-0.0,0.0231,0.0542
863,9160280211,2025-11-24,73.5,Gayrinakdi pay kaydı (artış),,73.5,0,0,0.0,0.0225,-0.0446,0.0,21.0,0.063,-0.0112,-0.0051
695,9339239422,2026-03-20,73.4,Gayrinakdi pay kaydı (artış),,73.4,0,0,0.0,0.0925,-0.0268,0.0,-21.0,0.0301,0.0158,-0.0292
1347,9808404116,2025-11-28,73.3,Gayrinakdi pay kaydı (artış),,73.3,0,0,0.0,0.0904,-0.084,0.0,10.0,0.0192,-0.0809,-0.019
1423,9859399827,2026-04-28,73.2,Sektör riski hızlı değişti (artış),,73.2,0,0,0.0,0.1611,-0.0001,0.0,-6.0,0.0,-0.2316,-0.0125
1068,9790894929,2026-01-02,73.2,Banka sayısı değişti (artış),,73.2,0,0,0.0,0.0635,-0.0014,1.0,32.0,0.0,0.0227,-0.0662
310,9506218841,2026-06-30,73.1,Sektör riski hızlı değişti (azalış),,73.1,0,0,0.0,-0.1174,-0.0508,0.0,46.0,0.0,-0.1154,0.0272
460,9622216194,2026-08-31,73.0,Banka sayısı değişti (artış),,73.0,1,1,,0.0178,0.0193,1.0,-82.0,-0.0,-0.0558,0.0202
467,9478637566,2026-08-12,72.9,Sektör riski hızlı değişti (azalış),,72.9,1,0,,-0.1519,0.0578,0.0,56.0,0.0,-0.0298,0.0162
593,9276574680,2026-03-27,72.8,Gayrinakdi pay kaydı (artış),,72.8,0,0,0.0,-0.0369,0.0207,0.0,3.0,0.0479,0.0446,0.003
40,9649436560,2026-04-07,72.7,Banka sayısı değişti (artış),,72.7,0,0,0.0,0.0403,0.0164,1.0,9.0,0.0,-0.0101,-0.0957
1218,9183285089,2026-01-12,72.7,Rotatif pay kaydı (azalış),,72.7,0,0,0.0,0.0127,0.0089,0.0,3.0,-0.0,-0.2076,0.0233
529,9388765066,2026-05-01,72.6,Banka sayısı değişti (artış),,72.6,0,0,1.0,0.0153,-0.0013,1.0,-108.0,-0.0,0.0741,-0.0468
133,9721114092,2026-07-30,72.4,Banka sayısı değişti (azalış),100.0,44.7,1,1,,0.0306,0.0126,0.0,-143.0,-0.0,0.0335,-0.0071
686,9452653938,2026-06-26,72.4,Rotatif pay kaydı (artış),,72.4,1,0,,-0.0306,0.0852,0.0,3.0,0.0,0.1784,-0.0147
1450,9585576534,2026-04-24,72.3,Banka sayısı değişti (artış),,72.3,0,0,0.0,0.0311,0.0665,1.0,-55.0,-0.0,0.0165,-0.0743
1618,9111219093,2026-06-19,72.1,KKB notu değişti (artış),,72.1,0,0,0.0,0.0277,-0.021,0.0,146.0,-0.0,0.0588,0.0669
572,9533832130,2026-06-26,72.1,Banka sayısı değişti (azalış),100.0,44.1,0,1,1.0,0.0685,0.0567,0.0,-79.0,-0.0,-0.0266,-0.0214
1433,9501428547,2026-07-02,71.7,Banka sayısı değişti (artış),,71.7,1,0,,0.0111,-0.0142,1.0,44.0,-0.0,0.059,-0.0587
417,9299892333,2026-09-29,71.6,Gayrinakdi pay kaydı (artış),44.7,98.6,1,0,,0.0321,0.0494,0.0,27.0,0.0515,0.1436,0.0479
184,9706543930,2026-06-29,71.6,Sektör riski hızlı değişti (artış),92.9,50.3,1,0,,0.1911,0.026,0.0,-13.0,0.0,0.0039,0.0144
426,9953158515,2026-04-29,71.5,Sektör riski hızlı değişti (artış),,71.5,0,0,0.0,0.1108,0.1051,0.0,0.0,0.0027,0.0366,0.0108
888,9167816279,2026-04-03,71.4,Banka sayısı değişti (artış),,71.4,0,0,0.0,0.0325,0.0577,1.0,-81.0,-0.0,-0.0501,-0.0469
1572,9953564957,2026-06-26,71.2,Bizim pay değişti (artış),,71.2,0,0,0.0,0.0303,-0.0284,0.0,54.0,0.0,-0.0791,0.1006
1039,9198164725,2026-05-18,71.2,Sektör riski hızlı değişti (azalış),,71.2,0,0,0.0,-0.1727,0.0058,0.0,20.0,0.0055,-0.0145,0.0068
1398,9503944590,2026-05-26,71.1,Bizim pay değişti (azalış),,71.1,0,0,0.0,0.0339,0.0945,0.0,2.0,-0.0,-0.0812,-0.1124
763,9781275411,2025-10-31,71.0,Limit doluluğu değişti (azalış),,71.0,0,0,0.0,-0.0092,-0.1019,0.0,48.0,0.0,0.0779,0.026
820,9320030683,2026-01-30,70.8,Sektör riski hızlı değişti (artış),66.7,74.8,0,0,0.0,0.1885,-0.0665,0.0,-8.0,-0.0,-0.1032,-0.003
1156,9837692397,2026-01-02,70.7,Banka sayısı değişti (artış),,70.7,0,0,0.0,0.0068,0.0772,1.0,-36.0,-0.0,0.1301,-0.032
1100,9994053230,2026-06-24,70.5,Sektör riski hızlı değişti (azalış),,70.5,0,0,0.0,-0.1608,0.0324,0.0,15.0,0.0,-0.0113,0.0261
1503,9743431872,2026-02-23,70.3,Banka sayısı değişti (artış),,70.3,0,0,0.0,0.0606,0.0343,1.0,25.0,-0.0,-0.0076,-0.0566
769,9609211197,2026-06-19,70.2,Sektör riski hızlı değişti (azalış),91.7,48.7,1,0,,-0.1268,-0.0642,0.0,10.0,-0.0,0.0238,0.0144
1453,9585576534,2026-09-25,70.2,Banka sayısı değişti (azalış),100.0,40.4,1,0,,-0.033,0.0438,0.0,-80.0,-0.0,0.0008,0.0
740,9490914323,2026-01-26,70.1,Banka sayısı değişti (artış),,70.1,0,0,0.0,0.051,-0.0113,1.0,-14.0,0.0,-0.0451,-0.0705
1037,9387699010,2026-08-28,70.1,Gayrinakdi pay kaydı (artış),50.4,89.9,1,0,,0.0423,0.0142,0.0,25.0,0.126,-0.1049,-0.0333
266,9218039652,2026-07-21,69.7,Gayrinakdi pay kaydı (artış),50.9,88.5,1,0,,0.0346,0.0313,0.0,17.0,0.1068,0.0145,-0.047
1457,9275877629,2025-12-31,69.7,Banka sayısı değişti (artış),,69.7,0,0,0.0,0.0312,0.0059,1.0,-42.0,0.0,-0.1052,-0.0132
38,9319870421,2026-08-07,69.6,Bizim pay değişti (azalış),,69.6,1,0,,-0.034,-0.0662,0.0,16.0,-0.0,-0.1278,-0.0712
1159,9837692397,2026-06-28,69.4,Banka sayısı değişti (azalış),100.0,38.9,0,1,1.0,-0.0983,-0.0306,0.0,33.0,0.0,-0.0512,-0.0386
302,9998946673,2026-07-08,69.4,Banka sayısı değişti (artış),,69.4,0,0,0.0,0.0341,0.0069,1.0,34.0,0.0,-0.1514,-0.0433
716,9316224053,2026-01-02,69.2,Banka sayısı değişti (artış),,69.2,0,0,0.0,0.0572,-0.0093,1.0,23.0,0.0,-0.0691,-0.029
926,9650660307,2026-02-06,69.1,Banka sayısı değişti (artış),,69.1,0,0,0.0,0.0413,-0.0501,1.0,-25.0,0.0,0.0418,-0.0332
1127,9195348121,2026-09-29,69.0,Sektör riski hızlı değişti (artış),79.6,58.4,1,0,,0.1735,-0.002,0.0,-45.0,0.0,0.0173,-0.0174
579,9740535238,2025-11-05,69.0,Sektör riski hızlı değişti (azalış),,69.0,1,0,,-0.1587,0.0029,0.0,3.0,-0.0,0.0858,-0.0215
612,9568946291,2026-05-06,68.9,Sektör riski hızlı değişti (azalış),,68.9,1,0,,-0.1886,-0.0138,0.0,1.0,0.0,-0.1313,0.0061
1556,9269282943,2026-01-16,68.8,Banka sayısı değişti (artış),,68.8,0,0,0.0,0.0503,-0.022,1.0,-13.0,-0.0,-0.1211,-0.0194
373,9266837745,2026-06-17,68.6,Limit doluluğu değişti (azalış),,68.6,1,0,,0.0057,-0.1067,0.0,-26.0,0.0,-0.0052,0.041
827,9918817818,2026-03-02,68.6,Sektör riski hızlı değişti (artış),,68.6,0,0,0.0,0.185,-0.0507,0.0,52.0,-0.0,-0.016,0.0028
1546,9811583925,2026-03-31,68.4,Sektör riski hızlı değişti (azalış),84.8,52.0,1,0,,-0.1244,0.0448,0.0,-24.0,0.0,0.0737,0.0
253,9273780372,2026-09-28,68.2,Rotatif pay kaydı (azalış),51.4,85.0,1,0,,0.0128,0.0325,0.0,65.0,-0.0,-0.2368,0.0417
1539,9863373194,2026-03-20,68.1,Gayrinakdi pay kaydı (artış),,68.1,0,0,0.0,0.0294,-0.0474,0.0,6.0,0.0521,0.0019,0.0001
975,9632226348,2026-02-20,68.0,Banka sayısı değişti (artış),,68.0,0,0,0.0,0.0612,0.0033,1.0,0.0,-0.0,0.1414,-0.0552
209,9275611816,2026-03-10,67.9,Banka sayısı değişti (artış),,67.9,0,0,0.0,0.0373,0.0314,1.0,-2.0,-0.0,0.0838,-0.0897
1544,9811583925,2026-02-24,67.7,Banka sayısı değişti (artış),,67.7,0,0,0.0,0.0366,0.0164,1.0,-34.0,0.0,-0.0701,-0.0799
946,9861370355,2026-09-25,67.6,Rotatif pay kaydı (artış),48.6,86.7,1,1,,0.0257,0.0807,1.0,-82.0,0.0,0.2263,-0.0274
1328,9633650607,2026-03-06,67.6,KKB notu değişti (azalış),,67.6,0,0,0.0,0.0444,0.0685,0.0,-116.0,0.0,0.0159,0.0261
177,9379588766,2026-07-27,67.4,Bizim pay değişti (azalış),48.5,86.4,0,0,0.0,0.0376,0.0447,1.0,-53.0,0.0,-0.0106,-0.1799
935,9977131371,2026-08-28,67.3,Sektör riski hızlı değişti (azalış),,67.3,1,0,,-0.0343,-0.0656,0.0,25.0,0.0,0.1631,-0.0599
145,9267156736,2025-12-24,67.2,Banka sayısı değişti (artış),,67.2,0,0,0.0,0.0266,0.0407,1.0,-91.0,-0.0,0.0317,-0.0132
1692,9167303380,2026-04-03,67.1,KKB notu değişti (azalış),,67.1,0,0,0.0,-0.0188,-0.0201,0.0,-86.0,-0.0,-0.2128,0.0044
1394,9775752699,2025-11-28,67.0,Bizim pay değişti (azalış),,67.0,0,0,0.0,0.0106,0.0964,0.0,24.0,0.0,0.0057,-0.0828
1255,9125463074,2026-06-02,67.0,Sektör riski hızlı değişti (artış),76.4,57.7,1,1,,0.2298,0.0238,0.0,3.0,0.0,-0.0217,0.021
484,9659675827,2026-03-27,66.9,Sektör riski hızlı değişti (artış),54.8,78.9,0,0,0.0,0.08,0.0679,0.0,-66.0,0.0192,-0.0811,-0.0103
135,9656843300,2025-12-09,66.8,Limit doluluğu değişti (artış),,66.8,0,0,0.0,0.0317,0.0925,0.0,54.0,-0.0,-0.0407,-0.0253
505,9250628499,2025-12-03,66.7,Bizim pay değişti (artış),,66.7,0,0,0.0,-0.0015,0.0458,0.0,49.0,0.009,0.0198,0.0631
344,9798211977,2026-05-01,66.6,Sektör riski hızlı değişti (azalış),,66.6,1,0,,-0.0363,-0.0646,0.0,-74.0,-0.0,-0.1336,-0.0637
152,9828072642,2026-09-07,66.6,Gayrinakdi pay kaydı (artış),42.2,91.1,1,0,,0.031,0.0653,0.0,-23.0,0.0959,-0.0099,-0.0101
1639,9912400916,2026-08-20,66.6,Banka sayısı değişti (azalış),100.0,33.3,0,0,0.0,0.0392,-0.0039,0.0,-33.0,-0.0,-0.1205,-0.0496
8,9657261830,2025-12-05,66.5,Banka sayısı değişti (artış),,66.5,0,0,0.0,0.0324,0.0662,1.0,-57.0,-0.0,-0.0678,-0.028
867,9160280211,2026-06-23,66.4,Bizim pay değişti (azalış),37.0,95.7,0,0,0.0,0.0525,0.0182,0.0,71.0,0.0781,-0.0162,-0.0594
807,9405114271,2026-07-14,66.2,Banka sayısı değişti (artış),,66.2,0,0,0.0,0.0703,0.0093,1.0,12.0,0.0,0.0692,0.0022
577,9322896789,2026-09-18,66.1,Rotatif pay kaydı (azalış),,66.1,1,0,,0.0011,-0.0111,0.0,-22.0,-0.0,-0.1323,0.0457
424,9403170889,2026-07-13,66.1,Bizim pay değişti (artış),,66.1,1,0,,0.036,-0.0105,0.0,56.0,-0.0,0.1024,0.0873
789,9628871477,2026-08-25,65.8,Rotatif pay kaydı (artış),,65.8,1,0,,-0.0058,-0.0536,0.0,55.0,0.0,0.1615,0.0226
1293,9472984543,2026-04-17,65.7,Bizim pay değişti (azalış),,65.7,0,0,0.0,0.0625,-0.039,0.0,-3.0,-0.0,-0.0771,-0.1009
1292,9472984543,2026-01-07,65.6,Banka sayısı değişti (artış),,65.6,0,0,0.0,0.0196,0.0342,1.0,-32.0,-0.0,0.0239,-0.0272
1399,9503944590,2026-09-04,65.6,Banka sayısı değişti (artış),,65.6,0,0,0.0,0.0288,-0.0153,1.0,25.0,0.0,0.0762,-0.0256
493,9586451252,2026-06-23,65.5,KKB notu değişti (artış),,65.5,0,0,0.0,0.0233,0.0297,0.0,137.0,-0.0,-0.0886,0.0366
945,9861370355,2026-07-24,65.4,Banka sayısı değişti (azalış),100.0,30.9,0,1,1.0,0.0234,0.0215,0.0,-83.0,-0.0,-0.0492,-0.0143
626,9379109355,2026-01-26,65.4,Sektör riski hızlı değişti (artış),,65.4,0,0,0.0,0.1618,-0.0291,0.0,-69.0,0.0,0.1299,0.0038
1311,9522599668,2026-01-09,65.3,Banka sayısı değişti (artış),,65.3,0,0,0.0,0.0933,0.0406,1.0,-19.0,0.0,-0.05,-0.0137
1629,9347473786,2026-04-03,65.2,Banka sayısı değişti (artış),,65.2,0,0,1.0,0.0249,0.0512,1.0,-71.0,0.0,0.1104,0.015
904,9235116600,2026-04-08,64.9,Sektör riski hızlı değişti (azalış),55.6,74.1,0,0,0.0,-0.0634,-0.053,0.0,-64.0,-0.0,-0.1398,-0.0317
219,9181521152,2026-04-14,64.9,Sektör riski hızlı değişti (azalış),,64.9,0,0,0.0,-0.0984,-0.0657,0.0,-9.0,-0.0,0.0185,-0.0214
121,9432985930,2026-06-30,64.7,Limit doluluğu değişti (azalış),,64.7,1,0,,-0.0149,-0.1003,0.0,-27.0,0.0,-0.0439,0.0357
124,9853945172,2026-05-27,64.6,Sektör riski hızlı değişti (azalış),,64.6,0,0,0.0,-0.153,-0.0478,0.0,21.0,0.0,-0.0861,0.019
239,9650052945,2026-04-09,64.5,Sektör riski hızlı değişti (azalış),,64.5,0,0,0.0,-0.0779,-0.019,0.0,-9.0,0.0,0.1366,0.0001
1224,9722696583,2025-12-04,64.4,KKB notu değişti (azalış),44.8,84.0,0,0,0.0,-0.1997,0.0268,0.0,-83.0,-0.0,0.1593,0.0008
1504,9743431872,2026-06-04,64.2,Bizim pay değişti (azalış),,64.2,0,0,0.0,0.0253,0.0375,0.0,23.0,0.0,-0.0867,-0.1186
53,9461138467,2026-04-17,64.1,KKB notu değişti (artış),,64.1,0,0,0.0,0.0259,-0.0295,0.0,45.0,0.0077,0.137,0.0081
173,9457509971,2026-09-29,64.0,Gayrinakdi pay kaydı (artış),48.7,79.3,1,0,,0.0303,-0.084,0.0,-46.0,0.0055,0.022,-0.0492
1569,9525316159,2026-05-05,64.0,Bizim pay değişti (artış),,64.0,1,0,,-0.0043,-0.0324,0.0,-10.0,-0.0,0.0353,0.0826
661,9392160065,2026-08-05,63.8,Banka sayısı değişti (artış),,63.8,0,0,0.0,0.0512,0.0415,1.0,0.0,0.0,-0.0451,0.0
949,9746515506,2025-12-19,63.7,Sektör riski hızlı değişti (artış),,63.7,1,0,,0.097,0.0927,0.0,-70.0,-0.0,-0.1053,-0.022
502,9630071989,2026-02-10,63.6,Sektör riski hızlı değişti (azalış),,63.6,1,0,,-0.3472,0.0135,0.0,-18.0,-0.0,-0.0461,0.025
497,9164665301,2026-01-05,63.5,Banka sayısı değişti (artış),,63.5,0,0,1.0,0.0157,0.0298,1.0,-68.0,-0.0,-0.0147,0.0207
594,9276574680,2026-06-26,63.4,Limit doluluğu değişti (azalış),34.5,92.2,1,0,,0.0519,-0.0457,0.0,3.0,0.1247,-0.1291,0.0059
978,9132250337,2026-04-03,63.3,Limit doluluğu değişti (artış),,63.3,0,0,0.0,0.0081,0.1002,0.0,-76.0,-0.0,0.0312,0.0009
1121,9919946734,2026-04-22,63.2,Sektör riski hızlı değişti (azalış),,63.2,1,0,,-0.1615,-0.0462,0.0,-63.0,-0.0,-0.0097,-0.0095
1633,9416214714,2026-05-15,63.1,Bizim pay değişti (azalış),,63.1,0,0,0.0,0.0432,0.0405,0.0,70.0,0.0,-0.1786,-0.0567
614,9279822879,2025-11-19,63.0,Sektör riski hızlı değişti (artış),,63.0,0,0,0.0,0.1245,0.074,0.0,-40.0,0.0,-0.0772,0.0157
1008,9516340054,2026-03-20,63.0,Sektör riski hızlı değişti (azalış),55.2,70.8,1,0,,-0.118,-0.0757,0.0,11.0,0.0,-0.0957,0.0
1363,9768900784,2026-06-04,63.0,Sektör riski hızlı değişti (artış),,63.0,0,0,0.0,0.1846,0.0054,0.0,2.0,0.0,-0.1541,0.0
1294,9472984543,2026-04-27,63.0,Sektör riski hızlı değişti (azalış),73.2,52.8,1,0,,-0.0987,0.0787,0.0,10.0,0.0,0.0294,-0.0192
1065,9284144676,2026-01-23,63.0,Sektör riski hızlı değişti (azalış),46.2,79.7,0,0,0.0,-0.0633,0.0051,0.0,47.0,0.0315,0.0308,-0.0463
1196,9302767604,2026-08-31,62.7,Banka sayısı değişti (artış),,62.7,0,0,0.0,0.041,0.0625,1.0,20.0,-0.0,-0.016,0.0
1662,9383229922,2026-09-02,62.6,Rotatif pay kaydı (artış),36.9,88.3,1,1,,0.0296,0.126,1.0,-114.0,-0.0,0.2021,-0.0279
1607,9402040153,2026-02-20,62.6,Limit doluluğu değişti (azalış),,62.6,0,0,0.0,0.0166,-0.0687,0.0,0.0,-0.0,0.1635,-0.0138
558,9506687736,2026-02-03,62.5,Banka sayısı değişti (artış),,62.5,0,0,0.0,0.0234,-0.0049,1.0,39.0,-0.0,-0.0532,-0.007
723,9273647562,2026-06-30,62.5,Limit doluluğu değişti (artış),,62.5,0,0,1.0,0.0713,0.1287,0.0,-5.0,-0.0,0.011,-0.0201
384,9302220526,2026-09-25,62.5,Banka sayısı değişti (azalış),100.0,25.1,1,0,,-0.0517,-0.007,0.0,14.0,0.0,0.0793,-0.0204
1693,9167303380,2026-07-31,62.3,Rotatif pay kaydı (artış),,62.3,1,0,,0.007,0.0625,0.0,7.0,-0.0,0.2393,0.002
1004,9693066967,2026-05-07,62.2,Bizim pay değişti (artış),26.9,97.5,1,0,,0.004,0.0504,0.0,-39.0,0.1233,-0.0245,0.0376
538,9400194933,2026-02-25,62.2,Sektör riski hızlı değişti (artış),,62.2,0,0,0.0,0.0915,0.0052,0.0,20.0,0.0112,-0.0698,0.0081
1515,9136163415,2025-12-26,62.1,Banka sayısı değişti (artış),,62.1,0,0,0.0,0.0292,0.0086,1.0,-65.0,-0.0,0.0419,-0.0158
175,9379588766,2026-01-06,62.0,Banka sayısı değişti (artış),,62.0,0,0,0.0,0.0435,0.0414,1.0,-13.0,0.0,0.035,-0.0613
2,9609778585,2025-11-04,62.0,KKB notu değişti (artış),,62.0,0,0,0.0,0.0148,0.0156,0.0,72.0,0.011,0.0109,0.0402
549,9259163454,2026-09-29,61.9,Bizim pay değişti (artış),35.9,88.0,1,0,,0.0205,-0.0137,0.0,1.0,0.0836,-0.0091,0.0389
168,9749952104,2026-07-07,61.7,Rotatif pay kaydı (artış),,61.7,1,0,,0.0067,0.0548,0.0,-25.0,-0.0,0.1768,-0.0319
634,9385740951,2026-05-27,61.5,Limit doluluğu değişti (azalış),,61.5,1,0,,-0.008,-0.1033,0.0,-37.0,0.0,0.007,-0.0256
1166,9379946592,2026-04-17,61.3,Limit doluluğu değişti (artış),,61.3,0,0,0.0,0.0163,0.1163,0.0,2.0,-0.0,0.0306,-0.0412
50,9722789982,2026-04-28,61.2,KKB notu değişti (azalış),,61.2,1,0,,0.019,0.0764,0.0,-83.0,-0.0,0.0507,-0.0517
1157,9837692397,2026-02-18,61.1,KKB notu değişti (azalış),,61.1,0,0,1.0,0.0709,0.0191,0.0,-133.0,0.0,0.0163,-0.0088
889,9167816279,2026-04-15,61.0,Banka sayısı değişti (azalış),100.0,22.1,0,0,1.0,0.0207,-0.0378,0.0,-40.0,0.0,0.0704,0.0149
1664,9458304875,2026-03-06,61.0,KKB notu değişti (artış),,61.0,0,0,0.0,0.0167,-0.0459,0.0,75.0,0.0096,-0.0519,-0.0141
933,9885385383,2026-09-28,60.8,Limit doluluğu değişti (azalış),,60.8,1,0,,-0.0309,-0.105,0.0,2.0,0.0,-0.1084,-0.0417
1214,9562643376,2026-05-29,60.8,Gayrinakdi pay kaydı (artış),29.7,91.9,0,0,0.0,0.0247,0.0467,0.0,-33.0,0.1247,-0.0948,0.0069
729,9407518238,2026-02-10,60.7,Banka sayısı değişti (artış),,60.7,0,0,0.0,0.0414,0.0228,1.0,-14.0,0.0,0.0295,-0.0756
573,9533832130,2026-07-17,60.5,Banka sayısı değişti (azalış),100.0,21.0,0,1,1.0,-0.0382,0.0055,0.0,-21.0,0.0,0.0656,0.0154
927,9650660307,2026-04-13,60.5,Bizim pay değişti (azalış),,60.5,0,0,0.0,0.0495,0.0814,0.0,75.0,0.0,0.0786,-0.0856
1193,9796988749,2026-09-24,60.5,Bizim pay değişti (artış),,60.5,1,0,,-0.0169,-0.0172,0.0,-28.0,0.0,0.0318,0.075
1755,9450355148,2026-08-26,60.2,Bizim pay değişti (artış),,60.2,0,0,0.0,-0.0368,0.0731,0.0,31.0,-0.0,0.0597,0.0744
866,9160280211,2026-04-27,60.2,KKB notu değişti (azalış),26.6,93.8,0,0,0.0,0.0101,-0.0622,0.0,-49.0,0.0932,-0.0522,0.0194
1637,9912400916,2026-01-02,59.9,Banka sayısı değişti (artış),,59.9,0,0,0.0,0.0321,0.0346,1.0,9.0,0.0,0.0638,-0.0154
696,9339239422,2026-08-03,59.8,Bizim pay değişti (artış),30.0,89.6,0,0,0.0,0.0108,-0.0084,0.0,-1.0,0.1863,-0.0553,0.0339
1215,9562643376,2026-06-26,59.8,Sektör riski hızlı değişti (azalış),33.2,86.5,0,0,0.0,-0.0338,0.0258,0.0,69.0,0.0384,0.0634,0.008
1733,9944307895,2026-02-13,59.8,Bizim pay değişti (artış),,59.8,0,0,0.0,0.0359,0.0149,0.0,-6.0,-0.0,-0.1034,0.0589
1614,9591448659,2026-05-27,59.7,KKB notu değişti (artış),,59.7,1,0,,0.0283,-0.0741,0.0,59.0,0.0,-0.0129,0.0615
1683,9570297688,2026-09-04,59.6,Bizim pay değişti (artış),,59.6,0,0,0.0,0.0221,-0.0204,0.0,52.0,0.0,0.1639,0.0768
1494,9370701380,2026-04-02,59.4,Sektör riski hızlı değişti (azalış),,59.4,0,0,0.0,-0.1835,-0.0334,0.0,-30.0,0.0,0.0267,0.0049
1604,9547281604,2026-07-24,59.4,Sektör riski hızlı değişti (azalış),,59.4,1,0,,-0.0716,-0.0577,0.0,12.0,0.0,0.1202,-0.0449
441,9761284833,2026-06-29,59.3,Sektör riski hızlı değişti (azalış),,59.3,1,0,,-0.069,-0.0714,0.0,9.0,-0.0,-0.1466,-0.0167
44,9729478084,2026-02-19,59.2,Sektör riski hızlı değişti (azalış),,59.2,0,0,0.0,-0.0554,0.0567,0.0,57.0,-0.0,-0.1353,0.0257
499,9164665301,2026-05-25,59.0,Banka sayısı değişti (azalış),100.0,18.0,0,1,1.0,-0.0154,0.0419,0.0,-38.0,0.0,0.0531,-0.0313
1216,9562643376,2026-08-17,59.0,KKB notu değişti (azalış),26.9,91.1,1,0,,0.052,-0.0608,0.0,-60.0,0.0712,-0.1027,0.0003
446,9578451626,2026-02-20,58.9,Limit doluluğu değişti (azalış),,58.9,0,0,0.0,0.0101,-0.1429,0.0,21.0,0.0,0.005,-0.015
433,9775374339,2026-03-06,58.9,Sektör riski hızlı değişti (artış),,58.9,0,0,0.0,0.1263,-0.0192,0.0,-24.0,0.0005,-0.1037,0.0258
1080,9852855900,2026-06-25,58.9,Sektör riski hızlı değişti (azalış),40.7,77.0,0,0,0.0,-0.0497,0.0563,0.0,-6.0,0.0274,0.0245,0.0345
1349,9808404116,2026-02-18,58.8,Gayrinakdi pay kaydı (artış),30.2,87.4,0,0,0.0,0.0355,-0.0261,0.0,-56.0,0.0671,-0.1594,0.0055
383,9302220526,2026-09-11,58.8,Limit doluluğu değişti (artış),36.1,81.5,0,0,0.0,0.0453,0.103,1.0,21.0,-0.0,0.1275,-0.1144
548,9259163454,2026-07-30,58.8,Bizim pay değişti (azalış),22.2,95.3,0,0,0.0,0.0138,0.0365,0.0,-34.0,0.1137,-0.0779,-0.0416
1760,9552956633,2026-09-21,58.7,Limit doluluğu değişti (azalış),40.5,76.8,1,0,,0.0377,-0.0384,1.0,-6.0,0.0,0.0998,0.0
370,9972558987,2026-06-11,58.5,Bizim pay değişti (azalış),67.3,49.7,1,0,,0.0466,-0.0179,0.0,8.0,0.0,0.023,-0.1279
178,9379588766,2026-08-25,58.5,Banka sayısı değişti (azalış),100.0,17.1,1,0,,0.042,0.0527,0.0,-5.0,-0.0,0.0705,0.0
462,9376779777,2026-03-25,58.4,Sektör riski hızlı değişti (azalış),,58.4,0,0,0.0,-0.0318,-0.0692,0.0,-19.0,-0.0,0.1504,0.0085
428,9953158515,2026-08-28,58.3,Gayrinakdi pay kaydı (artış),28.9,87.6,0,0,0.0,0.0223,-0.0316,0.0,-37.0,0.1055,-0.0105,0.001
1608,9402040153,2026-04-10,57.9,Rotatif pay kaydı (azalış),,57.9,0,0,0.0,-0.008,0.0082,0.0,-13.0,-0.0,-0.1946,0.0268
436,9145792660,2025-12-25,57.8,Rotatif pay kaydı (azalış),,57.8,0,0,0.0,-0.0174,0.0303,0.0,-34.0,0.0079,-0.1646,-0.0041
172,9457509971,2026-09-25,57.7,Limit doluluğu değişti (artış),22.5,92.9,0,0,0.0,0.0185,0.0456,0.0,-1.0,0.137,-0.0748,-0.0168
1619,9111219093,2026-07-15,57.6,Rotatif pay kaydı (artış),,57.6,1,0,,0.0574,-0.0238,0.0,8.0,0.0,0.1786,0.0261
29,9847033530,2026-09-25,57.6,Bizim pay değişti (azalış),26.3,88.8,1,0,,0.0165,-0.0093,0.0,60.0,0.0877,-0.0294,-0.0302
1041,9198164725,2026-09-29,57.6,Sektör riski hızlı değişti (azalış),32.4,82.9,1,0,,-0.3732,0.018,0.0,8.0,0.0055,0.0019,-0.0071
1445,9649862810,2026-01-16,57.5,Sektör riski hızlı değişti (artış),,57.5,0,0,0.0,0.0726,0.0241,0.0,44.0,0.0096,-0.0544,-0.0195
1541,9863373194,2026-09-25,57.5,Sektör riski hızlı değişti (azalış),59.2,55.8,1,0,,-0.0749,0.0032,0.0,-24.0,0.0137,-0.0559,-0.0195
1668,9132675108,2026-05-26,57.4,Gayrinakdi pay kaydı (artış),,57.4,0,0,0.0,0.0221,0.0019,0.0,-18.0,0.0356,-0.0158,0.0313
1505,9743431872,2026-09-11,57.3,KKB notu değişti (azalış),46.2,68.3,1,0,,0.0312,0.0171,1.0,-87.0,0.0,-0.0104,-0.0498
1317,9680912167,2026-04-07,57.3,Bizim pay değişti (azalış),,57.3,0,0,0.0,0.0425,0.0593,0.0,25.0,-0.0,0.1883,-0.0586
275,9421914368,2026-05-19,57.2,Bizim pay değişti (azalış),,57.2,0,0,0.0,0.0186,0.0251,0.0,-61.0,0.0,0.1608,-0.0962
1550,9419321727,2026-09-11,57.2,Banka sayısı değişti (azalış),100.0,14.4,1,0,,0.0018,0.009,0.0,29.0,0.0,-0.0715,-0.0458
850,9316097315,2025-12-26,57.1,Sektör riski hızlı değişti (azalış),,57.1,1,0,,-0.1633,0.0312,0.0,-36.0,0.0,-0.1075,-0.043
1246,9614307055,2025-11-28,57.0,Limit doluluğu değişti (azalış),,57.0,0,0,0.0,-0.0018,-0.0452,0.0,-7.0,0.0192,-0.042,0.0109
951,9493415237,2026-09-18,56.9,Bizim pay değişti (artış),,56.9,1,0,,0.0233,-0.0358,0.0,45.0,-0.0,0.0748,0.0658
860,9785969271,2025-12-05,56.7,Sektör riski hızlı değişti (artış),,56.7,1,0,,0.1497,0.0506,0.0,-20.0,0.0,0.1305,-0.001
574,9533832130,2026-09-07,56.7,Bizim pay değişti (azalış),38.2,75.1,1,1,,0.0345,0.0749,1.0,-67.0,-0.0,-0.0031,-0.0659
1036,9387699010,2026-05-28,56.5,Gayrinakdi pay kaydı (artış),32.3,80.7,0,0,0.0,0.0003,0.0316,0.0,56.0,0.0466,0.0688,0.0395
804,9734745168,2026-05-31,56.4,Sektör riski hızlı değişti (azalış),,56.4,1,0,,-0.1027,-0.0647,0.0,-48.0,-0.0,0.0445,0.0022
1519,9542361855,2025-11-12,56.4,Sektör riski hızlı değişti (artış),,56.4,0,0,0.0,0.1294,-0.0001,0.0,6.0,-0.0,0.155,0.0072
1245,9614307055,2025-11-14,56.3,Sektör riski hızlı değişti (artış),,56.3,0,0,0.0,0.0709,0.0472,0.0,1.0,0.0192,0.042,-0.0059
710,9993527161,2026-05-29,56.3,Gayrinakdi pay kaydı (artış),22.5,90.1,0,0,0.0,0.0403,-0.0143,0.0,-22.0,0.0877,-0.023,0.0067
1517,9136163415,2026-07-31,56.2,Banka sayısı değişti (azalış),100.0,12.5,1,0,,0.0358,0.0566,0.0,-19.0,-0.0,-0.0153,0.0053
1314,9458140848,2026-04-10,56.2,Limit doluluğu değişti (azalış),,56.2,0,0,0.0,-0.006,-0.0779,0.0,3.0,0.0,0.086,0.0078
70,9983689845,2026-06-15,56.1,Sektör riski hızlı değişti (azalış),50.4,61.9,1,0,,-0.0087,0.0767,0.0,6.0,0.0137,-0.0287,-0.024
1055,9933563976,2026-06-26,56.1,Rotatif pay kaydı (azalış),,56.1,0,0,0.0,0.0208,0.0635,0.0,-6.0,0.0,-0.1628,-0.0412
320,9382913148,2025-10-24,56.0,Sektör riski hızlı değişti (artış),,56.0,0,0,0.0,0.0816,0.1063,0.0,21.0,-0.0,0.0012,0.0051
54,9461138467,2026-06-17,56.0,Rotatif pay kaydı (azalış),40.2,71.8,1,0,,0.0418,0.0429,0.0,-16.0,0.0167,-0.1669,0.0376
730,9407518238,2026-03-27,56.0,Rotatif pay kaydı (azalış),50.6,61.5,0,0,0.0,0.0576,-0.0233,0.0,-30.0,-0.0,-0.2087,-0.0259
1535,9930465186,2026-09-23,55.9,Sektör riski hızlı değişti (azalış),,55.9,0,0,0.0,-0.0536,0.0586,0.0,-39.0,-0.0,-0.0536,0.032
1281,9629039736,2025-11-14,55.7,Sektör riski hızlı değişti (azalış),,55.7,1,0,,-0.0468,-0.0832,0.0,-79.0,0.0,-0.1094,0.0004
865,9160280211,2026-02-18,55.5,Gayrinakdi pay kaydı (artış),44.1,66.9,0,0,0.0,0.0473,-0.0072,0.0,15.0,0.037,-0.0758,0.0085
1359,9922618056,2026-01-30,55.5,KKB notu değişti (artış),,55.5,0,0,0.0,0.019,-0.0045,0.0,93.0,0.0,-0.0388,0.0453
277,9421914368,2026-08-17,55.5,Banka sayısı değişti (azalış),100.0,11.0,1,0,,0.0389,-0.0065,0.0,-40.0,-0.0,-0.0087,-0.021
1048,9512725349,2026-05-26,55.4,Rotatif pay kaydı (azalış),,55.4,0,0,0.0,-0.0037,0.0381,0.0,7.0,0.0,-0.1862,-0.0462
963,9799926935,2026-03-25,55.4,Rotatif pay kaydı (artış),,55.4,0,0,0.0,0.0162,0.0214,0.0,31.0,0.0,0.1504,-0.0369
88,9579189070,2026-07-17,55.3,Rotatif pay kaydı (azalış),,55.3,0,0,0.0,-0.007,-0.049,0.0,-17.0,-0.0,-0.2048,-0.0083
1355,9184357558,2026-07-02,55.1,Bizim pay değişti (azalış),,55.1,1,0,,-0.0489,-0.0178,0.0,-23.0,0.0,0.0617,-0.1041
559,9506687736,2026-05-11,55.1,Bizim pay değişti (azalış),39.7,70.6,0,0,0.0,0.0504,0.0628,0.0,21.0,-0.0,-0.119,-0.0659
65,9457772521,2026-09-25,55.0,Banka sayısı değişti (azalış),100.0,9.9,1,0,,0.0074,0.0564,0.0,1.0,-0.0,0.0161,0.0
1141,9623799215,2026-06-26,55.0,Bizim pay değişti (artış),50.5,59.5,1,0,,0.1033,0.0672,0.0,59.0,-0.0,0.1142,0.0201
1085,9807938196,2026-03-30,54.9,Rotatif pay kaydı (azalış),,54.9,0,0,0.0,-0.0003,-0.0016,0.0,10.0,-0.0,-0.135,0.0281
331,9788997352,2026-05-12,54.8,Gayrinakdi pay kaydı (artış),22.5,87.1,0,0,0.0,0.0388,0.024,0.0,31.0,0.1041,-0.0387,0.0041
697,9339239422,2026-09-07,54.8,Gayrinakdi pay kaydı (artış),38.1,71.6,1,0,,0.0134,0.0216,0.0,48.0,0.0479,-0.0863,-0.0219
390,9145482389,2026-05-04,54.8,Sektör riski hızlı değişti (azalış),,54.8,0,0,0.0,-0.1209,-0.0199,0.0,21.0,-0.0,0.0877,-0.018
600,9532900577,2026-01-27,54.7,Sektör riski hızlı değişti (artış),,54.7,0,0,0.0,0.1162,0.0104,0.0,-32.0,0.0096,0.0275,-0.0044
750,9819300629,2026-04-09,54.6,Sektör riski hızlı değişti (azalış),,54.6,1,0,,-0.1157,0.0157,0.0,35.0,0.0,0.0975,0.0094
1624,9595273410,2026-08-30,54.4,Sektör riski hızlı değişti (azalış),51.4,57.4,1,0,,-0.127,-0.0313,0.0,16.0,0.0,0.1062,0.0262
1742,9366026516,2026-08-24,54.4,Rotatif pay kaydı (artış),50.6,58.3,1,0,,0.0003,-0.0005,0.0,59.0,0.0,0.1996,0.0303
728,9407518238,2025-11-13,54.3,Sektör riski hızlı değişti (azalış),,54.3,0,0,0.0,-0.0761,0.0632,0.0,20.0,-0.0,0.1655,-0.0256
258,9639162006,2026-03-30,54.3,Sektör riski hızlı değişti (azalış),,54.3,0,0,0.0,-0.0524,-0.0659,0.0,-41.0,0.0,0.0548,-0.0165
689,9556260484,2026-04-27,54.1,Sektör riski hızlı değişti (artış),,54.1,0,0,0.0,0.1275,-0.0068,0.0,47.0,0.0041,-0.0623,0.0171
662,9392160065,2026-09-30,53.9,Banka sayısı değişti (azalış),100.0,7.9,1,0,,0.0201,-0.0266,0.0,-9.0,-0.0,-0.0549,0.0
1511,9704786083,2026-03-27,53.9,Rotatif pay kaydı (azalış),,53.9,0,0,1.0,0.0225,0.0434,0.0,-47.0,-0.0,-0.17,0.0219
1389,9520622191,2026-01-12,53.8,Sektör riski hızlı değişti (azalış),,53.8,0,0,0.0,-0.0787,0.0172,0.0,32.0,0.0,-0.1729,-0.0007
1374,9746289348,2025-11-07,53.8,Sektör riski hızlı değişti (azalış),,53.8,0,0,0.0,-0.1291,0.029,0.0,-59.0,-0.0,-0.0461,-0.0414
552,9623554567,2026-08-05,53.7,Sektör riski hızlı değişti (azalış),,53.7,1,0,,-0.1339,-0.0147,0.0,1.0,0.0,-0.074,0.0187
1635,9416214714,2026-09-10,53.6,Banka sayısı değişti (azalış),100.0,7.3,1,0,,0.0005,0.0083,0.0,-22.0,0.0,0.0834,0.0
447,9578451626,2026-04-24,53.6,Bizim pay değişti (artış),,53.6,0,0,0.0,-0.0076,0.0401,0.0,8.0,0.0,0.028,0.0632
1530,9683089732,2026-04-29,53.5,KKB notu değişti (artış),47.2,59.9,1,0,,-0.018,0.0274,0.0,133.0,0.0,0.0035,-0.0244
1744,9812662560,2026-06-09,53.4,Bizim pay değişti (azalış),,53.4,0,0,0.0,0.0227,-0.0457,0.0,11.0,-0.0,-0.0218,-0.0999
1669,9132675108,2026-06-04,53.3,Sektör riski hızlı değişti (artış),,53.3,0,0,0.0,0.0766,0.0204,0.0,-49.0,0.0123,-0.0325,-0.0189
1074,9466170255,2026-01-09,53.3,Sektör riski hızlı değişti (artış),,53.3,0,0,1.0,0.1584,0.0465,0.0,32.0,0.0,-0.0238,-0.0069
1461,9943934889,2026-01-23,53.1,Limit doluluğu değişti (azalış),,53.1,0,0,0.0,0.0583,-0.0692,0.0,-13.0,0.0,0.056,0.0128
873,9987426768,2026-09-18,53.1,Gayrinakdi pay kaydı (artış),29.1,77.1,1,0,,0.0277,0.0006,0.0,42.0,0.0863,-0.0347,-0.0051
1724,9395907037,2025-12-31,53.0,Sektör riski hızlı değişti (artış),,53.0,0,0,0.0,0.1122,-0.0478,0.0,-8.0,-0.0,-0.1913,-0.0339
1652,9280149378,2026-01-09,52.9,Rotatif pay kaydı (artış),,52.9,0,0,0.0,-0.0047,-0.0114,0.0,-51.0,0.0,0.1077,-0.0437
217,9686702194,2026-09-25,52.8,Bizim pay değişti (artış),,52.8,1,0,,0.0304,-0.0331,0.0,28.0,-0.0,-0.0318,0.0946
868,9160280211,2026-06-29,52.8,Gayrinakdi pay kaydı (artış),52.1,53.5,1,0,,0.0448,0.046,0.0,-38.0,0.0082,0.015,0.0039
311,9506218841,2026-09-10,52.7,Rotatif pay kaydı (artış),,52.7,1,0,,0.01,0.0059,0.0,24.0,-0.0,0.1549,0.0057
1443,9186894106,2026-08-26,52.7,KKB notu değişti (azalış),19.6,85.9,1,0,,0.0066,0.0009,0.0,-56.0,0.0781,-0.0889,-0.0334
1213,9562643376,2026-02-27,52.6,Sektör riski hızlı değişti (artış),,52.6,0,0,0.0,0.0704,-0.0199,0.0,23.0,0.0123,-0.0348,0.011
1451,9585576534,2026-05-11,52.5,Sektör riski hızlı değişti (artış),,52.5,0,0,0.0,0.1034,0.003,0.0,48.0,0.0,-0.1239,0.0
205,9312724391,2026-05-26,52.5,Rotatif pay kaydı (artış),26.8,78.2,0,0,0.0,0.0254,0.0273,0.0,-9.0,0.0493,0.1021,-0.0285
150,9828072642,2026-06-05,52.5,Bizim pay değişti (artış),29.5,75.5,0,0,0.0,-0.0018,-0.0359,0.0,27.0,0.0356,-0.0344,0.0416
28,9847033530,2026-07-23,52.4,Gayrinakdi pay kaydı (artış),43.2,61.6,0,0,0.0,-0.0123,-0.0248,0.0,-29.0,0.0274,0.0244,0.0145
317,9793490676,2026-08-14,52.4,Limit doluluğu değişti (azalış),,52.4,0,0,0.0,-0.0261,-0.1091,0.0,39.0,-0.0,0.0243,0.0
1720,9485151398,2026-07-08,52.3,Limit doluluğu değişti (artış),,52.3,0,0,0.0,-0.0034,0.1063,0.0,45.0,-0.0,0.0682,-0.029
996,9837505679,2026-04-27,52.3,Limit doluluğu değişti (azalış),,52.3,0,0,0.0,0.0179,-0.086,0.0,18.0,-0.0,0.0705,0.0484
720,9316224053,2026-06-30,52.1,KKB notu değişti (artış),40.2,64.0,1,0,,0.0193,0.0374,0.0,102.0,-0.0,-0.057,-0.0821
1616,9763714400,2026-07-22,52.1,Bizim pay değişti (artış),,52.1,1,0,,0.0446,0.0447,0.0,54.0,0.0,0.128,0.0412
395,9195352626,2026-05-01,51.9,Rotatif pay kaydı (artış),,51.9,0,0,0.0,0.0579,-0.0188,0.0,12.0,0.0,0.1945,0.0183
1469,9705995476,2025-10-27,51.8,Gayrinakdi pay kaydı (artış),,51.8,0,0,0.0,0.0272,-0.0411,0.0,38.0,0.0164,0.0277,0.0175
630,9356610160,2026-01-23,51.8,Rotatif pay kaydı (azalış),,51.8,0,0,0.0,0.0595,0.0463,0.0,-61.0,0.0,-0.1538,0.0288
1726,9395907037,2026-03-27,51.7,Limit doluluğu değişti (artış),35.9,67.5,1,0,,0.2611,0.032,0.0,10.0,-0.0,-0.0154,0.0309
206,9312724391,2026-06-19,51.6,Sektör riski hızlı değişti (artış),36.7,66.4,1,0,,0.0901,0.0076,0.0,9.0,0.0329,-0.075,-0.0157
1350,9808404116,2026-03-27,51.4,Sektör riski hızlı değişti (azalış),25.5,77.3,0,0,0.0,-0.0094,0.014,0.0,39.0,0.0507,0.01,-0.0123
718,9316224053,2026-03-23,51.4,Bizim pay değişti (azalış),32.9,69.8,0,0,0.0,0.0632,-0.0074,0.0,-12.0,-0.0,-0.1584,-0.08
265,9218039652,2026-05-04,51.3,Sektör riski hızlı değişti (artış),26.9,75.8,0,0,0.0,0.0749,-0.0223,0.0,14.0,0.0521,-0.1063,0.0134
355,9434388887,2026-07-24,51.3,Limit doluluğu değişti (artış),,51.3,1,0,,0.0173,0.0964,0.0,-8.0,-0.0,-0.066,0.0378
778,9836404617,2026-06-24,51.3,KKB notu değişti (artış),,51.3,0,0,0.0,0.0057,0.0589,0.0,83.0,-0.0,-0.0397,-0.0126
1120,9919946734,2026-04-20,51.1,Sektör riski hızlı değişti (azalış),,51.1,0,0,0.0,-0.1196,-0.0533,0.0,29.0,0.0,0.0369,0.022
1335,9885084829,2026-04-10,51.0,Limit doluluğu değişti (azalış),50.5,51.4,0,0,0.0,-0.0222,-0.0916,0.0,-12.0,0.0,0.0436,0.0027
1047,9512725349,2026-03-18,51.0,Rotatif pay kaydı (artış),,51.0,0,0,0.0,0.0055,-0.0197,0.0,10.0,-0.0,0.187,0.015
566,9827446828,2026-07-08,50.9,Sektör riski hızlı değişti (azalış),,50.9,1,0,,-0.0505,-0.0844,0.0,-2.0,0.0,-0.0099,-0.0421
1086,9807938196,2026-04-29,50.8,Rotatif pay kaydı (artış),,50.8,0,0,0.0,0.0522,-0.0475,0.0,-5.0,0.0,0.1618,-0.0291
1379,9967145496,2026-01-29,50.5,Limit doluluğu değişti (azalış),,50.5,0,0,0.0,0.001,-0.0983,0.0,4.0,-0.0,0.112,0.005
1728,9785444396,2026-08-06,50.4,Sektör riski hızlı değişti (artış),,50.4,1,0,,0.1302,0.0198,0.0,26.0,0.0,0.1867,-0.0025
303,9998946673,2026-07-09,50.3,KKB notu değişti (azalış),45.6,55.0,0,0,0.0,0.0828,0.0673,0.0,-94.0,-0.0,0.019,0.0
101,9519181696,2026-09-03,50.1,Bizim pay değişti (artış),,50.1,1,0,,-0.0079,-0.0373,0.0,21.0,-0.0,-0.0814,0.0691
248,9683365356,2026-06-09,50.1,KKB notu değişti (artış),50.4,49.8,0,0,0.0,0.057,0.0055,0.0,81.0,-0.0,-0.0842,-0.0322
671,9217829180,2026-02-05,50.0,Sektör riski hızlı değişti (azalış),,50.0,0,0,0.0,-0.1005,0.033,0.0,-49.0,-0.0,-0.0169,-0.0048
627,9379109355,2026-06-12,49.7,Bizim pay değişti (azalış),34.4,65.1,0,0,0.0,0.0313,0.0426,0.0,-5.0,-0.0,-0.1169,-0.1055
1104,9667136772,2026-02-27,49.7,Sektör riski hızlı değişti (artış),,49.7,0,0,0.0,0.1413,-0.0623,0.0,20.0,0.0,0.0812,-0.0138
1139,9623799215,2026-04-15,49.5,Bizim pay değişti (azalış),,49.5,0,0,0.0,0.0234,0.0248,0.0,15.0,0.0,0.1777,-0.0857
1717,9346204317,2026-07-24,49.5,Bizim pay değişti (artış),47.7,51.2,1,0,,-0.0071,-0.0694,0.0,-28.0,-0.0,-0.0026,0.0664
1064,9284144676,2025-12-31,49.4,Sektör riski hızlı değişti (artış),18.2,80.6,0,0,0.0,0.1633,0.0213,0.0,-36.0,0.0178,-0.0377,0.0163
69,9983689845,2026-06-05,49.4,Limit doluluğu değişti (azalış),26.8,71.9,0,0,0.0,0.0882,-0.0669,0.0,-11.0,0.0137,0.0008,0.0206
141,9938339867,2026-02-27,49.3,Sektör riski hızlı değişti (azalış),,49.3,0,0,0.0,-0.0505,0.0495,0.0,64.0,0.0,-0.0928,-0.0249
368,9972558987,2026-02-27,49.2,Sektör riski hızlı değişti (artış),,49.2,0,0,0.0,0.1123,-0.0439,0.0,16.0,-0.0,0.1238,-0.0214
1467,9104203706,2026-07-28,49.2,KKB notu değişti (artış),34.6,63.9,1,0,,0.0381,-0.0263,0.0,70.0,-0.0,0.155,0.0577
1125,9195348121,2026-06-08,49.1,Limit doluluğu değişti (azalış),32.4,65.9,0,0,0.0,0.0438,-0.0786,0.0,-39.0,-0.0,0.0087,-0.0646
798,9383245702,2026-04-20,49.1,Rotatif pay kaydı (azalış),,49.1,1,0,,0.0282,-0.0407,0.0,-36.0,0.0,-0.171,-0.0168
483,9659675827,2026-03-13,49.0,KKB notu değişti (artış),28.1,70.0,0,0,0.0,-0.0166,0.0135,0.0,51.0,0.0315,-0.0159,-0.0341
16,9219048284,2026-03-30,49.0,Rotatif pay kaydı (artış),,49.0,1,0,,-0.0035,0.0096,0.0,26.0,0.0,0.1332,-0.0462
315,9197791392,2026-08-28,48.9,Bizim pay değişti (artış),41.1,56.8,1,0,,-0.022,0.0189,0.0,6.0,-0.0,-0.0029,0.104
1191,9788330800,2026-08-11,48.9,Rotatif pay kaydı (artış),,48.9,1,0,,-0.0025,-0.0432,0.0,8.0,-0.0,0.1542,-0.0143
47,9729478084,2026-07-22,48.9,Rotatif pay kaydı (artış),28.7,69.1,1,1,,0.0096,0.08,0.0,-19.0,-0.0,0.2992,-0.0121
1241,9506045038,2025-12-10,48.7,Sektör riski hızlı değişti (artış),,48.7,0,0,0.0,0.1072,-0.0182,0.0,61.0,0.0,-0.0375,-0.0377
589,9932466225,2026-04-30,48.6,Rotatif pay kaydı (artış),,48.6,0,0,0.0,0.0127,0.0088,0.0,-46.0,0.0,0.1375,0.0207
711,9993527161,2026-07-10,48.5,Rotatif pay kaydı (azalış),7.2,89.7,1,0,,0.0348,0.0023,0.0,-13.0,0.0575,-0.0087,0.0201
1491,9344123099,2026-08-10,48.5,Rotatif pay kaydı (azalış),,48.5,1,0,,-0.0015,0.0134,0.0,-22.0,-0.0,-0.2148,-0.0323
1458,9275877629,2026-01-23,48.4,Sektör riski hızlı değişti (artış),,48.4,0,0,1.0,0.066,-0.0527,0.0,-44.0,-0.0,0.0336,0.0281
1160,9837692397,2026-07-17,48.3,Bizim pay değişti (artış),42.1,54.4,1,1,,0.0175,0.0292,0.0,-87.0,0.0,0.1041,0.0511
726,9273647562,2026-09-30,48.3,Bizim pay değişti (artış),45.9,50.6,1,1,,0.1024,0.0112,0.0,-53.0,0.0,-0.0934,0.0622
1489,9858752416,2026-07-22,48.3,Rotatif pay kaydı (artış),,48.3,1,0,,0.0082,-0.0328,0.0,51.0,0.0,0.1919,-0.0225
367,9972558987,2026-01-26,48.2,Sektör riski hızlı değişti (azalış),,48.2,0,0,0.0,-0.0728,-0.0297,0.0,-38.0,-0.0,-0.0931,-0.0136
871,9987426768,2026-06-28,48.0,Sektör riski hızlı değişti (azalış),,48.0,0,0,0.0,-0.0793,0.0242,0.0,14.0,0.0027,0.0282,-0.0362
742,9490914323,2026-05-15,48.0,Bizim pay değişti (azalış),50.3,45.7,1,0,,0.1234,0.0337,0.0,-27.0,0.0,-0.0541,-0.0026
1187,9183957440,2026-02-27,47.9,KKB notu değişti (azalış),,47.9,0,0,1.0,0.0563,0.0555,0.0,-98.0,0.0,-0.0892,0.0045
1666,9458304875,2026-07-24,47.9,KKB notu değişti (azalış),41.6,54.2,1,0,,0.0012,0.0339,0.0,-45.0,0.0153,-0.0179,0.0011
1634,9416214714,2026-07-17,47.9,Bizim pay değişti (azalış),37.6,58.1,0,0,0.0,0.04,0.031,1.0,-57.0,-0.0,0.0488,0.0
117,9674267814,2026-04-30,47.7,Bizim pay değişti (artış),,47.7,0,0,0.0,0.0274,0.0411,0.0,87.0,-0.0,-0.0298,0.0683
959,9614412805,2026-07-10,47.7,Limit doluluğu değişti (artış),,47.7,0,0,0.0,0.0026,0.092,0.0,-9.0,-0.0,0.1057,-0.0187
324,9382913148,2026-05-29,47.6,Bizim pay değişti (azalış),38.8,56.5,1,0,,0.0259,-0.0273,0.0,53.0,-0.0,0.01,-0.0861
1117,9259595854,2026-02-20,47.6,Limit doluluğu değişti (azalış),,47.6,0,0,0.0,0.0031,-0.0735,0.0,-27.0,0.0,-0.0047,-0.0147
1345,9286873454,2026-02-27,47.5,Rotatif pay kaydı (artış),,47.5,1,0,,0.0305,-0.0011,0.0,28.0,0.0,0.1834,0.0343
872,9987426768,2026-07-17,47.5,Bizim pay değişti (artış),27.0,68.1,0,0,0.0,0.0091,-0.0141,0.0,-47.0,0.026,-0.0541,0.0439
1201,9706737760,2026-09-11,47.4,Limit doluluğu değişti (azalış),,47.4,0,0,0.0,-0.0071,-0.0913,0.0,-13.0,0.0,0.1053,-0.0095
1312,9522599668,2026-09-30,47.3,Limit doluluğu değişti (artış),27.3,67.4,1,0,,0.0361,0.0857,1.0,-7.0,-0.0,0.0392,-0.0615
1748,9447829316,2025-10-17,47.3,Sektör riski hızlı değişti (artış),,47.3,0,0,0.0,0.0989,0.0085,0.0,-33.0,0.0,0.1634,-0.0039
22,9796187133,2026-04-21,47.2,Rotatif pay kaydı (azalış),13.1,81.3,0,0,0.0,0.03,0.0146,0.0,-20.0,0.0479,-0.053,-0.0043
845,9628076396,2026-09-04,47.2,Limit doluluğu değişti (azalış),,47.2,1,0,,0.0111,-0.0544,0.0,8.0,-0.0,0.1316,0.0106
1060,9749898295,2026-09-28,47.2,KKB notu değişti (azalış),,47.2,1,0,,0.0005,-0.0509,0.0,-76.0,-0.0,-0.1168,0.0105
709,9993527161,2026-03-26,47.2,Limit doluluğu değişti (artış),13.6,80.8,0,0,0.0,0.0116,0.046,0.0,4.0,0.0384,-0.0759,0.0043
960,9614412805,2026-09-29,47.1,Limit doluluğu değişti (azalış),,47.1,1,0,,0.026,-0.0742,0.0,33.0,0.0,-0.0493,0.0273
130,9721114092,2025-10-24,47.0,Sektör riski hızlı değişti (azalış),,47.0,0,0,0.0,-0.1027,-0.0301,0.0,-61.0,-0.0,-0.0317,0.0066
883,9253287179,2026-01-18,46.8,Sektör riski hızlı değişti (azalış),,46.8,0,0,0.0,-0.1322,-0.0143,0.0,23.0,0.0,0.0395,0.0085
1682,9570297688,2026-01-29,46.7,Rotatif pay kaydı (azalış),,46.7,0,0,0.0,0.0628,-0.0496,0.0,46.0,-0.0,-0.1869,-0.0183
651,9112399619,2025-12-25,46.7,Sektör riski hızlı değişti (azalış),,46.7,0,0,0.0,-0.0538,0.0346,0.0,14.0,-0.0,-0.227,-0.0222
854,9569542792,2026-06-30,46.7,Sektör riski hızlı değişti (azalış),37.8,55.6,1,0,,-0.0051,-0.0526,0.0,35.0,0.0,-0.2122,-0.0199
676,9553657515,2026-01-09,46.6,KKB notu değişti (artış),,46.6,0,0,0.0,-0.0004,-0.0729,0.0,78.0,0.0,0.0394,-0.0019
1254,9125463074,2026-05-29,46.5,KKB notu değişti (azalış),,46.5,0,1,1.0,-0.0446,0.0108,0.0,-94.0,-0.0,0.0929,-0.0025
151,9828072642,2026-06-29,46.4,Sektör riski hızlı değişti (azalış),29.4,63.4,0,0,0.0,-0.034,-0.0161,0.0,0.0,0.0329,-0.0518,-0.0329
1582,9404826069,2026-04-10,46.4,KKB notu değişti (artış),,46.4,0,0,0.0,-0.0251,-0.0241,0.0,88.0,0.0,0.001,-0.0171
138,9656843300,2026-05-20,46.3,KKB notu değişti (azalış),56.6,36.0,1,0,,0.0252,0.0099,0.0,-82.0,0.0,0.0113,-0.0596
542,9865468790,2026-01-05,46.2,Rotatif pay kaydı (artış),,46.2,0,0,0.0,0.0022,0.0669,0.0,37.0,0.0,0.1565,-0.0025
1205,9628730762,2026-01-28,46.2,KKB notu değişti (azalış),,46.2,0,0,1.0,0.003,0.0228,0.0,-98.0,-0.0,-0.0728,0.0039
884,9253287179,2026-05-05,46.1,KKB notu değişti (artış),,46.1,0,0,0.0,0.0386,-0.0045,0.0,114.0,-0.0,0.0205,0.0277
118,9674267814,2026-05-27,46.0,Limit doluluğu değişti (azalış),,46.0,0,0,0.0,0.0355,-0.0885,0.0,-30.0,0.0,0.0392,0.0009
1336,9885084829,2026-04-13,46.0,Sektör riski hızlı değişti (artış),49.5,42.5,0,0,0.0,0.1049,0.0375,0.0,25.0,0.0,0.1313,-0.0109
1447,9649862810,2026-06-26,45.9,Limit doluluğu değişti (azalış),26.8,65.1,1,0,,0.0534,-0.0408,0.0,22.0,0.0192,-0.0777,0.013
1014,9593752653,2026-06-12,45.9,KKB notu değişti (artış),,45.9,0,0,0.0,0.0097,-0.0217,0.0,76.0,-0.0,-0.1147,0.0417
369,9972558987,2026-03-06,45.8,Bizim pay değişti (artış),24.9,66.6,0,0,0.0,-0.1763,0.0203,0.0,15.0,-0.0,0.0238,0.0248
1163,9831067251,2026-03-31,45.5,Limit doluluğu değişti (artış),,45.5,0,0,0.0,0.0509,0.082,0.0,46.0,-0.0,-0.0638,0.026
35,9221222822,2026-09-25,45.4,KKB notu değişti (artış),,45.4,1,0,,0.0015,0.0175,0.0,80.0,0.0,0.1404,-0.0056
690,9556260484,2026-05-27,45.4,Limit doluluğu değişti (artış),23.0,67.8,1,0,,0.0452,0.0415,0.0,-36.0,0.0411,-0.0191,-0.0087
276,9421914368,2026-07-16,45.3,Bizim pay değişti (azalış),29.8,60.9,0,0,0.0,0.0252,0.0521,1.0,13.0,-0.0,0.0073,-0.0367
224,9264527893,2026-09-22,45.3,Rotatif pay kaydı (azalış),,45.3,1,0,,-0.0029,-0.0327,0.0,40.0,-0.0,-0.1679,-0.0008
1475,9399139421,2026-05-29,45.2,Sektör riski hızlı değişti (azalış),,45.2,0,0,0.0,-0.0134,0.0322,0.0,-17.0,0.0,-0.1054,0.0199
1302,9118235015,2026-02-20,45.2,Sektör riski hızlı değişti (azalış),,45.2,0,0,0.0,-0.0603,0.0708,0.0,-11.0,-0.0,-0.0143,-0.0239
891,9167816279,2026-05-25,45.2,Sektör riski hızlı değişti (artış),32.4,57.9,1,1,,0.0797,0.0968,0.0,-6.0,-0.0,0.004,0.0415
596,9170340525,2025-10-28,45.1,Sektör riski hızlı değişti (artış),,45.1,0,0,0.0,0.1252,0.0316,0.0,-2.0,0.0,-0.0246,0.0111
166,9920446003,2026-09-18,45.1,Sektör riski hızlı değişti (artış),50.4,39.8,1,0,,0.0879,0.0036,0.0,-21.0,0.0,-0.0815,-0.0002
672,9217829180,2026-04-03,45.1,Rotatif pay kaydı (azalış),34.4,55.9,0,0,0.0,0.0479,-0.0308,0.0,22.0,0.0,-0.1676,-0.0276
534,9618130408,2025-11-07,45.0,Sektör riski hızlı değişti (artış),35.6,54.5,0,0,0.0,0.1378,-0.0396,0.0,-2.0,0.0,0.1217,0.0324
585,9246120977,2026-04-15,45.0,KKB notu değişti (azalış),18.3,71.7,1,0,,0.0339,0.0504,1.0,-133.0,0.0,0.1127,-0.0184
777,9836404617,2026-04-27,45.0,Bizim pay değişti (artış),,45.0,0,0,0.0,0.0016,-0.0162,0.0,-62.0,0.0,0.0527,0.0417
1689,9684535692,2026-01-02,44.9,Limit doluluğu değişti (azalış),31.9,58.0,0,0,0.0,0.1096,-0.0768,0.0,27.0,-0.0,-0.0582,-0.0245
1678,9367406500,2026-07-21,44.9,Limit doluluğu değişti (azalış),,44.9,1,0,,0.0299,-0.0671,0.0,29.0,-0.0,0.0979,0.0326
1240,9506045038,2025-11-07,44.8,Sektör riski hızlı değişti (azalış),,44.8,0,0,0.0,-0.0467,0.0435,0.0,-36.0,-0.0,0.1453,-0.0196
1110,9744960480,2026-01-12,44.6,Sektör riski hızlı değişti (azalış),,44.6,0,0,0.0,-0.0764,-0.0622,0.0,-1.0,-0.0,-0.1083,0.0125
1701,9692961533,2026-06-15,44.5,KKB notu değişti (artış),38.9,50.2,1,0,,-0.0367,0.059,0.0,66.0,-0.0,-0.0642,-0.0149
1167,9379946592,2026-04-24,44.3,Limit doluluğu değişti (azalış),,44.3,1,0,,0.0225,-0.0852,0.0,17.0,-0.0,0.0563,0.0155
702,9772399785,2026-08-26,44.2,Limit doluluğu değişti (artış),,44.2,1,0,,0.0098,0.1117,0.0,6.0,-0.0,0.0298,0.0342
818,9320030683,2026-01-13,44.1,KKB notu değişti (azalış),,44.1,0,0,0.0,0.0506,-0.0029,0.0,-101.0,0.0,0.0231,-0.0089
405,9554749229,2026-08-13,44.1,Sektör riski hızlı değişti (artış),47.2,41.0,1,0,,0.1107,0.0187,0.0,-65.0,0.0,-0.091,-0.0057
1487,9188484931,2026-07-10,44.0,KKB notu değişti (artış),37.2,50.8,1,0,,-0.0086,0.0199,0.0,78.0,0.0,0.1779,-0.0135
1580,9171385209,2026-07-10,43.8,Sektör riski hızlı değişti (azalış),,43.8,1,0,,-0.0666,-0.0012,0.0,-1.0,0.0,0.0128,0.0543
382,9302220526,2026-04-24,43.7,KKB notu değişti (azalış),,43.7,0,0,0.0,0.0291,0.0262,0.0,-69.0,0.0,-0.1138,-0.0533
1320,9977050803,2025-12-24,43.6,Bizim pay değişti (artış),,43.6,0,0,0.0,-0.0034,0.0688,0.0,-35.0,-0.0,0.0274,0.0277
1222,9722696583,2025-11-28,43.6,Sektör riski hızlı değişti (azalış),,43.6,0,0,0.0,-0.0885,-0.0313,0.0,40.0,0.0,-0.0561,-0.0273
1567,9741915360,2026-08-14,43.4,Rotatif pay kaydı (artış),,43.4,1,0,,0.0388,-0.0809,0.0,-1.0,0.0,0.164,0.0025
252,9273780372,2026-05-29,43.3,Bizim pay değişti (artış),,43.3,0,0,0.0,0.0416,-0.0137,0.0,-26.0,0.0,0.0258,0.074
183,9706543930,2026-06-26,43.2,Sektör riski hızlı değişti (azalış),31.2,55.2,0,0,0.0,-0.0126,0.0002,0.0,14.0,0.0,-0.2096,-0.0291
1035,9387699010,2026-04-24,43.2,KKB notu değişti (azalış),25.0,61.4,0,0,0.0,0.1068,-0.0212,0.0,-51.0,0.0151,-0.05,-0.018
352,9790857820,2026-07-24,43.1,Rotatif pay kaydı (artış),,43.1,0,0,0.0,-0.0127,-0.0202,0.0,43.0,-0.0,0.1545,0.0077
296,9265196185,2026-06-12,43.1,KKB notu değişti (artış),,43.1,0,0,0.0,0.0008,-0.0564,0.0,57.0,0.0,0.1269,-0.0269
979,9132250337,2026-05-15,43.0,KKB notu değişti (artış),,43.0,0,0,0.0,-0.0275,-0.01,0.0,85.0,0.0,0.1395,0.0013
1577,9828854867,2026-07-09,43.0,Limit doluluğu değişti (artış),37.9,48.2,1,1,,0.061,0.0054,0.0,-69.0,-0.0,0.0976,0.0296
476,9777398662,2026-09-24,42.9,Limit doluluğu değişti (artış),34.3,51.6,1,0,,0.0325,0.1049,0.0,-55.0,0.0,0.0166,0.0
1479,9715095307,2026-01-29,42.9,Limit doluluğu değişti (azalış),,42.9,0,0,1.0,-0.0207,-0.0663,0.0,-46.0,-0.0,-0.0577,0.0025
773,9854322899,2026-07-03,42.7,KKB notu değişti (azalış),,42.7,0,1,0.0,0.0208,0.0517,0.0,-90.0,-0.0,0.025,-0.0492
1435,9114631398,2026-02-20,42.6,Rotatif pay kaydı (artış),,42.6,0,0,0.0,0.0035,-0.0194,0.0,-20.0,0.0,0.1969,-0.0317
1380,9967145496,2026-07-29,42.5,KKB notu değişti (artış),28.1,56.9,1,0,,0.03,0.055,0.0,81.0,-0.0,-0.1845,0.0303
1670,9132675108,2026-06-30,42.4,KKB notu değişti (artış),28.1,56.6,1,0,,0.0381,-0.0089,0.0,34.0,0.0356,-0.0541,0.0303
824,9440981160,2026-02-12,42.4,KKB notu değişti (azalış),,42.4,0,0,0.0,0.0446,0.0954,0.0,-65.0,-0.0,0.072,0.008
291,9409020143,2025-12-26,42.4,Sektör riski hızlı değişti (azalış),65.9,18.9,0,0,0.0,-0.0598,0.0051,0.0,-18.0,0.0,0.0181,-0.0188
782,9203667447,2026-08-21,42.3,Sektör riski hızlı değişti (artış),,42.3,0,0,0.0,0.1314,0.023,0.0,38.0,-0.0,-0.0072,0.0238
58,9577757216,2026-02-23,42.3,KKB notu değişti (artış),56.2,28.4,0,0,1.0,-0.0309,0.0385,0.0,12.0,-0.0,-0.113,-0.0178
181,9706543930,2026-05-06,42.2,Bizim pay değişti (azalış),,42.2,0,0,0.0,0.0458,0.0623,0.0,-32.0,0.0,-0.058,-0.065
1412,9908111334,2025-12-26,42.1,Sektör riski hızlı değişti (artış),,42.1,1,0,,0.086,0.0426,0.0,-7.0,-0.0,-0.0533,0.0341
639,9354536579,2025-12-01,42.1,Limit doluluğu değişti (artış),,42.1,0,0,0.0,0.0292,0.0546,0.0,17.0,-0.0,-0.0643,-0.0504
79,9343835894,2026-05-06,41.8,Sektör riski hızlı değişti (azalış),,41.8,1,1,,-0.1256,-0.0224,0.0,-4.0,-0.0,0.0307,-0.0154
478,9365517287,2026-02-24,41.7,Bizim pay değişti (azalış),,41.7,0,0,0.0,0.0131,0.0725,0.0,22.0,0.0,-0.0062,-0.0448
1152,9560029386,2026-06-02,41.7,Sektör riski hızlı değişti (azalış),39.5,43.9,1,0,,-0.0821,0.0212,0.0,-6.0,0.0,0.0105,0.0357
1079,9852855900,2026-06-05,41.6,Rotatif pay kaydı (artış),18.9,64.4,0,0,0.0,0.0378,-0.0604,0.0,36.0,0.0288,0.0194,-0.029
922,9401943791,2026-07-30,41.6,Rotatif pay kaydı (azalış),,41.6,1,0,,-0.0119,0.022,0.0,-32.0,-0.0,-0.2349,-0.0035
1471,9705995476,2025-12-01,41.5,Rotatif pay kaydı (artış),31.3,51.7,0,0,0.0,0.0096,0.0097,0.0,28.0,0.0041,0.1988,0.0104
1705,9655618059,2026-04-24,41.5,Sektör riski hızlı değişti (artış),68.8,14.1,0,0,0.0,0.0694,-0.0314,0.0,4.0,0.0,0.034,0.0
429,9953158515,2026-09-30,41.4,Bizim pay değişti (azalış),12.4,70.4,1,0,,0.0418,0.035,0.0,10.0,0.0452,0.0024,-0.0201
956,9105758806,2026-09-04,41.4,KKB notu değişti (azalış),38.3,44.5,0,0,0.0,0.0571,-0.0442,0.0,-79.0,0.0,-0.0079,0.0
87,9579189070,2026-05-06,41.2,Limit doluluğu değişti (artış),,41.2,0,0,0.0,0.0109,0.0737,0.0,20.0,0.0,0.1031,-0.0066
938,9865669104,2026-02-20,41.1,Bizim pay değişti (artış),,41.1,0,0,0.0,-0.0316,-0.0197,0.0,-21.0,-0.0,-0.1082,0.039
213,9694080718,2026-02-13,41.1,Sektör riski hızlı değişti (artış),,41.1,0,0,0.0,0.0824,-0.0176,0.0,51.0,0.0,0.1125,0.0017
1408,9435256716,2026-01-27,40.9,Limit doluluğu değişti (azalış),,40.9,1,0,,-0.0173,-0.0542,0.0,-34.0,-0.0,-0.0099,0.0039
485,9659675827,2026-04-24,40.8,Limit doluluğu değişti (azalış),18.7,62.8,1,0,,0.054,-0.0281,0.0,6.0,0.0384,-0.0526,-0.0015
645,9588106364,2025-11-24,40.8,Rotatif pay kaydı (artış),,40.8,0,0,0.0,-0.0321,0.0001,0.0,34.0,-0.0,0.1466,-0.007
189,9978307786,2026-04-17,40.7,Sektör riski hızlı değişti (azalış),20.7,60.6,0,0,0.0,-0.0109,-0.0368,0.0,19.0,0.0411,0.0004,0.0045
227,9245884522,2025-12-11,40.7,Limit doluluğu değişti (azalış),,40.7,0,0,0.0,0.0342,-0.0837,0.0,4.0,-0.0,-0.0598,-0.0176
1643,9241841361,2026-03-18,40.6,Sektör riski hızlı değişti (azalış),,40.6,0,0,0.0,-0.0426,0.0557,0.0,-1.0,0.0,0.0449,-0.0435
1591,9837829997,2026-08-28,40.6,Limit doluluğu değişti (azalış),,40.6,0,0,0.0,0.0008,-0.0404,0.0,44.0,-0.0,0.1095,-0.0052
444,9498306165,2026-06-22,40.5,KKB notu değişti (artış),,40.5,1,0,,0.0315,0.0013,0.0,87.0,-0.0,0.0323,0.0529
1452,9585576534,2026-09-09,40.4,Rotatif pay kaydı (artış),20.4,60.4,0,0,0.0,0.0204,0.0534,1.0,-15.0,0.0,0.0736,0.0
348,9856954769,2026-08-10,40.4,Limit doluluğu değişti (azalış),29.3,51.5,1,0,,0.0057,-0.0518,0.0,33.0,0.0,-0.0999,0.0436
1170,9166244835,2026-07-17,40.3,Rotatif pay kaydı (azalış),,40.3,0,0,0.0,-0.0026,0.0138,0.0,27.0,0.0,-0.1595,0.0033
64,9457772521,2026-07-16,40.3,Bizim pay değişti (azalış),17.7,62.9,0,0,0.0,0.0498,-0.0176,1.0,-7.0,0.0,0.0436,0.0
1741,9366026516,2026-03-16,40.2,KKB notu değişti (azalış),45.8,34.5,0,0,0.0,-0.0138,-0.0068,0.0,-74.0,0.0,-0.0873,0.0169
990,9616134047,2026-04-03,40.1,Limit doluluğu değişti (artış),,40.1,1,0,,-0.012,0.0901,0.0,13.0,0.0,-0.0409,-0.0119
876,9848932017,2026-06-19,40.1,Limit doluluğu değişti (azalış),,40.1,0,0,0.0,0.0056,-0.0904,0.0,-11.0,0.0,-0.0286,0.0
1730,9403003726,2026-04-01,40.0,Limit doluluğu değişti (azalış),,40.0,0,0,0.0,0.006,-0.0775,0.0,13.0,0.0,0.0037,-0.0055
479,9365517287,2026-05-22,39.9,Bizim pay değişti (azalış),,39.9,1,0,,0.0435,0.0087,0.0,-27.0,-0.0,-0.0426,-0.0509
898,9897831267,2026-07-17,39.7,Rotatif pay kaydı (artış),,39.7,1,0,,-0.0091,-0.0131,0.0,-12.0,0.0,0.2092,-0.0098
1006,9516340054,2026-01-27,39.6,KKB notu değişti (artış),,39.6,0,0,0.0,0.0152,-0.026,0.0,71.0,-0.0,-0.0002,0.0313
6,9517727538,2026-04-28,39.5,Rotatif pay kaydı (artış),,39.5,1,0,,0.0045,-0.016,0.0,32.0,-0.0,0.1647,0.0154
76,9441142289,2026-09-18,39.5,KKB notu değişti (artış),30.2,48.8,1,0,,-0.0161,-0.0551,0.0,62.0,0.0,0.0292,0.0631
1315,9458140848,2026-04-24,39.5,Limit doluluğu değişti (artış),,39.5,1,0,,0.0346,0.0485,0.0,-37.0,0.0,-0.0883,0.0039
678,9553657515,2026-05-22,39.5,Limit doluluğu değişti (artış),36.2,42.8,1,0,,0.0046,0.0553,0.0,10.0,-0.0,0.1145,-0.0119
1081,9852855900,2026-07-23,39.4,Sektör riski hızlı değişti (artış),20.2,58.6,1,0,,0.0555,-0.0066,0.0,-9.0,0.0384,-0.0341,-0.0082
192,9510991509,2026-05-22,39.4,Rotatif pay kaydı (azalış),,39.4,0,0,0.0,0.041,0.0606,0.0,-16.0,0.0,-0.1723,0.0237
313,9197791392,2026-02-23,39.2,Sektör riski hızlı değişti (azalış),,39.2,0,0,0.0,-0.0325,0.0143,0.0,-43.0,0.0,-0.0911,0.0418
1677,9367406500,2026-01-23,39.1,Bizim pay değişti (artış),,39.1,0,0,0.0,0.0122,0.0415,0.0,49.0,0.0,0.0931,0.0535
31,9627194192,2026-07-28,39.0,Limit doluluğu değişti (azalış),,39.0,0,0,0.0,0.0108,-0.0828,0.0,2.0,-0.0,-0.0165,-0.0182
1228,9508491514,2026-09-08,39.0,Rotatif pay kaydı (artış),,39.0,0,0,0.0,0.0711,0.021,0.0,-16.0,0.0,0.147,0.008
540,9400194933,2026-08-25,38.9,Bizim pay değişti (azalış),33.2,44.6,1,0,,0.0408,0.09,0.0,7.0,0.0003,-0.0664,-0.0504
1284,9388753206,2026-02-25,38.8,Bizim pay değişti (artış),,38.8,0,0,0.0,0.0393,0.0284,0.0,63.0,-0.0,0.0775,0.0471
142,9938339867,2026-08-18,38.7,Limit doluluğu değişti (azalış),28.1,49.2,1,0,,0.0057,-0.0543,0.0,-45.0,-0.0,0.1442,0.027
1233,9575008790,2026-01-23,38.7,Limit doluluğu değişti (artış),,38.7,1,0,,-0.0057,0.0818,0.0,22.0,0.0,-0.1038,-0.0229
1645,9241841361,2026-06-10,38.6,KKB notu değişti (azalış),33.7,43.5,0,0,0.0,0.046,0.0193,0.0,-82.0,0.0,0.1204,0.0068
1626,9863894876,2026-09-28,38.6,Limit doluluğu değişti (azalış),,38.6,1,0,,-0.0206,-0.0703,0.0,-2.0,0.0,-0.0855,-0.0192
438,9145792660,2026-09-25,38.6,Rotatif pay kaydı (artış),30.8,46.3,1,0,,0.0004,0.0337,0.0,49.0,0.0096,0.0703,0.02
752,9776766621,2026-07-24,38.5,Rotatif pay kaydı (azalış),,38.5,0,0,0.0,0.0029,-0.0161,0.0,-33.0,-0.0,-0.1715,-0.0395
741,9490914323,2026-05-04,38.5,Bizim pay değişti (azalış),,38.5,0,0,0.0,0.0244,0.0048,0.0,-17.0,-0.0,0.0082,-0.1055
264,9218039652,2026-03-27,38.4,Limit doluluğu değişti (artış),16.6,60.3,0,0,0.0,-0.003,0.0388,0.0,-21.0,0.0438,-0.0746,-0.0122
110,9582839131,2026-04-27,38.4,KKB notu değişti (artış),26.6,50.3,1,0,,0.0735,0.0038,0.0,71.0,-0.0,-0.0986,-0.0009
954,9105758806,2026-06-02,38.4,Limit doluluğu değişti (artış),,38.4,0,0,0.0,0.03,0.0765,0.0,18.0,0.0,0.0501,-0.0271
1056,9933563976,2026-07-22,38.3,Bizim pay değişti (azalış),18.0,58.5,0,0,0.0,0.024,-0.0258,1.0,-21.0,-0.0,0.0176,-0.003
1396,9775752699,2026-06-12,38.3,Bizim pay değişti (artış),58.5,18.1,1,0,,0.054,-0.0378,0.0,-26.0,-0.0,-0.031,0.0017
1410,9745819003,2025-12-26,38.3,KKB notu değişti (artış),,38.3,1,0,,0.0085,0.0569,0.0,79.0,-0.0,-0.0297,-0.0009
852,9569542792,2025-11-14,38.1,Limit doluluğu değişti (azalış),,38.1,0,0,0.0,0.0611,-0.0617,0.0,-61.0,0.0,-0.0356,0.001
389,9145482389,2026-05-01,38.0,Limit doluluğu değişti (artış),,38.0,0,0,0.0,0.0002,0.082,0.0,18.0,0.0,-0.1075,0.0254
1421,9653145597,2026-08-13,38.0,Bizim pay değişti (artış),,38.0,1,0,,0.019,0.0081,0.0,62.0,0.0,0.0642,0.034
269,9277900283,2026-03-06,37.9,Sektör riski hızlı değişti (artış),,37.9,0,0,0.0,0.0856,-0.0418,0.0,2.0,-0.0,0.0206,0.0378
581,9725375690,2026-05-15,37.8,Bizim pay değişti (artış),,37.8,1,0,,0.032,0.0108,0.0,35.0,-0.0,-0.0726,0.0827
1688,9684535692,2025-12-10,37.8,KKB notu değişti (azalış),30.0,45.6,0,0,0.0,-0.0171,0.0384,0.0,-92.0,-0.0,0.0457,-0.0139
98,9922085802,2026-03-25,37.8,KKB notu değişti (artış),20.7,54.8,0,0,0.0,0.0339,0.0436,0.0,88.0,0.0,-0.0427,-0.0524
1368,9522220093,2026-08-07,37.7,Sektör riski hızlı değişti (azalış),,37.7,0,0,0.0,-0.0603,0.0107,0.0,-59.0,-0.0,0.0305,-0.0306
237,9975971488,2026-01-02,37.6,Sektör riski hızlı değişti (azalış),,37.6,1,0,,-0.0286,-0.0176,0.0,7.0,-0.0,-0.1005,-0.0149
997,9837505679,2026-05-21,37.5,Sektör riski hızlı değişti (artış),,37.5,1,0,,0.0621,0.0655,0.0,58.0,0.0,-0.0306,-0.0245
650,9112399619,2025-11-26,37.3,Limit doluluğu değişti (azalış),,37.3,0,0,0.0,0.0627,-0.0585,0.0,-27.0,-0.0,0.1108,0.0192
208,9275611816,2025-11-07,37.2,Sektör riski hızlı değişti (artış),,37.2,0,0,0.0,0.104,-0.0463,0.0,20.0,0.0,0.068,-0.0287
1508,9159953674,2026-01-26,37.1,KKB notu değişti (azalış),,37.1,1,0,,0.0007,-0.0397,0.0,-54.0,-0.0,0.1619,-0.0041
1545,9811583925,2026-03-20,37.0,Sektör riski hızlı değişti (artış),,37.0,0,0,0.0,0.0858,0.0262,0.0,64.0,0.0,-0.0418,-0.0499
1154,9311629528,2026-01-06,37.0,Bizim pay değişti (artış),,37.0,1,0,,0.0332,-0.0465,0.0,-22.0,0.0,-0.147,0.0261
903,9235116600,2026-04-03,36.9,Sektör riski hızlı değişti (artış),24.0,49.9,0,0,0.0,0.0779,0.046,0.0,54.0,0.0,0.1529,-0.0493
125,9853945172,2026-06-18,36.9,Bizim pay değişti (azalış),33.6,40.2,0,0,0.0,0.0508,0.0022,0.0,-51.0,-0.0,0.1023,-0.0569
1462,9943934889,2026-03-27,36.8,KKB notu değişti (artış),,36.8,0,0,0.0,0.0367,0.0441,0.0,90.0,-0.0,0.0594,0.0136
652,9112399619,2026-01-06,36.6,Rotatif pay kaydı (artış),19.2,54.0,1,0,,0.0039,-0.0529,0.0,12.0,0.0,0.2304,-0.0258
396,9195352626,2026-06-02,36.5,Sektör riski hızlı değişti (azalış),,36.5,1,0,,-0.0471,0.0194,0.0,-4.0,-0.0,-0.1521,-0.0042
214,9694080718,2026-04-23,36.5,Rotatif pay kaydı (azalış),,36.5,1,0,,0.0058,0.0259,0.0,-28.0,0.0,-0.1638,0.0184
1731,9403003726,2026-05-11,36.4,Bizim pay değişti (azalış),,36.4,1,0,,0.0109,-0.0438,0.0,-22.0,-0.0,0.0779,-0.0463
555,9567050564,2026-08-10,36.3,KKB notu değişti (azalış),,36.3,1,0,,0.0169,0.0305,0.0,-90.0,-0.0,0.0915,-0.018
1721,9485151398,2026-09-25,36.2,KKB notu değişti (azalış),,36.2,1,0,,0.001,-0.0315,0.0,-51.0,-0.0,0.0988,-0.0049
621,9235538458,2025-12-05,36.1,Sektör riski hızlı değişti (azalış),,36.1,0,0,0.0,-0.0484,0.0526,0.0,29.0,0.0,0.0085,-0.0081
1225,9722696583,2025-12-05,36.0,Limit doluluğu değişti (azalış),24.2,47.8,1,0,,-0.0968,-0.0394,0.0,36.0,-0.0,-0.1141,-0.0135
1734,9944307895,2026-04-17,36.0,KKB notu değişti (artış),,36.0,0,0,0.0,0.0384,0.0109,0.0,72.0,0.0,0.1268,0.0083
1176,9326536868,2026-04-20,35.9,Limit doluluğu değişti (azalış),,35.9,0,0,0.0,0.0147,-0.0545,0.0,-3.0,0.0,0.086,0.0028
849,9316097315,2025-12-08,35.8,Sektör riski hızlı değişti (azalış),,35.8,0,0,0.0,-0.0389,-0.0626,0.0,-29.0,-0.0,0.0488,-0.0221
434,9775374339,2026-03-25,35.8,Bizim pay değişti (azalış),19.5,52.2,1,0,,0.0077,-0.0284,0.0,7.0,0.0052,0.0443,-0.008
160,9694640063,2026-07-24,35.7,Bizim pay değişti (azalış),,35.7,1,0,,0.0442,0.0198,0.0,20.0,0.0,0.1232,-0.0562
1030,9556471107,2026-09-11,35.7,Sektör riski hızlı değişti (artış),12.2,59.1,1,0,,0.0381,0.001,0.0,37.0,0.023,-0.076,0.0287
1735,9944307895,2026-05-01,35.7,Sektör riski hızlı değişti (azalış),40.1,31.3,1,0,,-0.0335,0.0269,0.0,-14.0,-0.0,-0.1721,-0.0122
1271,9782472222,2026-06-05,35.6,Rotatif pay kaydı (azalış),25.3,45.8,0,0,0.0,0.0373,-0.0315,0.0,-6.0,-0.0,-0.1203,-0.0732
453,9361872311,2026-07-22,35.6,KKB notu değişti (azalış),,35.6,1,0,,0.0068,0.001,0.0,-59.0,0.0,-0.1016,0.0399
412,9416845606,2026-04-17,35.5,Sektör riski hızlı değişti (azalış),,35.5,0,0,0.0,-0.0483,-0.0292,0.0,-62.0,0.0,0.0568,-0.0062
41,9649436560,2026-06-17,35.5,Rotatif pay kaydı (azalış),,35.5,1,0,,0.048,-0.0044,0.0,-36.0,0.0,-0.1276,-0.0049
1710,9151572658,2026-06-01,35.4,Rotatif pay kaydı (artış),36.0,34.8,0,0,0.0,0.0452,0.0413,0.0,39.0,0.0,0.1322,-0.0224
1405,9257518958,2026-07-27,35.4,KKB notu değişti (azalış),26.4,44.4,1,0,,0.0187,-0.0151,0.0,-54.0,0.0,0.0909,0.0391
819,9320030683,2026-01-23,35.1,Limit doluluğu değişti (artış),,35.1,0,0,0.0,-0.0053,0.0884,0.0,39.0,-0.0,0.0898,0.0246
1623,9595273410,2026-08-26,35.0,Bizim pay değişti (azalış),28.0,42.0,0,0,0.0,0.0162,0.022,0.0,8.0,-0.0,-0.1082,-0.0368
836,9751088231,2026-07-09,35.0,Bizim pay değişti (artış),,35.0,1,0,,0.0048,0.0026,0.0,-43.0,0.0,-0.115,0.0339
745,9161259812,2026-01-23,34.9,Bizim pay değişti (azalış),,34.9,0,0,1.0,0.0012,-0.0078,0.0,3.0,-0.0,0.0974,-0.0531
806,9405114271,2026-06-30,34.9,Bizim pay değişti (azalış),,34.9,0,0,0.0,0.0429,0.0412,0.0,-3.0,0.0,-0.131,-0.0477
403,9554749229,2026-03-03,34.7,Bizim pay değişti (artış),,34.7,0,0,0.0,0.0345,-0.0225,0.0,36.0,0.0,0.1217,0.0454
563,9634592203,2026-05-29,34.6,Sektör riski hızlı değişti (azalış),,34.6,1,0,,-0.0213,-0.0701,0.0,-44.0,-0.0,0.0839,-0.0024
1390,9520622191,2026-02-12,34.6,Rotatif pay kaydı (artış),23.4,45.7,1,0,,0.0359,-0.0269,0.0,-23.0,0.0,0.2229,0.006
794,9885278574,2026-06-05,34.4,Rotatif pay kaydı (artış),27.2,41.6,1,0,,-0.0148,0.0612,0.0,-20.0,-0.0,0.1308,0.0075
85,9450187040,2026-01-30,34.4,Limit doluluğu değişti (azalış),,34.4,1,0,,0.0384,-0.0594,0.0,-46.0,-0.0,-0.0548,0.0353
1740,9366026516,2026-03-12,34.3,Sektör riski hızlı değişti (artış),,34.3,0,0,0.0,0.0635,0.0455,0.0,25.0,-0.0,-0.1003,0.005
1096,9742709001,2026-05-15,34.2,Bizim pay değişti (artış),,34.2,0,0,0.0,0.0139,-0.0615,0.0,-10.0,-0.0,-0.0227,0.042
911,9394208516,2026-02-20,33.9,Bizim pay değişti (artış),,33.9,0,0,0.0,0.0557,0.0321,0.0,15.0,0.0,0.0902,0.0513
1521,9542361855,2026-04-14,33.8,KKB notu değişti (artış),33.5,34.1,1,0,,-0.0072,0.0572,0.0,65.0,0.0,-0.107,-0.0066
32,9627194192,2026-08-28,33.8,Rotatif pay kaydı (artış),,33.8,1,0,,0.0038,-0.0031,0.0,-8.0,-0.0,0.1077,-0.008
188,9978307786,2026-03-18,33.8,Gayrinakdi pay kaydı (artış),17.0,50.7,0,0,0.0,0.0256,0.005,0.0,-17.0,0.0274,-0.0039,0.01
103,9892527591,2026-06-26,33.7,Rotatif pay kaydı (azalış),,33.7,1,0,,-0.0023,0.027,0.0,-24.0,-0.0,-0.1729,0.0044
1286,9388753206,2026-05-26,33.6,Sektör riski hızlı değişti (azalış),43.5,23.7,1,0,,-0.0268,-0.0647,0.0,-7.0,0.0,0.0116,0.0004
1709,9151572658,2026-04-17,33.6,Bizim pay değişti (azalış),,33.6,0,0,0.0,0.0202,-0.0129,0.0,-22.0,-0.0,-0.0886,-0.0623
210,9275611816,2026-04-29,33.5,Rotatif pay kaydı (azalış),34.9,32.2,0,0,0.0,0.033,-0.0003,0.0,60.0,0.0,-0.122,-0.0299
1018,9966429055,2026-08-14,33.5,Sektör riski hızlı değişti (artış),,33.5,1,0,,0.0654,-0.022,0.0,18.0,0.0,-0.1462,-0.0168
601,9532900577,2026-01-30,33.4,Bizim pay değişti (artış),,33.4,1,0,,-0.0184,0.0022,0.0,7.0,0.0008,0.0816,0.0288
109,9582839131,2026-03-28,33.4,Sektör riski hızlı değişti (azalış),,33.4,0,0,0.0,-0.1119,0.052,0.0,10.0,0.0,-0.015,-0.0076
800,9376952771,2026-07-10,33.2,Sektör riski hızlı değişti (azalış),,33.2,0,0,0.0,-0.0622,0.0162,0.0,-40.0,-0.0,0.0225,-0.014
91,9931510360,2025-12-30,33.1,Bizim pay değişti (azalış),,33.1,0,0,0.0,0.0277,-0.0492,0.0,-6.0,0.0,0.0545,-0.0553
1420,9653145597,2026-05-20,33.0,Sektör riski hızlı değişti (artış),,33.0,0,0,0.0,0.0647,0.0366,0.0,-72.0,-0.0,-0.0554,-0.0158
617,9279822879,2026-04-03,33.0,Limit doluluğu değişti (azalış),33.3,32.7,0,0,0.0,0.0339,-0.042,0.0,-13.0,0.0,-0.0533,-0.0507
524,9927384295,2026-05-12,32.9,Bizim pay değişti (azalış),,32.9,0,0,0.0,0.0572,-0.0205,0.0,9.0,-0.0,0.0461,-0.064
357,9531475367,2026-08-31,32.9,KKB notu değişti (artış),,32.9,1,0,,-0.0054,-0.0214,0.0,80.0,0.0,0.0119,-0.0233
115,9190995549,2026-06-12,32.8,Bizim pay değişti (artış),26.2,39.3,1,0,,0.0067,-0.0351,0.0,37.0,-0.0,0.0629,0.0336
1151,9560029386,2026-05-07,32.8,Sektör riski hızlı değişti (artış),,32.8,0,0,0.0,0.0753,0.0325,0.0,15.0,-0.0,0.1308,0.0025
1140,9623799215,2026-06-22,32.8,Rotatif pay kaydı (azalış),22.3,43.2,0,0,0.0,0.0311,-0.0118,0.0,11.0,-0.0,-0.1551,-0.0657
1714,9346204317,2026-03-27,32.6,Sektör riski hızlı değişti (azalış),,32.6,0,0,0.0,-0.0221,0.0486,0.0,51.0,-0.0,0.1067,0.0128
1220,9183285089,2026-06-15,32.6,Rotatif pay kaydı (artış),27.0,38.2,1,0,,0.0072,0.0106,0.0,7.0,-0.0,0.1758,0.0103
1242,9506045038,2025-12-26,32.5,Bizim pay değişti (azalış),23.5,41.4,0,0,0.0,0.0401,0.0546,0.0,-33.0,0.0,0.0807,-0.0686
755,9503394478,2026-03-26,32.4,Bizim pay değişti (azalış),,32.4,0,0,0.0,0.0339,0.0249,0.0,55.0,-0.0,-0.0638,-0.0575
1756,9450355148,2026-09-28,32.4,Sektör riski hızlı değişti (artış),30.3,34.4,1,0,,0.0288,-0.0322,0.0,-9.0,0.0,0.0813,0.0422
1566,9741915360,2026-06-03,32.4,Rotatif pay kaydı (azalış),,32.4,0,0,0.0,0.0049,0.0565,0.0,-10.0,-0.0,-0.1665,-0.0108
1129,9451813732,2026-06-24,32.3,Bizim pay değişti (artış),,32.3,0,0,0.0,-0.0019,-0.0042,0.0,-26.0,0.0,-0.1231,0.033
1361,9922618056,2026-06-26,32.3,Rotatif pay kaydı (artış),33.6,30.9,1,0,,0.0251,0.0063,0.0,3.0,0.0,0.1608,0.0321
1334,9885084829,2026-04-06,32.1,Limit doluluğu değişti (artış),,32.1,0,0,0.0,0.0177,0.0698,0.0,1.0,0.0,-0.0815,-0.0071
1497,9370701380,2026-06-26,32.1,Sektör riski hızlı değişti (azalış),27.2,36.9,1,0,,-0.0987,0.0162,0.0,-31.0,0.0,-0.0415,-0.017
228,9245884522,2026-07-03,32.0,Rotatif pay kaydı (azalış),22.6,41.3,0,0,0.0,-0.0032,0.0539,0.0,3.0,-0.0,-0.1614,0.0116
379,9916844402,2026-09-22,32.0,Rotatif pay kaydı (artış),28.8,35.3,1,0,,0.0361,0.0232,0.0,-41.0,-0.0,0.069,-0.0528
1597,9348071545,2026-08-03,32.0,Sektör riski hızlı değişti (azalış),,32.0,1,0,,-0.0265,-0.0403,0.0,39.0,0.0,-0.114,-0.0013
859,9785969271,2025-11-28,31.9,Sektör riski hızlı değişti (azalış),,31.9,0,0,0.0,-0.045,-0.0227,0.0,40.0,-0.0,-0.0754,0.0079
216,9686702194,2025-12-26,31.9,KKB notu değişti (artış),,31.9,0,0,0.0,0.0438,0.0194,0.0,66.0,0.0,0.0604,-0.0455
948,9746515506,2025-12-15,31.7,Rotatif pay kaydı (artış),,31.7,0,0,0.0,0.0363,-0.0488,0.0,32.0,0.0,0.1359,0.0061
1108,9653638876,2026-05-28,31.6,KKB notu değişti (artış),,31.6,1,0,,0.0334,0.0182,0.0,79.0,0.0,-0.0348,0.0296
1190,9788330800,2026-06-05,31.5,KKB notu değişti (artış),,31.5,0,0,0.0,-0.0004,0.042,0.0,74.0,-0.0,-0.0704,-0.0208
1195,9302767604,2026-05-25,31.4,Bizim pay değişti (azalış),,31.4,0,0,0.0,0.0403,-0.0149,0.0,14.0,-0.0,-0.1022,-0.0573
12,9843950336,2025-11-25,31.4,Limit doluluğu değişti (artış),,31.4,0,0,0.0,0.0524,0.0747,0.0,2.0,-0.0,0.0117,-0.0309
89,9579189070,2026-07-29,31.3,Sektör riski hızlı değişti (azalış),21.2,41.5,1,0,,-0.0354,-0.0429,0.0,-12.0,-0.0,0.1972,-0.0149
290,9409020143,2025-12-15,31.2,Sektör riski hızlı değişti (artış),,31.2,0,0,0.0,0.0729,0.0367,0.0,10.0,-0.0,0.1118,-0.0208
1579,9171385209,2026-05-15,31.1,Sektör riski hızlı değişti (artış),,31.1,0,0,0.0,0.0656,-0.0339,0.0,24.0,0.0,0.0141,0.0349
75,9441142289,2026-06-19,31.0,Sektör riski hızlı değişti (azalış),,31.0,0,0,0.0,-0.0453,0.0336,0.0,-31.0,0.0,-0.0132,0.0394
60,9577757216,2026-07-22,31.0,KKB notu değişti (azalış),26.6,35.4,1,1,,0.0,0.0463,0.0,-32.0,-0.0,-0.1569,0.0049
1175,9326536868,2025-11-28,30.8,Sektör riski hızlı değişti (azalış),,30.8,0,0,0.0,-0.0611,0.0106,0.0,-16.0,-0.0,0.0192,0.0254
96,9922085802,2025-11-28,30.7,KKB notu değişti (artış),,30.7,0,0,0.0,0.0298,0.0751,0.0,45.0,-0.0,-0.0383,-0.0304
1371,9555152229,2026-08-18,30.5,Bizim pay değişti (artış),,30.5,1,0,,0.0057,-0.0128,0.0,18.0,-0.0,0.1013,0.0281
1386,9981318915,2026-09-29,30.4,Rotatif pay kaydı (artış),,30.4,1,0,,-0.0027,-0.0412,0.0,1.0,-0.0,0.1156,-0.0209
677,9553657515,2026-04-15,30.4,KKB notu değişti (azalış),,30.4,0,0,0.0,0.0015,-0.0143,0.0,-69.0,-0.0,0.015,0.0227
1584,9404826069,2026-09-21,30.3,Rotatif pay kaydı (artış),24.0,36.7,1,0,,0.0015,0.0031,0.0,-44.0,0.0,0.0947,-0.0338
719,9316224053,2026-04-24,30.3,KKB notu değişti (azalış),42.5,18.1,0,0,0.0,0.0277,0.002,0.0,-79.0,0.0,0.0762,0.0064
1715,9346204317,2026-04-13,30.3,Limit doluluğu değişti (azalış),,30.3,0,0,0.0,0.0204,-0.0618,0.0,-2.0,0.0,0.085,-0.0149
797,9383245702,2025-11-27,30.2,Sektör riski hızlı değişti (azalış),,30.2,0,0,0.0,-0.0169,0.0707,0.0,28.0,0.0,0.053,-0.0014
393,9583904337,2026-03-12,30.1,Bizim pay değişti (artış),,30.1,1,0,,0.0287,0.0289,0.0,21.0,-0.0,0.117,0.048
641,9354536579,2026-04-09,29.9,Bizim pay değişti (azalış),28.0,31.8,0,0,0.0,0.0142,0.0496,0.0,59.0,-0.0,-0.0334,-0.0172
982,9145341764,2025-11-28,29.9,Limit doluluğu değişti (artış),,29.9,0,0,0.0,0.0611,0.0858,0.0,22.0,-0.0,0.0162,0.0153
297,9265196185,2026-08-17,29.9,Bizim pay değişti (artış),33.1,26.6,1,0,,-0.016,0.0251,0.0,19.0,-0.0,0.0566,0.0343
419,9355646179,2025-12-19,29.8,Sektör riski hızlı değişti (azalış),,29.8,0,0,0.0,-0.0236,0.0145,0.0,24.0,-0.0,-0.0962,0.0378
1069,9790894929,2026-01-16,29.8,Sektör riski hızlı değişti (azalış),,29.8,0,0,0.0,-0.0363,0.0531,0.0,-57.0,-0.0,0.0611,0.0098
1562,9314174870,2026-09-04,29.7,Bizim pay değişti (azalış),,29.7,1,0,,0.0113,-0.0549,0.0,1.0,0.0,0.0509,-0.0367
984,9145341764,2026-03-11,29.7,Rotatif pay kaydı (azalış),22.8,36.6,0,0,0.0,0.0501,0.0491,0.0,-16.0,-0.0,-0.053,-0.06
1171,9166244835,2026-08-26,29.7,Rotatif pay kaydı (artış),29.4,30.0,1,0,,-0.0088,0.0386,0.0,53.0,-0.0,0.149,-0.0004
821,9320030683,2026-03-30,29.7,Bizim pay değişti (azalış),31.4,27.9,0,0,1.0,0.0213,0.051,0.0,-33.0,0.0,0.11,-0.0564
1609,9402040153,2026-09-29,29.5,Limit doluluğu değişti (artış),25.1,33.9,1,0,,0.0075,0.0557,0.0,23.0,-0.0,0.0618,0.0049
803,9734745168,2026-05-29,29.5,KKB notu değişti (artış),,29.5,0,0,0.0,0.0303,0.0333,0.0,71.0,0.0,0.0405,0.0356
1250,9280935817,2026-09-18,29.4,Rotatif pay kaydı (azalış),,29.4,0,0,0.0,0.0187,0.0356,0.0,5.0,-0.0,-0.1357,0.0178
488,9300131134,2026-03-31,29.3,Sektör riski hızlı değişti (artış),,29.3,0,0,0.0,0.0929,0.0484,0.0,43.0,0.0,0.0127,-0.0031
597,9170340525,2025-11-26,29.3,Sektör riski hızlı değişti (azalış),,29.3,0,0,0.0,-0.0475,-0.023,0.0,45.0,-0.0,0.0098,-0.007
377,9916844402,2026-06-12,29.2,Bizim pay değişti (azalış),32.3,26.0,0,0,0.0,0.0531,0.033,0.0,3.0,0.0,-0.1167,-0.0168
1236,9793355844,2026-02-15,29.2,Sektör riski hızlı değişti (artış),,29.2,0,0,0.0,0.081,0.0277,0.0,-27.0,0.0,0.0365,0.0266
136,9656843300,2025-12-29,29.1,Bizim pay değişti (azalış),,29.1,0,0,0.0,-0.0005,-0.0141,0.0,-48.0,0.0,0.0382,-0.0602
387,9453456356,2026-08-07,29.0,KKB notu değişti (artış),,29.0,1,0,,0.0057,0.006,0.0,77.0,0.0,0.0271,-0.0316
875,9848932017,2026-05-14,28.9,Sektör riski hızlı değişti (artış),,28.9,0,0,0.0,0.0629,0.0547,0.0,-20.0,0.0,-0.0359,-0.0356
353,9790857820,2026-07-30,28.8,Rotatif pay kaydı (azalış),35.8,21.7,1,0,,-0.0337,0.0044,0.0,3.0,0.0,-0.1332,-0.0077
1534,9930465186,2026-07-20,28.8,Bizim pay değişti (artış),,28.8,0,0,0.0,0.0003,-0.0005,0.0,0.0,0.0,-0.1371,0.0362
128,9159455520,2026-03-27,28.8,Limit doluluğu değişti (artış),,28.8,1,0,,0.0053,0.0731,0.0,-16.0,0.0,0.0821,0.0015
1011,9309458931,2026-08-21,28.7,Limit doluluğu değişti (azalış),,28.7,1,0,,-0.0047,-0.0445,0.0,32.0,-0.0,0.0892,-0.0087
146,9267156736,2026-02-25,28.7,Rotatif pay kaydı (azalış),20.1,37.4,1,0,,-0.0051,0.0378,0.0,-39.0,0.0,-0.1038,-0.0013
642,9354536579,2026-06-08,28.6,Rotatif pay kaydı (artış),26.6,30.6,0,0,0.0,0.0679,0.0248,0.0,-66.0,-0.0,0.1117,0.0
885,9253287179,2026-06-03,28.6,KKB notu değişti (azalış),31.0,26.3,1,0,,0.0276,0.0124,0.0,-57.0,0.0,0.0869,0.0298
1185,9634053032,2026-06-05,28.6,Rotatif pay kaydı (azalış),,28.6,1,0,,0.0013,0.012,0.0,22.0,0.0,-0.1453,-0.0124
241,9650052945,2026-08-28,28.6,KKB notu değişti (artış),19.6,37.5,1,0,,0.0169,0.0199,0.0,53.0,-0.0,0.1118,0.0037
494,9586451252,2026-09-25,28.5,Bizim pay değişti (artış),,28.5,1,0,,0.0183,-0.027,0.0,12.0,0.0,-0.015,0.0504
52,9461138467,2026-03-20,28.3,KKB notu değişti (artış),,28.3,0,0,0.0,0.0124,0.0274,0.0,40.0,0.0025,0.004,-0.0132
220,9181521152,2026-06-24,28.3,Sektör riski hızlı değişti (azalış),,28.3,1,0,,-0.0216,0.0618,0.0,-21.0,0.0,-0.0781,0.0176
1179,9736804248,2026-01-02,28.2,Sektör riski hızlı değişti (artış),,28.2,0,0,0.0,0.0836,0.0081,0.0,-43.0,0.0,-0.0583,-0.0116
359,9220836521,2025-10-31,28.1,Bizim pay değişti (azalış),,28.1,0,0,1.0,-0.008,-0.0261,0.0,-3.0,-0.0,0.0801,-0.0387
470,9819573704,2026-05-01,28.0,Sektör riski hızlı değişti (azalış),,28.0,1,0,,-0.0288,0.0533,0.0,0.0,0.0,0.0909,0.0156
1510,9704786083,2026-02-25,27.8,Sektör riski hızlı değişti (azalış),,27.8,0,0,0.0,-0.0451,-0.0153,0.0,27.0,-0.0,-0.031,-0.0262
1318,9680912167,2026-04-30,27.8,Sektör riski hızlı değişti (azalış),,27.8,1,0,,-0.0293,0.0007,0.0,31.0,-0.0,-0.0,-0.0421
1330,9633650607,2026-03-20,27.7,Sektör riski hızlı değişti (azalış),49.6,5.8,0,0,1.0,-0.0241,-0.01,0.0,11.0,-0.0,0.0255,-0.0028
176,9379588766,2026-02-04,27.7,KKB notu değişti (artış),,27.7,0,0,0.0,-0.001,0.025,0.0,61.0,-0.0,-0.0453,0.0103
318,9793490676,2026-09-25,27.6,Sektör riski hızlı değişti (azalış),,27.6,1,0,,-0.063,0.0352,0.0,9.0,0.0,-0.0701,0.0
1288,9961518072,2026-03-05,27.5,Limit doluluğu değişti (artış),,27.5,0,0,0.0,0.0634,0.0648,0.0,17.0,0.0,0.0149,-0.0304
63,9457772521,2026-05-29,27.4,Sektör riski hızlı değişti (artış),,27.4,0,0,0.0,0.0817,0.0205,0.0,2.0,0.0,0.1099,-0.025
289,9409020143,2025-11-28,27.3,Rotatif pay kaydı (azalış),,27.3,0,0,0.0,0.0396,0.0444,0.0,-13.0,-0.0,-0.1031,-0.017
1653,9280149378,2026-09-16,27.3,KKB notu değişti (artış),,27.3,1,0,,0.0028,0.0611,0.0,43.0,-0.0,-0.0441,0.0308
969,9599350356,2026-07-09,27.2,KKB notu değişti (artış),28.5,25.9,0,1,1.0,0.053,0.0678,0.0,5.0,-0.0,-0.0664,0.0186
1759,9552956633,2026-06-17,27.2,Limit doluluğu değişti (artış),,27.2,0,0,0.0,0.0302,0.0883,0.0,-7.0,0.0,0.0142,-0.0041
1269,9782472222,2026-02-26,27.1,Bizim pay değişti (azalış),,27.1,0,0,0.0,0.0228,-0.0266,0.0,34.0,-0.0,0.0077,-0.0623
1378,9967145496,2026-01-05,27.0,Bizim pay değişti (artış),,27.0,0,0,0.0,0.0391,0.0442,0.0,23.0,0.0,-0.0875,0.0403
700,9135081439,2026-08-12,26.9,Bizim pay değişti (artış),,26.9,1,0,,-0.0224,-0.0169,0.0,-17.0,-0.0,-0.0466,0.0425
1299,9302018082,2026-01-19,26.8,Bizim pay değişti (artış),,26.8,0,0,0.0,0.0094,0.0158,0.0,16.0,-0.0,0.1088,0.0411
921,9401943791,2026-03-27,26.8,Rotatif pay kaydı (artış),,26.8,0,0,0.0,0.0208,0.0338,0.0,10.0,0.0,0.1432,0.0053
154,9884268177,2026-03-12,26.7,Limit doluluğu değişti (artış),,26.7,0,0,0.0,0.0069,0.0684,0.0,-12.0,-0.0,0.0357,0.0227
1238,9793355844,2026-09-22,26.7,Rotatif pay kaydı (artış),32.4,21.1,1,0,,0.0151,0.0172,0.0,61.0,0.0,0.1148,-0.0175
1588,9255963239,2026-08-21,26.5,KKB notu değişti (azalış),,26.5,1,0,,0.0195,0.035,0.0,-82.0,0.0,0.0847,0.0308
123,9853945172,2026-05-22,26.4,KKB notu değişti (artış),,26.4,0,0,0.0,0.0224,0.0588,0.0,37.0,0.0,-0.0731,-0.0187
901,9235116600,2026-02-09,26.3,Sektör riski hızlı değişti (artış),,26.3,0,0,0.0,0.0764,0.0263,0.0,63.0,-0.0,0.0281,0.0125
182,9706543930,2026-06-05,26.2,Bizim pay değişti (azalış),29.8,22.6,0,0,0.0,0.0127,-0.031,0.0,-7.0,-0.0,0.092,-0.0145
1495,9370701380,2026-06-05,26.2,Limit doluluğu değişti (azalış),,26.2,0,0,0.0,0.0366,-0.0533,0.0,-18.0,-0.0,0.0554,-0.0201
1465,9104203706,2026-01-26,26.1,Sektör riski hızlı değişti (azalış),,26.1,0,0,0.0,-0.0271,-0.0391,0.0,-14.0,0.0,0.0069,-0.0378
1285,9388753206,2026-04-03,25.8,Bizim pay değişti (artış),,25.8,0,0,0.0,0.0602,0.016,0.0,38.0,0.0,-0.1199,0.0291
293,9409020143,2026-06-25,25.8,Limit doluluğu değişti (azalış),31.4,20.2,1,0,,0.0285,-0.0453,0.0,9.0,-0.0,0.0701,-0.021
1375,9746289348,2026-03-12,25.8,Limit doluluğu değişti (azalış),,25.8,0,0,0.0,0.0189,-0.0399,0.0,34.0,-0.0,0.029,0.0171
607,9571461236,2026-02-05,25.7,Limit doluluğu değişti (azalış),,25.7,0,0,0.0,-0.0024,-0.062,0.0,-27.0,-0.0,-0.0507,0.0141
1428,9224855466,2026-05-14,25.6,Sektör riski hızlı değişti (azalış),34.8,16.3,0,0,0.0,-0.0195,0.0022,0.0,25.0,-0.0,-0.1207,-0.0073
119,9674267814,2026-09-03,25.5,Rotatif pay kaydı (artış),15.9,35.2,1,0,,0.0309,0.0655,0.0,20.0,0.0,0.0947,0.0208
590,9932466225,2026-05-29,25.4,Sektör riski hızlı değişti (azalış),27.0,23.8,1,0,,-0.0349,0.0296,0.0,15.0,-0.0,-0.0969,0.0068
1333,9885084829,2026-03-18,25.4,Bizim pay değişti (azalış),,25.4,0,0,0.0,0.0198,0.0232,0.0,36.0,-0.0,-0.0345,-0.0575
1249,9280935817,2026-08-21,25.3,Rotatif pay kaydı (artış),,25.3,0,0,0.0,0.0077,0.0365,0.0,0.0,0.0,0.0944,-0.0319
1400,9503944590,2026-09-16,25.2,KKB notu değişti (azalış),27.3,23.1,1,0,,0.039,0.063,0.0,-52.0,-0.0,-0.0297,0.0
1628,9347473786,2026-01-30,25.2,KKB notu değişti (azalış),,25.2,0,0,0.0,0.0266,0.0557,0.0,-82.0,-0.0,-0.0547,-0.0338
1049,9512725349,2026-07-03,25.2,Limit doluluğu değişti (azalış),17.9,32.5,1,0,,-0.0115,-0.0396,0.0,-12.0,-0.0,0.1226,0.0185
1107,9653638876,2025-12-15,25.0,Bizim pay değişti (artış),,25.0,0,0,0.0,0.0329,-0.0076,0.0,1.0,-0.0,0.0608,0.0482
251,9273780372,2025-11-26,24.9,KKB notu değişti (artış),,24.9,0,0,0.0,0.0609,0.0051,0.0,41.0,-0.0,0.0837,-0.0197
409,9964905739,2026-09-09,24.8,Limit doluluğu değişti (azalış),25.0,24.7,1,0,,0.0077,-0.0662,0.0,-12.0,0.0,0.0869,0.0075
301,9998946673,2026-03-31,24.8,Sektör riski hızlı değişti (azalış),,24.8,0,0,0.0,-0.0567,-0.028,0.0,-3.0,0.0,0.0878,0.0181
1749,9447829316,2025-10-31,24.7,Bizim pay değişti (azalış),,24.7,0,0,0.0,-0.0034,0.0142,0.0,20.0,-0.0,-0.0803,-0.0515
1523,9754309815,2025-12-30,24.6,Bizim pay değişti (azalış),,24.6,0,0,0.0,0.0369,-0.0019,0.0,-12.0,-0.0,-0.0688,-0.0646
244,9907079834,2026-07-09,24.5,Rotatif pay kaydı (azalış),,24.5,1,0,,0.0117,-0.0032,0.0,-9.0,0.0,-0.1134,-0.0047
1496,9370701380,2026-06-22,24.5,Limit doluluğu değişti (artış),28.9,20.2,0,0,0.0,-0.0029,0.0355,0.0,17.0,-0.0,0.0024,0.0262
611,9568946291,2026-05-04,24.4,KKB notu değişti (azalış),,24.4,0,0,0.0,0.0243,0.0376,0.0,-71.0,0.0,-0.0256,0.0019
1270,9782472222,2026-03-19,24.3,Sektör riski hızlı değişti (artış),,24.3,0,0,0.0,0.0883,0.007,0.0,19.0,0.0,0.0388,-0.0124
113,9190995549,2025-11-24,24.2,Sektör riski hızlı değişti (artış),,24.2,0,0,0.0,0.0762,-0.0282,0.0,-24.0,-0.0,-0.0474,-0.0281
1094,9305502608,2026-03-20,24.2,Sektör riski hızlı değişti (artış),,24.2,1,0,,0.0697,-0.0098,0.0,-23.0,-0.0,0.0969,0.004
618,9279822879,2026-04-17,24.1,Bizim pay değişti (azalış),22.7,25.5,1,0,,0.0453,0.0741,0.0,25.0,-0.0,-0.0238,-0.0032
335,9792466882,2026-02-27,24.1,Bizim pay değişti (artış),,24.1,0,0,0.0,0.0135,-0.0322,0.0,-46.0,0.0,-0.0063,0.0306
1344,9286873454,2025-11-11,24.0,Sektör riski hızlı değişti (artış),,24.0,0,0,0.0,0.0497,0.0055,0.0,-12.0,-0.0,-0.1436,-0.0108
247,9683365356,2026-05-27,23.9,Limit doluluğu değişti (artış),,23.9,0,0,0.0,0.0426,0.0597,0.0,-16.0,0.0,0.0606,-0.0293
1587,9255963239,2026-07-30,23.6,Sektör riski hızlı değişti (azalış),,23.6,0,0,0.0,-0.0385,0.048,0.0,0.0,-0.0,0.0614,-0.0147
243,9907079834,2026-04-17,23.5,Limit doluluğu değişti (azalış),,23.5,0,0,0.0,-0.0141,-0.0452,0.0,16.0,-0.0,0.0167,-0.0008
1070,9790894929,2026-03-11,23.5,Limit doluluğu değişti (artış),12.9,34.0,0,0,0.0,0.0315,0.0611,0.0,7.0,0.0,0.0404,-0.0703
229,9245884522,2026-09-07,23.4,Rotatif pay kaydı (artış),21.4,25.3,1,0,,-0.0085,0.001,0.0,-24.0,0.0,0.1336,-0.0127
1308,9245682424,2026-07-10,23.3,Sektör riski hızlı değişti (artış),,23.3,1,0,,0.0741,-0.0321,0.0,27.0,0.0,-0.0487,-0.0049
1289,9961518072,2026-06-05,23.2,Bizim pay değişti (azalış),,23.2,0,0,0.0,0.0197,-0.0187,0.0,13.0,-0.0,-0.0343,-0.0653
1415,9383152069,2025-11-26,23.2,Sektör riski hızlı değişti (azalış),,23.2,0,0,0.0,-0.0501,0.0179,0.0,2.0,0.0,-0.0946,0.0096
1173,9965366523,2026-05-07,23.0,Sektör riski hızlı değişti (azalış),,23.0,1,0,,-0.0192,-0.0319,0.0,46.0,0.0,0.0158,-0.0352
286,9349162040,2026-08-28,22.9,Sektör riski hızlı değişti (azalış),,22.9,0,0,0.0,-0.0387,-0.0269,0.0,-36.0,0.0,0.0273,-0.0217
1700,9692961533,2026-04-28,22.8,KKB notu değişti (azalış),,22.8,0,0,0.0,0.0161,-0.0629,0.0,-40.0,0.0,0.0803,0.002
72,9422805512,2026-09-15,22.7,Rotatif pay kaydı (azalış),,22.7,1,0,,0.0036,-0.0311,0.0,-34.0,-0.0,-0.1074,0.0024
734,9553797419,2025-12-31,22.7,Sektör riski hızlı değişti (azalış),,22.7,0,0,0.0,-0.013,-0.0342,0.0,-31.0,-0.0,0.0069,0.0
1337,9885084829,2026-05-29,22.5,Bizim pay değişti (azalış),25.4,19.5,1,0,,0.0238,0.0238,0.0,24.0,-0.0,-0.069,-0.0522
514,9423995062,2026-09-22,22.5,Bizim pay değişti (artış),,22.5,1,0,,0.0223,-0.0418,0.0,-8.0,0.0,-0.0078,0.0368
448,9578451626,2026-07-13,22.4,KKB notu değişti (azalış),21.4,23.4,1,0,,0.021,-0.0103,0.0,-37.0,-0.0,-0.0101,-0.0453
1674,9481902785,2026-07-07,22.4,Bizim pay değişti (artış),21.1,23.7,0,1,1.0,0.0362,0.0604,0.0,-34.0,0.0,0.0346,0.0158
469,9819573704,2026-04-27,22.4,Rotatif pay kaydı (azalış),,22.4,0,0,0.0,0.0153,-0.0107,0.0,25.0,0.0,-0.1186,-0.0388
658,9479152114,2026-07-17,22.3,Sektör riski hızlı değişti (artış),,22.3,1,0,,0.0696,0.0052,0.0,39.0,0.0,-0.0457,0.0067
987,9949729282,2026-04-03,22.2,Sektör riski hızlı değişti (azalış),,22.2,1,0,,-0.0484,-0.0146,0.0,-7.0,0.0,0.0802,0.0005
463,9376779777,2026-08-10,22.2,KKB notu değişti (artış),,22.2,1,0,,0.011,0.0469,0.0,56.0,-0.0,-0.0571,-0.025
1026,9803319255,2026-09-24,22.0,Limit doluluğu değişti (artış),24.7,19.3,1,0,,0.0234,0.0339,0.0,7.0,-0.0,0.0292,0.0543
272,9754886329,2026-06-29,22.0,Limit doluluğu değişti (azalış),,22.0,1,0,,0.0022,-0.037,0.0,-7.0,0.0,-0.0935,0.0093
939,9865669104,2026-05-08,21.9,Limit doluluğu değişti (artış),,21.9,0,0,0.0,0.024,0.0738,0.0,13.0,0.0,-0.0239,-0.0135
337,9792466882,2026-08-28,21.9,Rotatif pay kaydı (artış),22.7,21.2,1,0,,0.0178,-0.0354,0.0,13.0,-0.0,0.1095,-0.0026
525,9927384295,2026-06-16,21.6,Bizim pay değişti (azalış),22.5,20.7,0,0,0.0,0.0412,0.0625,0.0,27.0,-0.0,-0.0178,-0.0136
340,9104810947,2025-12-19,21.6,KKB notu değişti (artış),,21.6,0,0,0.0,-0.0066,-0.0301,0.0,63.0,0.0,-0.0208,-0.0088
608,9571461236,2026-03-13,21.5,Bizim pay değişti (artış),,21.5,0,0,0.0,0.017,-0.0036,0.0,47.0,-0.0,0.0346,0.0321
321,9382913148,2025-11-18,21.4,Limit doluluğu değişti (azalış),,21.4,0,0,0.0,0.0109,-0.0711,0.0,3.0,0.0,-0.045,-0.0098
1417,9383152069,2026-07-14,21.2,Sektör riski hızlı değişti (artış),31.3,11.0,1,0,,0.0246,0.0069,0.0,38.0,-0.0,0.0642,0.0043
980,9132250337,2026-09-30,21.2,Limit doluluğu değişti (azalış),20.6,21.8,1,0,,0.0062,-0.056,0.0,-47.0,0.0,-0.0305,0.0146
404,9554749229,2026-08-07,21.0,Bizim pay değişti (artış),12.5,29.6,0,0,0.0,0.0275,-0.0155,0.0,50.0,-0.0,0.0061,0.0481
828,9918817818,2026-09-25,20.9,Bizim pay değişti (artış),,20.9,1,0,,0.0002,0.049,0.0,-45.0,-0.0,-0.0374,0.0194
1130,9451813732,2026-08-07,20.8,Bizim pay değişti (azalış),,20.8,1,0,,0.0021,0.0335,0.0,-3.0,0.0,0.0644,-0.0353
816,9447329162,2025-11-07,20.7,Limit doluluğu değişti (artış),,20.7,1,0,,-0.0098,0.0529,0.0,-13.0,-0.0,-0.0278,-0.0179
1099,9994053230,2026-06-12,20.6,Rotatif pay kaydı (artış),,20.6,0,0,0.0,0.0017,0.0313,0.0,26.0,-0.0,0.0815,-0.0188
692,9514217895,2026-06-29,20.5,Sektör riski hızlı değişti (azalış),,20.5,1,0,,-0.0187,0.052,0.0,-20.0,-0.0,0.0061,0.0057
307,9553852690,2026-06-09,20.4,Rotatif pay kaydı (artış),,20.4,1,0,,0.0015,0.0133,0.0,44.0,-0.0,0.126,0.0088
940,9865669104,2026-05-14,20.3,Limit doluluğu değişti (azalış),19.4,21.2,1,0,,-0.0436,-0.0536,0.0,15.0,0.0,-0.0008,0.0047
240,9650052945,2026-06-12,20.3,Rotatif pay kaydı (azalış),,20.3,0,0,0.0,0.0192,-0.0431,0.0,21.0,-0.0,-0.0734,-0.0209
1507,9159953674,2025-12-26,20.1,Sektör riski hızlı değişti (azalış),,20.1,0,0,0.0,-0.0431,0.0119,0.0,-18.0,-0.0,-0.0611,0.0084
5,9517727538,2026-02-17,20.0,Sektör riski hızlı değişti (azalış),,20.0,0,0,0.0,-0.0471,-0.0004,0.0,-19.0,0.0,-0.0078,-0.0118
757,9503394478,2026-06-26,19.9,Rotatif pay kaydı (artış),27.6,12.3,0,0,0.0,0.0292,0.0176,0.0,-2.0,-0.0,0.1161,-0.0303
1660,9383229922,2026-03-18,19.9,Bizim pay değişti (azalış),,19.9,0,0,1.0,0.0592,0.0269,0.0,-27.0,-0.0,0.0533,-0.0429
551,9623554567,2026-07-27,19.8,Bizim pay değişti (azalış),,19.8,0,0,0.0,0.0191,0.0359,0.0,4.0,-0.0,0.004,-0.0247
1025,9803319255,2026-06-05,19.7,Sektör riski hızlı değişti (azalış),,19.7,0,0,0.0,-0.1024,-0.0104,0.0,40.0,0.0,0.0436,0.0225
74,9441142289,2026-04-24,19.6,Bizim pay değişti (artış),,19.6,0,0,0.0,-0.0173,-0.0443,0.0,10.0,-0.0,-0.0151,0.0409
894,9311233139,2026-06-15,19.6,Rotatif pay kaydı (artış),,19.6,0,0,0.0,0.0249,0.0277,0.0,-9.0,-0.0,0.0791,0.0017
1644,9241841361,2026-05-06,19.5,KKB notu değişti (artış),20.0,19.1,0,0,0.0,0.0179,-0.0231,0.0,36.0,-0.0,-0.0493,-0.0368
557,9506687736,2025-12-26,19.4,Sektör riski hızlı değişti (artış),,19.4,0,0,0.0,0.0521,-0.0017,0.0,-35.0,0.0,0.0591,0.0102
1592,9837829997,2026-09-11,19.2,Limit doluluğu değişti (artış),21.3,17.1,1,0,,-0.0189,0.0323,0.0,-32.0,-0.0,0.0541,0.0228
1105,9667136772,2026-06-04,19.2,Bizim pay değişti (azalış),12.9,25.6,1,0,,0.0374,0.0312,0.0,8.0,0.0,0.0328,-0.0727
1529,9683089732,2026-03-31,19.2,KKB notu değişti (azalış),,19.2,0,0,0.0,0.0159,-0.0021,0.0,-62.0,-0.0,-0.0831,-0.0111
1097,9742709001,2026-06-08,19.1,Sektör riski hızlı değişti (artış),,19.1,1,0,,0.0604,0.0535,0.0,24.0,-0.0,0.0296,-0.0177
1015,9593752653,2026-06-26,19.0,Bizim pay değişti (azalış),34.6,3.5,1,0,,0.0537,0.0033,0.0,20.0,0.0,-0.0252,-0.0175
1708,9151572658,2026-02-27,19.0,KKB notu değişti (azalış),,19.0,0,0,0.0,0.0403,-0.0297,0.0,-56.0,0.0,-0.0557,0.0146
1684,9570297688,2026-09-24,18.9,Limit doluluğu değişti (artış),26.6,11.3,1,0,,0.0497,0.0377,0.0,35.0,0.0,-0.0629,0.004
523,9927384295,2026-03-06,18.8,Bizim pay değişti (azalış),,18.8,0,0,0.0,0.0204,0.0413,0.0,38.0,0.0,0.0106,-0.0397
919,9107755531,2026-04-30,18.7,Sektör riski hızlı değişti (azalış),,18.7,1,0,,-0.0031,0.0524,0.0,13.0,-0.0,0.0624,0.0138
604,9765793023,2026-07-24,18.6,Bizim pay değişti (azalış),,18.6,0,0,0.0,-0.0002,0.0294,0.0,-26.0,-0.0,0.0063,-0.0484
1124,9195348121,2026-03-06,18.5,Bizim pay değişti (azalış),,18.5,0,0,0.0,0.0229,-0.0173,0.0,-6.0,0.0,-0.0319,-0.0617
1329,9633650607,2026-03-13,18.4,Sektör riski hızlı değişti (artış),,18.4,0,0,0.0,0.0819,-0.0037,0.0,-21.0,0.0,0.0227,-0.0354
413,9416845606,2026-08-21,18.3,Bizim pay değişti (azalış),,18.3,1,0,,0.0196,-0.0122,0.0,37.0,-0.0,0.0866,-0.044
1483,9759743475,2026-07-28,18.2,Sektör riski hızlı değişti (artış),,18.2,1,0,,0.0871,0.0059,0.0,-9.0,0.0,0.0604,-0.002
623,9235538458,2026-09-25,18.2,Limit doluluğu değişti (azalış),20.9,15.6,1,0,,0.0351,-0.0184,0.0,41.0,0.0,-0.0499,-0.0208
735,9553797419,2026-02-26,17.9,Sektör riski hızlı değişti (azalış),,17.9,0,0,0.0,-0.0254,0.0337,0.0,10.0,0.0,0.0809,0.0057
605,9765793023,2026-08-21,17.8,Sektör riski hızlı değişti (artış),29.2,6.4,1,0,,0.054,-0.0097,0.0,24.0,0.0,-0.0307,0.0082
1466,9104203706,2026-03-18,17.8,Bizim pay değişti (artış),,17.8,0,0,0.0,0.025,0.0063,0.0,-12.0,-0.0,-0.005,0.0416
281,9234139153,2026-09-10,17.7,Limit doluluğu değişti (azalış),,17.7,0,0,0.0,0.0127,-0.041,0.0,15.0,0.0,0.0608,-0.0151
474,9777398662,2026-05-29,17.6,Bizim pay değişti (azalış),,17.6,0,0,0.0,0.0504,0.0161,0.0,3.0,0.0,0.0244,-0.0536
1321,9977050803,2026-06-04,17.6,Limit doluluğu değişti (azalış),,17.6,1,0,,-0.0067,-0.0463,0.0,1.0,0.0,-0.0467,-0.0334
1711,9151572658,2026-06-03,17.6,Rotatif pay kaydı (azalış),13.6,21.7,0,0,0.0,0.0582,-0.0256,0.0,-10.0,0.0,-0.133,0.0001
1235,9793355844,2026-02-13,17.5,Sektör riski hızlı değişti (azalış),,17.5,0,0,0.0,-0.0259,-0.0157,0.0,25.0,-0.0,-0.0687,-0.027
1083,9128423197,2026-05-14,17.4,KKB notu değişti (azalış),,17.4,1,0,,0.0188,-0.015,0.0,-59.0,-0.0,0.0171,0.0279
1300,9302018082,2026-06-29,17.3,Rotatif pay kaydı (azalış),,17.3,1,0,,0.0078,-0.0319,0.0,-34.0,-0.0,-0.1184,-0.0127
342,9104810947,2026-09-30,17.2,Rotatif pay kaydı (artış),17.6,16.7,1,0,,0.0227,-0.0239,0.0,-2.0,0.0,0.1245,0.0098
200,9383698032,2026-01-15,17.2,Limit doluluğu değişti (azalış),,17.2,1,0,,0.0347,-0.0261,0.0,-24.0,0.0,-0.0656,0.0219
957,9105758806,2026-09-25,17.1,Sektör riski hızlı değişti (azalış),19.6,14.6,1,0,,-0.0,0.0389,0.0,37.0,-0.0,0.064,0.0
1051,9676298913,2026-05-28,17.0,Rotatif pay kaydı (azalış),,17.0,0,0,0.0,0.0123,-0.0465,0.0,-7.0,0.0,-0.0589,-0.004
985,9145341764,2026-05-29,17.0,Limit doluluğu değişti (azalış),21.3,12.7,1,0,,0.0321,-0.0205,0.0,27.0,0.0,0.073,-0.0216
1746,9812662560,2026-09-28,17.0,KKB notu değişti (azalış),30.4,3.6,1,0,,0.0125,-0.0077,0.0,-35.0,0.0,-0.0277,0.0
1177,9326536868,2026-07-30,16.9,Bizim pay değişti (azalış),17.7,16.1,1,0,,-0.0227,-0.0158,0.0,-7.0,-0.0,0.0447,-0.016
108,9582839131,2026-03-23,16.9,Rotatif pay kaydı (artış),,16.9,0,0,0.0,0.019,-0.0229,0.0,4.0,0.0,0.1395,0.0162
1376,9746289348,2026-08-25,16.9,Rotatif pay kaydı (artış),19.9,13.9,1,0,,0.0031,0.0043,0.0,-36.0,0.0,0.1043,-0.0157
1010,9309458931,2026-06-04,16.8,Bizim pay değişti (artış),,16.8,0,0,0.0,0.0454,0.0372,0.0,-21.0,0.0,-0.0287,0.0175
1197,9302767604,2026-09-22,16.8,Sektör riski hızlı değişti (azalış),26.2,7.4,0,0,0.0,-0.0055,-0.0023,0.0,-39.0,-0.0,0.048,0.0
45,9729478084,2026-03-11,16.7,Sektör riski hızlı değişti (artış),17.6,15.9,0,0,1.0,0.0598,0.0103,0.0,6.0,-0.0,-0.0681,-0.029
1590,9837829997,2026-02-02,16.6,Sektör riski hızlı değişti (azalış),,16.6,0,0,0.0,-0.0045,-0.0113,0.0,-22.0,-0.0,-0.0724,0.0298
928,9650660307,2026-06-08,16.6,Bizim pay değişti (azalış),22.8,10.4,0,0,0.0,0.036,-0.01,0.0,32.0,0.0,-0.0337,-0.0062
295,9265196185,2026-02-20,16.6,KKB notu değişti (azalış),,16.6,0,0,0.0,-0.0155,-0.0016,0.0,-55.0,0.0,-0.0235,-0.0171
304,9998946673,2026-08-07,16.6,Limit doluluğu değişti (azalış),14.6,18.6,1,0,,0.0313,-0.0383,0.0,40.0,0.0,0.0906,0.0
813,9583455383,2026-05-26,16.5,Limit doluluğu değişti (azalış),,16.5,0,0,0.0,0.0082,-0.0449,0.0,-6.0,-0.0,0.0274,0.0267
512,9915212667,2026-05-28,16.4,KKB notu değişti (azalış),,16.4,1,0,,-0.0093,0.006,0.0,-64.0,-0.0,-0.0011,-0.0249
774,9854322899,2026-07-31,16.2,KKB notu değişti (azalış),,16.2,0,0,1.0,0.0401,0.046,0.0,-44.0,0.0,-0.0488,0.002
106,9343307609,2026-01-29,16.1,Rotatif pay kaydı (azalış),,16.1,1,0,,0.013,-0.0209,0.0,36.0,-0.0,-0.0976,0.01
314,9197791392,2026-03-10,16.0,Sektör riski hızlı değişti (azalış),,16.0,0,0,0.0,-0.022,-0.0072,0.0,45.0,-0.0,0.0538,0.0265
280,9234139153,2026-07-28,15.8,KKB notu değişti (artış),,15.8,0,0,0.0,-0.0018,0.0161,0.0,37.0,-0.0,-0.0446,0.0261
736,9553797419,2026-05-01,15.7,Sektör riski hızlı değişti (artış),19.8,11.5,1,0,,0.0156,-0.0373,0.0,6.0,0.0,-0.0665,0.0119
1020,9668157325,2026-05-27,15.7,Limit doluluğu değişti (azalış),,15.7,1,0,,0.0105,-0.0462,0.0,-2.0,0.0,0.0841,-0.0104
346,9856954769,2026-03-20,15.6,Bizim pay değişti (artış),,15.6,0,0,0.0,0.0387,0.0171,0.0,13.0,-0.0,-0.0074,0.0577
756,9503394478,2026-04-27,15.5,Bizim pay değişti (azalış),,15.5,0,0,0.0,0.0371,-0.0196,0.0,-23.0,0.0,-0.0169,-0.0439
322,9382913148,2025-12-31,15.5,KKB notu değişti (azalış),17.5,13.5,0,0,0.0,0.0143,0.036,0.0,-30.0,-0.0,-0.0017,-0.0307
533,9618130408,2025-10-31,15.4,Sektör riski hızlı değişti (artış),,15.4,0,0,0.0,0.0704,-0.006,0.0,-4.0,0.0,-0.0544,-0.0195
964,9799926935,2026-04-14,15.3,Bizim pay değişti (artış),,15.3,0,0,0.0,0.0253,-0.0033,0.0,5.0,0.0,-0.0356,0.0306
1525,9754309815,2026-06-23,15.2,Rotatif pay kaydı (artış),16.7,13.7,1,0,,0.0219,0.0172,0.0,-8.0,0.0,0.0338,-0.0534
808,9405114271,2026-08-31,15.2,Sektör riski hızlı değişti (artış),23.3,7.0,1,0,,0.0155,0.0358,0.0,-3.0,0.0,-0.0835,-0.0022
341,9104810947,2026-07-10,15.2,KKB notu değişti (azalış),,15.2,0,0,0.0,0.0111,0.037,0.0,-52.0,0.0,0.0703,0.0007
351,9790857820,2026-07-21,15.1,KKB notu değişti (artış),,15.1,0,0,0.0,0.0076,0.0458,0.0,34.0,0.0,0.017,-0.0004
1134,9371612080,2026-07-10,15.1,Sektör riski hızlı değişti (azalış),20.5,9.7,0,1,1.0,-0.0024,0.0031,0.0,-74.0,0.0,-0.0307,0.0219
532,9618130408,2025-10-24,15.1,Sektör riski hızlı değişti (artış),,15.1,0,0,0.0,0.0799,0.0143,0.0,-46.0,0.0,0.0502,0.0146
609,9571461236,2026-09-25,15.0,Bizim pay değişti (azalış),25.4,4.5,1,0,,0.0034,0.0301,0.0,0.0,-0.0,-0.0097,-0.0201
1307,9245682424,2026-06-22,15.0,KKB notu değişti (azalış),,15.0,0,0,0.0,-0.0123,0.0019,0.0,-38.0,-0.0,0.0346,-0.0134
1357,9402742979,2026-05-22,14.9,Limit doluluğu değişti (azalış),,14.9,1,0,,0.0017,-0.0428,0.0,20.0,0.0,0.0528,-0.029
1101,9994053230,2026-08-28,14.9,KKB notu değişti (azalış),21.4,8.4,1,0,,0.0143,-0.0251,0.0,-31.0,-0.0,0.0253,-0.0078
989,9616134047,2026-01-26,14.8,KKB notu değişti (azalış),,14.8,0,0,0.0,0.0136,-0.0088,0.0,-43.0,-0.0,0.0535,0.0127
1432,9501428547,2026-05-27,14.7,Bizim pay değişti (azalış),,14.7,0,0,0.0,0.0168,0.0382,0.0,7.0,-0.0,0.0417,-0.0283
1739,9366026516,2026-02-20,14.5,KKB notu değişti (artış),,14.5,0,0,0.0,0.0157,-0.0248,0.0,47.0,-0.0,-0.0091,-0.0053
814,9583455383,2026-09-01,14.5,Sektör riski hızlı değişti (azalış),,14.5,1,0,,-0.0249,0.0099,0.0,28.0,0.0,0.1105,0.0122
753,9776766621,2026-09-25,14.3,Rotatif pay kaydı (artış),,14.3,1,0,,0.014,0.0022,0.0,12.0,-0.0,0.1503,-0.0096
615,9279822879,2025-12-12,14.2,Bizim pay değişti (azalış),,14.2,0,0,0.0,0.023,-0.0529,0.0,6.0,-0.0,0.0621,-0.0329
1476,9399139421,2026-09-25,14.0,Bizim pay değişti (artış),,14.0,1,0,,0.0169,0.0121,0.0,0.0,-0.0,0.0961,0.0327
1704,9655618059,2026-04-09,14.0,Sektör riski hızlı değişti (azalış),,14.0,0,0,0.0,-0.0775,0.0114,0.0,-14.0,-0.0,0.0297,0.0
1164,9831067251,2026-07-28,13.8,Bizim pay değişti (artış),,13.8,1,0,,0.0187,-0.0182,0.0,26.0,-0.0,-0.009,0.0323
902,9235116600,2026-02-19,13.7,Sektör riski hızlı değişti (artış),22.1,5.4,0,0,0.0,0.0085,-0.0218,0.0,-22.0,0.0,0.0565,-0.0083
1013,9593752653,2026-04-27,13.6,Bizim pay değişti (artış),,13.6,0,0,0.0,0.0351,-0.0277,0.0,21.0,0.0,0.0004,0.0408
1360,9922618056,2026-05-22,13.5,Bizim pay değişti (artış),,13.5,0,0,0.0,0.0341,0.0193,0.0,32.0,-0.0,-0.0208,0.0242
584,9246120977,2026-02-09,13.4,Rotatif pay kaydı (azalış),,13.4,0,0,0.0,0.0368,-0.0126,0.0,-37.0,0.0,-0.0907,-0.001
1383,9144766476,2026-02-16,13.3,Sektör riski hızlı değişti (azalış),,13.3,0,0,0.0,-0.0084,-0.0365,0.0,29.0,0.0,-0.0416,0.006
1403,9257518958,2026-04-30,13.2,Rotatif pay kaydı (azalış),,13.2,0,0,0.0,-0.0078,-0.0289,0.0,23.0,0.0,-0.0763,-0.0143
347,9856954769,2026-07-09,13.1,KKB notu değişti (artış),,13.1,0,0,0.0,0.0296,0.0394,0.0,57.0,-0.0,0.0114,-0.0045
1657,9260506025,2026-05-07,13.0,Limit doluluğu değişti (artış),,13.0,0,0,0.0,0.0163,0.0832,0.0,14.0,0.0,-0.0149,-0.0093
910,9394208516,2026-01-27,13.0,KKB notu değişti (artış),,13.0,0,0,0.0,0.0424,-0.004,0.0,42.0,-0.0,-0.0286,0.0155
1087,9807938196,2026-08-21,12.9,Limit doluluğu değişti (artış),22.6,3.3,1,0,,-0.0049,0.0371,0.0,28.0,-0.0,-0.0002,-0.0055
157,9132308997,2026-02-23,12.9,Sektör riski hızlı değişti (azalış),,12.9,1,0,,-0.012,0.0284,0.0,3.0,0.0,-0.1004,-0.0184
1737,9100893217,2026-09-03,12.8,Rotatif pay kaydı (artış),,12.8,1,0,,0.0262,0.0094,0.0,-43.0,0.0,0.102,-0.0042
1430,9224855466,2026-09-25,12.8,Limit doluluğu değişti (azalış),16.7,8.8,1,0,,0.0384,-0.0271,0.0,-29.0,0.0,0.0016,0.0
738,9161203641,2026-08-06,12.6,Rotatif pay kaydı (artış),,12.6,1,0,,0.0175,0.0174,0.0,-13.0,0.0,0.1055,-0.0024
544,9865468790,2026-07-24,12.6,Limit doluluğu değişti (azalış),23.5,1.8,1,0,,-0.0034,-0.0285,0.0,14.0,-0.0,-0.0495,0.0003
1622,9595273410,2026-05-01,12.5,KKB notu değişti (artış),,12.5,0,0,0.0,0.0475,-0.0191,0.0,37.0,0.0,0.0589,-0.0015
1310,9522599668,2025-12-19,12.4,Bizim pay değişti (azalış),,12.4,0,0,0.0,0.0116,-0.0183,0.0,38.0,0.0,0.0751,-0.031
1463,9943934889,2026-07-01,12.3,Sektör riski hızlı değişti (artış),17.6,6.9,1,0,,0.0165,-0.0265,0.0,18.0,0.0,0.0168,0.0006
912,9394208516,2026-08-21,12.3,Sektör riski hızlı değişti (artış),15.4,9.2,1,0,,0.022,0.0181,0.0,25.0,0.0,-0.002,0.0304
1209,9245604211,2026-01-14,12.2,Sektör riski hızlı değişti (azalış),,12.2,1,0,,-0.0159,-0.0223,0.0,-1.0,-0.0,-0.0704,0.0083
1716,9346204317,2026-04-14,12.2,Rotatif pay kaydı (azalış),20.0,4.3,0,0,0.0,0.0257,0.033,0.0,4.0,-0.0,-0.0178,-0.0147
1392,9796976050,2026-05-15,12.1,KKB notu değişti (artış),,12.1,1,0,,0.0057,-0.029,0.0,43.0,-0.0,-0.067,-0.0152
285,9349162040,2026-07-17,12.0,Limit doluluğu değişti (azalış),,12.0,0,0,0.0,0.0066,-0.0388,0.0,31.0,0.0,0.0583,-0.0069
1553,9346820981,2026-09-25,12.0,KKB notu değişti (azalış),,12.0,1,0,,0.0209,-0.026,0.0,-44.0,0.0,-0.0562,-0.0254
1147,9765255089,2025-11-27,11.9,Bizim pay değişti (azalış),,11.9,0,0,0.0,-0.003,0.0279,0.0,-12.0,0.0,0.0614,-0.0432
1258,9197655505,2026-09-30,11.8,Limit doluluğu değişti (artış),,11.8,1,0,,0.0054,0.0439,0.0,-5.0,0.0,0.0457,-0.0067
1198,9302767604,2026-09-29,11.8,Sektör riski hızlı değişti (artış),15.6,8.0,1,0,,0.0678,0.0105,0.0,2.0,0.0,-0.0463,0.0
1436,9114631398,2026-07-24,11.7,Bizim pay değişti (artış),,11.7,0,0,0.0,0.0074,0.011,0.0,-1.0,0.0,-0.0158,0.0391
974,9632226348,2025-12-26,11.6,KKB notu değişti (azalış),,11.6,0,0,0.0,0.0184,-0.0217,0.0,-39.0,-0.0,-0.0303,-0.0273
1555,9269282943,2025-12-08,11.5,Bizim pay değişti (azalış),,11.5,0,0,0.0,0.0384,0.0188,0.0,-13.0,0.0,-0.034,-0.0391
699,9135081439,2026-07-10,11.4,Bizim pay değişti (azalış),,11.4,0,0,0.0,0.0306,-0.0106,0.0,14.0,0.0,0.0926,-0.0322
1559,9275353917,2026-03-03,11.2,Sektör riski hızlı değişti (artış),,11.2,0,0,0.0,0.0612,-0.0216,0.0,0.0,0.0,0.0307,-0.003
895,9311233139,2026-06-26,11.1,KKB notu değişti (azalış),16.7,5.4,1,0,,0.004,0.0191,0.0,-40.0,-0.0,-0.0488,0.0072
372,9266837745,2026-02-09,11.1,Bizim pay değişti (azalış),,11.1,0,0,0.0,0.0069,-0.0112,0.0,27.0,-0.0,-0.0343,-0.0408
423,9403170889,2026-04-08,10.9,KKB notu değişti (azalış),,10.9,0,0,0.0,0.0096,0.0329,0.0,-27.0,0.0,0.021,0.0028
270,9277900283,2026-03-13,10.8,Sektör riski hızlı değişti (artış),,10.8,1,0,,0.0628,-0.0118,0.0,3.0,0.0,0.0606,-0.006
929,9650660307,2026-06-26,10.8,Sektör riski hızlı değişti (artış),14.3,7.4,0,0,0.0,0.0161,-0.0221,0.0,4.0,-0.0,-0.0287,0.0
1364,9768900784,2026-06-19,10.7,Rotatif pay kaydı (artış),,10.7,0,0,0.0,0.0181,-0.0039,0.0,-36.0,-0.0,0.0993,0.0
1043,9723494412,2026-08-10,10.6,Sektör riski hızlı değişti (artış),,10.6,1,0,,0.0735,0.0079,0.0,0.0,0.0,-0.0122,0.0122
1571,9953564957,2025-12-31,10.5,KKB notu değişti (artış),,10.5,0,0,0.0,0.0275,0.0481,0.0,28.0,0.0,0.0163,-0.0068
1486,9188484931,2026-05-27,10.5,KKB notu değişti (azalış),,10.5,0,0,0.0,0.0034,-0.0029,0.0,-60.0,0.0,0.0082,0.0
811,9461997290,2026-06-26,10.3,Sektör riski hızlı değişti (azalış),,10.3,1,0,,-0.0119,-0.0286,0.0,-27.0,-0.0,-0.0685,0.0194
779,9836404617,2026-07-24,10.2,Rotatif pay kaydı (azalış),12.2,8.2,1,0,,-0.0157,-0.0133,0.0,14.0,-0.0,-0.0626,-0.0044
1611,9388605780,2026-05-01,10.2,Bizim pay değişti (artış),,10.2,0,0,0.0,0.0146,-0.0036,0.0,36.0,-0.0,0.0473,0.0367
473,9777398662,2026-04-08,10.1,Rotatif pay kaydı (azalış),,10.1,0,0,0.0,0.0314,0.0112,0.0,-9.0,-0.0,-0.0761,-0.016
1202,9706737760,2026-09-29,10.0,Rotatif pay kaydı (azalış),18.9,1.1,1,0,,0.0029,0.0089,0.0,-24.0,-0.0,-0.0418,-0.0034
831,9728486566,2026-09-11,10.0,Sektör riski hızlı değişti (azalış),,10.0,0,0,0.0,-0.0402,-0.0043,0.0,35.0,-0.0,-0.0512,0.0101
1237,9793355844,2026-04-10,9.9,Rotatif pay kaydı (azalış),10.1,9.6,0,0,0.0,0.0084,-0.0207,0.0,-13.0,-0.0,-0.0735,-0.012
953,9105758806,2026-04-06,9.9,Bizim pay değişti (azalış),,9.9,0,0,0.0,0.0236,-0.0095,0.0,13.0,0.0,0.0824,-0.0376
1481,9715095307,2026-09-23,9.8,KKB notu değişti (azalış),18.5,1.2,1,1,,0.0254,0.0124,0.0,-3.0,0.0,0.0192,-0.0013
528,9388765066,2026-02-17,9.8,Sektör riski hızlı değişti (azalış),,9.8,0,0,0.0,-0.0259,0.0053,0.0,-1.0,0.0,-0.0499,0.0224
1532,9608601450,2026-03-25,9.5,Sektör riski hızlı değişti (azalış),,9.5,1,0,,-0.0049,0.0296,0.0,-23.0,-0.0,0.0046,0.0058
673,9217829180,2026-05-01,9.5,KKB notu değişti (artış),10.4,8.5,0,0,0.0,0.042,0.0033,0.0,44.0,0.0,-0.0006,-0.0281
767,9609211197,2026-03-10,9.4,Bizim pay değişti (artış),,9.4,0,0,0.0,0.0394,0.0063,0.0,30.0,0.0,0.0228,0.0334
1560,9275353917,2026-06-19,9.4,KKB notu değişti (artış),,9.4,1,0,,0.0041,0.0241,0.0,38.0,0.0,0.0168,0.0041
400,9359069388,2026-08-21,9.3,Sektör riski hızlı değişti (azalış),,9.3,1,0,,-0.0248,0.0328,0.0,16.0,-0.0,0.0777,0.0086
847,9756545578,2026-03-13,9.1,Rotatif pay kaydı (azalış),,9.1,1,0,,0.0387,0.005,0.0,-16.0,-0.0,-0.0976,0.0116
306,9553852690,2026-02-16,9.0,Limit doluluğu değişti (azalış),,9.0,0,0,0.0,0.001,-0.0423,0.0,0.0,0.0,-0.0841,-0.0151
598,9170340525,2025-12-17,8.9,KKB notu değişti (azalış),14.8,3.1,1,0,,-0.007,-0.0161,0.0,-14.0,-0.0,0.0085,0.0076
810,9461997290,2026-05-22,8.9,Rotatif pay kaydı (azalış),,8.9,0,0,0.0,0.0245,0.0139,0.0,33.0,0.0,-0.0924,0.0018
717,9316224053,2026-01-26,8.9,KKB notu değişti (artış),,8.9,0,0,0.0,0.034,0.0416,0.0,23.0,-0.0,0.0535,-0.0192
391,9145482389,2026-08-27,8.8,Sektör riski hızlı değişti (artış),12.6,4.9,1,0,,0.0077,-0.0162,0.0,-9.0,0.0,-0.0816,-0.0102
1118,9259595854,2026-06-24,8.7,KKB notu değişti (artış),,8.7,1,0,,0.0091,0.0181,0.0,40.0,-0.0,-0.0756,0.0057
408,9964905739,2026-08-28,8.6,Bizim pay değişti (azalış),,8.6,0,0,0.0,0.0073,0.0014,0.0,0.0,0.0,0.0359,-0.0274
155,9884268177,2026-04-16,8.4,Sektör riski hızlı değişti (azalış),,8.4,1,0,,-0.0326,-0.051,0.0,7.0,-0.0,0.0242,0.0112
1059,9749898295,2026-08-21,8.3,Limit doluluğu değişti (azalış),,8.3,0,0,0.0,0.0251,-0.0349,0.0,32.0,-0.0,-0.0012,-0.0224
908,9844722751,2026-07-31,8.1,Bizim pay değişti (azalış),,8.1,1,0,,0.0082,-0.0246,0.0,12.0,-0.0,-0.0154,-0.0422
508,9377257875,2026-03-06,7.9,KKB notu değişti (artış),,7.9,0,0,0.0,0.0077,0.039,0.0,36.0,-0.0,-0.0567,-0.0061
781,9203667447,2026-08-20,7.8,Limit doluluğu değişti (azalış),,7.8,0,0,0.0,0.018,-0.0437,0.0,-1.0,0.0,0.0528,-0.0044
510,9377257875,2026-09-28,7.8,Limit doluluğu değişti (artış),10.1,5.6,1,0,,0.0033,0.0383,0.0,0.0,0.0,-0.0588,-0.0105
655,9230436015,2026-01-12,7.7,Sektör riski hızlı değişti (azalış),,7.7,0,0,0.0,-0.0007,0.018,0.0,-10.0,-0.0,0.0588,0.0197
1180,9736804248,2026-02-06,7.6,KKB notu değişti (azalış),,7.6,0,0,1.0,0.0186,0.0313,0.0,-46.0,0.0,0.0119,0.0074
972,9113494706,2026-09-23,7.5,Bizim pay değişti (azalış),,7.5,1,0,,-0.0006,-0.0046,0.0,11.0,-0.0,-0.0526,-0.0257
1231,9765847984,2026-06-01,7.2,Sektör riski hızlı değişti (artış),,7.2,1,0,,0.0041,0.0413,0.0,21.0,-0.0,0.0492,0.0132
114,9190995549,2025-12-26,7.1,Sektör riski hızlı değişti (azalış),,7.1,0,0,0.0,-0.0205,0.025,0.0,-14.0,0.0,-0.0382,0.0061
1169,9166244835,2026-01-28,6.9,Limit doluluğu değişti (azalış),,6.9,0,0,0.0,0.0015,-0.0372,0.0,32.0,-0.0,0.011,-0.0131
1612,9388605780,2026-09-10,6.8,Bizim pay değişti (azalış),,6.8,1,0,,0.0099,0.0116,0.0,-30.0,-0.0,0.0228,-0.0335
1520,9542361855,2026-03-20,6.7,KKB notu değişti (azalış),,6.7,0,0,0.0,0.0077,-0.0302,0.0,-37.0,-0.0,-0.0549,0.0011
164,9920446003,2026-02-06,6.6,Sektör riski hızlı değişti (azalış),,6.6,0,0,0.0,-0.0013,-0.0074,0.0,-26.0,-0.0,0.023,-0.0182
165,9920446003,2026-08-28,6.5,Bizim pay değişti (artış),,6.5,0,0,0.0,-0.0003,0.0412,0.0,4.0,-0.0,-0.008,0.0125
576,9322896789,2026-03-19,6.4,Sektör riski hızlı değişti (azalış),,6.4,0,0,0.0,-0.0106,-0.0303,0.0,11.0,-0.0,-0.0097,0.0069
656,9230436015,2026-05-04,6.3,KKB notu değişti (artış),,6.3,1,0,,0.0089,-0.001,0.0,55.0,0.0,-0.0248,-0.0026
162,9912690237,2026-05-28,6.2,KKB notu değişti (artış),,6.2,1,0,,0.0,0.0178,0.0,40.0,0.0,-0.0343,-0.0252
1305,9229726848,2026-04-30,6.1,Sektör riski hızlı değişti (azalış),,6.1,1,0,,-0.0206,0.0362,0.0,13.0,0.0,-0.0233,-0.0098
509,9377257875,2026-06-11,6.0,Bizim pay değişti (artış),,6.0,0,0,0.0,0.0171,-0.0175,0.0,-24.0,0.0,0.0149,0.0103
683,9978874359,2026-07-03,5.9,Bizim pay değişti (artış),,5.9,1,0,,0.0186,0.0181,0.0,15.0,0.0,0.0149,0.0405
231,9743604799,2026-05-04,5.9,Sektör riski hızlı değişti (azalış),,5.9,1,0,,-0.0214,-0.0164,0.0,2.0,0.0,0.0252,0.0109
771,9702526764,2026-03-20,5.7,Sektör riski hızlı değişti (azalış),,5.7,1,0,,-0.0025,-0.024,0.0,-4.0,0.0,-0.0676,0.0173
336,9792466882,2026-07-27,5.5,Bizim pay değişti (azalış),,5.5,0,0,0.0,-0.0029,0.0103,0.0,-18.0,0.0,-0.0317,-0.0285
1658,9260506025,2026-08-07,5.3,Bizim pay değişti (artış),,5.3,1,0,,0.0024,-0.0153,0.0,13.0,-0.0,0.0283,0.0176
490,9300131134,2026-09-25,5.2,Sektör riski hızlı değişti (artış),10.1,0.2,1,0,,0.012,0.0189,0.0,-1.0,0.0,-0.0314,-0.0005
915,9825631514,2026-06-22,5.2,KKB notu değişti (azalış),,5.2,0,0,0.0,0.0191,-0.0126,0.0,-31.0,-0.0,0.0198,0.0174
680,9554090715,2026-02-23,5.1,Bizim pay değişti (artış),,5.1,1,0,,0.0006,0.0208,0.0,-22.0,0.0,-0.0664,0.0142
1150,9560029386,2026-04-30,5.0,Rotatif pay kaydı (azalış),,5.0,0,0,0.0,0.0055,0.0058,0.0,-1.0,0.0,-0.0717,0.0174
1528,9683089732,2025-12-26,4.8,Rotatif pay kaydı (artış),,4.8,0,0,0.0,0.0014,0.0249,0.0,13.0,0.0,0.0615,-0.0093
193,9510991509,2026-05-28,4.8,Limit doluluğu değişti (azalış),,4.8,1,0,,0.0202,-0.0319,0.0,4.0,-0.0,-0.0637,0.0112
1426,9224855466,2025-12-26,4.7,Sektör riski hızlı değişti (artış),,4.7,0,0,0.0,0.0402,0.0247,0.0,21.0,-0.0,0.0068,-0.0199
140,9938339867,2026-02-19,4.6,Sektör riski hızlı değişti (artış),,4.6,0,0,0.0,0.0001,-0.0044,0.0,-11.0,0.0,0.0675,0.0091
666,9114607410,2026-01-16,4.4,Limit doluluğu değişti (azalış),,4.4,1,0,,0.0031,-0.0349,0.0,-2.0,0.0,0.0051,-0.0125
1699,9692961533,2026-03-20,4.3,Limit doluluğu değişti (artış),,4.3,0,0,0.0,-0.0025,0.0362,0.0,-15.0,-0.0,-0.0138,-0.0077
1132,9371612080,2026-02-25,4.2,Bizim pay değişti (artış),,4.2,0,0,1.0,0.0403,-0.0042,0.0,-40.0,0.0,-0.0031,0.0188
1388,9520622191,2026-01-05,4.1,Rotatif pay kaydı (artış),,4.1,0,0,0.0,0.0015,-0.0044,0.0,6.0,-0.0,0.0841,-0.0182
834,9499345925,2026-06-22,4.0,Rotatif pay kaydı (artış),,4.0,1,0,,0.0245,0.0261,0.0,4.0,-0.0,0.0271,0.0034
764,9781275411,2026-05-01,3.9,KKB notu değişti (azalış),,3.9,1,0,,0.0085,0.0162,0.0,-26.0,0.0,0.0177,-0.0184
1279,9489698393,2026-04-24,3.8,Sektör riski hızlı değişti (azalış),,3.8,1,0,,-0.0261,-0.0117,0.0,9.0,-0.0,-0.033,0.0188
668,9102834852,2026-03-13,3.8,Bizim pay değişti (artış),,3.8,1,0,,0.0224,0.0089,0.0,-22.0,-0.0,-0.0086,0.0194
562,9634592203,2026-04-24,3.7,Bizim pay değişti (azalış),,3.7,0,0,0.0,0.0049,0.0014,0.0,-23.0,0.0,-0.0733,-0.0205
1200,9706737760,2026-04-27,3.4,Sektör riski hızlı değişti (artış),,3.4,0,0,0.0,0.047,0.0136,0.0,-10.0,0.0,0.0259,0.0122
1257,9197655505,2026-02-27,3.3,Bizim pay değişti (artış),,3.3,0,0,0.0,0.0109,-0.0286,0.0,19.0,-0.0,-0.0307,0.0241
223,9264527893,2026-02-20,3.0,Limit doluluğu değişti (artış),,3.0,0,0,0.0,0.0264,0.0267,0.0,-11.0,-0.0,0.0067,-0.0009
407,9964905739,2026-05-26,2.9,Rotatif pay kaydı (azalış),,2.9,0,0,0.0,0.0021,0.0028,0.0,-10.0,-0.0,-0.0972,0.0018
588,9932466225,2025-11-28,2.8,Limit doluluğu değişti (azalış),,2.8,0,0,0.0,0.0126,-0.0164,0.0,-7.0,-0.0,-0.0431,-0.0086
1384,9144766476,2026-04-29,2.8,Rotatif pay kaydı (azalış),,2.8,1,0,,0.0158,0.0084,0.0,9.0,0.0,-0.0918,-0.0027
1706,9655618059,2026-09-14,2.8,Rotatif pay kaydı (artış),4.1,1.5,1,0,,-0.0428,-0.0217,0.0,10.0,-0.0,0.0531,0.0
1404,9257518958,2026-06-11,2.7,Sektör riski hızlı değişti (azalış),,2.7,0,0,0.0,-0.012,0.0221,0.0,-4.0,0.0,0.0169,0.0067
1219,9183285089,2026-03-31,2.6,Sektör riski hızlı değişti (azalış),,2.6,0,0,0.0,-0.0037,-0.0158,0.0,-9.0,0.0,0.0176,-0.0103
1500,9141606212,2026-08-14,2.5,Sektör riski hızlı değişti (artış),,2.5,1,0,,0.0043,-0.0189,0.0,19.0,0.0,-0.0071,0.0098
768,9609211197,2026-06-15,2.4,KKB notu değişti (artış),,2.4,0,0,0.0,0.03,0.0117,0.0,30.0,0.0,-0.0371,0.0166
1341,9244941114,2026-06-25,2.3,Sektör riski hızlı değişti (azalış),,2.3,1,0,,-0.0001,-0.0016,0.0,-18.0,0.0,-0.0028,-0.0132
830,9728486566,2026-07-24,2.3,Bizim pay değişti (azalış),,2.3,0,0,0.0,0.0033,0.0117,0.0,6.0,0.0,0.0101,-0.0208
195,9452356157,2026-03-02,2.2,Limit doluluğu değişti (azalış),,2.2,1,0,,0.0177,-0.0214,0.0,-3.0,-0.0,-0.0293,0.0004
1144,9771083191,2026-07-31,2.1,Sektör riski hızlı değişti (artış),,2.1,1,0,,0.0006,-0.0033,0.0,-11.0,-0.0,-0.0832,0.0083
420,9355646179,2026-06-24,2.0,Rotatif pay kaydı (azalış),,2.0,1,0,,0.0109,0.0203,0.0,-14.0,-0.0,-0.0697,0.0076
1326,9997362109,2026-01-28,1.9,Limit doluluğu değişti (artış),,1.9,1,0,,0.0308,0.0419,0.0,4.0,-0.0,-0.0407,0.0001
841,9283923590,2026-03-13,1.8,KKB notu değişti (azalış),,1.8,1,0,,0.0091,0.0209,0.0,-21.0,-0.0,0.0328,-0.017
399,9359069388,2026-05-27,1.7,Limit doluluğu değişti (azalış),,1.7,0,0,0.0,0.0095,-0.0144,0.0,17.0,-0.0,0.034,-0.0081
489,9300131134,2026-05-20,1.6,Bizim pay değişti (azalış),,1.6,0,0,0.0,0.0079,0.0314,0.0,-14.0,-0.0,0.005,-0.0191
648,9375519696,2026-07-10,1.4,Sektör riski hızlı değişti (azalış),,1.4,1,0,,-0.0102,-0.0042,0.0,12.0,0.0,0.0272,0.0062
897,9897831267,2026-04-07,1.3,Bizim pay değişti (azalış),,1.3,0,0,0.0,0.0151,0.0203,0.0,18.0,-0.0,-0.0218,-0.0228
1143,9771083191,2026-05-15,1.3,Sektör riski hızlı değişti (artış),,1.3,0,0,0.0,0.0044,0.0255,0.0,-8.0,0.0,-0.0174,0.0036
326,9944924818,2026-08-28,1.0,Sektör riski hızlı değişti (artış),,1.0,1,0,,0.0089,0.0051,0.0,-12.0,0.0,0.0105,0.0036
1416,9383152069,2026-04-10,0.9,Sektör riski hızlı değişti (azalış),,0.9,0,0,0.0,-0.0111,0.0087,0.0,-9.0,-0.0,0.0165,0.0078
554,9567050564,2026-04-17,0.8,Sektör riski hızlı değişti (artış),,0.8,0,0,0.0,0.0024,-0.012,0.0,13.0,0.0,-0.0287,-0.0153
543,9865468790,2026-02-02,0.8,Rotatif pay kaydı (azalış),,0.8,0,0,0.0,0.0106,0.0051,0.0,-11.0,-0.0,-0.071,-0.0044
603,9765793023,2025-12-29,0.7,Sektör riski hızlı değişti (artış),,0.7,0,0,0.0,0.0052,-0.0111,0.0,-23.0,0.0,0.0008,0.008
664,9582552063,2026-08-28,0.6,KKB notu değişti (artış),,0.6,1,0,,-0.0241,-0.0006,0.0,27.0,0.0,0.0251,0.0
1601,9314141251,2026-07-27,0.5,Sektör riski hızlı değişti (azalış),,0.5,1,0,,-0.0006,0.0062,0.0,-1.0,-0.0,0.0237,-0.0046
914,9825631514,2026-04-20,0.4,Sektör riski hızlı değişti (azalış),,0.4,0,0,0.0,-0.0001,0.0084,0.0,-1.0,0.0,-0.0142,0.0123
792,9885278574,2025-12-17,0.3,Sektör riski hızlı değişti (artış),,0.3,0,0,0.0,0.0093,0.003,0.0,-11.0,-0.0,-0.0192,-0.0111
793,9885278574,2026-02-26,0.3,KKB notu değişti (artış),,0.3,0,0,0.0,0.018,-0.0018,0.0,19.0,0.0,-0.0277,0.0001
144,9267156736,2025-10-29,0.1,Sektör riski hızlı değişti (artış),,0.1,0,0,0.0,0.004,-0.012,0.0,8.0,0.0,-0.0113,-0.0033
