SorguID,KrediTuru,Limit,Risk,GecikmeGun
1746,Rotatif,3237493.0,2000926.0,0
1746,Spot,2712549.0,1676485.0,0
1746,Taksitli,4068824.0,2514728.0,0
1746,Teminat Mektubu,2599289.0,1606485.0,0
1746,Akreditif,977533.0,604162.0,0
1747,Rotatif,3546713.0,2245051.0,0
1747,Spot,2630587.0,1665148.0,0
1747,Taksitli,3945881.0,2497722.0,0
1747,Teminat Mektubu,2626353.0,1662467.0,0
1747,Akreditif,987711.0,625216.0,0
1748,Rotatif,3739409.0,2452716.0,0
1748,Spot,2530844.0,1660006.0,0
1748,Taksitli,3796266.0,2490009.0,0
1748,Teminat Mektubu,2611652.0,1713009.0,0
1748,Akreditif,982183.0,644224.0,0
1749,Rotatif,5837303.0,3589489.0,0
1749,Spot,1770267.0,1088577.0,0
1749,Taksitli,2655401.0,1632866.0,0
1749,Teminat Mektubu,2662620.0,1637305.0,0
1749,Akreditif,1001350.0,615753.0,0
678,Rotatif,22338209.0,13144939.0,0
678,Spot,8949217.0,5266175.0,0
678,Taksitli,13423825.0,7899262.0,0
678,Teminat Mektubu,11393761.0,6704669.0,0
679,Rotatif,28364614.0,17281445.0,0
679,Spot,7725710.0,4706972.0,0
679,Taksitli,11588564.0,7060457.0,0
679,Teminat Mektubu,12150003.0,7402520.0,0
680,Rotatif,23256785.0,13525001.0,0
680,Spot,10493260.0,6102363.0,0
680,Taksitli,15739890.0,9153545.0,0
680,Teminat Mektubu,12611512.0,7334235.0,0
681,Rotatif,15789310.0,10082766.0,0
681,Spot,13092704.0,8360762.0,0
681,Taksitli,19639056.0,12541143.0,0
681,Teminat Mektubu,12364617.0,7895819.0,0
1484,Rotatif,156079885.0,105818014.0,0
1484,Spot,78393394.0,53148638.0,0
1484,Taksitli,117590091.0,79722957.0,0
1484,Teminat Mektubu,91018438.0,61708082.0,0
1485,Rotatif,114896459.0,80401820.0,0
1485,Spot,91833664.0,64263023.0,0
1485,Taksitli,137750496.0,96394534.0,0
1485,Teminat Mektubu,89058080.0,62320735.0,0
1486,Rotatif,214381362.0,146453047.0,0
1486,Spot,64582649.0,44119160.0,0
1486,Taksitli,96873973.0,66178741.0,0
1486,Teminat Mektubu,97164855.0,66377454.0,0
1487,Rotatif,171739404.0,118742021.0,0
1487,Spot,110418541.0,76344277.0,0
1487,Taksitli,165627811.0,114516416.0,0
1487,Teminat Mektubu,115765409.0,80041146.0,0
338,Rotatif,31973599.0,20830671.0,0
338,Spot,22817792.0,14865699.0,0
338,Taksitli,34226687.0,22298548.0,0
338,Teminat Mektubu,43324658.0,28225839.0,0
339,Rotatif,33753755.0,25322627.0,0
339,Spot,16270968.0,12206750.0,0
339,Taksitli,24406452.0,18310125.0,0
339,Teminat Mektubu,36225284.0,27176809.0,0
972,Rotatif,73100910.0,40488464.0,0
972,Spot,24696104.0,13678452.0,0
972,Taksitli,37044155.0,20517678.0,0
972,Teminat Mektubu,69700687.0,38605180.0,0
973,Rotatif,58261829.0,35976154.0,0
973,Spot,28128737.0,17369241.0,0
973,Taksitli,42193106.0,26053862.0,0
973,Teminat Mektubu,66466127.0,41042234.0,0
974,Rotatif,46539208.0,28705166.0,0
974,Spot,41152459.0,25382644.0,0
974,Taksitli,61728688.0,38073966.0,0
974,Teminat Mektubu,77236807.0,47639302.0,0
975,Rotatif,83250684.0,51328429.0,0
975,Spot,30385179.0,18734062.0,0
975,Taksitli,45577769.0,28101094.0,0
975,Teminat Mektubu,82299046.0,50741694.0,0
976,Rotatif,50756268.0,31887779.0,0
976,Spot,45142711.0,28361044.0,0
976,Taksitli,67714066.0,42541566.0,0
976,Teminat Mektubu,84573144.0,53133333.0,0
401,Rotatif,162339810.0,90258034.0,0
401,Spot,69978060.0,38906551.0,0
401,Taksitli,104967090.0,58359827.0,0
401,Teminat Mektubu,65527692.0,36432226.0,0
402,Rotatif,151926314.0,92682281.0,0
402,Spot,64508852.0,39353469.0,0
402,Taksitli,96763278.0,59030204.0,0
402,Teminat Mektubu,60848166.0,37120276.0,0
403,Rotatif,144796213.0,81723350.0,0
403,Spot,101832048.0,57474266.0,0
403,Taksitli,152748072.0,86211400.0,0
403,Teminat Mektubu,77590799.0,43792444.0,0
404,Rotatif,184975051.0,106410040.0,0
404,Spot,96504661.0,55515946.0,0
404,Taksitli,144756992.0,83273918.0,0
404,Teminat Mektubu,82809229.0,47637416.0,0
939,Rotatif,1064631.0,789918.0,0
939,Spot,984920.0,730775.0,0
939,Taksitli,1477380.0,1096163.0,0
939,Teminat Mektubu,1125575.0,835137.0,0
939,Akreditif,13256.0,9836.0,0
940,Rotatif,1421956.0,1047649.0,0
940,Spot,908177.0,669114.0,0
940,Taksitli,1362265.0,1003670.0,0
940,Teminat Mektubu,1178382.0,868192.0,0
940,Akreditif,13878.0,10225.0,0
941,Rotatif,1534853.0,1225226.0,0
941,Spot,649818.0,518730.0,0
941,Taksitli,974728.0,778095.0,0
941,Teminat Mektubu,1008282.0,804880.0,0
941,Akreditif,11875.0,9479.0,0
1633,Rotatif,7171411.0,3908130.0,0
1633,Spot,4577401.0,2494499.0,0
1633,Taksitli,6866102.0,3741749.0,0
1633,Teminat Mektubu,3467706.0,1889760.0,0
1634,Rotatif,6963218.0,3243951.0,0
1634,Spot,6076889.0,2831037.0,0
1634,Taksitli,9115333.0,4246556.0,0
1634,Teminat Mektubu,4127258.0,1922764.0,0
655,Rotatif,70632650.0,32161512.0,0
655,Spot,27996648.0,12747852.0,0
655,Taksitli,41994972.0,19121777.0,0
655,Teminat Mektubu,59065588.0,26894625.0,0
656,Rotatif,80606370.0,36131119.0,0
656,Spot,29439877.0,13196174.0,0
656,Taksitli,44159815.0,19794261.0,0
656,Teminat Mektubu,64770268.0,29032721.0,0
657,Rotatif,82940143.0,35547134.0,0
657,Spot,26183939.0,11222117.0,0
657,Taksitli,39275908.0,16833175.0,0
657,Teminat Mektubu,62331578.0,26714554.0,0
658,Rotatif,84448889.0,33615992.0,0
658,Spot,26255507.0,10451350.0,0
658,Taksitli,39383260.0,15677025.0,0
658,Teminat Mektubu,63040438.0,25094076.0,0
993,Rotatif,7830820.0,5112737.0,0
993,Spot,3845535.0,2510747.0,0
993,Taksitli,5768302.0,3766120.0,0
993,Teminat Mektubu,3595655.0,2347601.0,0
994,Rotatif,6504507.0,4647311.0,0
994,Spot,3560574.0,2543942.0,0
994,Taksitli,5340860.0,3815913.0,0
994,Teminat Mektubu,3175440.0,2268774.0,0
995,Rotatif,8444946.0,5364796.0,0
995,Spot,3722202.0,2364592.0,0
995,Taksitli,5583302.0,3546888.0,0
995,Teminat Mektubu,3658685.0,2324242.0,0
996,Rotatif,8935641.0,6107118.0,0
996,Spot,3071804.0,2099443.0,0
996,Taksitli,4607707.0,3149165.0,0
996,Teminat Mektubu,3424680.0,2340618.0,0
308,Rotatif,114233522.0,67147549.0,0
308,Spot,57545282.0,33825663.0,0
308,Taksitli,86317923.0,50738495.0,0
308,Teminat Mektubu,63104149.0,37093218.0,0
674,Rotatif,78305389.0,32605787.0,0
674,Spot,21007898.0,8747534.0,0
674,Taksitli,31511848.0,13121301.0,0
674,Teminat Mektubu,31167618.0,12977967.0,0
674,Akreditif,16412860.0,6834194.0,0
675,Rotatif,65547653.0,28518184.0,0
675,Spot,27152565.0,11813418.0,0
675,Taksitli,40728847.0,17720127.0,0
675,Teminat Mektubu,31787975.0,13830172.0,0
675,Akreditif,16739539.0,7282965.0,0
676,Rotatif,60854050.0,26242754.0,0
676,Spot,37685997.0,16251743.0,0
676,Taksitli,56528996.0,24377614.0,0
676,Teminat Mektubu,36943457.0,15931529.0,0
676,Akreditif,19454415.0,8389539.0,0
677,Rotatif,70870134.0,33774184.0,0
677,Spot,24332457.0,11595983.0,0
677,Taksitli,36498685.0,17393975.0,0
677,Teminat Mektubu,31376349.0,14952851.0,0
677,Akreditif,16522777.0,7874168.0,0
1453,Rotatif,27506048.0,19186391.0,0
1453,Spot,20867415.0,14555721.0,0
1453,Taksitli,31301122.0,21833582.0,0
1453,Teminat Mektubu,17565553.0,12252562.0,0
1301,Rotatif,5857398.0,3097355.0,0
1301,Spot,1691505.0,894457.0,0
1301,Taksitli,2537257.0,1341686.0,0
1301,Teminat Mektubu,1969751.0,1041592.0,0
1302,Rotatif,3981153.0,2313263.0,0
1302,Spot,2367845.0,1375845.0,0
1302,Taksitli,3551768.0,2063767.0,0
1302,Teminat Mektubu,1933545.0,1123493.0,0
1303,Rotatif,5499359.0,3119346.0,0
1303,Spot,2151753.0,1220517.0,0
1303,Taksitli,3227629.0,1830776.0,0
1303,Teminat Mektubu,2124537.0,1205080.0,0
1304,Rotatif,5365033.0,2972859.0,0
1304,Spot,2255230.0,1249663.0,0
1304,Taksitli,3382846.0,1874494.0,0
1304,Teminat Mektubu,2148825.0,1190702.0,0
1305,Rotatif,3827525.0,2191996.0,0
1305,Spot,3125885.0,1790172.0,0
1305,Taksitli,4688828.0,2685258.0,0
1305,Teminat Mektubu,2273642.0,1302098.0,0
1306,Rotatif,7026022.0,4097446.0,0
1306,Spot,2630996.0,1534348.0,0
1306,Taksitli,3946494.0,2301522.0,0
1306,Teminat Mektubu,2656664.0,1549317.0,0
864,Rotatif,16302201.0,10398039.0,0
864,Spot,10048687.0,6409358.0,0
864,Taksitli,15073030.0,9614037.0,0
864,Teminat Mektubu,8166384.0,5208768.0,0
865,Rotatif,18411215.0,11504664.0,0
865,Spot,10408918.0,6504248.0,0
865,Taksitli,15613377.0,9756372.0,0
865,Teminat Mektubu,8759701.0,5473697.0,0
866,Rotatif,15802386.0,9836080.0,0
866,Spot,12894165.0,8025879.0,0
866,Taksitli,19341247.0,12038818.0,0
866,Teminat Mektubu,9470256.0,5894692.0,0
867,Rotatif,26970825.0,15949557.0,0
867,Spot,9078755.0,5368843.0,0
867,Taksitli,13618133.0,8053264.0,0
867,Teminat Mektubu,9791580.0,5790382.0,0
1257,Rotatif,100559911.0,81123915.0,0
1257,Spot,31851449.0,25695272.0,0
1257,Taksitli,47777174.0,38542908.0,0
1257,Teminat Mektubu,30952254.0,24969871.0,0
1258,Rotatif,107121330.0,106050117.0,105
1258,Spot,29741625.0,29444209.0,0
1258,Taksitli,44612437.0,44166313.0,0
1258,Teminat Mektubu,31173307.0,30861574.0,0
1259,Rotatif,154825299.0,153277046.0,103
1259,Spot,13649730.0,13513232.0,0
1259,Taksitli,20474595.0,20269849.0,0
1259,Teminat Mektubu,32457208.0,32132636.0,0
1260,Rotatif,111047622.0,109937146.0,57
1260,Spot,32272850.0,31950121.0,0
1260,Taksitli,48409275.0,47925182.0,0
1260,Teminat Mektubu,32934770.0,32605422.0,0
1064,Rotatif,47807081.0,33994156.0,0
1064,Spot,44331204.0,31522567.0,0
1064,Taksitli,66496807.0,47283850.0,0
1064,Teminat Mektubu,25697022.0,18272368.0,0
1065,Rotatif,89487704.0,62836161.0,0
1065,Spot,28966409.0,20339531.0,0
1065,Taksitli,43449614.0,30509297.0,0
1065,Teminat Mektubu,26226503.0,18415633.0,0
1066,Rotatif,76448688.0,55493682.0,0
1066,Spot,34832956.0,25285051.0,0
1066,Taksitli,52249434.0,37927577.0,0
1066,Teminat Mektubu,26490114.0,19229028.0,0
1101,Rotatif,256330046.0,145458929.0,0
1101,Spot,72084167.0,40905410.0,0
1101,Taksitli,108126250.0,61358115.0,0
1101,Teminat Mektubu,229496061.0,130231519.0,0
1101,Akreditif,35508902.0,20150142.0,0
1354,Rotatif,49326248.0,32869091.0,0
1354,Spot,29420039.0,19604368.0,0
1354,Taksitli,44130058.0,29406553.0,0
1354,Teminat Mektubu,50992686.0,33979540.0,0
1001,Rotatif,11242973.0,6328995.0,0
1001,Spot,6518465.0,3669433.0,0
1001,Taksitli,9777698.0,5504149.0,0
1001,Teminat Mektubu,7290327.0,4103936.0,0
1002,Rotatif,15675212.0,9081465.0,0
1002,Spot,5086432.0,2946835.0,0
1002,Taksitli,7629648.0,4420252.0,0
1002,Teminat Mektubu,7515915.0,4354361.0,0
156,Rotatif,79642912.0,49521224.0,0
156,Spot,30217669.0,18789066.0,0
156,Taksitli,45326504.0,28183599.0,0
156,Teminat Mektubu,27933442.0,17368755.0,0
157,Rotatif,67497834.0,43886910.0,0
157,Spot,29230842.0,19005815.0,0
157,Taksitli,43846264.0,28508722.0,0
157,Teminat Mektubu,25303277.0,16452123.0,0
1682,Rotatif,13764480.0,7191104.0,0
1682,Spot,5655003.0,2954396.0,0
1682,Taksitli,8482505.0,4431593.0,0
1682,Teminat Mektubu,20356975.0,10635282.0,0
1683,Rotatif,12878784.0,6782388.0,0
1683,Spot,5053718.0,2661453.0,0
1683,Taksitli,7580577.0,3992179.0,0
1683,Teminat Mektubu,20924573.0,11019563.0,0
1684,Rotatif,7664236.0,3461717.0,0
1684,Spot,6686716.0,3020199.0,0
1684,Taksitli,10030074.0,4530298.0,0
1684,Teminat Mektubu,33392854.0,15082600.0,0
1685,Rotatif,5551622.0,2773930.0,0
1685,Spot,4401531.0,2199274.0,0
1685,Taksitli,6602297.0,3298911.0,0
1685,Teminat Mektubu,44462084.0,22215974.0,0
1686,Rotatif,4967958.0,2493639.0,0
1686,Spot,3620356.0,1817218.0,0
1686,Taksitli,5430534.0,2725827.0,0
1686,Teminat Mektubu,44437838.0,22305329.0,0
345,Rotatif,2959569.0,1574227.0,0
345,Spot,2169449.0,1153953.0,0
345,Taksitli,3254173.0,1730930.0,0
345,Teminat Mektubu,3371832.0,1793514.0,0
346,Rotatif,4385427.0,2505356.0,0
346,Spot,1418663.0,810470.0,0
346,Taksitli,2127994.0,1215704.0,0
346,Teminat Mektubu,3190390.0,1822642.0,0
347,Rotatif,3555496.0,1846961.0,0
347,Spot,1977319.0,1027151.0,0
347,Taksitli,2965979.0,1540727.0,0
347,Teminat Mektubu,3418329.0,1775707.0,0
348,Rotatif,3559102.0,1917421.0,0
348,Spot,1762469.0,949508.0,0
348,Taksitli,2643704.0,1424262.0,0
348,Teminat Mektubu,3203740.0,1725974.0,0
712,Rotatif,10819593.0,7637033.0,0
712,Spot,8914469.0,6292296.0,0
712,Taksitli,13371703.0,9438444.0,0
712,Teminat Mektubu,17008074.0,12005185.0,0
713,Rotatif,21214869.0,13589910.0,0
713,Spot,6635723.0,4250739.0,0
713,Taksitli,9953584.0,6376109.0,0
713,Teminat Mektubu,19421881.0,12441351.0,0
1528,Rotatif,8136645.0,3769343.0,0
1528,Spot,7483985.0,3466995.0,0
1528,Taksitli,11225978.0,5200493.0,0
1528,Teminat Mektubu,4247860.0,1967843.0,0
1528,Akreditif,1476952.0,684206.0,0
1529,Rotatif,6616806.0,4274004.0,0
1529,Spot,5497319.0,3550892.0,0
1529,Taksitli,8245979.0,5326337.0,0
1529,Teminat Mektubu,3221519.0,2080881.0,0
1529,Akreditif,1120101.0,723508.0,0
1530,Rotatif,13079327.0,7091120.0,0
1530,Spot,4391917.0,2381133.0,0
1530,Taksitli,6587876.0,3571699.0,0
1530,Teminat Mektubu,3806804.0,2063906.0,0
1530,Akreditif,1323600.0,717606.0,0
1531,Rotatif,8237456.0,4571813.0,0
1531,Spot,6419597.0,3562896.0,0
1531,Taksitli,9629396.0,5344344.0,0
1531,Teminat Mektubu,3842773.0,2132751.0,0
1531,Akreditif,1336106.0,741543.0,0
1511,Rotatif,232240086.0,171372920.0,0
1511,Spot,79770825.0,58863909.0,0
1511,Taksitli,119656237.0,88295863.0,0
1511,Teminat Mektubu,66427599.0,49017772.0,0
1511,Akreditif,27433913.0,20243834.0,0
769,Rotatif,1394575.0,904196.0,0
769,Spot,819102.0,531078.0,0
769,Taksitli,1228654.0,796618.0,0
769,Teminat Mektubu,1696169.0,1099739.0,0
770,Rotatif,1575152.0,1163873.0,0
770,Spot,552420.0,408181.0,0
770,Taksitli,828631.0,612272.0,0
770,Teminat Mektubu,1558178.0,1151331.0,0
771,Rotatif,1003360.0,687449.0,0
771,Spot,872333.0,597676.0,0
771,Taksitli,1308499.0,896514.0,0
771,Teminat Mektubu,1969432.0,1349350.0,0
772,Rotatif,1147087.0,802331.0,0
772,Spot,681472.0,476656.0,0
772,Taksitli,1022207.0,714984.0,0
772,Teminat Mektubu,2151370.0,1504778.0,0
773,Rotatif,1383687.0,882901.0,0
773,Spot,692018.0,441562.0,0
773,Taksitli,1038027.0,662343.0,0
773,Teminat Mektubu,2699122.0,1722252.0,0
774,Rotatif,831144.0,550206.0,0
774,Spot,349211.0,231173.0,0
774,Taksitli,523816.0,346759.0,0
774,Teminat Mektubu,4774078.0,3160374.0,0
1400,Rotatif,1492253.0,896107.0,0
1400,Spot,486667.0,292247.0,0
1400,Taksitli,730001.0,438370.0,0
1400,Teminat Mektubu,1304759.0,783515.0,0
1003,Rotatif,438498105.0,236529052.0,0
1003,Spot,294411010.0,158807430.0,0
1003,Taksitli,441616516.0,238211145.0,0
1003,Teminat Mektubu,209551135.0,113033399.0,0
1004,Rotatif,523393081.0,292684440.0,0
1004,Spot,211320508.0,118171651.0,0
1004,Taksitli,316980762.0,177257477.0,0
1004,Teminat Mektubu,187636386.0,104927353.0,0
1005,Rotatif,376207217.0,220216409.0,0
1005,Spot,285028919.0,166844341.0,0
1005,Taksitli,427543379.0,250266511.0,0
1005,Teminat Mektubu,194252877.0,113707736.0,0
1006,Rotatif,664111037.0,398569876.0,0
1006,Spot,227613819.0,136603680.0,0
1006,Taksitli,341420728.0,204905520.0,0
1006,Teminat Mektubu,220009721.0,132040039.0,0
385,Rotatif,288654388.0,157400173.0,0
385,Spot,83621783.0,45598070.0,0
385,Taksitli,125432674.0,68397106.0,0
385,Teminat Mektubu,201990183.0,110143102.0,0
386,Rotatif,182829801.0,86581203.0,0
386,Spot,159636005.0,75597508.0,0
386,Taksitli,239454007.0,113396263.0,0
386,Teminat Mektubu,236166366.0,111839362.0,0
387,Rotatif,208196280.0,96853810.0,0
387,Spot,173787713.0,80846796.0,0
387,Taksitli,260681570.0,121270194.0,0
387,Teminat Mektubu,260819425.0,121334324.0,0
388,Rotatif,331997988.0,155893359.0,0
388,Spot,114839337.0,53924092.0,0
388,Taksitli,172259005.0,80886137.0,0
388,Teminat Mektubu,251254086.0,117979159.0,0
428,Rotatif,128061701.0,79218736.0,0
428,Spot,39588109.0,24489133.0,0
428,Taksitli,59382164.0,36733699.0,0
428,Teminat Mektubu,135721596.0,83957134.0,0
428,Akreditif,40199032.0,24867048.0,0
429,Rotatif,113741385.0,72666089.0,0
429,Spot,46515062.0,29717131.0,0
429,Taksitli,69772593.0,44575697.0,0
429,Teminat Mektubu,137848422.0,88067379.0,0
429,Akreditif,41389611.0,26442628.0,0
430,Rotatif,116968990.0,71836393.0,0
430,Spot,59946613.0,36816155.0,0
430,Taksitli,89919919.0,55224232.0,0
430,Teminat Mektubu,167412993.0,102816529.0,0
430,Akreditif,62794720.0,38565317.0,0
431,Rotatif,132939314.0,86121979.0,0
431,Spot,47019701.0,30460739.0,0
431,Taksitli,70529551.0,45691108.0,0
431,Teminat Mektubu,164283285.0,106427521.0,0
431,Akreditif,72979392.0,47278187.0,0
1720,Rotatif,5716889.0,3848034.0,0
1720,Spot,3578031.0,2408371.0,0
1720,Taksitli,5367047.0,3612556.0,0
1720,Teminat Mektubu,7763443.0,5225569.0,0
1720,Akreditif,433061.0,291493.0,0
1721,Rotatif,9666927.0,6448399.0,0
1721,Spot,2604528.0,1737370.0,0
1721,Taksitli,3906791.0,2606056.0,0
1721,Teminat Mektubu,8566306.0,5714221.0,0
1721,Akreditif,477846.0,318751.0,0
1722,Rotatif,8887390.0,6536760.0,0
1722,Spot,2857325.0,2101590.0,0
1722,Taksitli,4285988.0,3152385.0,0
1722,Teminat Mektubu,8488182.0,6243139.0,0
1722,Akreditif,473488.0,348255.0,0
1723,Rotatif,9459141.0,7105582.0,0
1723,Spot,2899597.0,2178139.0,0
1723,Taksitli,4349395.0,3267208.0,0
1723,Teminat Mektubu,8846879.0,6645659.0,0
1723,Akreditif,493497.0,370708.0,0
1724,Rotatif,10603427.0,7405429.0,0
1724,Spot,3380622.0,2361025.0,0
1724,Taksitli,5070933.0,3541538.0,0
1724,Teminat Mektubu,10089524.0,7046520.0,0
1724,Akreditif,562814.0,393069.0,0
454,Rotatif,81122435.0,74361761.0,0
454,Spot,6652497.0,6098084.0,0
454,Taksitli,9978745.0,9147125.0,0
454,Teminat Mektubu,49803953.0,45653335.0,0
455,Rotatif,55513392.0,53479965.0,0
455,Spot,16795994.0,16180765.0,0
455,Taksitli,25193991.0,24271148.0,0
455,Teminat Mektubu,49676429.0,47856807.0,0
456,Rotatif,89735750.0,78854413.0,0
456,Spot,7741500.0,6802768.0,0
456,Taksitli,11612250.0,10204151.0,0
456,Teminat Mektubu,55579376.0,48839833.0,0
457,Rotatif,66009604.0,65349508.0,0
457,Spot,15870657.0,15711951.0,0
457,Taksitli,23805986.0,23567926.0,0
457,Teminat Mektubu,53845472.0,53307018.0,0
458,Rotatif,73494411.0,72759467.0,119
458,Spot,15296542.0,15143577.0,0
458,Taksitli,22944813.0,22715365.0,0
458,Teminat Mektubu,56927607.0,56358331.0,0
127,Rotatif,2020437.0,1234914.0,0
127,Spot,1157369.0,707397.0,0
127,Taksitli,1736054.0,1061096.0,0
127,Teminat Mektubu,1038275.0,634605.0,0
127,Akreditif,71947.0,43975.0,0
128,Rotatif,1665712.0,1139803.0,0
128,Spot,1135799.0,777198.0,0
128,Taksitli,1703699.0,1165797.0,0
128,Teminat Mektubu,951929.0,651380.0,0
128,Akreditif,65964.0,45137.0,0
1518,Rotatif,21614925.0,13781115.0,0
1518,Spot,11389752.0,7261810.0,0
1518,Taksitli,17084628.0,10892715.0,0
1518,Teminat Mektubu,7364718.0,4695553.0,0
1519,Rotatif,23368210.0,14426173.0,0
1519,Spot,11348299.0,7005779.0,0
1519,Taksitli,17022449.0,10508669.0,0
1519,Teminat Mektubu,7607269.0,4696285.0,0
1520,Rotatif,16834736.0,10879956.0,0
1520,Spot,12807340.0,8277130.0,0
1520,Taksitli,19211009.0,12415695.0,0
1520,Teminat Mektubu,7182954.0,4642201.0,0
1521,Rotatif,21703998.0,12971585.0,0
1521,Spot,12604361.0,7533107.0,0
1521,Taksitli,18906541.0,11299660.0,0
1521,Teminat Mektubu,7824279.0,4676249.0,0
890,Rotatif,15755247.0,9792200.0,0
890,Spot,9280033.0,5767726.0,0
890,Taksitli,13920049.0,8651588.0,0
890,Teminat Mektubu,13315890.0,8276091.0,0
890,Akreditif,3508736.0,2180749.0,0
891,Rotatif,17384350.0,10228931.0,0
891,Spot,6887272.0,4052463.0,0
891,Taksitli,10330909.0,6078694.0,0
891,Teminat Mektubu,22877145.0,13460885.0,0
891,Akreditif,3858357.0,2270252.0,0
892,Rotatif,15806596.0,9947717.0,0
892,Spot,7009647.0,4411449.0,0
892,Taksitli,10514471.0,6617173.0,0
892,Teminat Mektubu,23984789.0,15094578.0,0
892,Akreditif,3847336.0,2421281.0,0
893,Rotatif,16118318.0,9756167.0,0
893,Spot,6075822.0,3677600.0,0
893,Taksitli,9113732.0,5516400.0,0
893,Teminat Mektubu,25080577.0,15180883.0,0
893,Akreditif,3785107.0,2291067.0,0
750,Rotatif,2703184.0,1334540.0,0
750,Spot,939107.0,463630.0,0
750,Taksitli,1408661.0,695445.0,0
750,Teminat Mektubu,1384813.0,683671.0,0
755,Rotatif,277245911.0,165238181.0,0
755,Spot,110853202.0,66068356.0,0
755,Taksitli,166279803.0,99102534.0,0
755,Teminat Mektubu,260838950.0,155459655.0,0
756,Rotatif,194655478.0,131256651.0,0
756,Spot,131234948.0,88492037.0,0
756,Taksitli,196852421.0,132738055.0,0
756,Teminat Mektubu,245953970.0,165847346.0,0
757,Rotatif,215158740.0,159352869.0,99
757,Spot,104918850.0,77705975.0,0
757,Taksitli,157378274.0,116558962.0,0
757,Teminat Mektubu,224646145.0,166379518.0,0
758,Rotatif,161959413.0,123584490.0,72
758,Spot,136273769.0,103984844.0,0
758,Taksitli,204410654.0,155977266.0,0
758,Teminat Mektubu,236497252.0,180461214.0,0
759,Rotatif,266191850.0,220838926.0,69
759,Spot,80868688.0,67090537.0,0
759,Taksitli,121303032.0,100635806.0,0
759,Teminat Mektubu,220368160.0,182822531.0,0
497,Rotatif,145637789.0,87966402.0,0
497,Spot,39993991.0,24156694.0,0
497,Taksitli,59990987.0,36235041.0,0
497,Teminat Mektubu,61254036.0,36997933.0,0
497,Akreditif,14223513.0,8591117.0,0
498,Rotatif,84034782.0,48770623.0,0
498,Spot,74984901.0,43518412.0,0
498,Taksitli,112477351.0,65277619.0,0
498,Teminat Mektubu,67706627.0,39294376.0,0
498,Akreditif,15721839.0,9124363.0,0
499,Rotatif,114435310.0,82027784.0,0
499,Spot,42439022.0,30420497.0,0
499,Taksitli,63658533.0,45630745.0,0
499,Teminat Mektubu,54997052.0,39422153.0,0
499,Akreditif,12770608.0,9154034.0,0
500,Rotatif,90201845.0,67858986.0,39
500,Spot,57326771.0,43127017.0,0
500,Taksitli,85990156.0,64690526.0,0
500,Teminat Mektubu,58235511.0,43810663.0,0
500,Akreditif,13522596.0,10173069.0,0
501,Rotatif,123853554.0,102141546.0,111
501,Spot,37158118.0,30644156.0,0
501,Taksitli,55737177.0,45966233.0,0
501,Teminat Mektubu,54053384.0,44577616.0,0
501,Akreditif,12551484.0,10351160.0,0
502,Rotatif,68788617.0,55806972.0,104
502,Spot,61964729.0,50270874.0,0
502,Taksitli,92947094.0,75406311.0,0
502,Teminat Mektubu,55786990.0,45258985.0,0
502,Akreditif,12954036.0,10509377.0,0
1182,Rotatif,105951496.0,66771969.0,0
1182,Spot,95853727.0,60408228.0,0
1182,Taksitli,143780590.0,90612342.0,0
1182,Teminat Mektubu,170900523.0,107703665.0,0
1183,Rotatif,184071729.0,116164253.0,0
1183,Spot,79459098.0,50145163.0,0
1183,Taksitli,119188648.0,75217744.0,0
1183,Teminat Mektubu,189264014.0,119441007.0,0
1184,Rotatif,127791058.0,83363913.0,0
1184,Spot,97099760.0,63342585.0,0
1184,Taksitli,145649641.0,95013878.0,0
1184,Teminat Mektubu,183241197.0,119536558.0,0
1703,Rotatif,21442392.0,16024516.0,0
1703,Spot,19613757.0,14657925.0,0
1703,Taksitli,29420636.0,21986887.0,0
1703,Teminat Mektubu,27530709.0,20574490.0,0
1704,Rotatif,47017947.0,33730957.0,0
1704,Spot,13051651.0,9363332.0,0
1704,Taksitli,19577476.0,14044999.0,0
1704,Teminat Mektubu,31112946.0,22320614.0,0
1705,Rotatif,37378456.0,27727586.0,0
1705,Spot,15570441.0,11550256.0,0
1705,Taksitli,23355661.0,17325384.0,0
1705,Teminat Mektubu,29807241.0,22111209.0,0
1706,Rotatif,22538729.0,16618381.0,0
1706,Spot,20714096.0,15273032.0,0
1706,Taksitli,31071144.0,22909548.0,0
1706,Teminat Mektubu,29033554.0,21407181.0,0
917,Rotatif,5774478.0,4746090.0,0
917,Spot,2855725.0,2347143.0,0
917,Taksitli,4283587.0,3520715.0,0
917,Teminat Mektubu,4660164.0,3830226.0,0
917,Akreditif,1697284.0,1395012.0,0
918,Rotatif,4795140.0,4040791.0,0
918,Spot,3605328.0,3038155.0,0
918,Taksitli,5407992.0,4557232.0,0
918,Teminat Mektubu,4983021.0,4199116.0,0
918,Akreditif,1814873.0,1529365.0,0
919,Rotatif,6987572.0,5908685.0,0
919,Spot,2366092.0,2000765.0,0
919,Taksitli,3549138.0,3001148.0,0
919,Teminat Mektubu,4656199.0,3937278.0,0
919,Akreditif,1695840.0,1434001.0,0
604,Rotatif,16429353.0,9883473.0,0
604,Spot,14723277.0,8857142.0,0
604,Taksitli,22084916.0,13285713.0,0
604,Teminat Mektubu,12179761.0,7327029.0,0
604,Akreditif,1894899.0,1139922.0,0
605,Rotatif,21738644.0,13130139.0,0
605,Spot,12447237.0,7518130.0,0
605,Taksitli,18670856.0,11277195.0,0
605,Teminat Mektubu,12092639.0,7303953.0,0
605,Akreditif,1881344.0,1136332.0,0
606,Rotatif,19869037.0,11093169.0,0
606,Spot,13450966.0,7509868.0,0
606,Taksitli,20176450.0,11264801.0,0
606,Teminat Mektubu,12238994.0,6833206.0,0
606,Akreditif,1904114.0,1063094.0,0
1599,Rotatif,2997538.0,2160090.0,0
1599,Spot,818639.0,589929.0,0
1599,Taksitli,1227959.0,884893.0,0
1599,Teminat Mektubu,560533.0,403932.0,0
1600,Rotatif,1549097.0,1124179.0,0
1600,Spot,1296176.0,940635.0,0
1600,Taksitli,1944265.0,1410952.0,0
1600,Teminat Mektubu,532241.0,386247.0,0
869,Rotatif,429673955.0,293208998.0,0
869,Spot,161232474.0,110024849.0,0
869,Taksitli,241848712.0,165037274.0,0
869,Teminat Mektubu,169459220.0,115638771.0,0
1211,Rotatif,102868850.0,54373660.0,0
1211,Spot,51650754.0,27301175.0,0
1211,Taksitli,77476131.0,40951763.0,0
1211,Teminat Mektubu,99213095.0,52441328.0,0
1212,Rotatif,127082947.0,64332963.0,0
1212,Spot,42447787.0,21488264.0,0
1212,Taksitli,63671680.0,32232396.0,0
1212,Teminat Mektubu,99729132.0,50485692.0,0
1213,Rotatif,91203412.0,44020995.0,0
1213,Spot,63666952.0,30730019.0,0
1213,Taksitli,95500429.0,46095028.0,0
1213,Teminat Mektubu,107071198.0,51679872.0,0
218,Rotatif,4345571.0,3442491.0,0
218,Spot,1384776.0,1096997.0,0
218,Taksitli,2077164.0,1645496.0,0
218,Teminat Mektubu,4193692.0,3322176.0,0
219,Rotatif,4757562.0,3456479.0,0
219,Spot,1349397.0,980368.0,0
219,Taksitli,2024095.0,1470552.0,0
219,Teminat Mektubu,4367479.0,3173075.0,0
220,Rotatif,2590895.0,2042535.0,0
220,Spot,1811310.0,1427948.0,0
220,Taksitli,2716964.0,2141922.0,0
220,Teminat Mektubu,3823960.0,3014623.0,0
1226,Rotatif,245536351.0,158210379.0,0
1226,Spot,165219909.0,106458797.0,0
1226,Taksitli,247829864.0,159688196.0,0
1226,Teminat Mektubu,159991460.0,103089866.0,0
1227,Rotatif,356786976.0,257485943.0,0
1227,Spot,99544120.0,71838978.0,0
1227,Taksitli,149316180.0,107758467.0,0
1227,Teminat Mektubu,147130935.0,106181419.0,0
1228,Rotatif,264674251.0,186825646.0,0
1228,Spot,140202586.0,98964816.0,0
1228,Taksitli,210303879.0,148447225.0,0
1228,Teminat Mektubu,149446910.0,105490108.0,0
760,Rotatif,6694078.0,4907463.0,0
760,Spot,2185723.0,1602365.0,0
760,Taksitli,3278585.0,2403547.0,0
760,Teminat Mektubu,1730078.0,1268329.0,0
761,Rotatif,7798889.0,5599421.0,0
761,Spot,2524361.0,1812433.0,0
761,Taksitli,3786542.0,2718649.0,0
761,Teminat Mektubu,2007753.0,1441520.0,0
1196,Rotatif,26577379.0,19913846.0,0
1196,Spot,16402222.0,12289825.0,0
1196,Taksitli,24603334.0,18434737.0,0
1196,Teminat Mektubu,35799107.0,26823485.0,0
1197,Rotatif,23407171.0,18498138.0,0
1197,Spot,17113172.0,13524139.0,0
1197,Taksitli,25669759.0,20286208.0,0
1197,Teminat Mektubu,35061315.0,27708135.0,0
1198,Rotatif,42856057.0,38093986.0,95
1198,Spot,8832556.0,7851101.0,0
1198,Taksitli,13248833.0,11776652.0,0
1198,Teminat Mektubu,34397775.0,30575570.0,0
1199,Rotatif,44663541.0,43237158.0,83
1199,Spot,7688523.0,7442981.0,0
1199,Taksitli,11532785.0,11164472.0,0
1199,Teminat Mektubu,33840208.0,32759481.0,0
1372,Rotatif,18585041.0,9594741.0,0
1372,Spot,6833659.0,3527955.0,0
1372,Taksitli,10250489.0,5291933.0,0
1372,Teminat Mektubu,8707888.0,4495548.0,0
1454,Rotatif,39946167.0,25193674.0,0
1454,Spot,18410251.0,11611173.0,0
1454,Taksitli,27615377.0,17416760.0,0
1454,Teminat Mektubu,21180355.0,13358252.0,0
1455,Rotatif,40617511.0,28649021.0,0
1455,Spot,13748142.0,9697069.0,0
1455,Taksitli,20622213.0,14545604.0,0
1455,Teminat Mektubu,23166660.0,16340296.0,0
1456,Rotatif,21017399.0,14153047.0,0
1456,Spot,16977801.0,11432796.0,0
1456,Taksitli,25466702.0,17149193.0,0
1456,Teminat Mektubu,54809100.0,36908267.0,0
1457,Rotatif,25438387.0,17537312.0,0
1457,Spot,13393528.0,9233545.0,0
1457,Taksitli,20090292.0,13850317.0,0
1457,Teminat Mektubu,55564851.0,38306601.0,0
1458,Rotatif,17326478.0,11748000.0,0
1458,Spot,15806164.0,10717170.0,0
1458,Taksitli,23709246.0,16075755.0,0
1458,Teminat Mektubu,60141889.0,40778450.0,0
1459,Rotatif,17542356.0,11875212.0,0
1459,Spot,13851776.0,9376892.0,0
1459,Taksitli,20777664.0,14065338.0,0
1459,Teminat Mektubu,77944126.0,52763893.0,0
959,Rotatif,59449107.0,35115508.0,0
959,Spot,35750994.0,21117463.0,0
959,Taksitli,53626490.0,31676194.0,0
959,Teminat Mektubu,63403657.0,37451389.0,0
960,Rotatif,95518511.0,56412131.0,0
960,Spot,28769794.0,16991108.0,0
960,Taksitli,43154691.0,25486663.0,0
960,Teminat Mektubu,71334687.0,42129443.0,0
1502,Rotatif,246502546.0,195894708.0,0
1502,Spot,139538898.0,110891073.0,0
1502,Taksitli,209308347.0,166336609.0,0
1502,Teminat Mektubu,82808080.0,65807290.0,0
112,Rotatif,1597737.0,1010732.0,0
112,Spot,1033753.0,653954.0,0
112,Taksitli,1550630.0,980931.0,0
112,Teminat Mektubu,1406880.0,889995.0,0
112,Akreditif,555318.0,351295.0,0
113,Rotatif,2308404.0,1395208.0,0
113,Spot,918806.0,555330.0,0
113,Taksitli,1378208.0,832994.0,0
113,Teminat Mektubu,1549279.0,936390.0,0
113,Akreditif,611525.0,369608.0,0
114,Rotatif,2211355.0,1391758.0,0
114,Spot,846320.0,532647.0,0
114,Taksitli,1269480.0,798971.0,0
114,Teminat Mektubu,1455671.0,916154.0,0
114,Akreditif,574576.0,361620.0,0
115,Rotatif,2114985.0,1256847.0,0
115,Spot,1057689.0,628540.0,0
115,Taksitli,1586533.0,942810.0,0
115,Teminat Mektubu,1601015.0,951416.0,0
115,Akreditif,631946.0,375539.0,0
1138,Rotatif,32305698.0,16767214.0,0
1138,Spot,20507009.0,10643491.0,0
1138,Taksitli,30760513.0,15965236.0,0
1138,Teminat Mektubu,17701871.0,9187576.0,0
1139,Rotatif,36905506.0,21943121.0,0
1139,Spot,23036957.0,13697218.0,0
1139,Taksitli,34555436.0,20545826.0,0
1139,Teminat Mektubu,20015857.0,11900944.0,0
1140,Rotatif,39051431.0,20684948.0,0
1140,Spot,28298914.0,14989504.0,0
1140,Taksitli,42448371.0,22484255.0,0
1140,Teminat Mektubu,23256764.0,12318754.0,0
1141,Rotatif,40637134.0,24441526.0,0
1141,Spot,23509764.0,14140134.0,0
1141,Taksitli,35264647.0,21210201.0,0
1141,Teminat Mektubu,21056629.0,12664677.0,0
391,Rotatif,19145395.0,9184296.0,0
391,Spot,14192573.0,6808363.0,0
391,Taksitli,21288860.0,10212544.0,0
391,Teminat Mektubu,19182801.0,9202240.0,0
392,Rotatif,27700611.0,13171412.0,0
392,Spot,11400513.0,5420850.0,0
392,Taksitli,17100769.0,8131274.0,0
392,Teminat Mektubu,19735902.0,9384258.0,0
956,Rotatif,3380466.0,2560217.0,0
956,Spot,1026719.0,777592.0,0
956,Taksitli,1540079.0,1166388.0,0
956,Teminat Mektubu,3555534.0,2692806.0,0
956,Akreditif,1038994.0,786889.0,0
1261,Rotatif,7871666.0,3852651.0,0
1261,Spot,5219306.0,2554499.0,0
1261,Taksitli,7828958.0,3831749.0,0
1261,Teminat Mektubu,6946837.0,3400010.0,0
312,Rotatif,14820312.0,10767010.0,0
312,Spot,9979277.0,7249981.0,0
312,Taksitli,14968916.0,10874971.0,0
312,Teminat Mektubu,6988482.0,5077157.0,0
313,Rotatif,20632009.0,15284271.0,0
313,Spot,6239890.0,4622534.0,0
313,Taksitli,9359835.0,6933802.0,0
313,Teminat Mektubu,6366969.0,4716675.0,0
314,Rotatif,17021979.0,12487999.0,0
314,Spot,7665374.0,5623623.0,0
314,Taksitli,11498061.0,8435434.0,0
314,Teminat Mektubu,6358829.0,4665089.0,0
315,Rotatif,16150468.0,12154347.0,0
315,Spot,5988805.0,4506991.0,0
315,Taksitli,8983207.0,6760486.0,0
315,Teminat Mektubu,5469124.0,4115895.0,0
1060,Rotatif,13509723.0,9550089.0,0
1060,Spot,4131147.0,2920327.0,0
1060,Taksitli,6196720.0,4380491.0,0
1060,Teminat Mektubu,16844062.0,11907149.0,0
1061,Rotatif,10849326.0,7435710.0,0
1061,Spot,4348560.0,2980336.0,0
1061,Taksitli,6522841.0,4470503.0,0
1061,Teminat Mektubu,20254841.0,13881887.0,0
1062,Rotatif,7106231.0,4824624.0,0
1062,Spot,2595211.0,1761963.0,0
1062,Taksitli,3892817.0,2642945.0,0
1062,Teminat Mektubu,37102947.0,25190254.0,0
1464,Rotatif,171309856.0,80557644.0,0
1464,Spot,96163783.0,45220561.0,0
1464,Taksitli,144245674.0,67830841.0,0
1464,Teminat Mektubu,74193847.0,34889303.0,0
1465,Rotatif,271260562.0,121937412.0,0
1465,Spot,78105347.0,35110021.0,0
1465,Taksitli,117158021.0,52665031.0,0
1465,Teminat Mektubu,84069908.0,37791218.0,0
796,Rotatif,12503798.0,8790055.0,0
796,Spot,4782935.0,3362359.0,0
796,Taksitli,7174402.0,5043539.0,0
796,Teminat Mektubu,8312943.0,5843923.0,0
796,Akreditif,3477823.0,2444877.0,0
623,Rotatif,21430394.0,12008575.0,0
623,Spot,18090157.0,10136865.0,0
623,Taksitli,27135235.0,15205297.0,0
623,Teminat Mektubu,28088712.0,15739581.0,0
1331,Rotatif,33274829.0,23652886.0,0
1331,Spot,14502241.0,10308689.0,0
1331,Taksitli,21753361.0,15463033.0,0
1331,Teminat Mektubu,8592145.0,6107591.0,0
1331,Akreditif,1622391.0,1153251.0,0
1332,Rotatif,21871949.0,15868814.0,0
1332,Spot,17892083.0,12981291.0,0
1332,Taksitli,26838124.0,19471936.0,0
1332,Teminat Mektubu,8230287.0,5971342.0,0
1332,Akreditif,1554064.0,1127524.0,0
1333,Rotatif,33786209.0,22998638.0,0
1333,Spot,16081282.0,10946703.0,0
1333,Taksitli,24121923.0,16420054.0,0
1333,Teminat Mektubu,9143159.0,6223847.0,0
1333,Akreditif,1726435.0,1175203.0,0
1334,Rotatif,24787624.0,17426536.0,0
1334,Spot,20448337.0,14375871.0,0
1334,Taksitli,30672506.0,21563807.0,0
1334,Teminat Mektubu,9380304.0,6594670.0,0
1334,Akreditif,1771213.0,1245223.0,0
1335,Rotatif,38270434.0,26580155.0,0
1335,Spot,16049961.0,11147260.0,0
1335,Taksitli,24074942.0,16720889.0,0
1335,Teminat Mektubu,9687616.0,6728388.0,0
1335,Akreditif,1829241.0,1270472.0,0
1336,Rotatif,36036602.0,26726450.0,0
1336,Spot,18577621.0,13778043.0,0
1336,Taksitli,27866432.0,20667065.0,0
1336,Teminat Mektubu,10192455.0,7559207.0,0
1336,Akreditif,1924566.0,1427349.0,0
1370,Rotatif,4025584.0,2361914.0,0
1370,Spot,1845769.0,1082960.0,0
1370,Taksitli,2768653.0,1624441.0,0
1370,Teminat Mektubu,3383603.0,1985248.0,0
682,Rotatif,3583264.0,1823540.0,0
682,Spot,1464104.0,745090.0,0
682,Taksitli,2196156.0,1117634.0,0
682,Teminat Mektubu,2549645.0,1297526.0,0
683,Rotatif,3036294.0,1767277.0,0
683,Spot,2023294.0,1177660.0,0
683,Taksitli,3034942.0,1766490.0,0
683,Teminat Mektubu,2849190.0,1658373.0,0
684,Rotatif,3315170.0,2133675.0,0
684,Spot,2023804.0,1302539.0,0
684,Taksitli,3035706.0,1953809.0,0
684,Teminat Mektubu,2947799.0,1897231.0,0
261,Rotatif,159133691.0,105813075.0,0
261,Spot,79510165.0,52868849.0,0
261,Taksitli,119265247.0,79303273.0,0
261,Teminat Mektubu,177180671.0,117813088.0,0
261,Akreditif,25674138.0,17071554.0,0
262,Rotatif,157977518.0,103199927.0,0
262,Spot,71288434.0,46569672.0,0
262,Taksitli,106932651.0,69854508.0,0
262,Teminat Mektubu,242152149.0,158187597.0,0
262,Akreditif,27749843.0,18127780.0,0
263,Rotatif,179068119.0,116752222.0,0
263,Spot,52489905.0,34223362.0,0
263,Taksitli,78734858.0,51335043.0,0
263,Teminat Mektubu,249772743.0,162851560.0,0
263,Akreditif,26872504.0,17520844.0,0
264,Rotatif,108577405.0,75003414.0,0
264,Spot,63655024.0,43971801.0,0
264,Taksitli,95482536.0,65957702.0,0
264,Teminat Mektubu,259189011.0,179043335.0,0
264,Akreditif,25281375.0,17463942.0,0
265,Rotatif,129655890.0,86671943.0,0
265,Spot,56745566.0,37933089.0,0
265,Taksitli,85118348.0,56899633.0,0
265,Teminat Mektubu,327150422.0,218692437.0,0
265,Akreditif,28724791.0,19201854.0,0
266,Rotatif,123288451.0,86269979.0,0
266,Spot,36188254.0,25322404.0,0
266,Taksitli,54282381.0,37983605.0,0
266,Teminat Mektubu,412068747.0,288341379.0,0
266,Akreditif,30027840.0,21011709.0,0
15,Rotatif,2988329.0,1541551.0,0
15,Spot,1124133.0,579892.0,0
15,Taksitli,1686200.0,869839.0,0
15,Teminat Mektubu,2656468.0,1370359.0,0
16,Rotatif,2225215.0,1169276.0,0
16,Spot,1343491.0,705959.0,0
16,Taksitli,2015236.0,1058939.0,0
16,Teminat Mektubu,2558101.0,1344196.0,0
358,Rotatif,181751577.0,137251805.0,0
358,Spot,98596735.0,74456464.0,0
358,Taksitli,147895102.0,111684696.0,0
358,Teminat Mektubu,65624406.0,49557029.0,0
359,Rotatif,325139490.0,280448596.0,60
359,Spot,29789538.0,25694922.0,0
359,Taksitli,44684306.0,38542384.0,0
359,Teminat Mektubu,61237107.0,52819978.0,0
360,Rotatif,255796665.0,224951286.0,69
360,Spot,61230758.0,53847214.0,0
360,Taksitli,91846138.0,80770822.0,0
360,Teminat Mektubu,62656152.0,55100727.0,0
34,Rotatif,10873173.0,5717954.0,0
34,Spot,5169373.0,2718456.0,0
34,Taksitli,7754059.0,4077684.0,0
34,Teminat Mektubu,8838105.0,4647758.0,0
35,Rotatif,8336013.0,4529545.0,0
35,Spot,6037180.0,3280427.0,0
35,Taksitli,9055771.0,4920641.0,0
35,Teminat Mektubu,8701562.0,4728174.0,0
1105,Rotatif,22290437.0,13559661.0,0
1105,Spot,9870003.0,6004095.0,0
1105,Taksitli,14805004.0,9006142.0,0
1105,Teminat Mektubu,10282251.0,6254872.0,0
904,Rotatif,40946996.0,28454208.0,0
904,Spot,11035687.0,7668737.0,0
904,Taksitli,16553531.0,11503105.0,0
904,Teminat Mektubu,34477431.0,23958485.0,0
905,Rotatif,34289169.0,23465185.0,0
905,Spot,9500379.0,6501416.0,0
905,Taksitli,14250568.0,9752124.0,0
905,Teminat Mektubu,61418417.0,42030605.0,0
906,Rotatif,27596468.0,19467306.0,0
906,Spot,11761824.0,8297113.0,0
906,Taksitli,17642736.0,12445670.0,0
906,Teminat Mektubu,61319649.0,43256564.0,0
907,Rotatif,26135676.0,18138418.0,0
907,Spot,8019963.0,5565934.0,0
907,Taksitli,12029945.0,8348901.0,0
907,Teminat Mektubu,76559981.0,53133386.0,0
908,Rotatif,25483105.0,16780852.0,0
908,Spot,8525553.0,5614153.0,0
908,Taksitli,12788329.0,8421229.0,0
908,Teminat Mektubu,80825871.0,53224559.0,0
909,Rotatif,24549395.0,16696552.0,0
909,Spot,6960396.0,4733910.0,0
909,Taksitli,10440594.0,7100865.0,0
909,Teminat Mektubu,87988824.0,59843022.0,0
1446,Rotatif,34249653.0,20771136.0,0
1446,Spot,10680202.0,6477144.0,0
1446,Taksitli,16020303.0,9715716.0,0
1446,Teminat Mektubu,21051823.0,12767145.0,0
1447,Rotatif,38581523.0,25611262.0,0
1447,Spot,11644533.0,7729896.0,0
1447,Taksitli,17466799.0,11594845.0,0
1447,Teminat Mektubu,23380710.0,15520629.0,0
1448,Rotatif,27421991.0,18347951.0,0
1448,Spot,18767880.0,12557518.0,0
1448,Taksitli,28151820.0,18836277.0,0
1448,Teminat Mektubu,25677178.0,17180503.0,0
1307,Rotatif,2966486.0,2050053.0,0
1307,Spot,2228994.0,1540393.0,0
1307,Taksitli,3343491.0,2310590.0,0
1307,Teminat Mektubu,1740132.0,1202555.0,0
1307,Akreditif,702413.0,485418.0,0
1308,Rotatif,3197058.0,1957985.0,0
1308,Spot,2804375.0,1717493.0,0
1308,Taksitli,4206563.0,2576239.0,0
1308,Teminat Mektubu,2080258.0,1274019.0,0
1308,Akreditif,839707.0,514265.0,0
1309,Rotatif,4956762.0,3044957.0,0
1309,Spot,2000296.0,1228789.0,0
1309,Taksitli,3000444.0,1843183.0,0
1309,Teminat Mektubu,2029210.0,1246551.0,0
1309,Akreditif,819101.0,503177.0,0
662,Rotatif,388313716.0,188292625.0,0
662,Spot,112453192.0,54528351.0,0
662,Taksitli,168679788.0,81792527.0,0
662,Teminat Mektubu,317555579.0,153982131.0,0
662,Akreditif,41565010.0,20154799.0,0
663,Rotatif,388451537.0,201317780.0,0
663,Spot,104385860.0,54098717.0,0
663,Taksitli,156578791.0,81148075.0,0
663,Teminat Mektubu,308054001.0,159651183.0,0
663,Akreditif,40321344.0,20896824.0,0
664,Rotatif,379881031.0,190061252.0,0
664,Spot,121489474.0,60783350.0,0
664,Taksitli,182234211.0,91175024.0,0
664,Teminat Mektubu,324271511.0,162238818.0,0
664,Akreditif,42444062.0,21235521.0,0
665,Rotatif,408769742.0,186949324.0,0
665,Spot,134156333.0,61355901.0,0
665,Taksitli,201234499.0,92033851.0,0
665,Teminat Mektubu,352996502.0,161441640.0,0
665,Akreditif,46203891.0,21131178.0,0
279,Rotatif,2266246.0,1462761.0,0
279,Spot,1082899.0,698963.0,0
279,Taksitli,1624348.0,1048445.0,0
279,Teminat Mektubu,777284.0,501702.0,0
279,Akreditif,543831.0,351019.0,0
280,Rotatif,2083249.0,1378278.0,0
280,Spot,1079748.0,714362.0,0
280,Taksitli,1619622.0,1071543.0,0
280,Teminat Mektubu,747453.0,494515.0,0
280,Akreditif,522960.0,345991.0,0
281,Rotatif,2556090.0,1586242.0,0
281,Spot,1055285.0,654882.0,0
281,Taksitli,1582928.0,982323.0,0
281,Teminat Mektubu,811793.0,503778.0,0
281,Akreditif,567976.0,352471.0,0
282,Rotatif,1672246.0,1034705.0,0
282,Spot,1511257.0,935093.0,0
282,Taksitli,2266886.0,1402639.0,0
282,Teminat Mektubu,851816.0,527062.0,0
282,Akreditif,595978.0,368762.0,0
922,Rotatif,681564893.0,514565025.0,0
922,Spot,233834081.0,176539081.0,0
922,Taksitli,350751121.0,264808621.0,0
922,Teminat Mektubu,300512267.0,226879500.0,0
923,Rotatif,656233125.0,469492955.0,0
923,Spot,265401844.0,189878096.0,0
923,Taksitli,398102766.0,284817144.0,0
923,Teminat Mektubu,313230935.0,224096760.0,0
924,Rotatif,546825108.0,444417245.0,0
924,Spot,404406360.0,328670278.0,0
924,Taksitli,606609539.0,493005417.0,0
924,Teminat Mektubu,369743156.0,300498701.0,0
925,Rotatif,1159204227.0,991966283.0,0
925,Spot,162315367.0,138898192.0,0
925,Taksitli,243473051.0,208347289.0,0
925,Teminat Mektubu,371440549.0,317852966.0,0
926,Rotatif,804667171.0,665834050.0,0
926,Spot,348911533.0,288712138.0,0
926,Taksitli,523367299.0,433068207.0,0
926,Teminat Mektubu,398011931.0,329341006.0,0
624,Rotatif,16299796.0,12268726.0,0
624,Spot,5635038.0,4241448.0,0
624,Taksitli,8452557.0,6362172.0,0
624,Teminat Mektubu,4114240.0,3096756.0,0
625,Rotatif,19814569.0,14300025.0,0
625,Spot,6452267.0,4656553.0,0
625,Taksitli,9678400.0,6984829.0,0
625,Teminat Mektubu,4866734.0,3512285.0,0
626,Rotatif,14871466.0,10808604.0,0
626,Spot,9871035.0,7174283.0,0
626,Taksitli,14806553.0,10761425.0,0
626,Teminat Mektubu,5354665.0,3891779.0,0
1652,Rotatif,8215974.0,5194315.0,0
1652,Spot,2750958.0,1739215.0,0
1652,Taksitli,4126437.0,2608822.0,0
1652,Teminat Mektubu,3015719.0,1906602.0,0
1653,Rotatif,5809576.0,3843095.0,0
1653,Spot,4229024.0,2797543.0,0
1653,Taksitli,6343536.0,4196315.0,0
1653,Teminat Mektubu,3273220.0,2165269.0,0
1654,Rotatif,6492845.0,4703455.0,0
1654,Spot,3612192.0,2616693.0,0
1654,Taksitli,5418288.0,3925039.0,0
1654,Teminat Mektubu,3101626.0,2246836.0,0
1655,Rotatif,7574460.0,5817185.0,0
1655,Spot,3736238.0,2869431.0,0
1655,Taksitli,5604356.0,4304146.0,0
1655,Teminat Mektubu,3379699.0,2595609.0,0
1656,Rotatif,9745535.0,7173134.0,0
1656,Spot,3300978.0,2429662.0,0
1656,Taksitli,4951467.0,3644493.0,0
1656,Teminat Mektubu,3596072.0,2646864.0,0
1355,Rotatif,16406638.0,11136410.0,0
1355,Spot,4944229.0,3356018.0,0
1355,Taksitli,7416344.0,5034026.0,0
1355,Teminat Mektubu,11316819.0,7681570.0,0
1355,Akreditif,1786039.0,1212318.0,0
1356,Rotatif,8837819.0,6316212.0,0
1356,Spot,8049188.0,5752594.0,0
1356,Taksitli,12073782.0,8628891.0,0
1356,Teminat Mektubu,11392971.0,8142329.0,0
1356,Akreditif,1798057.0,1285035.0,0
1357,Rotatif,16402708.0,11175182.0,0
1357,Spot,6027978.0,4106868.0,0
1357,Taksitli,9041967.0,6160301.0,0
1357,Teminat Mektubu,12381121.0,8435270.0,0
1357,Akreditif,1954008.0,1331268.0,0
1358,Rotatif,18154352.0,12540862.0,0
1358,Spot,5630686.0,3889627.0,0
1358,Taksitli,8446028.0,5834440.0,0
1358,Teminat Mektubu,12679475.0,8758867.0,0
1358,Akreditif,2001095.0,1382339.0,0
1214,Rotatif,139605243.0,84998705.0,0
1214,Spot,39404189.0,23991255.0,0
1214,Taksitli,59106283.0,35986883.0,0
1214,Teminat Mektubu,128919738.0,78492831.0,0
1214,Akreditif,12341601.0,7514188.0,0
1215,Rotatif,101133396.0,58162159.0,0
1215,Spot,65900201.0,37899429.0,0
1215,Taksitli,98850301.0,56849144.0,0
1215,Teminat Mektubu,143953886.0,82788369.0,0
1215,Akreditif,13780833.0,7925404.0,0
1310,Rotatif,275960384.0,161798852.0,0
1310,Spot,203306899.0,119201251.0,0
1310,Taksitli,304960349.0,178801876.0,0
1310,Teminat Mektubu,177550968.0,104100242.0,0
1311,Rotatif,378948596.0,204596257.0,0
1311,Spot,185500869.0,100152855.0,0
1311,Taksitli,278251304.0,150229282.0,0
1311,Teminat Mektubu,190789423.0,103008171.0,0
1312,Rotatif,438369518.0,253773598.0,0
1312,Spot,132117565.0,76483306.0,0
1312,Taksitli,198176348.0,114724959.0,0
1312,Teminat Mektubu,174027197.0,100744933.0,0
1313,Rotatif,306869491.0,183697692.0,0
1313,Spot,188254866.0,112692807.0,0
1313,Taksitli,282382299.0,169039211.0,0
1313,Teminat Mektubu,176029324.0,105374374.0,0
380,Rotatif,74448415.0,47855772.0,0
380,Spot,36174487.0,23253121.0,0
380,Taksitli,54261731.0,34879682.0,0
380,Teminat Mektubu,60056621.0,38604663.0,0
381,Rotatif,97173188.0,63275337.0,0
381,Spot,26057150.0,16967386.0,0
381,Taksitli,39085725.0,25451078.0,0
381,Teminat Mektubu,59121059.0,38497296.0,0
382,Rotatif,71995769.0,51535728.0,0
382,Spot,37130422.0,26578553.0,0
382,Taksitli,55695633.0,39867829.0,0
382,Teminat Mektubu,60033743.0,42973118.0,0
225,Rotatif,663206994.0,325188690.0,0
225,Spot,277800677.0,136213337.0,0
225,Taksitli,416701015.0,204320006.0,0
225,Teminat Mektubu,238079569.0,116736982.0,0
226,Rotatif,687208993.0,361698883.0,0
226,Spot,184266848.0,96985217.0,0
226,Taksitli,276400273.0,145477825.0,0
226,Teminat Mektubu,201284600.0,105942175.0,0
227,Rotatif,585349226.0,259096412.0,0
227,Spot,336685506.0,149028995.0,0
227,Taksitli,505028260.0,223543492.0,0
227,Teminat Mektubu,250241120.0,110765631.0,0
228,Rotatif,475403321.0,236076156.0,0
228,Spot,307800930.0,152848029.0,0
228,Taksitli,461701396.0,229272044.0,0
228,Teminat Mektubu,218299111.0,108403145.0,0
229,Rotatif,469312094.0,233502183.0,0
229,Spot,300097854.0,149311098.0,0
229,Taksitli,450146781.0,223966647.0,0
229,Teminat Mektubu,213854079.0,106401252.0,0
592,Rotatif,325299748.0,189806752.0,0
592,Spot,138111043.0,80585394.0,0
592,Taksitli,207166565.0,120878091.0,0
592,Teminat Mektubu,132864743.0,77524270.0,0
592,Akreditif,63555769.0,37083687.0,0
593,Rotatif,206572750.0,141981581.0,0
593,Spot,154258687.0,106025080.0,0
593,Taksitli,231388030.0,159037620.0,0
593,Teminat Mektubu,117339315.0,80649657.0,0
593,Akreditif,56129189.0,38578714.0,0
594,Rotatif,196204917.0,160405177.0,112
594,Spot,146165559.0,119496049.0,0
594,Taksitli,219248339.0,179244074.0,0
594,Teminat Mektubu,111276259.0,90972685.0,0
594,Akreditif,53228930.0,43516728.0,0
595,Rotatif,262099670.0,211212645.0,54
595,Spot,121948503.0,98272027.0,0
595,Taksitli,182922754.0,147408040.0,0
595,Teminat Mektubu,112336699.0,90526369.0,0
595,Akreditif,53736191.0,43303233.0,0
1580,Rotatif,32732390.0,20016960.0,0
1580,Spot,10572459.0,6465415.0,0
1580,Taksitli,15858689.0,9698123.0,0
1580,Teminat Mektubu,18056729.0,11042299.0,0
1580,Akreditif,2783433.0,1702163.0,0
1581,Rotatif,37092021.0,18111551.0,0
1581,Spot,17502807.0,8546393.0,0
1581,Taksitli,26254210.0,12819589.0,0
1581,Teminat Mektubu,25923692.0,12658201.0,0
1581,Akreditif,8087016.0,3948784.0,0
1582,Rotatif,43146994.0,22431201.0,0
1582,Spot,15013158.0,7805020.0,0
1582,Taksitli,22519737.0,11707530.0,0
1582,Teminat Mektubu,27281746.0,14183197.0,0
1582,Akreditif,12915221.0,6714347.0,0
508,Rotatif,67210950.0,36339537.0,0
508,Spot,18894412.0,10215809.0,0
508,Taksitli,28341619.0,15323713.0,0
508,Teminat Mektubu,15616156.0,8443325.0,0
508,Akreditif,4989565.0,2697752.0,0
509,Rotatif,63302360.0,32901962.0,0
509,Spot,23186569.0,12051425.0,0
509,Taksitli,34779854.0,18077137.0,0
509,Teminat Mektubu,16660093.0,8659231.0,0
509,Akreditif,6152076.0,3197596.0,0
510,Rotatif,68893800.0,36504322.0,0
510,Spot,28358624.0,15026204.0,0
510,Taksitli,42537936.0,22539307.0,0
510,Teminat Mektubu,20336597.0,10775624.0,0
510,Akreditif,15749385.0,8345027.0,0
511,Rotatif,38645844.0,22004853.0,0
511,Spot,35650647.0,20299395.0,0
511,Taksitli,53475970.0,30449092.0,0
511,Teminat Mektubu,18607484.0,10595058.0,0
511,Akreditif,14542563.0,8280501.0,0
914,Rotatif,229274169.0,147091200.0,0
914,Spot,119348392.0,76568146.0,0
914,Taksitli,179022588.0,114852220.0,0
914,Teminat Mektubu,64486009.0,41371100.0,0
915,Rotatif,223248714.0,136374241.0,0
915,Spot,145442892.0,88845591.0,0
915,Taksitli,218164338.0,133268387.0,0
915,Teminat Mektubu,71722441.0,43812541.0,0
916,Rotatif,335013477.0,188942367.0,0
916,Spot,161338369.0,90992319.0,0
916,Taksitli,242007554.0,136488479.0,0
916,Teminat Mektubu,90238395.0,50893045.0,0
1606,Rotatif,13272538.0,7682634.0,0
1606,Spot,3761180.0,2177110.0,0
1606,Taksitli,5641770.0,3265665.0,0
1606,Teminat Mektubu,9689309.0,5608530.0,0
1417,Rotatif,4236915.0,2791463.0,0
1417,Spot,2583496.0,1702119.0,0
1417,Taksitli,3875244.0,2553179.0,0
1417,Teminat Mektubu,2145460.0,1413522.0,0
1417,Akreditif,547899.0,360979.0,0
1418,Rotatif,3951936.0,2432130.0,0
1418,Spot,2958620.0,1820816.0,0
1418,Taksitli,4437931.0,2731225.0,0
1418,Teminat Mektubu,2276413.0,1400967.0,0
1418,Akreditif,581341.0,357773.0,0
550,Rotatif,9177864.0,4514644.0,0
550,Spot,3030852.0,1490893.0,0
550,Taksitli,4546278.0,2236340.0,0
550,Teminat Mektubu,4540565.0,2233530.0,0
550,Akreditif,848609.0,417435.0,0
551,Rotatif,10037301.0,4054154.0,0
551,Spot,2708270.0,1093894.0,0
551,Taksitli,4062405.0,1640841.0,0
551,Teminat Mektubu,9988533.0,4034456.0,0
551,Akreditif,1067816.0,431300.0,0
552,Rotatif,6389262.0,3161397.0,0
552,Spot,2230068.0,1103434.0,0
552,Taksitli,3345102.0,1655151.0,0
552,Teminat Mektubu,12570504.0,6219865.0,0
552,Akreditif,977695.0,483762.0,0
553,Rotatif,4137473.0,1921047.0,0
553,Spot,3190996.0,1481594.0,0
553,Taksitli,4786494.0,2222390.0,0
553,Teminat Mektubu,14941606.0,6937454.0,0
553,Akreditif,1078180.0,500604.0,0
554,Rotatif,5501645.0,2356404.0,0
554,Spot,2529819.0,1083544.0,0
554,Taksitli,3794729.0,1625317.0,0
554,Teminat Mektubu,15187010.0,6504734.0,0
554,Akreditif,1076451.0,461054.0,0
555,Rotatif,4578430.0,2056971.0,0
555,Spot,2512932.0,1128996.0,0
555,Taksitli,3769398.0,1693494.0,0
555,Teminat Mektubu,16433861.0,7383313.0,0
555,Akreditif,1087666.0,488660.0,0
1131,Rotatif,387150513.0,175579080.0,0
1131,Spot,161161796.0,73089506.0,0
1131,Taksitli,241742694.0,109634260.0,0
1131,Teminat Mektubu,439960571.0,199529304.0,0
1131,Akreditif,90130135.0,40875488.0,0
1132,Rotatif,386981660.0,168776836.0,0
1132,Spot,154431728.0,67353317.0,0
1132,Taksitli,231647593.0,101029976.0,0
1132,Teminat Mektubu,430497052.0,187755489.0,0
1132,Akreditif,88191443.0,38463509.0,0
1672,Rotatif,43869425.0,25141619.0,0
1672,Spot,14820601.0,8493704.0,0
1672,Taksitli,22230902.0,12740556.0,0
1672,Teminat Mektubu,11222279.0,6431501.0,0
1672,Akreditif,4953806.0,2839032.0,0
1673,Rotatif,26129619.0,16706923.0,0
1673,Spot,17642557.0,11280411.0,0
1673,Taksitli,26463835.0,16920616.0,0
1673,Teminat Mektubu,9740472.0,6227926.0,0
1673,Akreditif,4299698.0,2749169.0,0
1674,Rotatif,49009513.0,28250230.0,0
1674,Spot,13656607.0,7871988.0,0
1674,Taksitli,20484910.0,11807982.0,0
1674,Teminat Mektubu,11531554.0,6647057.0,0
1674,Akreditif,5090328.0,2934184.0,0
222,Rotatif,50014847.0,27258941.0,0
222,Spot,34894086.0,19017870.0,0
222,Taksitli,52341129.0,28526804.0,0
222,Teminat Mektubu,27150261.0,14797354.0,0
223,Rotatif,46763542.0,26734457.0,0
223,Spot,36762513.0,21016924.0,0
223,Taksitli,55143769.0,31525386.0,0
223,Teminat Mektubu,27431113.0,15682215.0,0
224,Rotatif,79038553.0,42604691.0,0
224,Spot,26007409.0,14018951.0,0
224,Taksitli,39011114.0,21028427.0,0
224,Teminat Mektubu,28496797.0,15360823.0,0
294,Rotatif,34270871.0,22092380.0,0
294,Spot,17519754.0,11293937.0,0
294,Taksitli,26279631.0,16940905.0,0
294,Teminat Mektubu,35488740.0,22877467.0,0
295,Rotatif,33993900.0,21858379.0,0
295,Spot,16817337.0,10813697.0,0
295,Taksitli,25226005.0,16220545.0,0
295,Teminat Mektubu,34564584.0,22225334.0,0
296,Rotatif,33074896.0,19402633.0,0
296,Spot,20211063.0,11856359.0,0
296,Taksitli,30316595.0,17784539.0,0
296,Teminat Mektubu,38003581.0,22293934.0,0
297,Rotatif,24296317.0,14862036.0,0
297,Spot,21239692.0,12992301.0,0
297,Taksitli,31859538.0,19488451.0,0
297,Teminat Mektubu,35182034.0,21520819.0,0
369,Rotatif,9034978.0,5226587.0,0
369,Spot,6478691.0,3747818.0,0
369,Taksitli,9718037.0,5621726.0,0
369,Teminat Mektubu,4842410.0,2801255.0,0
369,Akreditif,1714241.0,991661.0,0
370,Rotatif,14005671.0,7606552.0,0
370,Spot,4998245.0,2714572.0,0
370,Taksitli,7497367.0,4071859.0,0
370,Teminat Mektubu,5086064.0,2762267.0,0
370,Akreditif,1800496.0,977859.0,0
371,Rotatif,8856028.0,5423533.0,0
371,Spot,6101477.0,3736614.0,0
371,Taksitli,9152216.0,5604921.0,0
371,Teminat Mektubu,4627081.0,2833677.0,0
371,Akreditif,1638013.0,1003138.0,0
372,Rotatif,15754801.0,9314082.0,0
372,Spot,4239938.0,2506609.0,0
372,Taksitli,6359907.0,3759914.0,0
372,Teminat Mektubu,5057921.0,2990193.0,0
372,Akreditif,1790533.0,1058546.0,0
143,Rotatif,19961887.0,11204872.0,0
143,Spot,6915844.0,3881955.0,0
143,Taksitli,10373767.0,5822933.0,0
143,Teminat Mektubu,22715458.0,12750489.0,0
143,Akreditif,6513590.0,3656165.0,0
144,Rotatif,21144047.0,11614531.0,0
144,Spot,6792956.0,3731405.0,0
144,Taksitli,10189434.0,5597107.0,0
144,Teminat Mektubu,23248985.0,12770783.0,0
144,Akreditif,6666577.0,3661984.0,0
145,Rotatif,20962968.0,12367926.0,0
145,Spot,6535494.0,3855871.0,0
145,Taksitli,9803241.0,5783807.0,0
145,Teminat Mektubu,22746073.0,13419939.0,0
145,Akreditif,6522369.0,3848128.0,0
146,Rotatif,17883239.0,11226700.0,0
146,Spot,6718516.0,4217735.0,0
146,Taksitli,10077774.0,6326602.0,0
146,Teminat Mektubu,21147106.0,13275683.0,0
146,Akreditif,6063870.0,3806763.0,0
1570,Rotatif,3247634.0,1799956.0,0
1570,Spot,1654315.0,916881.0,0
1570,Taksitli,2481473.0,1375322.0,0
1570,Teminat Mektubu,2010159.0,1114103.0,0
1570,Akreditif,82822.0,45903.0,0
1571,Rotatif,4480624.0,2588409.0,0
1571,Spot,1324144.0,764944.0,0
1571,Taksitli,1986216.0,1147416.0,0
1571,Teminat Mektubu,2121119.0,1225348.0,0
1571,Akreditif,87394.0,50486.0,0
1572,Rotatif,3374047.0,2121045.0,0
1572,Spot,1804005.0,1134062.0,0
1572,Taksitli,2706008.0,1701093.0,0
1572,Teminat Mektubu,2146459.0,1349340.0,0
1572,Akreditif,88438.0,55595.0,0
1573,Rotatif,2782286.0,1772694.0,0
1573,Spot,2272421.0,1447840.0,0
1573,Taksitli,3408631.0,2171760.0,0
1573,Teminat Mektubu,2304170.0,1468069.0,0
1573,Akreditif,94935.0,60487.0,0
1574,Rotatif,4387911.0,2913265.0,0
1574,Spot,1909575.0,1267824.0,0
1574,Taksitli,2864363.0,1901737.0,0
1574,Teminat Mektubu,2494341.0,1656068.0,0
1574,Akreditif,102771.0,68233.0,0
737,Rotatif,508153.0,406179.0,0
737,Spot,409582.0,327389.0,0
737,Taksitli,614373.0,491083.0,0
737,Teminat Mektubu,824186.0,658792.0,0
738,Rotatif,1090840.0,996854.0,0
738,Spot,148082.0,135323.0,0
738,Taksitli,222123.0,202985.0,0
738,Teminat Mektubu,785958.0,718241.0,0
739,Rotatif,1342684.0,1329257.0,0
739,Spot,95330.0,94376.0,0
739,Taksitli,142995.0,141565.0,0
739,Teminat Mektubu,850492.0,841987.0,0
250,Rotatif,351783528.0,196374204.0,0
250,Spot,139278511.0,77748685.0,0
250,Taksitli,208917767.0,116623028.0,0
250,Teminat Mektubu,83883694.0,46825938.0,0
251,Rotatif,278245022.0,156737623.0,0
251,Spot,195168241.0,109939815.0,0
251,Taksitli,292752361.0,164909722.0,0
251,Teminat Mektubu,91815224.0,51720242.0,0
252,Rotatif,345871815.0,190087893.0,0
252,Spot,266940693.0,146708092.0,0
252,Taksitli,400411039.0,220062137.0,0
252,Teminat Mektubu,121421980.0,66732377.0,0
253,Rotatif,410020592.0,238663575.0,0
253,Spot,239043731.0,139141869.0,0
253,Taksitli,358565596.0,208712803.0,0
253,Teminat Mektubu,120751654.0,70286766.0,0
1575,Rotatif,8939208.0,5783763.0,0
1575,Spot,6826923.0,4417092.0,0
1575,Taksitli,10240385.0,6625638.0,0
1575,Teminat Mektubu,7722559.0,4996578.0,0
1575,Akreditif,863198.0,558498.0,0
1539,Rotatif,25314114.0,17433735.0,0
1539,Spot,11376741.0,7835119.0,0
1539,Taksitli,17065111.0,11752678.0,0
1539,Teminat Mektubu,15889473.0,10943021.0,0
1540,Rotatif,24926383.0,18287649.0,0
1540,Spot,8668450.0,6359750.0,0
1540,Taksitli,13002675.0,9539625.0,0
1540,Teminat Mektubu,13773538.0,10105182.0,0
207,Rotatif,69057946.0,53726127.0,0
207,Spot,27907328.0,21711515.0,0
207,Taksitli,41860992.0,32567273.0,0
207,Teminat Mektubu,60974906.0,47437634.0,0
208,Rotatif,73378596.0,53686948.0,0
208,Spot,31147088.0,22788554.0,0
208,Taksitli,46720631.0,34182830.0,0
208,Teminat Mektubu,66430007.0,48603061.0,0
209,Rotatif,72783326.0,55533458.0,0
209,Spot,38484884.0,29363850.0,0
209,Taksitli,57727326.0,44045775.0,0
209,Teminat Mektubu,74225773.0,56634041.0,0
210,Rotatif,62834693.0,47926135.0,0
210,Spot,46305965.0,35319118.0,0
210,Taksitli,69458948.0,52978677.0,0
210,Teminat Mektubu,78444048.0,59831915.0,0
211,Rotatif,100674546.0,76605266.0,0
211,Spot,41690370.0,31723032.0,0
211,Taksitli,62535554.0,47584548.0,0
211,Teminat Mektubu,89995844.0,68479629.0,0
1476,Rotatif,17986017.0,11738731.0,0
1476,Spot,9701633.0,6331855.0,0
1476,Taksitli,14552449.0,9497783.0,0
1476,Teminat Mektubu,24643559.0,16083834.0,0
1476,Akreditif,3570570.0,2330364.0,0
1477,Rotatif,16231629.0,10673181.0,0
1477,Spot,10085526.0,6631783.0,0
1477,Taksitli,15128289.0,9947675.0,0
1477,Teminat Mektubu,24179945.0,15899632.0,0
1477,Akreditif,3503397.0,2303675.0,0
1478,Rotatif,20307324.0,13450837.0,0
1478,Spot,8195190.0,5428198.0,0
1478,Taksitli,12292785.0,8142296.0,0
1478,Teminat Mektubu,23800640.0,15764683.0,0
1478,Akreditif,3448441.0,2284122.0,0
1479,Rotatif,16143601.0,13006992.0,0
1479,Spot,9156806.0,7377691.0,0
1479,Taksitli,13735209.0,11066537.0,0
1479,Teminat Mektubu,22774012.0,18349152.0,0
1479,Akreditif,3299694.0,2658582.0,0
1480,Rotatif,23380550.0,20496979.0,103
1480,Spot,6221858.0,5454504.0,0
1480,Taksitli,9332787.0,8181755.0,0
1480,Teminat Mektubu,22715425.0,19913885.0,0
1480,Akreditif,3291205.0,2885294.0,0
601,Rotatif,3289660.0,2190165.0,0
601,Spot,2086457.0,1389106.0,0
601,Taksitli,3129685.0,2083659.0,0
601,Teminat Mektubu,7425429.0,4943648.0,0
602,Rotatif,4459219.0,2995395.0,0
602,Spot,1646173.0,1105785.0,0
602,Taksitli,2469260.0,1658678.0,0
602,Teminat Mektubu,7908447.0,5312347.0,0
603,Rotatif,2116147.0,1543091.0,0
603,Spot,1848239.0,1347733.0,0
603,Taksitli,2772358.0,2021599.0,0
603,Teminat Mektubu,8789022.0,6408941.0,0
268,Rotatif,37031150.0,27126780.0,0
268,Spot,11835692.0,8670112.0,0
268,Taksitli,17753537.0,13005168.0,0
268,Teminat Mektubu,25138912.0,18415246.0,0
268,Akreditif,834438.0,611259.0,0
269,Rotatif,31690736.0,21889243.0,0
269,Spot,16238355.0,11216063.0,0
269,Taksitli,24357532.0,16824094.0,0
269,Teminat Mektubu,27277044.0,18840643.0,0
269,Akreditif,905410.0,625379.0,0
270,Rotatif,22745333.0,15442097.0,0
270,Spot,20753035.0,14089501.0,0
270,Taksitli,31129553.0,21134252.0,0
270,Teminat Mektubu,28160523.0,19118539.0,0
270,Akreditif,934735.0,634604.0,0
617,Rotatif,266826476.0,127127074.0,0
617,Spot,207174842.0,98706590.0,0
617,Taksitli,310762262.0,148059884.0,0
617,Teminat Mektubu,420957795.0,200561555.0,0
618,Rotatif,481966645.0,243685772.0,0
618,Spot,137535548.0,69538954.0,0
618,Taksitli,206303322.0,104308431.0,0
618,Teminat Mektubu,442973244.0,223970431.0,0
619,Rotatif,407128654.0,216261437.0,0
619,Spot,190327361.0,101099415.0,0
619,Taksitli,285491041.0,151649122.0,0
619,Teminat Mektubu,473624740.0,251583292.0,0
620,Rotatif,429631247.0,246918175.0,0
620,Spot,152053058.0,87388112.0,0
620,Taksitli,228079588.0,131082169.0,0
620,Teminat Mektubu,434368301.0,249640661.0,0
621,Rotatif,526418538.0,268737831.0,0
621,Spot,162228356.0,82817936.0,0
621,Taksitli,243342535.0,124226903.0,0
621,Teminat Mektubu,499931732.0,255216257.0,0
622,Rotatif,345149706.0,199317765.0,0
622,Spot,210495549.0,121557404.0,0
622,Taksitli,315743324.0,182336106.0,0
622,Teminat Mektubu,467424616.0,269929332.0,0
1664,Rotatif,1973564.0,1165139.0,0
1664,Spot,911647.0,538212.0,0
1664,Taksitli,1367471.0,807318.0,0
1664,Teminat Mektubu,1643692.0,970392.0,0
1665,Rotatif,2154602.0,1216498.0,0
1665,Spot,878910.0,496237.0,0
1665,Taksitli,1318365.0,744355.0,0
1665,Teminat Mektubu,1682032.0,949683.0,0
1666,Rotatif,2426666.0,1347405.0,0
1666,Spot,786274.0,436578.0,0
1666,Taksitli,1179411.0,654867.0,0
1666,Teminat Mektubu,1697675.0,942633.0,0
1667,Rotatif,1990776.0,1094303.0,0
1667,Spot,1072845.0,589729.0,0
1667,Taksitli,1609268.0,884593.0,0
1667,Teminat Mektubu,1806106.0,992792.0,0
1254,Rotatif,10098255.0,5443551.0,0
1254,Spot,2859287.0,1541323.0,0
1254,Taksitli,4288930.0,2311985.0,0
1254,Teminat Mektubu,2832606.0,1526941.0,0
1255,Rotatif,8840829.0,4560803.0,0
1255,Spot,3798383.0,1959508.0,0
1255,Taksitli,5697575.0,2939263.0,0
1255,Teminat Mektubu,3011683.0,1553666.0,0
1256,Rotatif,10290983.0,5497394.0,0
1256,Spot,3206043.0,1712653.0,0
1256,Taksitli,4809064.0,2568979.0,0
1256,Teminat Mektubu,3006641.0,1606133.0,0
868,Rotatif,270058290.0,177375462.0,0
868,Spot,224348540.0,147353099.0,0
868,Taksitli,336522810.0,221029649.0,0
868,Teminat Mektubu,294290853.0,193291515.0,0
1078,Rotatif,2844240.0,1859833.0,0
1078,Spot,1453851.0,950665.0,0
1078,Taksitli,2180776.0,1425997.0,0
1078,Teminat Mektubu,2399542.0,1569047.0,0
1079,Rotatif,2114398.0,1269567.0,0
1079,Spot,1545074.0,927722.0,0
1079,Taksitli,2317611.0,1391583.0,0
1079,Teminat Mektubu,2737171.0,1643504.0,0
1080,Rotatif,2979425.0,1835502.0,0
1080,Spot,886059.0,545865.0,0
1080,Taksitli,1329089.0,818797.0,0
1080,Teminat Mektubu,5526334.0,3404548.0,0
1081,Rotatif,1546131.0,1022020.0,0
1081,Spot,1050802.0,694599.0,0
1081,Taksitli,1576203.0,1041898.0,0
1081,Teminat Mektubu,5385512.0,3559921.0,0
1082,Rotatif,2308343.0,1424395.0,0
1082,Spot,873409.0,538949.0,0
1082,Taksitli,1310114.0,808424.0,0
1082,Teminat Mektubu,5829226.0,3597003.0,0
1362,Rotatif,53990278.0,24481470.0,0
1362,Spot,46132848.0,20918579.0,0
1362,Taksitli,69199273.0,31377869.0,0
1362,Teminat Mektubu,58918970.0,26716346.0,0
1363,Rotatif,62730180.0,31068201.0,0
1363,Spot,44559103.0,22068663.0,0
1363,Taksitli,66838655.0,33102994.0,0
1363,Teminat Mektubu,60591149.0,30008809.0,0
1364,Rotatif,72417357.0,34306295.0,0
1364,Spot,44190078.0,20934178.0,0
1364,Taksitli,66285117.0,31401267.0,0
1364,Teminat Mektubu,63640964.0,30148652.0,0
328,Rotatif,2731415.0,1722766.0,0
328,Spot,951287.0,599998.0,0
328,Taksitli,1426930.0,899997.0,0
328,Teminat Mektubu,2727612.0,1720367.0,0
329,Rotatif,1817166.0,1164071.0,0
329,Spot,1209637.0,774889.0,0
329,Taksitli,1814455.0,1162334.0,0
329,Teminat Mektubu,2584349.0,1655525.0,0
862,Rotatif,62170727.0,32779352.0,0
862,Spot,20756132.0,10943616.0,0
862,Taksitli,31134199.0,16415424.0,0
862,Teminat Mektubu,18536741.0,9773448.0,0
863,Rotatif,59478141.0,31575025.0,0
863,Spot,20547171.0,10907830.0,0
863,Taksitli,30820756.0,16361744.0,0
863,Teminat Mektubu,18014254.0,9563186.0,0
1216,Rotatif,4081985.0,2132964.0,0
1216,Spot,1099179.0,574355.0,0
1216,Taksitli,1648769.0,861533.0,0
1216,Teminat Mektubu,3080050.0,1609422.0,0
1217,Rotatif,3759657.0,2025263.0,0
1217,Spot,1485080.0,799987.0,0
1217,Taksitli,2227619.0,1199980.0,0
1217,Teminat Mektubu,3369760.0,1815231.0,0
1218,Rotatif,3561031.0,1920094.0,0
1218,Spot,1475265.0,795457.0,0
1218,Taksitli,2212898.0,1193186.0,0
1218,Teminat Mektubu,3269121.0,1762698.0,0
1219,Rotatif,3964368.0,1919888.0,0
1219,Spot,1714724.0,830417.0,0
1219,Taksitli,2572086.0,1245625.0,0
1219,Teminat Mektubu,3720980.0,1802018.0,0
1268,Rotatif,3533108.0,1886382.0,0
1268,Spot,2832187.0,1512149.0,0
1268,Taksitli,4248281.0,2268224.0,0
1268,Teminat Mektubu,6253920.0,3339067.0,0
1269,Rotatif,3376278.0,1581817.0,0
1269,Spot,1624402.0,761047.0,0
1269,Taksitli,2436603.0,1141570.0,0
1269,Teminat Mektubu,17091605.0,8007572.0,0
1270,Rotatif,3139183.0,1495337.0,0
1270,Spot,1004989.0,478722.0,0
1270,Taksitli,1507484.0,718084.0,0
1270,Teminat Mektubu,18013115.0,8580475.0,0
1271,Rotatif,1409787.0,662974.0,0
1271,Spot,1277397.0,600716.0,0
1271,Taksitli,1916096.0,901074.0,0
1271,Teminat Mektubu,20982244.0,9867224.0,0
408,Rotatif,312101709.0,141492468.0,0
408,Spot,244514237.0,110851437.0,0
408,Taksitli,366771355.0,166277155.0,0
408,Teminat Mektubu,114669724.0,51985945.0,0
408,Akreditif,93580991.0,42425290.0,0
490,Rotatif,118389491.0,61679564.0,0
490,Spot,51268256.0,26710172.0,0
490,Taksitli,76902384.0,40065258.0,0
490,Teminat Mektubu,129885295.0,67668745.0,0
490,Akreditif,24420169.0,12722627.0,0
1298,Rotatif,5606748.0,3899128.0,0
1298,Spot,1804729.0,1255072.0,0
1298,Taksitli,2707093.0,1882607.0,0
1298,Teminat Mektubu,4596036.0,3196244.0,0
1298,Akreditif,946932.0,658530.0,0
1299,Rotatif,4309558.0,2783174.0,0
1299,Spot,2671448.0,1725259.0,0
1299,Taksitli,4007172.0,2587889.0,0
1299,Teminat Mektubu,4991027.0,3223277.0,0
1299,Akreditif,1028313.0,664099.0,0
1300,Rotatif,5748109.0,3923846.0,0
1300,Spot,1795993.0,1226003.0,0
1300,Taksitli,2693989.0,1839005.0,0
1300,Teminat Mektubu,4650324.0,3174463.0,0
1300,Akreditif,958117.0,654042.0,0
376,Rotatif,42368195.0,27246937.0,0
376,Spot,25288088.0,16262740.0,0
376,Taksitli,37932133.0,24394110.0,0
376,Teminat Mektubu,52366287.0,33676698.0,0
376,Akreditif,11859877.0,7627073.0,0
377,Rotatif,57530684.0,35801198.0,0
377,Spot,29331471.0,18252900.0,0
377,Taksitli,43997206.0,27379349.0,0
377,Teminat Mektubu,64899344.0,40386696.0,0
377,Akreditif,14698355.0,9146749.0,0
378,Rotatif,76045854.0,51009392.0,0
378,Spot,21498136.0,14420337.0,0
378,Taksitli,32247203.0,21630505.0,0
378,Teminat Mektubu,64369588.0,43177286.0,0
378,Akreditif,14578376.0,9778759.0,0
379,Rotatif,58717773.0,40315438.0,0
379,Spot,31740600.0,21792996.0,0
379,Taksitli,47610901.0,32689494.0,0
379,Teminat Mektubu,68475080.0,47014774.0,0
379,Akreditif,15508185.0,10647871.0,0
1202,Rotatif,3660888.0,2402487.0,0
1202,Spot,1587374.0,1041727.0,0
1202,Taksitli,2381061.0,1562590.0,0
1202,Teminat Mektubu,1029668.0,675727.0,0
1202,Akreditif,775176.0,508715.0,0
1203,Rotatif,5233642.0,3534478.0,0
1203,Spot,1511975.0,1021094.0,0
1203,Taksitli,2267962.0,1531642.0,0
1203,Teminat Mektubu,1216489.0,821542.0,0
1203,Akreditif,915822.0,618490.0,0
1204,Rotatif,3081275.0,2447744.0,0
1204,Spot,2016797.0,1602130.0,0
1204,Taksitli,3025196.0,2403195.0,0
1204,Teminat Mektubu,1096331.0,870918.0,0
1204,Akreditif,825363.0,655663.0,0
1205,Rotatif,2869554.0,2365614.0,0
1205,Spot,2356113.0,1942341.0,0
1205,Taksitli,3534170.0,2913512.0,0
1205,Teminat Mektubu,1182244.0,974622.0,0
1205,Akreditif,890041.0,733735.0,0
716,Rotatif,136539778.0,123237984.0,0
716,Spot,10604207.0,9571138.0,0
716,Taksitli,15906310.0,14356707.0,0
716,Teminat Mektubu,79919370.0,72133574.0,0
717,Rotatif,113713551.0,112115340.0,74
717,Spot,17869258.0,17618111.0,0
717,Taksitli,26803887.0,26427166.0,0
717,Teminat Mektubu,77633500.0,76542383.0,0
718,Rotatif,136583340.0,135217507.0,0
718,Spot,10425545.0,10321290.0,0
718,Taksitli,15638318.0,15481935.0,0
718,Teminat Mektubu,79721794.0,78924577.0,0
719,Rotatif,124228252.0,122985970.0,99
719,Spot,11654213.0,11537671.0,0
719,Taksitli,17481319.0,17306506.0,0
719,Teminat Mektubu,75171512.0,74419796.0,0
720,Rotatif,115237909.0,114085530.0,83
720,Spot,20573938.0,20368198.0,0
720,Taksitli,30860907.0,30552298.0,0
720,Teminat Mektubu,81694925.0,80877975.0,0
1110,Rotatif,14951120.0,7636073.0,0
1110,Spot,7486752.0,3823753.0,0
1110,Taksitli,11230129.0,5735629.0,0
1110,Teminat Mektubu,6384637.0,3260863.0,0
1029,Rotatif,2615292.0,1974233.0,0
1029,Spot,1944455.0,1467831.0,0
1029,Taksitli,2916683.0,2201747.0,0
1029,Teminat Mektubu,4206018.0,3175041.0,0
1029,Akreditif,832134.0,628162.0,0
1030,Rotatif,3419759.0,2456350.0,0
1030,Spot,1768996.0,1270638.0,0
1030,Taksitli,2653495.0,1905957.0,0
1030,Teminat Mektubu,4411817.0,3168928.0,0
1030,Akreditif,872850.0,626952.0,0
1031,Rotatif,4369044.0,3154017.0,0
1031,Spot,1450104.0,1046832.0,0
1031,Taksitli,2175156.0,1570247.0,0
1031,Teminat Mektubu,4497358.0,3246647.0,0
1031,Akreditif,889774.0,642329.0,0
1032,Rotatif,5182808.0,3545668.0,0
1032,Spot,1401561.0,958837.0,0
1032,Taksitli,2102341.0,1438256.0,0
1032,Teminat Mektubu,4886886.0,3343221.0,0
1032,Akreditif,966839.0,661435.0,0
920,Rotatif,1893241.0,1405745.0,0
920,Spot,530398.0,393824.0,0
920,Taksitli,795597.0,590737.0,0
920,Teminat Mektubu,1480802.0,1099507.0,0
1167,Rotatif,136303864.0,92693075.0,0
1167,Spot,38099221.0,25909273.0,0
1167,Taksitli,57148831.0,38863909.0,0
1167,Teminat Mektubu,76416021.0,51966509.0,0
337,Rotatif,1158891.0,586495.0,0
337,Spot,1052805.0,532806.0,0
337,Taksitli,1579207.0,799209.0,0
337,Teminat Mektubu,1486398.0,752240.0,0
202,Rotatif,517927798.0,346908877.0,0
202,Spot,248418752.0,166391282.0,0
202,Taksitli,372628129.0,249586923.0,0
202,Teminat Mektubu,331973201.0,222356187.0,0
203,Rotatif,385798151.0,241521751.0,0
203,Spot,274298519.0,171719483.0,0
203,Taksitli,411447779.0,257579224.0,0
203,Teminat Mektubu,689242430.0,431487394.0,0
204,Rotatif,484344859.0,297246214.0,0
204,Spot,206063611.0,126462844.0,0
204,Taksitli,309095417.0,189694266.0,0
204,Teminat Mektubu,860636535.0,528179347.0,0
205,Rotatif,523078810.0,335278814.0,0
205,Spot,149194411.0,95629424.0,0
205,Taksitli,223791617.0,143444136.0,0
205,Teminat Mektubu,940088273.0,602570158.0,0
206,Rotatif,499733951.0,324103004.0,0
206,Spot,155160137.0,100629277.0,0
206,Taksitli,232740205.0,150943916.0,0
206,Teminat Mektubu,1062630223.0,689170000.0,0
1619,Rotatif,194088531.0,138783710.0,0
1619,Spot,61005505.0,43622209.0,0
1619,Taksitli,91508258.0,65433313.0,0
1619,Teminat Mektubu,177434687.0,126875318.0,0
1576,Rotatif,15368572.0,10827621.0,0
1576,Spot,8856710.0,6239819.0,0
1576,Taksitli,13285066.0,9359728.0,0
1576,Teminat Mektubu,15434656.0,10874179.0,0
1576,Akreditif,3913708.0,2757325.0,0
1577,Rotatif,17043147.0,11836461.0,0
1577,Spot,8320384.0,5778505.0,0
1577,Taksitli,12480577.0,8667757.0,0
1577,Teminat Mektubu,15571991.0,10814744.0,0
1577,Akreditif,3948531.0,2742254.0,0
1578,Rotatif,13359689.0,9528210.0,0
1578,Spot,8551360.0,6098881.0,0
1578,Taksitli,12827040.0,9148322.0,0
1578,Teminat Mektubu,14293935.0,10194520.0,0
1578,Akreditif,3624459.0,2584986.0,0
1579,Rotatif,16924800.0,12296890.0,0
1579,Spot,7752934.0,5632975.0,0
1579,Taksitli,11629402.0,8449463.0,0
1579,Teminat Mektubu,14939562.0,10854494.0,0
1579,Akreditif,3788169.0,2752333.0,0
874,Rotatif,47415716.0,24849642.0,0
874,Spot,29538811.0,15480709.0,0
874,Taksitli,44308217.0,23221063.0,0
874,Teminat Mektubu,22164866.0,11616169.0,0
875,Rotatif,53143407.0,30064714.0,0
875,Spot,17918095.0,10136768.0,0
875,Taksitli,26877142.0,15205152.0,0
875,Teminat Mektubu,17901598.0,10127436.0,0
876,Rotatif,42522075.0,25208349.0,0
876,Spot,21706925.0,12868510.0,0
876,Taksitli,32560388.0,19302765.0,0
876,Teminat Mektubu,17691533.0,10488066.0,0
877,Rotatif,53340430.0,30081932.0,0
877,Spot,20489648.0,11555366.0,0
877,Taksitli,30734472.0,17333049.0,0
877,Teminat Mektubu,19112707.0,10778825.0,0
733,Rotatif,385825948.0,211654856.0,0
733,Spot,120376518.0,66035669.0,0
733,Taksitli,180564777.0,99053503.0,0
733,Teminat Mektubu,279519764.0,153337834.0,0
733,Akreditif,64049201.0,35135854.0,0
734,Rotatif,257145098.0,150762633.0,0
734,Spot,160931436.0,94353138.0,0
734,Taksitli,241397154.0,141529707.0,0
734,Teminat Mektubu,268411069.0,157367804.0,0
734,Akreditif,61503753.0,36059282.0,0
735,Rotatif,305032635.0,186274438.0,0
735,Spot,128718903.0,78604840.0,0
735,Taksitli,193078355.0,117907260.0,0
735,Teminat Mektubu,255124783.0,155797184.0,0
735,Akreditif,58459331.0,35699390.0,0
736,Rotatif,365326752.0,211580300.0,0
736,Spot,117765092.0,68204076.0,0
736,Taksitli,176647638.0,102306114.0,0
736,Teminat Mektubu,268519250.0,155513888.0,0
736,Akreditif,61528541.0,35634476.0,0
1583,Rotatif,35559270.0,19978735.0,0
1583,Spot,10081192.0,5664049.0,0
1583,Taksitli,15121788.0,8496074.0,0
1583,Teminat Mektubu,18268304.0,10263923.0,0
1583,Akreditif,2965612.0,1666209.0,0
1584,Rotatif,21935820.0,11700366.0,0
1584,Spot,16372778.0,8733090.0,0
1584,Taksitli,24559168.0,13099635.0,0
1584,Teminat Mektubu,18901332.0,10081797.0,0
1584,Akreditif,3068376.0,1636644.0,0
1585,Rotatif,29727769.0,17141973.0,0
1585,Spot,11682431.0,6736460.0,0
1585,Taksitli,17523647.0,10104690.0,0
1585,Teminat Mektubu,17718591.0,10217101.0,0
1585,Akreditif,2876374.0,1658608.0,0
1586,Rotatif,25901290.0,15173379.0,0
1586,Spot,13702054.0,8026877.0,0
1586,Taksitli,20553081.0,12040315.0,0
1586,Teminat Mektubu,18086162.0,10595155.0,0
1586,Akreditif,2936044.0,1719980.0,0
36,Rotatif,1997893.0,1242756.0,0
36,Spot,1273040.0,791874.0,0
36,Taksitli,1909560.0,1187810.0,0
36,Teminat Mektubu,2119392.0,1318333.0,0
36,Akreditif,608179.0,378308.0,0
37,Rotatif,1566116.0,881801.0,0
37,Spot,1177218.0,662832.0,0
37,Taksitli,1765826.0,994248.0,0
37,Teminat Mektubu,1844743.0,1038682.0,0
37,Akreditif,529366.0,298059.0,0
38,Rotatif,2272881.0,1129348.0,0
38,Spot,1002381.0,498062.0,0
38,Taksitli,1503572.0,747094.0,0
38,Teminat Mektubu,1955070.0,971434.0,0
38,Akreditif,561025.0,278762.0,0
841,Rotatif,10835003.0,8771806.0,0
841,Spot,6494874.0,5258123.0,0
841,Taksitli,9742312.0,7887184.0,0
841,Teminat Mektubu,5295825.0,4287396.0,0
841,Akreditif,2467421.0,1997576.0,0
842,Rotatif,20988031.0,18564857.0,39
842,Spot,2792689.0,2470259.0,0
842,Taksitli,4189034.0,3705389.0,0
842,Teminat Mektubu,5471406.0,4839704.0,0
842,Akreditif,2549227.0,2254906.0,0
843,Rotatif,15047751.0,14302614.0,56
843,Spot,4921189.0,4677500.0,0
843,Taksitli,7381783.0,7016251.0,0
843,Teminat Mektubu,5350312.0,5085374.0,0
843,Akreditif,2492807.0,2369368.0,0
1266,Rotatif,168232437.0,91737933.0,0
1266,Spot,59634588.0,32519019.0,0
1266,Taksitli,89451882.0,48778529.0,0
1266,Teminat Mektubu,132724022.0,72375029.0,0
1267,Rotatif,106378534.0,51860552.0,0
1267,Spot,79583027.0,38797486.0,0
1267,Taksitli,119374541.0,58196230.0,0
1267,Teminat Mektubu,127712010.0,62260826.0,0
584,Rotatif,470461485.0,233846302.0,0
584,Spot,312637999.0,155398990.0,0
584,Taksitli,468956998.0,233098486.0,0
584,Teminat Mektubu,237714099.0,118157521.0,0
585,Rotatif,494115060.0,257013654.0,0
585,Spot,335658575.0,174592608.0,0
585,Taksitli,503487863.0,261888911.0,0
585,Teminat Mektubu,253131596.0,131666249.0,0
586,Rotatif,526678197.0,264392197.0,0
586,Spot,312511658.0,156880699.0,0
586,Taksitli,468767486.0,235321049.0,0
586,Teminat Mektubu,248327376.0,124660221.0,0
587,Rotatif,606693018.0,305087157.0,0
587,Spot,301927380.0,151829942.0,0
587,Taksitli,452891070.0,227744914.0,0
587,Teminat Mektubu,258495105.0,129989194.0,0
1067,Rotatif,97090430.0,48797234.0,0
1067,Spot,32588557.0,16378869.0,0
1067,Taksitli,48882835.0,24568303.0,0
1067,Teminat Mektubu,66087764.0,33215427.0,0
1416,Rotatif,89922924.0,63690218.0,0
1416,Spot,36686133.0,25983895.0,0
1416,Taksitli,55029200.0,38975843.0,0
1416,Teminat Mektubu,31290611.0,22162378.0,0
1416,Akreditif,1812786.0,1283952.0,0
1187,Rotatif,367223758.0,236529996.0,0
1187,Spot,280363904.0,180583287.0,0
1187,Taksitli,420545856.0,270874931.0,0
1187,Teminat Mektubu,365795814.0,235610253.0,0
1187,Akreditif,35876377.0,23108089.0,0
1188,Rotatif,403440877.0,243396903.0,0
1188,Spot,293073301.0,176811865.0,0
1188,Taksitli,439609952.0,265217798.0,0
1188,Teminat Mektubu,389080057.0,234732984.0,0
1188,Akreditif,38160039.0,23022049.0,0
1189,Rotatif,602065732.0,372240954.0,0
1189,Spot,193785013.0,119812031.0,0
1189,Taksitli,290677519.0,179718046.0,0
1189,Teminat Mektubu,372095326.0,230056473.0,0
1189,Akreditif,36494218.0,22563388.0,0
776,Rotatif,39059547.0,19262761.0,0
776,Spot,26044516.0,12844217.0,0
776,Taksitli,39066775.0,19266325.0,0
776,Teminat Mektubu,52288418.0,25786763.0,0
776,Akreditif,13830541.0,6820724.0,0
777,Rotatif,34426753.0,18708249.0,0
777,Spot,23894823.0,12984968.0,0
777,Taksitli,35842234.0,19477452.0,0
777,Teminat Mektubu,47265403.0,25685051.0,0
777,Akreditif,12501929.0,6793821.0,0
778,Rotatif,32228481.0,16748558.0,0
778,Spot,29927048.0,15552545.0,0
778,Taksitli,44890572.0,23328818.0,0
778,Teminat Mektubu,53731653.0,27923368.0,0
778,Akreditif,14212284.0,7385867.0,0
1127,Rotatif,4554366.0,2622097.0,0
1127,Spot,1601156.0,921838.0,0
1127,Taksitli,2401734.0,1382757.0,0
1127,Teminat Mektubu,2359214.0,1358276.0,0
1127,Akreditif,1157001.0,666123.0,0
1128,Rotatif,3649623.0,1973555.0,0
1128,Spot,1339287.0,724227.0,0
1128,Taksitli,2008931.0,1086341.0,0
1128,Teminat Mektubu,5712398.0,3089013.0,0
1128,Akreditif,1347116.0,728461.0,0
1129,Rotatif,1919950.0,1121876.0,0
1129,Spot,1131624.0,661237.0,0
1129,Taksitli,1697436.0,991856.0,0
1129,Teminat Mektubu,8623749.0,5039078.0,0
1129,Akreditif,1417335.0,828185.0,0
706,Rotatif,4020403.0,1776546.0,0
706,Spot,3713450.0,1640908.0,0
706,Taksitli,5570174.0,2461362.0,0
706,Teminat Mektubu,7037790.0,3109876.0,0
707,Rotatif,5673626.0,2549841.0,0
707,Spot,1967187.0,884093.0,0
707,Taksitli,2950780.0,1326140.0,0
707,Teminat Mektubu,11662394.0,5241314.0,0
708,Rotatif,2996978.0,1519576.0,0
708,Spot,2436007.0,1235144.0,0
708,Taksitli,3654011.0,1852716.0,0
708,Teminat Mektubu,10341195.0,5243360.0,0
709,Rotatif,3687695.0,1932769.0,0
709,Spot,1891601.0,991413.0,0
709,Taksitli,2837402.0,1487119.0,0
709,Teminat Mektubu,10757698.0,5638250.0,0
710,Rotatif,4896415.0,2369860.0,0
710,Spot,1589276.0,769208.0,0
710,Taksitli,2383914.0,1153812.0,0
710,Teminat Mektubu,12539179.0,6068948.0,0
711,Rotatif,2635382.0,1317947.0,0
711,Spot,1769839.0,885091.0,0
711,Taksitli,2654758.0,1327637.0,0
711,Teminat Mektubu,12211032.0,6106700.0,0
104,Rotatif,14609822.0,9917413.0,0
104,Spot,8275231.0,5617377.0,0
104,Taksitli,12412847.0,8426066.0,0
104,Teminat Mektubu,7918056.0,5374920.0,0
105,Rotatif,16965078.0,11522525.0,0
105,Spot,6833512.0,4641259.0,0
105,Taksitli,10250269.0,6961888.0,0
105,Teminat Mektubu,7637870.0,5187571.0,0
106,Rotatif,18246095.0,12011814.0,0
106,Spot,7241765.0,4767417.0,0
106,Taksitli,10862648.0,7151125.0,0
106,Teminat Mektubu,8154178.0,5368078.0,0
1275,Rotatif,8163295.0,3916346.0,0
1275,Spot,4175952.0,2003416.0,0
1275,Taksitli,6263928.0,3005123.0,0
1275,Teminat Mektubu,3847789.0,1845979.0,0
1276,Rotatif,6883979.0,4101085.0,0
1276,Spot,3648237.0,2173413.0,0
1276,Taksitli,5472356.0,3260120.0,0
1276,Teminat Mektubu,3310307.0,1972093.0,0
1277,Rotatif,6828767.0,4136277.0,0
1277,Spot,3682698.0,2230660.0,0
1277,Taksitli,5524046.0,3345990.0,0
1277,Teminat Mektubu,3316706.0,2008974.0,0
1278,Rotatif,7600143.0,4456787.0,0
1278,Spot,3779123.0,2216109.0,0
1278,Taksitli,5668684.0,3324163.0,0
1278,Teminat Mektubu,3526114.0,2067743.0,0
1279,Rotatif,6795716.0,4649865.0,41
1279,Spot,4010254.0,2743954.0,0
1279,Taksitli,6015380.0,4115932.0,0
1279,Teminat Mektubu,3479246.0,2380620.0,0
1280,Rotatif,5868667.0,4699854.0,53
1280,Spot,3598266.0,2881629.0,0
1280,Taksitli,5397398.0,4322444.0,0
1280,Teminat Mektubu,3074465.0,2462150.0,0
77,Rotatif,14663273.0,11689001.0,0
77,Spot,7364806.0,5870941.0,0
77,Taksitli,11047208.0,8806412.0,0
77,Teminat Mektubu,11755037.0,9370666.0,0
78,Rotatif,24277531.0,23454532.0,56
78,Spot,4899874.0,4733770.0,0
78,Taksitli,7349811.0,7100655.0,0
78,Teminat Mektubu,12981861.0,12541781.0,0
79,Rotatif,26847157.0,25336951.0,83
79,Spot,3786022.0,3573051.0,0
79,Taksitli,5679033.0,5359577.0,0
79,Teminat Mektubu,12905448.0,12179491.0,0
1507,Rotatif,19965588.0,13051063.0,0
1507,Spot,5349871.0,3497092.0,0
1507,Taksitli,8024806.0,5245638.0,0
1507,Teminat Mektubu,13625864.0,8906926.0,0
1155,Rotatif,7079882.0,4809731.0,0
1155,Spot,3012538.0,2046573.0,0
1155,Taksitli,4518806.0,3069859.0,0
1155,Teminat Mektubu,1790839.0,1216610.0,0
1156,Rotatif,9121783.0,6280722.0,0
1156,Spot,3362785.0,2315415.0,0
1156,Taksitli,5044177.0,3473123.0,0
1156,Teminat Mektubu,2148428.0,1479281.0,0
1725,Rotatif,21586907.0,15250381.0,0
1725,Spot,17578087.0,12418293.0,0
1725,Taksitli,26367131.0,18627439.0,0
1725,Teminat Mektubu,21549708.0,15224101.0,0
1726,Rotatif,38055557.0,25999634.0,0
1726,Spot,13600395.0,9291817.0,0
1726,Taksitli,20400592.0,13937726.0,0
1726,Teminat Mektubu,23695210.0,16188616.0,0
1727,Rotatif,30122857.0,21161394.0,0
1727,Spot,14568735.0,10234579.0,0
1727,Taksitli,21853103.0,15351868.0,0
1727,Teminat Mektubu,21882684.0,15372648.0,0
1728,Rotatif,37548750.0,26852110.0,0
1728,Spot,11802596.0,8440350.0,0
1728,Taksitli,17703894.0,12660525.0,0
1728,Teminat Mektubu,22050572.0,15768950.0,0
1568,Rotatif,663056575.0,494419486.0,0
1568,Spot,183339704.0,136710389.0,0
1568,Taksitli,275009556.0,205065583.0,0
1568,Teminat Mektubu,155989234.0,116316043.0,0
1569,Rotatif,432305516.0,304510424.0,0
1569,Spot,295562405.0,208190342.0,0
1569,Taksitli,443343607.0,312285513.0,0
1569,Teminat Mektubu,162917281.0,114756829.0,0
1640,Rotatif,2634493.0,1872550.0,0
1640,Spot,767483.0,545513.0,0
1640,Taksitli,1151224.0,818269.0,0
1640,Teminat Mektubu,1898392.0,1349343.0,0
1641,Rotatif,2525217.0,1786946.0,0
1641,Spot,1004076.0,710525.0,0
1641,Taksitli,1506113.0,1065787.0,0
1641,Teminat Mektubu,2099441.0,1485650.0,0
1642,Rotatif,3361768.0,3195008.0,0
1642,Spot,397742.0,378012.0,0
1642,Taksitli,596612.0,567018.0,0
1642,Teminat Mektubu,1816223.0,1726130.0,0
1612,Rotatif,6914229.0,4347974.0,0
1612,Spot,3495661.0,2198227.0,0
1612,Taksitli,5243492.0,3297340.0,0
1612,Teminat Mektubu,6271007.0,3943487.0,0
1612,Akreditif,344973.0,216934.0,0
1613,Rotatif,6810980.0,4312113.0,0
1613,Spot,3978701.0,2518963.0,0
1613,Taksitli,5968051.0,3778444.0,0
1613,Teminat Mektubu,6713427.0,4250351.0,0
1613,Akreditif,369311.0,233815.0,0
1614,Rotatif,8791475.0,5604198.0,0
1614,Spot,2995491.0,1909500.0,0
1614,Taksitli,4493236.0,2864250.0,0
1614,Teminat Mektubu,6522121.0,4157579.0,0
1614,Akreditif,358787.0,228712.0,0
284,Rotatif,38975978.0,27211007.0,0
284,Spot,35260298.0,24616913.0,0
284,Taksitli,52890448.0,36925369.0,0
284,Teminat Mektubu,19311424.0,13482235.0,0
285,Rotatif,64143917.0,42295475.0,0
285,Spot,29856817.0,19687109.0,0
285,Taksitli,44785225.0,29530663.0,0
285,Teminat Mektubu,21082542.0,13901492.0,0
286,Rotatif,44151093.0,27925386.0,0
286,Spot,37160286.0,23503729.0,0
286,Taksitli,55740428.0,35255594.0,0
286,Teminat Mektubu,20819113.0,13168004.0,0
287,Rotatif,50837281.0,34399344.0,0
287,Spot,33691199.0,22797347.0,0
287,Taksitli,50536799.0,34196021.0,0
287,Teminat Mektubu,20517345.0,13883182.0,0
644,Rotatif,481596388.0,346330130.0,0
644,Spot,179566897.0,129131838.0,0
644,Taksitli,269350345.0,193697757.0,0
644,Teminat Mektubu,412200000.0,296425146.0,0
644,Akreditif,26560.0,19100.0,0
645,Rotatif,616330597.0,465242612.0,0
645,Spot,221784879.0,167416281.0,0
645,Taksitli,332677319.0,251124421.0,0
645,Teminat Mektubu,518639142.0,391499351.0,0
645,Akreditif,33419.0,25227.0,0
646,Rotatif,668693300.0,535755295.0,0
646,Spot,204502889.0,163847171.0,0
646,Taksitli,306754333.0,245770756.0,0
646,Teminat Mektubu,522695842.0,418782520.0,0
646,Akreditif,33680.0,26985.0,0
409,Rotatif,12832305.0,7851901.0,0
409,Spot,4841060.0,2962174.0,0
409,Taksitli,7261590.0,4443261.0,0
409,Teminat Mektubu,8754601.0,5356813.0,0
410,Rotatif,11517804.0,7561567.0,0
410,Spot,4562670.0,2995444.0,0
410,Taksitli,6844005.0,4493166.0,0
410,Teminat Mektubu,8048728.0,5284080.0,0
411,Rotatif,14303904.0,9303537.0,0
411,Spot,4083437.0,2655947.0,0
411,Taksitli,6125155.0,3983920.0,0
411,Teminat Mektubu,8606277.0,5597690.0,0
633,Rotatif,828576162.0,376595672.0,0
633,Spot,387160218.0,175967967.0,0
633,Taksitli,580740327.0,263951950.0,0
633,Teminat Mektubu,437458375.0,198828953.0,0
634,Rotatif,1065686578.0,483431942.0,0
634,Spot,432865101.0,196362440.0,0
634,Taksitli,649297652.0,294543660.0,0
634,Teminat Mektubu,523020797.0,237260152.0,0
635,Rotatif,1242298006.0,595408739.0,0
635,Spot,389773308.0,186810598.0,0
635,Taksitli,584659962.0,280215897.0,0
635,Teminat Mektubu,539794176.0,258712618.0,0
396,Rotatif,30374920.0,19141204.0,0
396,Spot,10813124.0,6814049.0,0
396,Taksitli,16219685.0,10221074.0,0
396,Teminat Mektubu,23224369.0,14635179.0,0
396,Akreditif,6907056.0,4352583.0,0
451,Rotatif,11490435.0,5386631.0,0
451,Spot,4059885.0,1903244.0,0
451,Taksitli,6089828.0,2854866.0,0
451,Teminat Mektubu,7395301.0,3466862.0,0
452,Rotatif,9550891.0,5128338.0,0
452,Spot,4466270.0,2398158.0,0
452,Taksitli,6699405.0,3597237.0,0
452,Teminat Mektubu,7079677.0,3801423.0,0
453,Rotatif,8808232.0,4862895.0,0
453,Spot,4163554.0,2298637.0,0
453,Taksitli,6245331.0,3447955.0,0
453,Teminat Mektubu,6567255.0,3625685.0,0
743,Rotatif,4727538.0,2601092.0,0
743,Spot,1932214.0,1063104.0,0
743,Taksitli,2898322.0,1594657.0,0
743,Teminat Mektubu,2052482.0,1129276.0,0
744,Rotatif,5024194.0,2693963.0,0
744,Spot,1929601.0,1034648.0,0
744,Taksitli,2894401.0,1551972.0,0
744,Teminat Mektubu,2114783.0,1133942.0,0
745,Rotatif,4502101.0,2497142.0,0
745,Spot,2081699.0,1154638.0,0
745,Taksitli,3122548.0,1731957.0,0
745,Teminat Mektubu,2084322.0,1156093.0,0
799,Rotatif,6304551.0,4576907.0,0
799,Spot,4569114.0,3317034.0,0
799,Taksitli,6853671.0,4975551.0,0
799,Teminat Mektubu,9142960.0,6637503.0,0
800,Rotatif,7231903.0,4839285.0,0
800,Spot,4831083.0,3232758.0,0
800,Taksitli,7246625.0,4849137.0,0
800,Teminat Mektubu,9959027.0,6664162.0,0
479,Rotatif,255150030.0,152967280.0,0
479,Spot,125791914.0,75414637.0,0
479,Taksitli,188687871.0,113121956.0,0
479,Teminat Mektubu,222782449.0,133562301.0,0
480,Rotatif,216348970.0,131172552.0,0
480,Spot,153036619.0,92786223.0,0
480,Taksitli,229554929.0,139179335.0,0
480,Teminat Mektubu,234245877.0,142023461.0,0
481,Rotatif,286642392.0,194087563.0,0
481,Spot,153831448.0,104160346.0,0
481,Taksitli,230747172.0,156240519.0,0
481,Teminat Mektubu,262514807.0,177750606.0,0
482,Rotatif,244124187.0,164121508.0,0
482,Spot,186098277.0,125111446.0,0
482,Taksitli,279147416.0,187667169.0,0
482,Teminat Mektubu,277434845.0,186515829.0,0
483,Rotatif,273032157.0,174479425.0,0
483,Spot,208386662.0,133168142.0,0
483,Taksitli,312579993.0,199752213.0,0
483,Teminat Mektubu,310533254.0,198444257.0,0
484,Rotatif,391447964.0,286503304.0,0
484,Spot,126583967.0,92647626.0,0
484,Taksitli,189875950.0,138971439.0,0
484,Teminat Mektubu,276863056.0,202637866.0,0
1750,Rotatif,840983527.0,571775719.0,0
1750,Spot,390668591.0,265611403.0,0
1750,Taksitli,586002887.0,398417105.0,0
1750,Teminat Mektubu,233427961.0,158705178.0,0
1751,Rotatif,1057066523.0,676818538.0,0
1751,Spot,368790113.0,236128929.0,0
1751,Taksitli,553185170.0,354193393.0,0
1751,Teminat Mektubu,254153672.0,162729509.0,0
1692,Rotatif,11552241.0,6266069.0,0
1692,Spot,10606378.0,5753022.0,0
1692,Taksitli,15909567.0,8629534.0,0
1692,Teminat Mektubu,9080457.0,4925345.0,0
1509,Rotatif,1745671.0,1027549.0,0
1509,Spot,1112175.0,654656.0,0
1509,Taksitli,1668262.0,981984.0,0
1509,Teminat Mektubu,2153522.0,1267621.0,0
1509,Akreditif,273158.0,160788.0,0
1510,Rotatif,1380247.0,797430.0,0
1510,Spot,1256258.0,725796.0,0
1510,Taksitli,1884387.0,1088694.0,0
1510,Teminat Mektubu,2151040.0,1242752.0,0
1510,Akreditif,272843.0,157634.0,0
1146,Rotatif,641816.0,447328.0,0
1146,Spot,596144.0,415495.0,0
1146,Taksitli,894215.0,623243.0,0
1146,Teminat Mektubu,383314.0,267159.0,0
1147,Rotatif,621902.0,522581.0,0
1147,Spot,554717.0,466126.0,0
1147,Taksitli,832076.0,699189.0,0
1147,Teminat Mektubu,361116.0,303444.0,0
1148,Rotatif,1334416.0,1194397.0,0
1148,Spot,221787.0,198515.0,0
1148,Taksitli,332681.0,297773.0,0
1148,Teminat Mektubu,339577.0,303945.0,0
1149,Rotatif,1074486.0,1063741.0,0
1149,Spot,314765.0,311617.0,0
1149,Taksitli,472147.0,467426.0,0
1149,Teminat Mektubu,334635.0,331289.0,0
525,Rotatif,5053298.0,3306230.0,0
525,Spot,1725249.0,1128782.0,0
525,Taksitli,2587874.0,1693172.0,0
525,Teminat Mektubu,3675503.0,2404778.0,0
526,Rotatif,4591165.0,3125479.0,0
526,Spot,2200998.0,1498350.0,0
526,Taksitli,3301498.0,2247525.0,0
526,Teminat Mektubu,3960882.0,2696407.0,0
527,Rotatif,3627085.0,2651996.0,0
527,Spot,2432493.0,1778553.0,0
527,Taksitli,3648740.0,2667829.0,0
527,Teminat Mektubu,3809668.0,2785494.0,0
528,Rotatif,5254777.0,4405177.0,119
528,Spot,1708680.0,1432418.0,0
528,Taksitli,2563020.0,2148627.0,0
528,Teminat Mektubu,3738311.0,3133896.0,0
529,Rotatif,6194614.0,5751337.0,76
529,Spot,1303741.0,1210447.0,0
529,Taksitli,1955611.0,1815671.0,0
529,Teminat Mektubu,3709857.0,3444385.0,0
530,Rotatif,6800993.0,6732983.0,0
530,Spot,1055912.0,1045353.0,0
530,Taksitli,1583868.0,1568029.0,0
530,Teminat Mektubu,3704680.0,3667633.0,0
652,Rotatif,29316197.0,19932488.0,0
652,Spot,11643160.0,7916346.0,0
652,Taksitli,17464741.0,11874519.0,0
652,Teminat Mektubu,35051312.0,23831873.0,0
652,Akreditif,9139894.0,6214340.0,0
653,Rotatif,29087633.0,19522329.0,0
653,Spot,13245251.0,8889625.0,0
653,Taksitli,19867877.0,13334437.0,0
653,Teminat Mektubu,37317107.0,25045586.0,0
653,Akreditif,9730717.0,6530825.0,0
654,Rotatif,36479256.0,24727738.0,0
654,Spot,10573539.0,7167353.0,0
654,Taksitli,15860308.0,10751029.0,0
654,Teminat Mektubu,37744474.0,25585376.0,0
654,Akreditif,9842156.0,6671580.0,0
463,Rotatif,24853860.0,16011649.0,0
463,Spot,14533436.0,9362903.0,0
463,Taksitli,21800154.0,14044354.0,0
463,Teminat Mektubu,31505678.0,20296962.0,0
464,Rotatif,26228297.0,15165976.0,0
464,Spot,14311743.0,8275473.0,0
464,Taksitli,21467614.0,12413209.0,0
464,Teminat Mektubu,31928004.0,18461715.0,0
465,Rotatif,34076859.0,20617020.0,0
465,Spot,10812166.0,6541526.0,0
465,Taksitli,16218250.0,9812289.0,0
465,Teminat Mektubu,31464395.0,19036439.0,0
466,Rotatif,28884460.0,18848914.0,0
466,Spot,11965548.0,7808267.0,0
466,Taksitli,17948322.0,11712401.0,0
466,Teminat Mektubu,30275509.0,19756661.0,0
817,Rotatif,4761023.0,3117390.0,0
817,Spot,1324060.0,866959.0,0
817,Taksitli,1986089.0,1300438.0,0
817,Teminat Mektubu,1811267.0,1185969.0,0
818,Rotatif,4330148.0,2810503.0,0
818,Spot,1489481.0,966755.0,0
818,Taksitli,2234222.0,1450132.0,0
818,Teminat Mektubu,1807380.0,1173089.0,0
819,Rotatif,3740295.0,2515000.0,0
819,Spot,1800178.0,1210452.0,0
819,Taksitli,2700267.0,1815678.0,0
819,Teminat Mektubu,1849320.0,1243496.0,0
820,Rotatif,4202252.0,2617895.0,0
820,Spot,1746603.0,1088089.0,0
820,Taksitli,2619904.0,1632133.0,0
820,Teminat Mektubu,1922932.0,1197937.0,0
512,Rotatif,27373944.0,18339732.0,0
512,Spot,15008033.0,10054938.0,0
512,Taksitli,22512050.0,15082407.0,0
512,Teminat Mektubu,21562285.0,14446093.0,0
512,Akreditif,8132766.0,5448713.0,0
513,Rotatif,24077007.0,16085917.0,0
513,Spot,18837960.0,12585695.0,0
513,Taksitli,28256940.0,18878542.0,0
513,Teminat Mektubu,23648231.0,15799451.0,0
513,Akreditif,8919534.0,5959166.0,0
278,Rotatif,4772019.0,2284273.0,0
278,Spot,2613006.0,1250796.0,0
278,Taksitli,3919509.0,1876193.0,0
278,Teminat Mektubu,4756735.0,2276958.0,0
278,Akreditif,1376928.0,659109.0,0
627,Rotatif,154470026.0,101397437.0,0
627,Spot,98931709.0,64940895.0,0
627,Taksitli,148397564.0,97411342.0,0
627,Teminat Mektubu,59626685.0,39140235.0,0
627,Akreditif,37386340.0,24541195.0,0
628,Rotatif,259118853.0,152736110.0,0
628,Spot,102237656.0,60263395.0,0
628,Taksitli,153356485.0,90395093.0,0
628,Teminat Mektubu,76382985.0,45023509.0,0
628,Akreditif,47892654.0,28230048.0,0
629,Rotatif,241082565.0,159092671.0,0
629,Spot,96140635.0,63444117.0,0
629,Taksitli,144210953.0,95166175.0,0
629,Teminat Mektubu,71444432.0,47146858.0,0
629,Akreditif,44796148.0,29561403.0,0
630,Rotatif,280632283.0,186311083.0,0
630,Spot,80883547.0,53698388.0,0
630,Taksitli,121325321.0,80547582.0,0
630,Teminat Mektubu,71653229.0,47570403.0,0
630,Akreditif,44927065.0,29826968.0,0
631,Rotatif,152135229.0,105497708.0,0
631,Spot,127061582.0,88110464.0,0
631,Taksitli,190592373.0,132165696.0,0
631,Teminat Mektubu,69716328.0,48344574.0,0
631,Akreditif,43712615.0,30312379.0,0
632,Rotatif,205317131.0,148271291.0,0
632,Spot,104410392.0,75400740.0,0
632,Taksitli,156615587.0,113101109.0,0
632,Teminat Mektubu,69204934.0,49976857.0,0
632,Akreditif,43391967.0,31335831.0,0
441,Rotatif,7712399.0,4582943.0,0
441,Spot,4267329.0,2535777.0,0
441,Taksitli,6400993.0,3803666.0,0
441,Teminat Mektubu,8542154.0,5076009.0,0
442,Rotatif,9637581.0,4720770.0,0
442,Spot,4557816.0,2232552.0,0
442,Taksitli,6836725.0,3348829.0,0
442,Teminat Mektubu,9774352.0,4787765.0,0
443,Rotatif,7004627.0,3695312.0,0
443,Spot,5540245.0,2922773.0,0
443,Taksitli,8310368.0,4384160.0,0
443,Teminat Mektubu,9692148.0,5113122.0,0
444,Rotatif,9646242.0,4886402.0,0
444,Spot,4765231.0,2413876.0,0
444,Taksitli,7147846.0,3620814.0,0
444,Teminat Mektubu,10019358.0,5075408.0,0
174,Rotatif,32325172.0,14503250.0,0
174,Spot,13080760.0,5868910.0,0
174,Taksitli,19621140.0,8803365.0,0
174,Teminat Mektubu,9779988.0,4387961.0,0
175,Rotatif,26542265.0,13007002.0,0
175,Spot,16320265.0,7997724.0,0
175,Taksitli,24480398.0,11996587.0,0
175,Teminat Mektubu,10128290.0,4963355.0,0
176,Rotatif,31692199.0,16323936.0,0
176,Spot,12926117.0,6657951.0,0
176,Taksitli,19389176.0,9986927.0,0
176,Teminat Mektubu,9626645.0,4958467.0,0
177,Rotatif,27780902.0,15550674.0,0
177,Spot,18153682.0,10161729.0,0
177,Taksitli,27230524.0,15242594.0,0
177,Teminat Mektubu,11003938.0,6159579.0,0
178,Rotatif,28607393.0,17521822.0,0
178,Spot,16412911.0,10052789.0,0
178,Taksitli,24619367.0,15079184.0,0
178,Teminat Mektubu,10473717.0,6415076.0,0
1180,Rotatif,20692114.0,14297747.0,0
1180,Spot,6188448.0,4276067.0,0
1180,Taksitli,9282672.0,6414100.0,0
1180,Teminat Mektubu,10048506.0,6943273.0,0
1181,Rotatif,10789051.0,7569486.0,0
1181,Spot,9718118.0,6818130.0,0
1181,Taksitli,14577177.0,10227195.0,0
1181,Teminat Mektubu,9748721.0,6839601.0,0
320,Rotatif,89621615.0,48776677.0,0
320,Spot,58033572.0,31584844.0,0
320,Taksitli,87050358.0,47377266.0,0
320,Teminat Mektubu,62737558.0,34144995.0,0
320,Akreditif,29347848.0,15972603.0,0
321,Rotatif,154253946.0,79980752.0,0
321,Spot,44548980.0,23098670.0,0
321,Taksitli,66823470.0,34648005.0,0
321,Teminat Mektubu,71002802.0,36814991.0,0
321,Akreditif,33214226.0,17221594.0,0
322,Rotatif,97571419.0,56112364.0,0
322,Spot,74389365.0,42780593.0,0
322,Taksitli,111584047.0,64170890.0,0
322,Teminat Mektubu,75792458.0,43587498.0,0
322,Akreditif,35454767.0,20389688.0,0
323,Rotatif,106309381.0,68739963.0,0
323,Spot,58911090.0,38092086.0,0
323,Taksitli,88366635.0,57138129.0,0
323,Teminat Mektubu,67784661.0,43829764.0,0
323,Akreditif,31708819.0,20503017.0,0
324,Rotatif,122780186.0,72463531.0,0
324,Spot,63471243.0,37460038.0,0
324,Taksitli,95206865.0,56190057.0,0
324,Teminat Mektubu,75234720.0,44402714.0,0
324,Akreditif,35193864.0,20771036.0,0
325,Rotatif,138037228.0,90230485.0,0
325,Spot,56151662.0,36704531.0,0
325,Taksitli,84227493.0,55056796.0,0
325,Teminat Mektubu,74421608.0,48647005.0,0
325,Akreditif,34813500.0,22756463.0,0
1435,Rotatif,4570573.0,2123862.0,0
1435,Spot,1952760.0,907412.0,0
1435,Taksitli,2929140.0,1361118.0,0
1435,Teminat Mektubu,2310176.0,1073497.0,0
1436,Rotatif,5027229.0,2298751.0,0
1436,Spot,2109545.0,964611.0,0
1436,Taksitli,3164318.0,1446917.0,0
1436,Teminat Mektubu,2517578.0,1151188.0,0
1437,Rotatif,5611230.0,2764493.0,0
1437,Spot,1611207.0,793796.0,0
1437,Taksitli,2416811.0,1190694.0,0
1437,Teminat Mektubu,2355824.0,1160647.0,0
1675,Rotatif,7008030.0,5542308.0,0
1675,Spot,3905677.0,3088809.0,0
1675,Taksitli,5858516.0,4633213.0,0
1675,Teminat Mektubu,3160472.0,2499463.0,0
1676,Rotatif,7641962.0,6479743.0,46
1676,Spot,3782519.0,3207259.0,0
1676,Taksitli,5673779.0,4810889.0,0
1676,Teminat Mektubu,3221909.0,2731909.0,0
1677,Rotatif,9925831.0,8506041.0,116
1677,Spot,2776819.0,2379623.0,0
1677,Taksitli,4165228.0,3569434.0,0
1677,Teminat Mektubu,3178497.0,2723845.0,0
1678,Rotatif,13729894.0,12726835.0,80
1678,Spot,1089466.0,1009873.0,0
1678,Taksitli,1634199.0,1514810.0,0
1678,Teminat Mektubu,3100425.0,2873918.0,0
815,Rotatif,181155021.0,105813579.0,0
815,Spot,51184331.0,29897031.0,0
815,Taksitli,76776497.0,44845547.0,0
815,Teminat Mektubu,163961140.0,95770545.0,0
815,Akreditif,38611511.0,22553182.0,0
816,Rotatif,114377621.0,57076214.0,0
816,Spot,97172419.0,48490550.0,0
816,Taksitli,145758628.0,72735825.0,0
816,Teminat Mektubu,189523562.0,94575209.0,0
816,Akreditif,44631253.0,22271690.0,0
199,Rotatif,6990641.0,4236886.0,0
199,Spot,3112119.0,1886193.0,0
199,Taksitli,4668179.0,2829289.0,0
199,Teminat Mektubu,3335843.0,2021787.0,0
200,Rotatif,9611006.0,5574298.0,0
200,Spot,3127021.0,1813644.0,0
200,Taksitli,4690532.0,2720467.0,0
200,Teminat Mektubu,3936036.0,2282866.0,0
636,Rotatif,3773521.0,2612993.0,0
636,Spot,2320503.0,1606844.0,0
636,Taksitli,3480755.0,2410266.0,0
636,Teminat Mektubu,2749572.0,1903955.0,0
637,Rotatif,4366398.0,3151582.0,0
637,Spot,1913698.0,1381270.0,0
637,Taksitli,2870547.0,2071905.0,0
637,Teminat Mektubu,2627773.0,1896676.0,0
1622,Rotatif,54003876.0,31626922.0,0
1622,Spot,35707091.0,20911562.0,0
1622,Taksitli,53560637.0,31367343.0,0
1622,Teminat Mektubu,40483252.0,23708681.0,0
1623,Rotatif,43034197.0,28208223.0,0
1623,Spot,33581511.0,22012139.0,0
1623,Taksitli,50372266.0,33018209.0,0
1623,Teminat Mektubu,35882101.0,23520139.0,0
1624,Rotatif,70240432.0,44567287.0,0
1624,Spot,22465893.0,14254524.0,0
1624,Taksitli,33698840.0,21381786.0,0
1624,Teminat Mektubu,35717421.0,22662568.0,0
1055,Rotatif,3553233.0,2132935.0,0
1055,Spot,969983.0,582261.0,0
1055,Taksitli,1454974.0,873392.0,0
1055,Teminat Mektubu,1697222.0,1018808.0,0
1056,Rotatif,1643493.0,991542.0,0
1056,Spot,1391055.0,839243.0,0
1056,Taksitli,2086582.0,1258864.0,0
1056,Teminat Mektubu,3325779.0,2006489.0,0
1057,Rotatif,1527745.0,940582.0,0
1057,Spot,1205503.0,742189.0,0
1057,Taksitli,1808255.0,1113283.0,0
1057,Teminat Mektubu,3693642.0,2274054.0,0
1058,Rotatif,2313338.0,1317352.0,0
1058,Spot,1016272.0,578726.0,0
1058,Taksitli,1524408.0,868089.0,0
1058,Teminat Mektubu,4656535.0,2651709.0,0
1059,Rotatif,1463571.0,866094.0,0
1059,Spot,1210952.0,716602.0,0
1059,Taksitli,1816428.0,1074903.0,0
1059,Teminat Mektubu,4914072.0,2907989.0,0
1627,Rotatif,224717418.0,138848990.0,0
1627,Spot,93799636.0,57957166.0,0
1627,Taksitli,140699454.0,86935749.0,0
1627,Teminat Mektubu,222615327.0,137550144.0,0
1627,Akreditif,12337909.0,7623379.0,0
1628,Rotatif,229323454.0,138323745.0,0
1628,Spot,86093905.0,51930280.0,0
1628,Taksitli,129140857.0,77895421.0,0
1628,Teminat Mektubu,215509397.0,129991356.0,0
1628,Akreditif,11944080.0,7204452.0,0
1629,Rotatif,171651949.0,108153473.0,0
1629,Spot,93126654.0,58676707.0,0
1629,Taksitli,139689981.0,88015060.0,0
1629,Teminat Mektubu,196075064.0,123541849.0,0
1629,Akreditif,10866980.0,6847004.0,0
1285,Rotatif,76474188.0,37371529.0,0
1285,Spot,27469246.0,13423715.0,0
1285,Taksitli,41203869.0,20135573.0,0
1285,Teminat Mektubu,32727996.0,15993569.0,0
1286,Rotatif,53210061.0,26855998.0,0
1286,Spot,42423680.0,21411933.0,0
1286,Taksitli,63635519.0,32117899.0,0
1286,Teminat Mektubu,35912232.0,18125498.0,0
535,Rotatif,45975689.0,32310260.0,0
535,Spot,28719472.0,20183137.0,0
535,Taksitli,43079207.0,30274705.0,0
535,Teminat Mektubu,63007815.0,44279900.0,0
536,Rotatif,62765136.0,47579589.0,0
536,Spot,21190166.0,16063366.0,0
536,Taksitli,31785249.0,24095049.0,0
536,Teminat Mektubu,61919748.0,46938736.0,0
537,Rotatif,64132857.0,61023022.0,115
537,Spot,18844598.0,17930814.0,0
537,Taksitli,28266898.0,26896222.0,0
537,Teminat Mektubu,59514339.0,56628459.0,0
667,Rotatif,11100256.0,5848500.0,0
667,Spot,7076907.0,3728679.0,0
667,Taksitli,10615360.0,5593018.0,0
667,Teminat Mektubu,13963363.0,7357013.0,0
667,Akreditif,2447333.0,1289450.0,0
668,Rotatif,14368129.0,7548285.0,0
668,Spot,6069887.0,3188810.0,0
668,Taksitli,9104830.0,4783215.0,0
668,Teminat Mektubu,14327243.0,7526806.0,0
668,Akreditif,2511110.0,1319210.0,0
669,Rotatif,11925253.0,6525296.0,0
669,Spot,7976764.0,4364750.0,0
669,Taksitli,11965146.0,6547124.0,0
669,Teminat Mektubu,15454455.0,8456415.0,0
669,Akreditif,2708674.0,1482140.0,0
670,Rotatif,16254549.0,7882990.0,0
670,Spot,8133255.0,3944396.0,0
670,Taksitli,12199882.0,5916593.0,0
670,Teminat Mektubu,17743744.0,8605207.0,0
670,Akreditif,3109914.0,1508219.0,0
671,Rotatif,20138644.0,10422522.0,0
671,Spot,6560071.0,3395089.0,0
671,Taksitli,9840106.0,5092633.0,0
671,Teminat Mektubu,17720046.0,9170805.0,0
671,Akreditif,3105760.0,1607350.0,0
932,Rotatif,3454882.0,1775384.0,0
932,Spot,2246173.0,1154256.0,0
932,Taksitli,3369260.0,1731384.0,0
932,Teminat Mektubu,2743791.0,1409971.0,0
933,Rotatif,4436351.0,2266726.0,0
933,Spot,2345062.0,1198195.0,0
933,Taksitli,3517593.0,1797293.0,0
933,Teminat Mektubu,3115473.0,1591832.0,0
934,Rotatif,2972902.0,1592083.0,0
934,Spot,2703655.0,1447893.0,0
934,Taksitli,4055483.0,2171839.0,0
934,Teminat Mektubu,2943964.0,1576586.0,0
1738,Rotatif,154293747.0,63765530.0,0
1738,Spot,58704341.0,24260953.0,0
1738,Taksitli,88056512.0,36391430.0,0
1738,Teminat Mektubu,135043413.0,55809875.0,0
1492,Rotatif,360213864.0,230265471.0,0
1492,Spot,210352953.0,134467401.0,0
1492,Taksitli,315529430.0,201701101.0,0
1492,Teminat Mektubu,154843799.0,98983365.0,0
543,Rotatif,41337260.0,26826348.0,0
543,Spot,13096686.0,8499264.0,0
543,Taksitli,19645030.0,12748895.0,0
543,Teminat Mektubu,23184481.0,15045868.0,0
543,Akreditif,7005548.0,4546341.0,0
544,Rotatif,27539712.0,17044894.0,0
544,Spot,22716352.0,14059618.0,0
544,Taksitli,34074528.0,21089426.0,0
544,Teminat Mektubu,27320037.0,16908933.0,0
544,Akreditif,11217469.0,6942723.0,0
545,Rotatif,39154292.0,27029021.0,0
545,Spot,13630637.0,9409512.0,0
545,Taksitli,20445956.0,14114268.0,0
545,Teminat Mektubu,23752581.0,16396900.0,0
545,Akreditif,9840490.0,6793095.0,0
546,Rotatif,45013616.0,29816783.0,0
546,Spot,15084377.0,9991812.0,0
546,Taksitli,22626566.0,14987718.0,0
546,Teminat Mektubu,27513616.0,18224875.0,0
546,Akreditif,13500518.0,8942672.0,0
942,Rotatif,7963390.0,4919971.0,0
942,Spot,2792933.0,1725540.0,0
942,Taksitli,4189400.0,2588311.0,0
942,Teminat Mektubu,2547368.0,1573825.0,0
1625,Rotatif,293903620.0,178332665.0,0
1625,Spot,108381894.0,65763164.0,0
1625,Taksitli,162572841.0,98644746.0,0
1625,Teminat Mektubu,73293117.0,44472256.0,0
1625,Akreditif,9660626.0,5861803.0,0
1626,Rotatif,215862138.0,133995319.0,0
1626,Spot,146179520.0,90740190.0,0
1626,Taksitli,219269280.0,136110286.0,0
1626,Teminat Mektubu,75427920.0,46821496.0,0
1626,Akreditif,9942010.0,6171452.0,0
1373,Rotatif,18504697.0,10891865.0,0
1373,Spot,10013497.0,5893945.0,0
1373,Taksitli,15020246.0,8840917.0,0
1373,Teminat Mektubu,12990102.0,7645975.0,0
1374,Rotatif,16861954.0,10871621.0,0
1374,Spot,9476992.0,6110221.0,0
1374,Taksitli,14215488.0,9165332.0,0
1374,Teminat Mektubu,12099796.0,7801255.0,0
1742,Rotatif,2827612.0,2062620.0,0
1742,Spot,1906855.0,1390968.0,0
1742,Taksitli,2860282.0,2086452.0,0
1742,Teminat Mektubu,3206792.0,2339216.0,0
1742,Akreditif,326784.0,238375.0,0
416,Rotatif,71863476.0,43865522.0,0
416,Spot,35489095.0,21662571.0,0
416,Taksitli,53233642.0,32493857.0,0
416,Teminat Mektubu,28612514.0,17465101.0,0
417,Rotatif,88842356.0,49047066.0,0
417,Spot,34244601.0,18905365.0,0
417,Taksitli,51366901.0,28358048.0,0
417,Teminat Mektubu,31083387.0,17160159.0,0
797,Rotatif,119772566.0,79826096.0,0
797,Spot,60087094.0,40046884.0,0
797,Taksitli,90130641.0,60070327.0,0
797,Teminat Mektubu,86087536.0,57375676.0,0
798,Rotatif,135819496.0,81011720.0,0
798,Spot,37389562.0,22301605.0,0
798,Taksitli,56084342.0,33452407.0,0
798,Teminat Mektubu,73111159.0,43608325.0,0
1601,Rotatif,27354728.0,15264910.0,0
1601,Spot,10402829.0,5805148.0,0
1601,Taksitli,15604243.0,8707722.0,0
1601,Teminat Mektubu,8309006.0,4636721.0,0
1601,Akreditif,2285774.0,1275543.0,0
1602,Rotatif,24929477.0,12268070.0,0
1602,Spot,13067873.0,6430844.0,0
1602,Taksitli,19601810.0,9646266.0,0
1602,Teminat Mektubu,8968809.0,4413650.0,0
1602,Akreditif,2467283.0,1214177.0,0
1603,Rotatif,24441960.0,12746908.0,0
1603,Spot,13435656.0,7006929.0,0
1603,Taksitli,20153484.0,10510393.0,0
1603,Teminat Mektubu,9036066.0,4712466.0,0
1603,Akreditif,2485785.0,1296380.0,0
1604,Rotatif,28321130.0,14694914.0,0
1604,Spot,12516805.0,6494563.0,0
1604,Taksitli,18775207.0,9741845.0,0
1604,Teminat Mektubu,9282408.0,4816340.0,0
1604,Akreditif,2553553.0,1324956.0,0
823,Rotatif,7701253.0,4596022.0,0
823,Spot,4091307.0,2441647.0,0
823,Taksitli,6136961.0,3662470.0,0
823,Teminat Mektubu,6865825.0,4097448.0,0
824,Rotatif,7415341.0,4296521.0,0
824,Spot,5125206.0,2969595.0,0
824,Taksitli,7687809.0,4454392.0,0
824,Teminat Mektubu,7746128.0,4488182.0,0
825,Rotatif,9507995.0,5564088.0,0
825,Spot,4531413.0,2651788.0,0
825,Taksitli,6797120.0,3977681.0,0
825,Teminat Mektubu,7979018.0,4669329.0,0
826,Rotatif,10269738.0,6302998.0,0
826,Spot,4078190.0,2502968.0,0
826,Taksitli,6117285.0,3754451.0,0
826,Teminat Mektubu,7836828.0,4809812.0,0
827,Rotatif,8565026.0,5004674.0,0
827,Spot,4980686.0,2910290.0,0
827,Taksitli,7471029.0,4365435.0,0
827,Teminat Mektubu,8048027.0,4702584.0,0
828,Rotatif,9233881.0,5414746.0,0
828,Spot,5900162.0,3459854.0,0
828,Taksitli,8850243.0,5189781.0,0
828,Teminat Mektubu,9184401.0,5385732.0,0
829,Rotatif,8460610.0,5148971.0,0
829,Spot,5882128.0,3579755.0,0
829,Taksitli,8823192.0,5369632.0,0
829,Teminat Mektubu,8871025.0,5398742.0,0
740,Rotatif,21428103.0,15196225.0,0
740,Spot,12393205.0,8788922.0,0
740,Taksitli,18589807.0,13183384.0,0
740,Teminat Mektubu,24902021.0,17659834.0,0
740,Akreditif,504474.0,357759.0,0
741,Rotatif,20148589.0,13981423.0,0
741,Spot,13529672.0,9388453.0,0
741,Taksitli,20294508.0,14082679.0,0
741,Teminat Mektubu,25644008.0,17794781.0,0
741,Akreditif,519505.0,360493.0,0
742,Rotatif,30800797.0,20410659.0,0
742,Spot,10972608.0,7271181.0,0
742,Taksitli,16458912.0,10906771.0,0
742,Teminat Mektubu,27667842.0,18334554.0,0
742,Akreditif,560505.0,371428.0,0
288,Rotatif,1893560.0,992977.0,0
288,Spot,783264.0,410741.0,0
288,Taksitli,1174896.0,616111.0,0
288,Teminat Mektubu,1377338.0,722272.0,0
288,Akreditif,399940.0,209727.0,0
289,Rotatif,1449058.0,824232.0,0
289,Spot,921681.0,524257.0,0
289,Taksitli,1382522.0,786386.0,0
289,Teminat Mektubu,1342130.0,763411.0,0
289,Akreditif,389717.0,221673.0,0
290,Rotatif,2195510.0,1329487.0,0
290,Spot,591472.0,358165.0,0
290,Taksitli,887208.0,537247.0,0
290,Teminat Mektubu,1313855.0,795603.0,0
290,Akreditif,381506.0,231020.0,0
291,Rotatif,1759686.0,1074603.0,0
291,Spot,721834.0,440808.0,0
291,Taksitli,1082751.0,661213.0,0
291,Teminat Mektubu,1274549.0,778340.0,0
291,Akreditif,370093.0,226008.0,0
292,Rotatif,1320833.0,902650.0,0
292,Spot,1013157.0,692386.0,0
292,Taksitli,1519736.0,1038579.0,0
292,Teminat Mektubu,1378056.0,941755.0,0
292,Akreditif,400148.0,273459.0,0
293,Rotatif,2330577.0,1487151.0,0
293,Spot,766437.0,489066.0,0
293,Taksitli,1149655.0,733600.0,0
293,Teminat Mektubu,1518568.0,969005.0,0
293,Akreditif,440949.0,281372.0,0
445,Rotatif,23626861.0,14097757.0,0
445,Spot,8512672.0,5079371.0,0
445,Taksitli,12769008.0,7619056.0,0
445,Teminat Mektubu,17956023.0,10714062.0,0
446,Rotatif,25745416.0,14242522.0,0
446,Spot,12586211.0,6962769.0,0
446,Taksitli,18879316.0,10444153.0,0
446,Teminat Mektubu,22874958.0,12654567.0,0
447,Rotatif,21428521.0,12132740.0,0
447,Spot,14592115.0,8261995.0,0
447,Taksitli,21888172.0,12392993.0,0
447,Teminat Mektubu,23153989.0,13109693.0,0
1643,Rotatif,161880959.0,96131017.0,0
1643,Spot,54439239.0,32328073.0,0
1643,Taksitli,81658858.0,48492109.0,0
1643,Teminat Mektubu,59273422.0,35198793.0,0
1643,Akreditif,17632879.0,10471068.0,0
1644,Rotatif,106890478.0,62401081.0,0
1644,Spot,83983096.0,49028090.0,0
1644,Taksitli,125974644.0,73542135.0,0
1644,Teminat Mektubu,63026840.0,36794137.0,0
1644,Akreditif,18749459.0,10945657.0,0
1645,Rotatif,146231636.0,84774338.0,0
1645,Spot,79004290.0,45800871.0,0
1645,Taksitli,118506434.0,68701307.0,0
1645,Teminat Mektubu,68376571.0,39639702.0,0
1645,Akreditif,20340917.0,11792167.0,0
1646,Rotatif,187778289.0,122437122.0,0
1646,Spot,62657869.0,40854825.0,0
1646,Taksitli,93986804.0,61282238.0,0
1646,Teminat Mektubu,68511955.0,44671866.0,0
1646,Akreditif,20381192.0,13289153.0,0
405,Rotatif,26239734.0,17122196.0,0
405,Spot,8925401.0,5824086.0,0
405,Taksitli,13388101.0,8736129.0,0
405,Teminat Mektubu,15790662.0,10303870.0,0
405,Akreditif,4552917.0,2970912.0,0
406,Rotatif,25280788.0,15048836.0,0
406,Spot,10568633.0,6291166.0,0
406,Taksitli,15852950.0,9436749.0,0
406,Teminat Mektubu,16814835.0,10009328.0,0
406,Akreditif,4848217.0,2885987.0,0
407,Rotatif,16101604.0,9644754.0,0
407,Spot,14863224.0,8902973.0,0
407,Taksitli,22294836.0,13354459.0,0
407,Teminat Mektubu,17321304.0,10375346.0,0
407,Akreditif,4994247.0,2991521.0,0
1618,Rotatif,1512476.0,983541.0,0
1618,Spot,907725.0,590280.0,0
1618,Taksitli,1361587.0,885421.0,0
1618,Teminat Mektubu,965863.0,628087.0,0
1563,Rotatif,49427219.0,37051113.0,0
1563,Spot,15790861.0,11836979.0,0
1563,Taksitli,23686291.0,17755469.0,0
1563,Teminat Mektubu,40108339.0,30065592.0,0
1564,Rotatif,48545408.0,36729434.0,0
1564,Spot,18184076.0,13758064.0,0
1564,Taksitli,27276115.0,20637096.0,0
1564,Teminat Mektubu,42409708.0,32087166.0,0
1565,Rotatif,50504173.0,40914616.0,0
1565,Spot,16989909.0,13763924.0,0
1565,Taksitli,25484864.0,20645886.0,0
1565,Teminat Mektubu,41946543.0,33981879.0,0
1566,Rotatif,32954732.0,26961166.0,0
1566,Spot,28154342.0,23033836.0,0
1566,Taksitli,42231513.0,34550754.0,0
1566,Teminat Mektubu,46621096.0,38141993.0,0
1567,Rotatif,85633912.0,73345040.0,0
1567,Spot,6905166.0,5914242.0,0
1567,Taksitli,10357749.0,8871363.0,0
1567,Teminat Mektubu,46420899.0,39759280.0,0
273,Rotatif,21070197.0,10844491.0,0
273,Spot,14429900.0,7426837.0,0
273,Taksitli,21644849.0,11140255.0,0
273,Teminat Mektubu,16805747.0,8649647.0,0
274,Rotatif,28262572.0,15270268.0,0
274,Spot,16979612.0,9174085.0,0
274,Taksitli,25469418.0,13761127.0,0
274,Teminat Mektubu,20795563.0,11235843.0,0
275,Rotatif,39253213.0,22194952.0,0
275,Spot,12734062.0,7200223.0,0
275,Taksitli,19101093.0,10800335.0,0
275,Teminat Mektubu,20906366.0,11821091.0,0
276,Rotatif,28831658.0,17804544.0,0
276,Spot,15804619.0,9759898.0,0
276,Taksitli,23706929.0,14639847.0,0
276,Teminat Mektubu,20099042.0,12411852.0,0
277,Rotatif,35493330.0,21685917.0,0
277,Spot,14605000.0,8923446.0,0
277,Taksitli,21907500.0,13385169.0,0
277,Teminat Mektubu,21176182.0,12938345.0,0
71,Rotatif,63046849.0,38785800.0,0
71,Spot,28932534.0,17799010.0,0
71,Taksitli,43398801.0,26698515.0,0
71,Teminat Mektubu,52471662.0,32280049.0,0
72,Rotatif,81981517.0,47886132.0,0
72,Spot,25784145.0,15060748.0,0
72,Taksitli,38676218.0,22591123.0,0
72,Teminat Mektubu,56759875.0,33153947.0,0
515,Rotatif,119127034.0,83579084.0,0
515,Spot,89735928.0,62958393.0,0
515,Taksitli,134603892.0,94437590.0,0
515,Teminat Mektubu,176953656.0,124150027.0,0
516,Rotatif,122669988.0,81807833.0,0
516,Spot,99922075.0,66637395.0,0
516,Taksitli,149883112.0,99956092.0,0
516,Teminat Mektubu,191898704.0,127976023.0,0
299,Rotatif,13688140.0,7206333.0,0
299,Spot,5705441.0,3003718.0,0
299,Taksitli,8558162.0,4505577.0,0
299,Teminat Mektubu,11409821.0,6006877.0,0
1713,Rotatif,196342539.0,125705955.0,0
1713,Spot,63382172.0,40579675.0,0
1713,Taksitli,95073258.0,60869513.0,0
1713,Teminat Mektubu,147875107.0,94675264.0,0
1714,Rotatif,183154445.0,128088905.0,0
1714,Spot,53723673.0,37571605.0,0
1714,Taksitli,80585509.0,56357407.0,0
1714,Teminat Mektubu,132314646.0,92534136.0,0
1715,Rotatif,137435143.0,90730966.0,0
1715,Spot,75923507.0,50122647.0,0
1715,Taksitli,113885261.0,75183971.0,0
1715,Teminat Mektubu,136390940.0,90041612.0,0
120,Rotatif,4827281.0,2777294.0,0
120,Spot,1779120.0,1023586.0,0
120,Taksitli,2668681.0,1535380.0,0
120,Teminat Mektubu,3844660.0,2211960.0,0
120,Akreditif,762086.0,438453.0,0
121,Rotatif,4401918.0,2091136.0,0
121,Spot,2459308.0,1168297.0,0
121,Taksitli,3688962.0,1752445.0,0
121,Teminat Mektubu,4373211.0,2077498.0,0
121,Akreditif,866855.0,411801.0,0
351,Rotatif,5276604.0,3858367.0,0
351,Spot,3223806.0,2357317.0,0
351,Taksitli,4835710.0,3535975.0,0
351,Teminat Mektubu,4699546.0,3436410.0,0
352,Rotatif,4515706.0,3321650.0,0
352,Spot,4072324.0,2995509.0,0
352,Taksitli,6108487.0,4493264.0,0
352,Teminat Mektubu,5178940.0,3809510.0,0
353,Rotatif,6042632.0,4200335.0,0
353,Spot,4027851.0,2799827.0,0
353,Taksitli,6041777.0,4199741.0,0
353,Teminat Mektubu,5677837.0,3946760.0,0
1423,Rotatif,2489872.0,1566749.0,0
1423,Spot,1841094.0,1158507.0,0
1423,Taksitli,2761641.0,1737760.0,0
1423,Teminat Mektubu,1387403.0,873022.0,0
1424,Rotatif,2532572.0,1635105.0,0
1424,Spot,1648748.0,1064481.0,0
1424,Taksitli,2473121.0,1596721.0,0
1424,Teminat Mektubu,1301692.0,840411.0,0
1425,Rotatif,2908090.0,1817544.0,0
1425,Spot,1845510.0,1153436.0,0
1425,Taksitli,2768266.0,1730154.0,0
1425,Teminat Mektubu,1471371.0,919600.0,0
1426,Rotatif,4429066.0,2508113.0,0
1426,Spot,1405194.0,795740.0,0
1426,Taksitli,2107791.0,1193610.0,0
1426,Teminat Mektubu,1553564.0,879760.0,0
1283,Rotatif,60880072.0,28952467.0,0
1283,Spot,43102717.0,20498169.0,0
1283,Taksitli,64654075.0,30747253.0,0
1283,Teminat Mektubu,30774592.0,14635337.0,0
1284,Rotatif,82476152.0,41960002.0,0
1284,Spot,27454918.0,13967776.0,0
1284,Taksitli,41182378.0,20951665.0,0
1284,Teminat Mektubu,27576738.0,14029753.0,0
83,Rotatif,35288464.0,21358647.0,0
83,Spot,11189951.0,6772814.0,0
83,Taksitli,16784927.0,10159221.0,0
83,Teminat Mektubu,27824336.0,16840919.0,0
844,Rotatif,23656101.0,12557857.0,0
844,Spot,12085572.0,6415634.0,0
844,Taksitli,18128357.0,9623450.0,0
844,Teminat Mektubu,25503492.0,13538545.0,0
844,Akreditif,1895564.0,1006261.0,0
845,Rotatif,24414142.0,15229552.0,0
845,Spot,9110479.0,5683121.0,0
845,Taksitli,13665718.0,8524681.0,0
845,Teminat Mektubu,22341150.0,13936419.0,0
845,Akreditif,1660521.0,1035833.0,0
846,Rotatif,18773179.0,13265346.0,93
846,Spot,11473559.0,8107350.0,0
846,Taksitli,17210339.0,12161025.0,0
846,Teminat Mektubu,22467431.0,15875748.0,0
846,Akreditif,1669906.0,1179975.0,0
847,Rotatif,23147314.0,19124123.0,32
847,Spot,8793341.0,7264987.0,0
847,Taksitli,13190011.0,10897481.0,0
847,Teminat Mektubu,21366047.0,17652455.0,0
847,Akreditif,1588045.0,1312030.0,0
73,Rotatif,5776113.0,3795284.0,0
73,Spot,2483767.0,1631997.0,0
73,Taksitli,3725650.0,2447996.0,0
73,Teminat Mektubu,5946087.0,3906968.0,0
74,Rotatif,5522354.0,3383796.0,0
74,Spot,2829598.0,1733822.0,0
74,Taksitli,4244397.0,2600734.0,0
74,Teminat Mektubu,6249117.0,3829116.0,0
75,Rotatif,6250069.0,4039954.0,0
75,Spot,1889012.0,1221030.0,0
75,Taksitli,2833518.0,1831545.0,0
75,Teminat Mektubu,5443566.0,3518642.0,0
76,Rotatif,5919503.0,3500195.0,0
76,Spot,2201679.0,1301850.0,0
76,Taksitli,3302519.0,1952776.0,0
76,Teminat Mektubu,5667360.0,3351104.0,0
201,Rotatif,240641838.0,123203318.0,0
201,Spot,128813419.0,65949632.0,0
201,Taksitli,193220129.0,98924448.0,0
201,Teminat Mektubu,288908418.0,147914743.0,0
836,Rotatif,11137951.0,5270752.0,0
836,Spot,9642882.0,4563249.0,0
836,Taksitli,14464324.0,6844874.0,0
836,Teminat Mektubu,14067489.0,6657082.0,0
837,Rotatif,19619071.0,9191453.0,0
837,Spot,6095637.0,2855781.0,0
837,Taksitli,9143455.0,4283671.0,0
837,Teminat Mektubu,13913028.0,6518196.0,0
838,Rotatif,20332508.0,9700628.0,0
838,Spot,5526891.0,2636876.0,0
838,Taksitli,8290336.0,3955315.0,0
838,Teminat Mektubu,13630271.0,6502994.0,0
839,Rotatif,17838010.0,8995627.0,0
839,Spot,7415856.0,3739782.0,0
839,Taksitli,11123783.0,5609673.0,0
839,Teminat Mektubu,14519504.0,7322120.0,0
840,Rotatif,21428819.0,9966386.0,0
840,Spot,7587136.0,3528721.0,0
840,Taksitli,11380704.0,5293082.0,0
840,Teminat Mektubu,16123622.0,7498978.0,0
1757,Rotatif,15110561.0,8656448.0,0
1757,Spot,7333652.0,4201259.0,0
1757,Taksitli,11000478.0,6301889.0,0
1757,Teminat Mektubu,9853996.0,5645098.0,0
1757,Akreditif,2798494.0,1603184.0,0
1758,Rotatif,13845568.0,7874041.0,0
1758,Spot,9389896.0,5340079.0,0
1758,Taksitli,14084845.0,8010119.0,0
1758,Teminat Mektubu,10995890.0,6253416.0,0
1758,Akreditif,3122787.0,1775944.0,0
1759,Rotatif,18593796.0,12314387.0,0
1759,Spot,5528409.0,3661381.0,0
1759,Taksitli,8292613.0,5492071.0,0
1759,Teminat Mektubu,9550558.0,6325189.0,0
1759,Akreditif,2712319.0,1796327.0,0
1760,Rotatif,17657978.0,11456201.0,0
1760,Spot,6881762.0,4464772.0,0
1760,Taksitli,10322643.0,6697158.0,0
1760,Teminat Mektubu,10271698.0,6664106.0,0
1760,Akreditif,2917119.0,1892578.0,0
1761,Rotatif,17508477.0,11276063.0,0
1761,Spot,8071640.0,5198415.0,0
1761,Taksitli,12107460.0,7797622.0,0
1761,Teminat Mektubu,11104101.0,7151424.0,0
1761,Akreditif,3153518.0,2030975.0,0
84,Rotatif,9799728.0,7619592.0,0
84,Spot,3848033.0,2991965.0,0
84,Taksitli,5772050.0,4487947.0,0
84,Teminat Mektubu,8927278.0,6941236.0,0
85,Rotatif,10429710.0,7490392.0,0
85,Spot,5026234.0,3609733.0,0
85,Taksitli,7539352.0,5414599.0,0
85,Teminat Mektubu,10570928.0,7591811.0,0
1762,Rotatif,15524273.0,11587013.0,0
1762,Spot,13347484.0,9962301.0,0
1762,Taksitli,20021226.0,14943451.0,0
1762,Teminat Mektubu,8609961.0,6426306.0,0
1762,Akreditif,4703925.0,3510917.0,0
1763,Rotatif,22758808.0,15979073.0,0
1763,Spot,9171787.0,6439558.0,0
1763,Taksitli,13757681.0,9659337.0,0
1763,Teminat Mektubu,8045618.0,5648869.0,0
1763,Akreditif,4395604.0,3086176.0,0
1764,Rotatif,11927098.0,8948250.0,0
1764,Spot,11049425.0,8289781.0,0
1764,Taksitli,16574138.0,12434671.0,0
1764,Teminat Mektubu,6964796.0,5225306.0,0
1764,Akreditif,3805113.0,2854769.0,0
1470,Rotatif,6221478.0,2936178.0,0
1470,Spot,4308912.0,2033557.0,0
1470,Taksitli,6463367.0,3050336.0,0
1470,Teminat Mektubu,3711103.0,1751426.0,0
1471,Rotatif,4991465.0,2614143.0,0
1471,Spot,3760686.0,1969556.0,0
1471,Taksitli,5641028.0,2954335.0,0
1471,Teminat Mektubu,3143188.0,1646159.0,0
1472,Rotatif,6140818.0,3112365.0,0
1472,Spot,3653382.0,1851652.0,0
1472,Taksitli,5480073.0,2777478.0,0
1472,Teminat Mektubu,3335602.0,1690591.0,0
1142,Rotatif,60860371.0,28368665.0,0
1142,Spot,18178776.0,8473619.0,0
1142,Taksitli,27268164.0,12710429.0,0
1142,Teminat Mektubu,52467534.0,24456536.0,0
1143,Rotatif,34307352.0,16944505.0,0
1143,Spot,28643520.0,14147121.0,0
1143,Taksitli,42965280.0,21220681.0,0
1143,Teminat Mektubu,52274479.0,25818523.0,0
1144,Rotatif,42749739.0,20613435.0,0
1144,Spot,24891698.0,12002492.0,0
1144,Taksitli,37337547.0,18003738.0,0
1144,Teminat Mektubu,51811943.0,24983126.0,0
1145,Rotatif,51026167.0,25730358.0,0
1145,Spot,18255344.0,9205405.0,0
1145,Taksitli,27383016.0,13808108.0,0
1145,Teminat Mektubu,47708378.0,24057336.0,0
194,Rotatif,29075701.0,17143008.0,0
194,Spot,9177930.0,5411299.0,0
194,Taksitli,13766894.0,8116949.0,0
194,Teminat Mektubu,17880724.0,10542459.0,0
194,Akreditif,427931.0,252308.0,0
195,Rotatif,29715574.0,16885833.0,0
195,Spot,10935094.0,6213852.0,0
195,Taksitli,16402642.0,9320778.0,0
195,Teminat Mektubu,19610615.0,11143704.0,0
195,Akreditif,469332.0,266697.0,0
695,Rotatif,5975630.0,2805737.0,0
695,Spot,1664022.0,781308.0,0
695,Taksitli,2496033.0,1171962.0,0
695,Teminat Mektubu,3196666.0,1500931.0,0
696,Rotatif,5370144.0,2305907.0,0
696,Spot,2073959.0,890545.0,0
696,Taksitli,3110939.0,1335818.0,0
696,Teminat Mektubu,3328926.0,1429420.0,0
383,Rotatif,4625859.0,2640555.0,0
383,Spot,1684622.0,961624.0,0
383,Taksitli,2526934.0,1442437.0,0
383,Teminat Mektubu,4493628.0,2565075.0,0
384,Rotatif,4330753.0,2334322.0,0
384,Spot,2328221.0,1254936.0,0
384,Taksitli,3492331.0,1882403.0,0
384,Teminat Mektubu,5161712.0,2782217.0,0
169,Rotatif,1178928.0,691988.0,0
169,Spot,735679.0,431817.0,0
169,Taksitli,1103518.0,647725.0,0
169,Teminat Mektubu,2391761.0,1403878.0,0
170,Rotatif,1335448.0,724957.0,0
170,Spot,683843.0,371229.0,0
170,Taksitli,1025765.0,556843.0,0
170,Teminat Mektubu,2862800.0,1554090.0,0
171,Rotatif,1339131.0,743708.0,0
171,Spot,474298.0,263409.0,0
171,Taksitli,711446.0,395113.0,0
171,Teminat Mektubu,3738829.0,2076418.0,0
172,Rotatif,811262.0,487501.0,0
172,Spot,330956.0,198877.0,0
172,Taksitli,496434.0,298315.0,0
172,Teminat Mektubu,4519153.0,2715631.0,0
173,Rotatif,998739.0,516292.0,0
173,Spot,352044.0,181987.0,0
173,Taksitli,528066.0,272980.0,0
173,Teminat Mektubu,5330012.0,2755319.0,0
61,Rotatif,55954266.0,44728876.0,0
61,Spot,23456523.0,18750741.0,0
61,Taksitli,35184785.0,28126111.0,0
61,Teminat Mektubu,52616260.0,42060532.0,0
62,Rotatif,73272511.0,56220362.0,0
62,Spot,27062010.0,20764076.0,0
62,Taksitli,40593015.0,31146114.0,0
62,Teminat Mektubu,64706512.0,49647862.0,0
63,Rotatif,51775330.0,40789578.0,0
63,Spot,39024765.0,30744444.0,0
63,Taksitli,58537148.0,46116666.0,0
63,Teminat Mektubu,68567808.0,54019008.0,0
64,Rotatif,65686798.0,50594349.0,0
64,Spot,39892193.0,30726410.0,0
64,Taksitli,59838289.0,46089616.0,0
64,Teminat Mektubu,75950915.0,58500143.0,0
65,Rotatif,73467263.0,60733703.0,0
65,Spot,33357693.0,27576041.0,0
65,Taksitli,50036540.0,41364061.0,0
65,Teminat Mektubu,72022549.0,59539391.0,0
1319,Rotatif,146752096.0,101004466.0,0
1319,Spot,133783505.0,92078627.0,0
1319,Taksitli,200675257.0,138117940.0,0
1319,Teminat Mektubu,182641807.0,125706132.0,0
1319,Akreditif,20045271.0,13796477.0,0
1320,Rotatif,284922180.0,200425076.0,0
1320,Spot,84690748.0,59574686.0,0
1320,Taksitli,127036122.0,89362030.0,0
1320,Teminat Mektubu,188501316.0,132598980.0,0
1320,Akreditif,20688363.0,14552980.0,0
1321,Rotatif,158612986.0,107985421.0,0
1321,Spot,107176602.0,72966980.0,0
1321,Taksitli,160764904.0,109450469.0,0
1321,Teminat Mektubu,161897185.0,110221339.0,0
1321,Akreditif,17768511.0,12096993.0,0
1322,Rotatif,143123150.0,91223925.0,0
1322,Spot,118065835.0,75252878.0,0
1322,Taksitli,177098753.0,112879317.0,0
1322,Teminat Mektubu,166350496.0,106028585.0,0
1322,Akreditif,18257270.0,11636830.0,0
1679,Rotatif,42459885.0,28574710.0,0
1679,Spot,17033275.0,11463076.0,0
1679,Taksitli,25549912.0,17194614.0,0
1679,Teminat Mektubu,12186370.0,8201199.0,0
1679,Akreditif,3455753.0,2325657.0,0
1680,Rotatif,31624774.0,21834681.0,0
1680,Spot,22673025.0,15654128.0,0
1680,Taksitli,34009537.0,23481192.0,0
1680,Teminat Mektubu,13369675.0,9230820.0,0
1680,Akreditif,8784788.0,6065278.0,0
1681,Rotatif,37162852.0,27200570.0,0
1681,Spot,16858637.0,12339326.0,0
1681,Taksitli,25287955.0,18508988.0,0
1681,Teminat Mektubu,12119543.0,8870645.0,0
1681,Akreditif,8704076.0,6370766.0,0
51,Rotatif,5563406.0,3558323.0,0
51,Spot,3713799.0,2375325.0,0
51,Taksitli,5570699.0,3562988.0,0
51,Teminat Mektubu,1863962.0,1192180.0,0
51,Akreditif,1214453.0,776758.0,0
52,Rotatif,4984220.0,3324253.0,0
52,Spot,3706106.0,2471808.0,0
52,Taksitli,5559159.0,3707712.0,0
52,Teminat Mektubu,1794180.0,1196638.0,0
52,Akreditif,1211534.0,808039.0,0
53,Rotatif,7876226.0,5020803.0,0
53,Spot,2902339.0,1850133.0,0
53,Taksitli,4353508.0,2775200.0,0
53,Teminat Mektubu,1923173.0,1225952.0,0
53,Akreditif,1440523.0,918280.0,0
54,Rotatif,6297968.0,4284806.0,0
54,Spot,3529109.0,2401021.0,0
54,Taksitli,5293664.0,3601531.0,0
54,Teminat Mektubu,1961807.0,1334711.0,0
54,Akreditif,1784779.0,1214270.0,0
521,Rotatif,120556945.0,82715900.0,0
521,Spot,53872428.0,36962668.0,0
521,Taksitli,80808642.0,55444002.0,0
521,Teminat Mektubu,31456719.0,21582919.0,0
522,Rotatif,90195664.0,56922149.0,0
522,Spot,62810366.0,39639389.0,0
522,Taksitli,94215550.0,59459084.0,0
522,Teminat Mektubu,30468736.0,19228706.0,0
523,Rotatif,105087795.0,70135422.0,0
523,Spot,48222384.0,32183540.0,0
523,Taksitli,72333577.0,48275310.0,0
523,Teminat Mektubu,27809385.0,18559938.0,0
524,Rotatif,102052800.0,70058154.0,0
524,Spot,54920145.0,37702091.0,0
524,Taksitli,82380218.0,56553137.0,0
524,Teminat Mektubu,29498996.0,20250745.0,0
1010,Rotatif,8835355.0,5141838.0,0
1010,Spot,7672288.0,4464978.0,0
1010,Taksitli,11508432.0,6697467.0,0
1010,Teminat Mektubu,11233833.0,6537661.0,0
830,Rotatif,2694058.0,1629782.0,0
830,Spot,1002700.0,606588.0,0
830,Taksitli,1504050.0,909882.0,0
830,Teminat Mektubu,760858.0,460284.0,0
831,Rotatif,2205924.0,1397482.0,0
831,Spot,1012309.0,641311.0,0
831,Taksitli,1518464.0,961967.0,0
831,Teminat Mektubu,692960.0,438999.0,0
1090,Rotatif,46419581.0,25984299.0,0
1090,Spot,13545225.0,7582213.0,0
1090,Taksitli,20317837.0,11373320.0,0
1090,Teminat Mektubu,41620085.0,23297684.0,0
1091,Rotatif,43199975.0,22753526.0,0
1091,Spot,14579280.0,7678940.0,0
1091,Taksitli,21868920.0,11518410.0,0
1091,Teminat Mektubu,41291164.0,21748151.0,0
1092,Rotatif,37070118.0,23929391.0,0
1092,Spot,16631580.0,10735967.0,0
1092,Taksitli,24947369.0,16103951.0,0
1092,Teminat Mektubu,40773207.0,26319797.0,0
1093,Rotatif,24076212.0,16241090.0,70
1093,Spot,21145912.0,14264397.0,0
1093,Taksitli,31718868.0,21396596.0,0
1093,Teminat Mektubu,39887708.0,26907050.0,0
1094,Rotatif,35735978.0,25537016.0,97
1094,Spot,16465203.0,11766074.0,0
1094,Taksitli,24697804.0,17649111.0,0
1094,Teminat Mektubu,39865930.0,28488290.0,0
48,Rotatif,17918455.0,10581455.0,0
48,Spot,5852162.0,3455900.0,0
48,Taksitli,8778243.0,5183850.0,0
48,Teminat Mektubu,17534651.0,10354806.0,0
48,Akreditif,2886280.0,1704446.0,0
1359,Rotatif,6173713.0,4106680.0,0
1359,Spot,2747845.0,1827834.0,0
1359,Taksitli,4121768.0,2741751.0,0
1359,Teminat Mektubu,3663257.0,2436755.0,0
1360,Rotatif,3903457.0,2409226.0,0
1360,Spot,3632695.0,2242111.0,0
1360,Taksitli,5449043.0,3363167.0,0
1360,Teminat Mektubu,3646931.0,2250897.0,0
1361,Rotatif,6039028.0,3953228.0,0
1361,Spot,2020988.0,1322965.0,0
1361,Taksitli,3031482.0,1984448.0,0
1361,Teminat Mektubu,3115080.0,2039173.0,0
690,Rotatif,70584525.0,37345129.0,0
690,Spot,24072124.0,12736171.0,0
690,Taksitli,36108187.0,19104257.0,0
690,Teminat Mektubu,47066064.0,24901892.0,0
691,Rotatif,43566916.0,20089257.0,0
691,Spot,35410309.0,16328142.0,0
691,Taksitli,53115464.0,24492213.0,0
691,Teminat Mektubu,47543997.0,21923139.0,0
692,Rotatif,66842803.0,27491093.0,0
692,Spot,26192262.0,10772348.0,0
692,Taksitli,39288393.0,16158522.0,0
692,Teminat Mektubu,47627057.0,19588045.0,0
1292,Rotatif,114520672.0,61984886.0,0
1292,Spot,54246881.0,29361395.0,0
1292,Taksitli,81370321.0,44042093.0,0
1292,Teminat Mektubu,90856281.0,49176416.0,0
1293,Rotatif,117388529.0,67550731.0,0
1293,Spot,51488740.0,29628977.0,0
1293,Taksitli,77233110.0,44443465.0,0
1293,Teminat Mektubu,89393395.0,51441050.0,0
1294,Rotatif,185419310.0,99966488.0,0
1294,Spot,56684326.0,30560641.0,0
1294,Taksitli,85026489.0,45840961.0,0
1294,Teminat Mektubu,118821777.0,64061266.0,0
1295,Rotatif,206740587.0,121499208.0,0
1295,Spot,137903203.0,81044222.0,0
1295,Taksitli,206854805.0,121566333.0,0
1295,Teminat Mektubu,221639727.0,130255272.0,0
1295,Akreditif,71237197.0,41865331.0,0
1296,Rotatif,173218944.0,108823372.0,115
1296,Spot,158671102.0,99683811.0,0
1296,Taksitli,238006654.0,149525716.0,0
1296,Teminat Mektubu,229033673.0,143888515.0,0
1296,Akreditif,73613684.0,46247190.0,0
1297,Rotatif,279673018.0,213458440.0,49
1297,Spot,82842446.0,63228907.0,0
1297,Taksitli,124263670.0,94843361.0,0
1297,Teminat Mektubu,195629862.0,149313100.0,0
1297,Akreditif,62877370.0,47990705.0,0
468,Rotatif,2208883.0,1438215.0,0
468,Spot,1547619.0,1007662.0,0
468,Taksitli,2321428.0,1511493.0,0
468,Teminat Mektubu,2299277.0,1497071.0,0
469,Rotatif,3447152.0,2045881.0,0
469,Spot,1365943.0,810686.0,0
469,Taksitli,2048914.0,1216028.0,0
469,Teminat Mektubu,2595894.0,1540660.0,0
666,Rotatif,66060767.0,31043680.0,0
666,Spot,22791611.0,10710373.0,0
666,Taksitli,34187416.0,16065560.0,0
666,Teminat Mektubu,21211471.0,9967824.0,0
1687,Rotatif,42930666.0,27634848.0,0
1687,Spot,14396542.0,9267181.0,0
1687,Taksitli,21594813.0,13900772.0,0
1687,Teminat Mektubu,12752039.0,8208600.0,0
1688,Rotatif,22892573.0,15157230.0,0
1688,Spot,21051117.0,13937997.0,0
1688,Taksitli,31576675.0,20906996.0,0
1688,Teminat Mektubu,12202408.0,8079245.0,0
1689,Rotatif,23761280.0,15608157.0,0
1689,Spot,21882085.0,14373764.0,0
1689,Taksitli,32823128.0,21560646.0,0
1689,Teminat Mektubu,12678436.0,8328130.0,0
1690,Rotatif,43992681.0,33681873.0,0
1690,Spot,11893430.0,9105901.0,0
1690,Taksitli,17840145.0,13658852.0,0
1690,Teminat Mektubu,11912520.0,9120517.0,0
1691,Rotatif,33689630.0,27950599.0,60
1691,Spot,15932763.0,13218616.0,0
1691,Taksitli,23899144.0,19827923.0,0
1691,Teminat Mektubu,11879441.0,9855778.0,0
1732,Rotatif,76868538.0,46404414.0,0
1732,Spot,69068029.0,41695360.0,0
1732,Taksitli,103602043.0,62543041.0,0
1732,Teminat Mektubu,67805114.0,40932958.0,0
1733,Rotatif,133170063.0,81280718.0,0
1733,Spot,44789687.0,27337510.0,0
1733,Taksitli,67184530.0,41006265.0,0
1733,Teminat Mektubu,66611079.0,40656257.0,0
1734,Rotatif,137224052.0,80963196.0,0
1734,Spot,41157473.0,24283211.0,0
1734,Taksitli,61736209.0,36424816.0,0
1734,Teminat Mektubu,65245256.0,38495179.0,0
1281,Rotatif,21122439.0,15159802.0,0
1281,Spot,10024879.0,7194963.0,0
1281,Taksitli,15037318.0,10792445.0,0
1281,Teminat Mektubu,21211980.0,15224066.0,0
751,Rotatif,313077737.0,170327149.0,0
751,Spot,179086687.0,97430514.0,0
751,Taksitli,268630030.0,146145771.0,0
751,Teminat Mektubu,269187763.0,146449201.0,0
751,Akreditif,110817736.0,60289400.0,0
752,Rotatif,417469208.0,243024701.0,0
752,Spot,159985886.0,93133868.0,0
752,Taksitli,239978829.0,139700802.0,0
752,Teminat Mektubu,289228199.0,168370733.0,0
752,Akreditif,119067872.0,69313936.0,0
753,Rotatif,270186628.0,150252939.0,0
753,Spot,244285427.0,135849075.0,0
753,Taksitli,366428140.0,203773612.0,0
753,Teminat Mektubu,311684124.0,173330028.0,0
753,Akreditif,128312403.0,71355551.0,0
754,Rotatif,482961653.0,283657463.0,0
754,Spot,145929312.0,85708540.0,0
754,Taksitli,218893967.0,128562810.0,0
754,Teminat Mektubu,299967131.0,176179444.0,0
754,Akreditif,123488816.0,72528583.0,0
596,Rotatif,3036674.0,2016575.0,0
596,Spot,2008744.0,1333954.0,0
596,Taksitli,3013115.0,2000930.0,0
596,Teminat Mektubu,1320627.0,876994.0,0
597,Rotatif,2650947.0,1836080.0,0
597,Spot,1907604.0,1321231.0,0
597,Taksitli,2861405.0,1981846.0,0
597,Teminat Mektubu,1215978.0,842202.0,0
598,Rotatif,2899151.0,1996941.0,0
598,Spot,1789346.0,1232505.0,0
598,Taksitli,2684018.0,1848758.0,0
598,Teminat Mektubu,1208203.0,832213.0,0
969,Rotatif,2677078.0,1667195.0,0
969,Spot,2284762.0,1422874.0,0
969,Taksitli,3427144.0,2134311.0,0
969,Teminat Mektubu,4132298.0,2573457.0,0
970,Rotatif,4129544.0,2319426.0,0
970,Spot,2310629.0,1297802.0,0
970,Taksitli,3465944.0,1946703.0,0
970,Teminat Mektubu,4879616.0,2740716.0,0
971,Rotatif,5584715.0,3122691.0,0
971,Spot,2108611.0,1179029.0,0
971,Taksitli,3162916.0,1768543.0,0
971,Teminat Mektubu,5347634.0,2990127.0,0
437,Rotatif,30180520.0,20715984.0,0
437,Spot,14787038.0,10149860.0,0
437,Taksitli,22180557.0,15224790.0,0
437,Teminat Mektubu,15737324.0,10802139.0,0
438,Rotatif,39408029.0,27995807.0,0
438,Spot,15738407.0,11180701.0,0
438,Taksitli,23607610.0,16771052.0,0
438,Teminat Mektubu,18457375.0,13112280.0,0
439,Rotatif,31320232.0,20772487.0,0
439,Spot,21877307.0,14509665.0,0
439,Taksitli,32815960.0,21764498.0,0
439,Teminat Mektubu,20158754.0,13369871.0,0
854,Rotatif,3682174.0,1600028.0,0
854,Spot,2039255.0,886124.0,0
854,Taksitli,3058883.0,1329187.0,0
854,Teminat Mektubu,3754482.0,1631448.0,0
855,Rotatif,4190017.0,1791713.0,0
855,Spot,2000701.0,855529.0,0
855,Taksitli,3001052.0,1283294.0,0
855,Teminat Mektubu,3930423.0,1680707.0,0
856,Rotatif,4013504.0,1725001.0,0
856,Spot,1797549.0,772585.0,0
856,Taksitli,2696323.0,1158878.0,0
856,Teminat Mektubu,3637774.0,1563513.0,0
857,Rotatif,2884521.0,1280583.0,0
857,Spot,2087964.0,926952.0,0
857,Taksitli,3131946.0,1390428.0,0
857,Teminat Mektubu,3465474.0,1538497.0,0
1449,Rotatif,36214559.0,24767315.0,0
1449,Spot,12225967.0,8361399.0,0
1449,Taksitli,18338950.0,12542098.0,0
1449,Teminat Mektubu,18722684.0,12804536.0,0
1450,Rotatif,22527469.0,14923425.0,0
1450,Spot,18540084.0,12281964.0,0
1450,Taksitli,27810126.0,18422946.0,0
1450,Teminat Mektubu,19310949.0,12792627.0,0
1451,Rotatif,23815353.0,16112154.0,0
1451,Spot,19385971.0,13115478.0,0
1451,Taksitli,29078956.0,19673217.0,0
1451,Teminat Mektubu,20264921.0,13710128.0,0
1452,Rotatif,28844221.0,23110268.0,0
1452,Spot,19236849.0,15412748.0,0
1452,Taksitli,28855273.0,23119123.0,0
1452,Teminat Mektubu,21570323.0,17282350.0,0
196,Rotatif,32903484.0,19456516.0,0
196,Spot,13358586.0,7899210.0,0
196,Taksitli,20037879.0,11848816.0,0
196,Teminat Mektubu,9983748.0,5903598.0,0
197,Rotatif,22904789.0,14667675.0,0
197,Spot,19192075.0,12290142.0,0
197,Taksitli,28788112.0,18435213.0,0
197,Teminat Mektubu,10674182.0,6835489.0,0
198,Rotatif,28153981.0,17012967.0,0
198,Spot,25989263.0,15704865.0,0
198,Taksitli,38983895.0,23557298.0,0
198,Teminat Mektubu,14023509.0,8474165.0,0
1434,Rotatif,7286200.0,3356044.0,0
1434,Spot,3684525.0,1697102.0,0
1434,Taksitli,5526788.0,2545653.0,0
1434,Teminat Mektubu,7029433.0,3237776.0,0
1434,Akreditif,2790260.0,1285201.0,0
467,Rotatif,28116752.0,17085474.0,0
467,Spot,16591866.0,10082242.0,0
467,Taksitli,24887799.0,15123363.0,0
467,Teminat Mektubu,26459192.0,16078238.0,0
766,Rotatif,65027273.0,33667668.0,0
766,Spot,48943322.0,25340253.0,0
766,Taksitli,73414983.0,38010379.0,0
766,Teminat Mektubu,81210481.0,42046473.0,0
767,Rotatif,101595872.0,50587182.0,0
767,Spot,41165631.0,20497420.0,0
767,Taksitli,61748446.0,30746130.0,0
767,Teminat Mektubu,88631960.0,44132119.0,0
768,Rotatif,104032897.0,57805573.0,0
768,Spot,42892674.0,23833188.0,0
768,Taksitli,64339011.0,35749782.0,0
768,Teminat Mektubu,91559331.0,50874673.0,0
1412,Rotatif,8389029.0,5739321.0,0
1412,Spot,6614478.0,4525269.0,0
1412,Taksitli,9921717.0,6787903.0,0
1412,Teminat Mektubu,9317406.0,6374466.0,0
1413,Rotatif,11131838.0,7453847.0,0
1413,Spot,7616247.0,5099817.0,0
1413,Taksitli,11424371.0,7649726.0,0
1413,Teminat Mektubu,11278897.0,7552317.0,0
1414,Rotatif,12799721.0,9283747.0,0
1414,Spot,7383081.0,5355012.0,0
1414,Taksitli,11074622.0,8032517.0,0
1414,Teminat Mektubu,11684473.0,8474848.0,0
1415,Rotatif,19648170.0,14938287.0,0
1415,Spot,5305071.0,4033387.0,0
1415,Taksitli,7957607.0,6050080.0,0
1415,Teminat Mektubu,12302547.0,9353491.0,0
1245,Rotatif,4771958.0,2214913.0,0
1245,Spot,1688777.0,783849.0,0
1245,Taksitli,2533165.0,1175773.0,0
1245,Teminat Mektubu,2689894.0,1248519.0,0
1246,Rotatif,4395119.0,2366992.0,0
1246,Spot,2624476.0,1413412.0,0
1246,Taksitli,3936714.0,2120118.0,0
1246,Teminat Mektubu,3276811.0,1764727.0,0
1247,Rotatif,6679726.0,3556878.0,0
1247,Spot,1859569.0,990199.0,0
1247,Taksitli,2789353.0,1485299.0,0
1247,Teminat Mektubu,3388170.0,1804162.0,0
1248,Rotatif,4822979.0,2727705.0,0
1248,Spot,2490698.0,1408650.0,0
1248,Taksitli,3736046.0,2112974.0,0
1248,Teminat Mektubu,3304749.0,1869048.0,0
309,Rotatif,2959516.0,2016989.0,0
309,Spot,1674942.0,1141518.0,0
309,Taksitli,2512413.0,1712277.0,0
309,Teminat Mektubu,2662687.0,1814692.0,0
310,Rotatif,4382385.0,2764288.0,0
310,Spot,1252355.0,789951.0,0
310,Taksitli,1878533.0,1184927.0,0
310,Teminat Mektubu,2799196.0,1765656.0,0
311,Rotatif,3970865.0,2528094.0,0
311,Spot,1461165.0,930267.0,0
311,Taksitli,2191748.0,1395400.0,0
311,Teminat Mektubu,2840367.0,1808350.0,0
563,Rotatif,2747555.0,2251213.0,0
563,Spot,1267758.0,1038739.0,0
563,Taksitli,1901637.0,1558109.0,0
563,Teminat Mektubu,2877259.0,2357486.0,0
564,Rotatif,3137304.0,2439804.0,0
564,Spot,1358361.0,1056364.0,0
564,Taksitli,2037541.0,1584545.0,0
564,Teminat Mektubu,3176928.0,2470618.0,0
565,Rotatif,4022524.0,3105961.0,0
565,Spot,1109632.0,856794.0,0
565,Taksitli,1664448.0,1285191.0,0
565,Teminat Mektubu,3305012.0,2551940.0,0
1232,Rotatif,3993552.0,2227087.0,0
1232,Spot,3021131.0,1684796.0,0
1232,Taksitli,4531697.0,2527195.0,0
1232,Teminat Mektubu,2336275.0,1302872.0,0
1232,Akreditif,1245301.0,694468.0,0
1233,Rotatif,5284022.0,3151115.0,0
1233,Spot,3116315.0,1858407.0,0
1233,Taksitli,4674472.0,2787611.0,0
1233,Teminat Mektubu,2645534.0,1577658.0,0
1233,Akreditif,1410146.0,840937.0,0
1234,Rotatif,6636462.0,3889296.0,0
1234,Spot,3572378.0,2093590.0,0
1234,Taksitli,5358567.0,3140386.0,0
1234,Teminat Mektubu,3149882.0,1845987.0,0
1234,Akreditif,1678978.0,983964.0,0
1350,Rotatif,182229374.0,112333896.0,0
1350,Spot,49531072.0,30533049.0,0
1350,Taksitli,74296608.0,45799573.0,0
1350,Teminat Mektubu,168672483.0,103976855.0,0
1350,Akreditif,20114994.0,12399733.0,0
1351,Rotatif,118845352.0,65818128.0,0
1351,Spot,98616935.0,54615363.0,0
1351,Taksitli,147925403.0,81923044.0,0
1351,Teminat Mektubu,201370457.0,111521622.0,0
1351,Akreditif,24014382.0,13299482.0,0
1352,Rotatif,126993583.0,66062154.0,0
1352,Spot,101520837.0,52811213.0,0
1352,Taksitli,152281256.0,79216820.0,0
1352,Teminat Mektubu,209862022.0,109170376.0,0
1352,Akreditif,25027041.0,13019085.0,0
1353,Rotatif,156577705.0,86274339.0,0
1353,Spot,82815893.0,45631569.0,0
1353,Taksitli,124223839.0,68447353.0,0
1353,Teminat Mektubu,200394845.0,110417589.0,0
1353,Akreditif,23898036.0,13167821.0,0
191,Rotatif,68002478.0,39542144.0,0
191,Spot,50344839.0,29274564.0,0
191,Taksitli,75517259.0,43911846.0,0
191,Teminat Mektubu,22047994.0,12820488.0,0
192,Rotatif,94886097.0,60920757.0,0
192,Spot,37136095.0,23842893.0,0
192,Taksitli,55704143.0,35764339.0,0
192,Teminat Mektubu,21349899.0,13707509.0,0
193,Rotatif,81016122.0,49432833.0,0
193,Spot,46981572.0,28666297.0,0
193,Taksitli,70472358.0,42999445.0,0
193,Teminat Mektubu,22571770.0,13772401.0,0
1068,Rotatif,65608357.0,42111682.0,0
1068,Spot,21139094.0,13568436.0,0
1068,Taksitli,31708641.0,20352655.0,0
1068,Teminat Mektubu,51872703.0,33295252.0,0
1069,Rotatif,57756998.0,37369278.0,0
1069,Spot,20937499.0,13546743.0,0
1069,Taksitli,31406249.0,20320115.0,0
1069,Teminat Mektubu,48213842.0,31194773.0,0
702,Rotatif,5404751.0,3219938.0,0
702,Spot,2737679.0,1631001.0,0
702,Taksitli,4106519.0,2446502.0,0
702,Teminat Mektubu,4711136.0,2806709.0,0
703,Rotatif,6915901.0,4076279.0,0
703,Spot,2231636.0,1315342.0,0
703,Taksitli,3347455.0,1973013.0,0
703,Teminat Mektubu,4805768.0,2832552.0,0
704,Rotatif,4068149.0,2441544.0,0
704,Spot,3300162.0,1980628.0,0
704,Taksitli,4950243.0,2970942.0,0
704,Teminat Mektubu,4737907.0,2843506.0,0
705,Rotatif,7949491.0,4894775.0,0
705,Spot,3523972.0,2169831.0,0
705,Taksitli,5285958.0,3254746.0,0
705,Teminat Mektubu,6445933.0,3968983.0,0
1027,Rotatif,6373159.0,3997580.0,0
1027,Spot,2744719.0,1721631.0,0
1027,Taksitli,4117078.0,2582447.0,0
1027,Teminat Mektubu,5645605.0,3541220.0,0
1028,Rotatif,5185949.0,2657427.0,0
1028,Spot,3474964.0,1780670.0,0
1028,Taksitli,5212446.0,2671005.0,0
1028,Teminat Mektubu,5917927.0,3032514.0,0
4,Rotatif,2869186.0,2147367.0,0
4,Spot,2497051.0,1868852.0,0
4,Taksitli,3745577.0,2803278.0,0
4,Teminat Mektubu,2859966.0,2140466.0,0
4,Akreditif,1038807.0,777468.0,0
5,Rotatif,3949319.0,2954134.0,0
5,Spot,1850289.0,1384037.0,0
5,Taksitli,2775434.0,2076055.0,0
5,Teminat Mektubu,2691487.0,2013261.0,0
5,Akreditif,977612.0,731264.0,0
6,Rotatif,4021217.0,2943394.0,0
6,Spot,1933631.0,1415352.0,0
6,Taksitli,2900447.0,2123028.0,0
6,Teminat Mektubu,2779451.0,2034463.0,0
6,Akreditif,1009562.0,738965.0,0
100,Rotatif,3148548.0,2467256.0,0
100,Spot,1279305.0,1002485.0,0
100,Taksitli,1918957.0,1503728.0,0
100,Teminat Mektubu,2548151.0,1996775.0,0
101,Rotatif,2336006.0,1743316.0,0
101,Spot,1633493.0,1219044.0,0
101,Taksitli,2450240.0,1828567.0,0
101,Teminat Mektubu,2577431.0,1923487.0,0
1403,Rotatif,23865682.0,11671661.0,0
1403,Spot,17428753.0,8523640.0,0
1403,Taksitli,26143129.0,12785460.0,0
1403,Teminat Mektubu,22781022.0,11141201.0,0
1404,Rotatif,41264610.0,18732719.0,0
1404,Spot,11311052.0,5134830.0,0
1404,Taksitli,16966578.0,7702245.0,0
1404,Teminat Mektubu,23492001.0,10664563.0,0
1383,Rotatif,1807575.0,1220939.0,0
1383,Spot,1441040.0,973361.0,0
1383,Taksitli,2161560.0,1460041.0,0
1383,Teminat Mektubu,1767541.0,1193898.0,0
1384,Rotatif,3246152.0,1961596.0,0
1384,Spot,866281.0,523479.0,0
1384,Taksitli,1299421.0,785219.0,0
1384,Teminat Mektubu,1768089.0,1068427.0,0
1314,Rotatif,127919759.0,92357287.0,0
1314,Spot,47996040.0,34652848.0,0
1314,Taksitli,71994059.0,51979272.0,0
1314,Teminat Mektubu,33084510.0,23886814.0,0
1315,Rotatif,118170647.0,91215859.0,0
1315,Spot,49435057.0,38158894.0,0
1315,Taksitli,74152585.0,57238341.0,0
1315,Teminat Mektubu,32263560.0,24904224.0,0
1316,Rotatif,102707518.0,83354924.0,0
1316,Spot,61130043.0,49611656.0,0
1316,Taksitli,91695065.0,74417484.0,0
1316,Teminat Mektubu,34101797.0,27676189.0,0
1317,Rotatif,144241036.0,119717016.0,0
1317,Spot,45270211.0,37573319.0,0
1317,Taksitli,67905316.0,56359979.0,0
1317,Teminat Mektubu,34353215.0,28512444.0,0
1318,Rotatif,164950091.0,124113208.0,0
1318,Spot,49164655.0,36992905.0,0
1318,Taksitli,73746982.0,55489358.0,0
1318,Teminat Mektubu,38416238.0,28905486.0,0
1591,Rotatif,38084936.0,20940058.0,0
1591,Spot,14256929.0,7838819.0,0
1591,Taksitli,21385393.0,11758229.0,0
1591,Teminat Mektubu,12508263.0,6877359.0,0
1591,Akreditif,1390814.0,764705.0,0
354,Rotatif,2142418.0,1001200.0,0
354,Spot,813643.0,380234.0,0
354,Taksitli,1220464.0,570351.0,0
354,Teminat Mektubu,1405820.0,656971.0,0
355,Rotatif,2000611.0,864734.0,0
355,Spot,986229.0,426283.0,0
355,Taksitli,1479344.0,639424.0,0
355,Teminat Mektubu,1503320.0,649787.0,0
356,Rotatif,1490997.0,683956.0,0
356,Spot,1248036.0,572504.0,0
356,Taksitli,1872054.0,858756.0,0
356,Teminat Mektubu,1552094.0,711982.0,0
357,Rotatif,2658884.0,1268847.0,0
357,Spot,709897.0,338770.0,0
357,Taksitli,1064845.0,508155.0,0
357,Teminat Mektubu,1492360.0,712170.0,0
412,Rotatif,48652782.0,25125980.0,0
412,Spot,44415636.0,22937771.0,0
412,Taksitli,66623454.0,34406656.0,0
412,Teminat Mektubu,19696679.0,10172046.0,0
413,Rotatif,66450917.0,34936583.0,0
413,Spot,32668916.0,17175689.0,0
413,Taksitli,49003373.0,25763534.0,0
413,Teminat Mektubu,18269779.0,9605340.0,0
414,Rotatif,67615855.0,32709000.0,0
414,Spot,38897781.0,18816704.0,0
414,Taksitli,58346672.0,28225056.0,0
414,Teminat Mektubu,20334163.0,9836600.0,0
415,Rotatif,79158229.0,39656834.0,0
415,Spot,27760380.0,13907446.0,0
415,Taksitli,41640570.0,20861169.0,0
415,Teminat Mektubu,18323552.0,9179767.0,0
1668,Rotatif,497396055.0,269502877.0,0
1668,Spot,183114537.0,99216498.0,0
1668,Taksitli,274671806.0,148824746.0,0
1668,Teminat Mektubu,137666547.0,74591525.0,0
1669,Rotatif,417399637.0,240309410.0,0
1669,Spot,174880352.0,100683831.0,0
1669,Taksitli,262320529.0,151025746.0,0
1669,Teminat Mektubu,123170091.0,70912692.0,0
1670,Rotatif,350872786.0,191844934.0,0
1670,Spot,294947810.0,161267118.0,0
1670,Taksitli,442421714.0,241900677.0,0
1670,Teminat Mektubu,156843930.0,85756760.0,0
1671,Rotatif,378184998.0,226538384.0,0
1671,Spot,256412373.0,153594788.0,0
1671,Taksitli,384618559.0,230392182.0,0
1671,Teminat Mektubu,146895440.0,87992532.0,0
607,Rotatif,1472555.0,784801.0,0
607,Spot,1205423.0,642432.0,0
607,Taksitli,1808134.0,963649.0,0
607,Teminat Mektubu,737381.0,392989.0,0
607,Akreditif,456075.0,243066.0,0
608,Rotatif,2635930.0,1484105.0,0
608,Spot,721583.0,406272.0,0
608,Taksitli,1082375.0,609408.0,0
608,Teminat Mektubu,758459.0,427034.0,0
608,Akreditif,643569.0,362348.0,0
580,Rotatif,132795631.0,74466817.0,0
580,Spot,103880796.0,58252460.0,0
580,Taksitli,155821194.0,87378690.0,0
580,Teminat Mektubu,72154532.0,40461559.0,0
581,Rotatif,222839806.0,159283038.0,36
581,Spot,61901512.0,44246407.0,0
581,Taksitli,92852268.0,66369611.0,0
581,Teminat Mektubu,69414659.0,49616708.0,0
582,Rotatif,192553785.0,172330659.0,86
582,Spot,54906737.0,49140110.0,0
582,Taksitli,82360106.0,73710165.0,0
582,Teminat Mektubu,60632350.0,54264385.0,0
583,Rotatif,172398190.0,142206922.0,107
583,Spot,77020559.0,63532318.0,0
583,Taksitli,115530838.0,95298477.0,0
583,Teminat Mektubu,67090258.0,55341063.0,0
1438,Rotatif,50104399.0,35388546.0,0
1438,Spot,16429786.0,11604295.0,0
1438,Taksitli,24644678.0,17406443.0,0
1438,Teminat Mektubu,20118943.0,14209933.0,0
1438,Akreditif,4890450.0,3454106.0,0
1439,Rotatif,45072791.0,32274064.0,0
1439,Spot,18749223.0,13425252.0,0
1439,Taksitli,28123834.0,20137879.0,0
1439,Teminat Mektubu,20309453.0,14542445.0,0
1439,Akreditif,5033160.0,3603960.0,0
1440,Rotatif,50713242.0,36151548.0,0
1440,Spot,17941883.0,12790088.0,0
1440,Taksitli,26912824.0,19185132.0,0
1440,Teminat Mektubu,21370930.0,15234526.0,0
1440,Akreditif,6479684.0,4619121.0,0
1532,Rotatif,5058176.0,3452315.0,0
1532,Spot,1873303.0,1278570.0,0
1532,Taksitli,2809955.0,1917855.0,0
1532,Teminat Mektubu,1300047.0,887310.0,0
1533,Rotatif,3954547.0,2534820.0,0
1533,Spot,2602266.0,1668023.0,0
1533,Taksitli,3903399.0,2502034.0,0
1533,Teminat Mektubu,1395972.0,894802.0,0
1534,Rotatif,5863990.0,3888413.0,0
1534,Spot,1694951.0,1123922.0,0
1534,Taksitli,2542426.0,1685884.0,0
1534,Teminat Mektubu,1348082.0,893914.0,0
423,Rotatif,30202048.0,20763175.0,0
423,Spot,12419222.0,8537914.0,0
423,Taksitli,18628833.0,12806871.0,0
423,Teminat Mektubu,21813741.0,14996418.0,0
424,Rotatif,20085829.0,14385503.0,0
424,Spot,14244563.0,10201979.0,0
424,Taksitli,21366845.0,15302968.0,0
424,Teminat Mektubu,19836132.0,14206670.0,0
1620,Rotatif,145590791.0,96862094.0,0
1620,Spot,90396767.0,60141305.0,0
1620,Taksitli,135595151.0,90211958.0,0
1620,Teminat Mektubu,90150577.0,59977514.0,0
1621,Rotatif,175584096.0,115242794.0,0
1621,Spot,82476302.0,54132463.0,0
1621,Taksitli,123714453.0,81198694.0,0
1621,Teminat Mektubu,92623317.0,60792350.0,0
1765,Rotatif,9864352.0,6231745.0,0
1765,Spot,3043462.0,1922689.0,0
1765,Taksitli,4565194.0,2884034.0,0
1765,Teminat Mektubu,6186882.0,3908526.0,0
1766,Rotatif,11670127.0,7880676.0,0
1766,Spot,3992109.0,2695816.0,0
1766,Taksitli,5988163.0,4043725.0,0
1766,Teminat Mektubu,7666022.0,5176760.0,0
1767,Rotatif,8329751.0,5932190.0,0
1767,Spot,5197996.0,3701852.0,0
1767,Taksitli,7796994.0,5552777.0,0
1767,Teminat Mektubu,7550712.0,5377383.0,0
685,Rotatif,120220139.0,65434674.0,0
685,Spot,46845209.0,25497400.0,0
685,Taksitli,70267814.0,38246101.0,0
685,Teminat Mektubu,63292965.0,34449757.0,0
685,Akreditif,5905140.0,3214112.0,0
686,Rotatif,78547818.0,43094649.0,0
686,Spot,73138063.0,40126629.0,0
686,Taksitli,109707095.0,60189944.0,0
686,Teminat Mektubu,69709333.0,38245483.0,0
686,Akreditif,6503778.0,3568247.0,0
687,Rotatif,104241361.0,56541738.0,0
687,Spot,62598969.0,33954415.0,0
687,Taksitli,93898453.0,50931623.0,0
687,Teminat Mektubu,69534870.0,37716530.0,0
687,Akreditif,6487501.0,3518897.0,0
746,Rotatif,97788318.0,63632003.0,0
746,Spot,31761365.0,20667492.0,0
746,Taksitli,47642047.0,31001238.0,0
746,Teminat Mektubu,72514327.0,47185922.0,0
747,Rotatif,63012356.0,41530627.0,0
747,Spot,47776631.0,31488958.0,0
747,Taksitli,71664946.0,47233438.0,0
747,Teminat Mektubu,74667843.0,49212608.0,0
748,Rotatif,73808115.0,49658084.0,0
748,Spot,43190781.0,29058749.0,0
748,Taksitli,64786171.0,43588123.0,0
748,Teminat Mektubu,74394115.0,50052345.0,0
749,Rotatif,58337955.0,39595020.0,0
749,Spot,54367689.0,36900329.0,0
749,Taksitli,81551533.0,55350494.0,0
749,Teminat Mektubu,79498228.0,53956879.0,0
305,Rotatif,5567788.0,3960715.0,0
305,Spot,5028754.0,3577267.0,0
305,Taksitli,7543132.0,5365900.0,0
305,Teminat Mektubu,2836339.0,2017665.0,0
306,Rotatif,6642247.0,4443904.0,0
306,Spot,5071009.0,3392689.0,0
306,Taksitli,7606514.0,5089033.0,0
306,Teminat Mektubu,3020860.0,2021065.0,0
307,Rotatif,6297259.0,4297002.0,0
307,Spot,5101231.0,3480879.0,0
307,Taksitli,7651847.0,5221319.0,0
307,Teminat Mektubu,2978731.0,2032569.0,0
688,Rotatif,26255783.0,14168293.0,0
688,Spot,12997063.0,7013548.0,0
688,Taksitli,19495595.0,10520323.0,0
688,Teminat Mektubu,20542688.0,11085361.0,0
689,Rotatif,35612261.0,17941694.0,0
689,Spot,10746098.0,5413956.0,0
689,Taksitli,16119148.0,8120934.0,0
689,Teminat Mektubu,21846638.0,11006481.0,0
397,Rotatif,21069502.0,11879326.0,0
397,Spot,17472613.0,9851342.0,0
397,Taksitli,26208920.0,14777013.0,0
397,Teminat Mektubu,10607649.0,5980764.0,0
1385,Rotatif,183426898.0,112963050.0,0
1385,Spot,57426318.0,35365871.0,0
1385,Taksitli,86139477.0,53048807.0,0
1385,Teminat Mektubu,82494107.0,50803814.0,0
1385,Akreditif,41784410.0,25732837.0,0
1386,Rotatif,174667288.0,104238241.0,0
1386,Spot,69742007.0,41620753.0,0
1386,Taksitli,104613010.0,62431130.0,0
1386,Teminat Mektubu,88051764.0,52547681.0,0
1386,Akreditif,44599440.0,26616130.0,0
697,Rotatif,21335855.0,11226070.0,0
697,Spot,15803011.0,8314910.0,0
697,Taksitli,23704516.0,12472364.0,0
697,Teminat Mektubu,48009798.0,25260828.0,0
698,Rotatif,16627748.0,9302535.0,0
698,Spot,10538715.0,5895974.0,0
698,Taksitli,15808073.0,8843961.0,0
698,Teminat Mektubu,77207333.0,43194301.0,0
699,Rotatif,13990927.0,8119898.0,0
699,Spot,10024821.0,5818094.0,0
699,Taksitli,15037231.0,8727140.0,0
699,Teminat Mektubu,84880101.0,49261765.0,0
700,Rotatif,20273710.0,11506251.0,0
700,Spot,6997897.0,3971624.0,0
700,Taksitli,10496845.0,5957437.0,0
700,Teminat Mektubu,82611548.0,46885807.0,0
701,Rotatif,19369503.0,11135648.0,0
701,Spot,7222925.0,4152504.0,0
701,Taksitli,10834387.0,6228757.0,0
701,Teminat Mektubu,91428595.0,52562870.0,0
1048,Rotatif,7234708.0,3911398.0,0
1048,Spot,4501247.0,2433570.0,0
1048,Taksitli,6751871.0,3650355.0,0
1048,Teminat Mektubu,7017408.0,3793916.0,0
1048,Akreditif,2459670.0,1329805.0,0
1049,Rotatif,6858794.0,3130790.0,0
1049,Spot,5930257.0,2706947.0,0
1049,Taksitli,8895385.0,4060420.0,0
1049,Teminat Mektubu,8234155.0,3758592.0,0
1049,Akreditif,2895142.0,1321527.0,0
1050,Rotatif,6936575.0,3638223.0,0
1050,Spot,5138816.0,2695301.0,0
1050,Taksitli,7708224.0,4042951.0,0
1050,Teminat Mektubu,7840677.0,4112423.0,0
1050,Akreditif,3621401.0,1899419.0,0
1051,Rotatif,11969533.0,5643163.0,0
1051,Spot,5003958.0,2359169.0,0
1051,Taksitli,7505938.0,3538754.0,0
1051,Teminat Mektubu,10595774.0,4995490.0,0
1051,Akreditif,7149762.0,3370831.0,0
1163,Rotatif,4269203.0,1900203.0,0
1163,Spot,3512800.0,1563531.0,0
1163,Taksitli,5269199.0,2345297.0,0
1163,Teminat Mektubu,5532526.0,2462502.0,0
1164,Rotatif,5426496.0,2460090.0,0
1164,Spot,2538475.0,1150812.0,0
1164,Taksitli,3807712.0,1726218.0,0
1164,Teminat Mektubu,4990550.0,2262455.0,0
1165,Rotatif,6194314.0,2750183.0,0
1165,Spot,2642826.0,1173375.0,0
1165,Taksitli,3964238.0,1760063.0,0
1165,Teminat Mektubu,5426623.0,2409340.0,0
1166,Rotatif,6623860.0,2745268.0,0
1166,Spot,2583337.0,1070667.0,0
1166,Taksitli,3875005.0,1606001.0,0
1166,Teminat Mektubu,5545667.0,2298409.0,0
1220,Rotatif,1765922.0,1238199.0,0
1220,Spot,1385914.0,971752.0,0
1220,Taksitli,2078871.0,1457627.0,0
1220,Teminat Mektubu,3052719.0,2140453.0,0
1220,Akreditif,464368.0,325598.0,0
1221,Rotatif,1926854.0,1407282.0,0
1221,Spot,989297.0,722535.0,0
1221,Taksitli,1483946.0,1083803.0,0
1221,Teminat Mektubu,3898832.0,2847520.0,0
1221,Akreditif,465237.0,339787.0,0
1222,Rotatif,1905175.0,1423159.0,0
1222,Spot,973778.0,727409.0,0
1222,Taksitli,1460666.0,1091113.0,0
1222,Teminat Mektubu,3958451.0,2956949.0,0
1222,Akreditif,465189.0,347495.0,0
1223,Rotatif,1905157.0,1417054.0,0
1223,Spot,622034.0,462668.0,0
1223,Taksitli,933051.0,694003.0,0
1223,Teminat Mektubu,5828626.0,4335326.0,0
1223,Akreditif,520733.0,387321.0,0
1224,Rotatif,1422785.0,1083316.0,0
1224,Spot,722521.0,550131.0,0
1224,Taksitli,1083782.0,825197.0,0
1224,Teminat Mektubu,6051987.0,4608015.0,0
1224,Akreditif,520297.0,396157.0,0
1225,Rotatif,1277609.0,852706.0,0
1225,Spot,699849.0,467096.0,0
1225,Taksitli,1049773.0,700644.0,0
1225,Teminat Mektubu,7899998.0,5272648.0,0
1225,Akreditif,612580.0,408850.0,0
559,Rotatif,18904157.0,13356038.0,0
559,Spot,14873967.0,10508655.0,0
559,Taksitli,22310950.0,15762983.0,0
559,Teminat Mektubu,10602566.0,7490854.0,0
560,Rotatif,26883940.0,20024357.0,0
560,Spot,10400751.0,7746943.0,0
560,Taksitli,15601127.0,11620415.0,0
560,Teminat Mektubu,9997052.0,7446250.0,0
561,Rotatif,25464032.0,20340272.0,0
561,Spot,10775162.0,8607032.0,0
561,Taksitli,16162743.0,12910548.0,0
561,Teminat Mektubu,9905584.0,7912426.0,0
562,Rotatif,27921423.0,21158905.0,0
562,Spot,10514396.0,7967829.0,0
562,Taksitli,15771594.0,11951743.0,0
562,Teminat Mektubu,10246874.0,7765100.0,0
615,Rotatif,7104499.0,3475793.0,0
615,Spot,2877431.0,1407749.0,0
615,Taksitli,4316146.0,2111624.0,0
615,Teminat Mektubu,1808024.0,884554.0,0
616,Rotatif,7480322.0,4185529.0,0
616,Spot,2326406.0,1301714.0,0
616,Taksitli,3489609.0,1952571.0,0
616,Teminat Mektubu,1681352.0,940781.0,0
878,Rotatif,466984132.0,303432998.0,0
878,Spot,144868957.0,94131725.0,0
878,Taksitli,217303436.0,141197588.0,0
878,Teminat Mektubu,390895617.0,253992847.0,0
879,Rotatif,280930220.0,193293332.0,0
879,Spot,174068550.0,119767428.0,0
879,Taksitli,261102825.0,179651143.0,0
879,Teminat Mektubu,337597265.0,232282950.0,0
880,Rotatif,287631944.0,193293119.0,0
880,Spot,209292069.0,140647510.0,0
880,Taksitli,313938104.0,210971266.0,0
880,Teminat Mektubu,382270945.0,256891992.0,0
881,Rotatif,422730707.0,305250374.0,0
881,Spot,123483645.0,89166527.0,0
881,Taksitli,185225468.0,133749790.0,0
881,Teminat Mektubu,344828282.0,248997672.0,0
1696,Rotatif,115607140.0,63191314.0,0
1696,Spot,43739200.0,23908018.0,0
1696,Taksitli,65608800.0,35862026.0,0
1696,Teminat Mektubu,49972966.0,27315418.0,0
1697,Rotatif,130660228.0,76690117.0,0
1697,Spot,36125374.0,21203538.0,0
1697,Taksitli,54188060.0,31805307.0,0
1697,Teminat Mektubu,49088495.0,28812153.0,0
1698,Rotatif,102106323.0,59464714.0,0
1698,Spot,50103224.0,29179132.0,0
1698,Taksitli,75154836.0,43768698.0,0
1698,Teminat Mektubu,50508170.0,29414965.0,0
611,Rotatif,210977385.0,115641489.0,0
611,Spot,58966993.0,32321146.0,0
611,Taksitli,88450490.0,48481719.0,0
611,Teminat Mektubu,54835020.0,30056318.0,0
612,Rotatif,120992346.0,66777940.0,0
612,Spot,95292762.0,52593859.0,0
612,Taksitli,142939144.0,78890789.0,0
612,Teminat Mektubu,54961917.0,30334511.0,0
613,Rotatif,153851503.0,93582946.0,0
613,Spot,67445760.0,41025098.0,0
613,Taksitli,101168639.0,61537646.0,0
613,Teminat Mektubu,49337827.0,30010622.0,0
614,Rotatif,163780084.0,88968854.0,0
614,Spot,80387809.0,43668382.0,0
614,Taksitli,120581713.0,65502572.0,0
614,Teminat Mektubu,55807306.0,30315725.0,0
1043,Rotatif,45746029.0,30599637.0,0
1043,Spot,42535393.0,28452035.0,0
1043,Taksitli,63803089.0,42678052.0,0
1043,Teminat Mektubu,47664699.0,31883041.0,0
1043,Akreditif,13069597.0,8742287.0,0
1044,Rotatif,63443641.0,41160527.0,0
1044,Spot,45535120.0,29541961.0,0
1044,Taksitli,68302680.0,44312941.0,0
1044,Teminat Mektubu,56339231.0,36551378.0,0
1044,Akreditif,17929182.0,11631971.0,0
1045,Rotatif,64717543.0,42479126.0,0
1045,Spot,48921947.0,32111256.0,0
1045,Taksitli,73382921.0,48166883.0,0
1045,Teminat Mektubu,62470527.0,41004236.0,0
1045,Akreditif,29432627.0,19318908.0,0
1046,Rotatif,70079284.0,42326794.0,0
1046,Spot,60051080.0,36269915.0,0
1046,Taksitli,90076620.0,54404873.0,0
1046,Teminat Mektubu,78769089.0,47575300.0,0
1046,Akreditif,52721177.0,31842768.0,0
1237,Rotatif,6365340.0,3966104.0,0
1237,Spot,1810368.0,1128001.0,0
1237,Taksitli,2715553.0,1692001.0,0
1237,Teminat Mektubu,4348666.0,2709558.0,0
1238,Rotatif,6167992.0,4167785.0,0
1238,Spot,1717258.0,1160371.0,0
1238,Taksitli,2575886.0,1740557.0,0
1238,Teminat Mektubu,4176925.0,2822398.0,0
1239,Rotatif,6180027.0,3839254.0,0
1239,Spot,1883764.0,1170261.0,0
1239,Taksitli,2825645.0,1755392.0,0
1239,Teminat Mektubu,4347937.0,2701094.0,0
1240,Rotatif,6604678.0,4235267.0,0
1240,Spot,1785864.0,1145190.0,0
1240,Taksitli,2678796.0,1717785.0,0
1240,Teminat Mektubu,4419768.0,2834188.0,0
1729,Rotatif,8192545.0,4694914.0,0
1729,Spot,2689884.0,1541496.0,0
1729,Taksitli,4034826.0,2312243.0,0
1729,Teminat Mektubu,2574507.0,1475377.0,0
1730,Rotatif,8195131.0,5069257.0,0
1730,Spot,2377132.0,1470421.0,0
1730,Taksitli,3565699.0,2205632.0,0
1730,Teminat Mektubu,2440012.0,1509317.0,0
1731,Rotatif,5599654.0,3217019.0,0
1731,Spot,3994283.0,2294728.0,0
1731,Taksitli,5991424.0,3442092.0,0
1731,Teminat Mektubu,2689813.0,1545306.0,0
55,Rotatif,71518760.0,49350032.0,0
55,Spot,47261357.0,32611716.0,0
55,Taksitli,70892035.0,48917574.0,0
55,Teminat Mektubu,59439185.0,41014773.0,0
56,Rotatif,110313197.0,77378946.0,0
56,Spot,34864540.0,24455653.0,0
56,Taksitli,52296809.0,36683480.0,0
56,Teminat Mektubu,61884289.0,43408596.0,0
57,Rotatif,86692249.0,67688544.0,0
57,Spot,43452535.0,33927357.0,0
57,Taksitli,65178803.0,50891035.0,0
57,Teminat Mektubu,61210224.0,47792404.0,0
58,Rotatif,93544070.0,76636438.0,0
58,Spot,35225022.0,28858272.0,0
58,Taksitli,52837533.0,43287408.0,0
58,Teminat Mektubu,56911622.0,46625126.0,0
59,Rotatif,133055575.0,119051536.0,42
59,Spot,20844358.0,18650499.0,0
59,Taksitli,31266537.0,27975748.0,0
59,Teminat Mektubu,58027201.0,51919865.0,0
60,Rotatif,111879015.0,105282491.0,58
60,Spot,25673406.0,24159671.0,0
60,Taksitli,38510109.0,36239506.0,0
60,Teminat Mektubu,55174222.0,51921082.0,0
232,Rotatif,3778461.0,2704756.0,0
232,Spot,1370441.0,981010.0,0
232,Taksitli,2055661.0,1471515.0,0
232,Teminat Mektubu,907501.0,649621.0,0
233,Rotatif,3330237.0,2546300.0,0
233,Spot,1566104.0,1197443.0,0
233,Taksitli,2349156.0,1796165.0,0
233,Teminat Mektubu,912657.0,697818.0,0
234,Rotatif,4632839.0,4059872.0,0
234,Spot,963969.0,844750.0,0
234,Taksitli,1445953.0,1267125.0,0
234,Teminat Mektubu,887120.0,777405.0,0
440,Rotatif,12858077.0,7977386.0,0
440,Spot,5458923.0,3386815.0,0
440,Taksitli,8188384.0,5080223.0,0
440,Teminat Mektubu,11366128.0,7051754.0,0
440,Akreditif,1864126.0,1156538.0,0
86,Rotatif,1875284416.0,888577396.0,0
86,Spot,1010794071.0,478950689.0,0
86,Taksitli,1516191106.0,718426034.0,0
86,Teminat Mektubu,855604567.0,405416305.0,0
87,Rotatif,1746801846.0,956476326.0,0
87,Spot,880229061.0,481976968.0,0
87,Taksitli,1320343592.0,722965452.0,0
87,Teminat Mektubu,767193280.0,420083258.0,0
88,Rotatif,2145780615.0,1069867763.0,0
88,Spot,846809798.0,422212084.0,0
88,Taksitli,1270214697.0,633318126.0,0
88,Teminat Mektubu,828498902.0,413082428.0,0
89,Rotatif,2011592852.0,916572231.0,0
89,Spot,1034997851.0,471591599.0,0
89,Taksitli,1552496777.0,707387399.0,0
89,Teminat Mektubu,893857173.0,407281554.0,0
727,Rotatif,52568275.0,31163964.0,0
727,Spot,14917904.0,8843757.0,0
727,Taksitli,22376856.0,13265635.0,0
727,Teminat Mektubu,14184134.0,8408757.0,0
728,Rotatif,39332101.0,24332933.0,0
728,Spot,19577597.0,12111744.0,0
728,Taksitli,29366395.0,18167616.0,0
728,Teminat Mektubu,13933648.0,8620097.0,0
672,Rotatif,100504908.0,75805976.0,0
672,Spot,28105196.0,21198386.0,0
672,Taksitli,42157794.0,31797579.0,0
672,Teminat Mektubu,75748903.0,57133723.0,0
673,Rotatif,89352729.0,56653434.0,0
673,Spot,28737848.0,18221019.0,0
673,Taksitli,43106771.0,27331528.0,0
673,Teminat Mektubu,71503616.0,45336337.0,0
107,Rotatif,176498725.0,111400134.0,0
107,Spot,53853537.0,33990564.0,0
107,Taksitli,80780305.0,50985846.0,0
107,Teminat Mektubu,87116794.0,54985227.0,0
108,Rotatif,175398561.0,106685362.0,0
108,Spot,62471449.0,37997970.0,0
108,Taksitli,93707174.0,56996955.0,0
108,Teminat Mektubu,92841265.0,56470270.0,0
109,Rotatif,143256824.0,94578092.0,0
109,Spot,61741238.0,40761538.0,0
109,Taksitli,92611857.0,61142308.0,0
109,Teminat Mektubu,83330466.0,55014738.0,0
110,Rotatif,146447701.0,97235020.0,0
110,Spot,68822056.0,45694906.0,0
110,Taksitli,103233084.0,68542359.0,0
110,Teminat Mektubu,89180463.0,59212019.0,0
832,Rotatif,39187891.0,23300559.0,0
832,Spot,17998900.0,10701888.0,0
832,Taksitli,26998350.0,16052832.0,0
832,Teminat Mektubu,23711526.0,14098534.0,0
833,Rotatif,32112806.0,17867361.0,0
833,Spot,22792570.0,12681641.0,0
833,Taksitli,34188855.0,19022462.0,0
833,Teminat Mektubu,25094217.0,13962263.0,0
834,Rotatif,32072645.0,18865158.0,0
834,Spot,22384799.0,13166758.0,0
834,Taksitli,33577198.0,19750137.0,0
834,Teminat Mektubu,24795774.0,14584896.0,0
835,Rotatif,27507359.0,16618159.0,0
835,Spot,24461988.0,14778344.0,0
835,Taksitli,36692982.0,22167516.0,0
835,Teminat Mektubu,24972568.0,15086803.0,0
389,Rotatif,213947047.0,134293194.0,0
389,Spot,77843051.0,48861586.0,0
389,Taksitli,116764577.0,73292379.0,0
389,Teminat Mektubu,178419776.0,111992954.0,0
390,Rotatif,150725675.0,97375743.0,0
390,Spot,118369243.0,76471995.0,0
390,Taksitli,177553865.0,114707992.0,0
390,Teminat Mektubu,195055841.0,126015077.0,0
1466,Rotatif,1924382.0,1150207.0,0
1466,Spot,851992.0,509238.0,0
1466,Taksitli,1277989.0,763856.0,0
1466,Teminat Mektubu,1798121.0,1074741.0,0
1466,Akreditif,286112.0,171010.0,0
1467,Rotatif,1331360.0,865498.0,0
1467,Spot,1027444.0,667927.0,0
1467,Taksitli,1541166.0,1001890.0,0
1467,Teminat Mektubu,1729647.0,1124419.0,0
1467,Akreditif,275217.0,178915.0,0
1468,Rotatif,1311587.0,867833.0,0
1468,Spot,1115033.0,737780.0,0
1468,Taksitli,1672550.0,1106671.0,0
1468,Teminat Mektubu,1817993.0,1202905.0,0
1468,Akreditif,289274.0,191403.0,0
1469,Rotatif,2259327.0,1639564.0,0
1469,Spot,1060567.0,769639.0,0
1469,Taksitli,1590850.0,1154459.0,0
1469,Teminat Mektubu,2177928.0,1580494.0,0
1469,Akreditif,346546.0,251484.0,0
492,Rotatif,6777683.0,5054924.0,0
492,Spot,2113512.0,1576297.0,0
492,Taksitli,3170268.0,2364446.0,0
492,Teminat Mektubu,6459418.0,4817556.0,0
493,Rotatif,5789252.0,3949020.0,0
493,Spot,3376718.0,2303360.0,0
493,Taksitli,5065077.0,3455039.0,0
493,Teminat Mektubu,7621321.0,5198729.0,0
494,Rotatif,9416295.0,6790770.0,0
494,Spot,2775208.0,2001403.0,0
494,Taksitli,4162812.0,3002104.0,0
494,Teminat Mektubu,8758420.0,6316329.0,0
647,Rotatif,999004.0,760368.0,0
647,Spot,918814.0,699334.0,0
647,Taksitli,1378221.0,1049001.0,0
647,Teminat Mektubu,1897690.0,1444382.0,0
647,Akreditif,553650.0,421397.0,0
648,Rotatif,1336830.0,1095368.0,0
648,Spot,681337.0,558272.0,0
648,Taksitli,1022006.0,837408.0,0
648,Teminat Mektubu,1750375.0,1434218.0,0
648,Akreditif,510671.0,418432.0,0
649,Rotatif,1289546.0,1030092.0,0
649,Spot,983526.0,785643.0,0
649,Taksitli,1475288.0,1178464.0,0
649,Teminat Mektubu,2158113.0,1723906.0,0
649,Akreditif,629628.0,502948.0,0
650,Rotatif,2314215.0,1978453.0,0
650,Spot,510078.0,436072.0,0
650,Taksitli,765117.0,654108.0,0
650,Teminat Mektubu,2066597.0,1766761.0,0
650,Akreditif,602928.0,515451.0,0
651,Rotatif,1230870.0,1013442.0,0
651,Spot,1110767.0,914555.0,0
651,Taksitli,1666151.0,1371833.0,0
651,Teminat Mektubu,2307478.0,1899872.0,0
651,Akreditif,673205.0,554286.0,0
1630,Rotatif,175574501.0,116674358.0,0
1630,Spot,155877219.0,103584942.0,0
1630,Taksitli,233815829.0,155377413.0,0
1630,Teminat Mektubu,151499559.0,100675859.0,0
1033,Rotatif,5969062.0,3574481.0,0
1033,Spot,2258969.0,1352749.0,0
1033,Taksitli,3388453.0,2029123.0,0
1033,Teminat Mektubu,3553044.0,2127686.0,0
1635,Rotatif,183475994.0,112142084.0,0
1635,Spot,74466195.0,45514370.0,0
1635,Taksitli,111699293.0,68271555.0,0
1635,Teminat Mektubu,132671721.0,81090081.0,0
1636,Rotatif,134847464.0,81393553.0,0
1636,Spot,94857955.0,57255997.0,0
1636,Taksitli,142286932.0,85883996.0,0
1636,Teminat Mektubu,133515495.0,80589581.0,0
1637,Rotatif,200668319.0,127332571.0,0
1637,Spot,60467439.0,38369159.0,0
1637,Taksitli,90701159.0,57553738.0,0
1637,Teminat Mektubu,126281307.0,80130853.0,0
989,Rotatif,9247650.0,5729194.0,0
989,Spot,3605661.0,2233814.0,0
989,Taksitli,5408491.0,3350721.0,0
989,Teminat Mektubu,6056319.0,3752069.0,0
990,Rotatif,6184199.0,4493347.0,0
990,Spot,3697376.0,2686458.0,0
990,Taksitli,5546064.0,4029688.0,0
990,Teminat Mektubu,5116401.0,3717501.0,0
991,Rotatif,7039884.0,5120384.0,0
991,Spot,3852246.0,2801889.0,0
991,Taksitli,5778368.0,4202834.0,0
991,Teminat Mektubu,5528581.0,4021154.0,0
992,Rotatif,5964879.0,5001189.0,0
992,Spot,3767107.0,3158491.0,0
992,Taksitli,5650661.0,4737736.0,0
992,Teminat Mektubu,5101480.0,4277281.0,0
1545,Rotatif,16560970.0,10328040.0,0
1545,Spot,5437950.0,3391309.0,0
1545,Taksitli,8156924.0,5086963.0,0
1545,Teminat Mektubu,14614052.0,9113869.0,0
1546,Rotatif,13279404.0,8000763.0,0
1546,Spot,6539876.0,3940237.0,0
1546,Taksitli,9809814.0,5910355.0,0
1546,Teminat Mektubu,14358779.0,8651080.0,0
1547,Rotatif,9105582.0,5810427.0,0
1547,Spot,7051588.0,4499739.0,0
1547,Taksitli,10577382.0,6749608.0,0
1547,Teminat Mektubu,12956033.0,8267466.0,0
1548,Rotatif,8774481.0,5712944.0,0
1548,Spot,6225727.0,4053486.0,0
1548,Taksitli,9338591.0,6080229.0,0
1548,Teminat Mektubu,11795009.0,7679569.0,0
779,Rotatif,30265859.0,20928378.0,0
779,Spot,19017465.0,13150285.0,0
779,Taksitli,28526198.0,19725428.0,0
779,Teminat Mektubu,41454119.0,28664888.0,0
780,Rotatif,40859245.0,28944861.0,0
780,Spot,22482422.0,15926642.0,0
780,Taksitli,33723633.0,23889964.0,0
780,Teminat Mektubu,51712907.0,36633641.0,0
781,Rotatif,47657082.0,32975569.0,0
781,Spot,20834935.0,14416405.0,0
781,Taksitli,31252402.0,21624608.0,0
781,Teminat Mektubu,53140244.0,36769556.0,0
782,Rotatif,63318531.0,43625528.0,0
782,Spot,17655081.0,12164089.0,0
782,Taksitli,26482621.0,18246133.0,0
782,Teminat Mektubu,57248822.0,39443589.0,0
1,Rotatif,19451088.0,11761508.0,0
1,Spot,12771269.0,7722415.0,0
1,Taksitli,19156903.0,11583623.0,0
1,Teminat Mektubu,9347553.0,5652194.0,0
2,Rotatif,19781121.0,12269087.0,0
2,Spot,11942082.0,7406983.0,0
2,Taksitli,17913122.0,11110475.0,0
2,Teminat Mektubu,9800321.0,6078573.0,0
3,Rotatif,12889272.0,8070405.0,0
3,Spot,11627984.0,7280670.0,0
3,Taksitli,17441976.0,10921005.0,0
3,Teminat Mektubu,21769776.0,13630786.0,0
1249,Rotatif,18780696.0,7966878.0,0
1249,Spot,10731787.0,4552485.0,0
1249,Taksitli,16097681.0,6828728.0,0
1249,Teminat Mektubu,58598395.0,24857773.0,0
1250,Rotatif,18065564.0,8323572.0,0
1250,Spot,7153658.0,3295994.0,0
1250,Taksitli,10730487.0,4943991.0,0
1250,Teminat Mektubu,66360296.0,30575006.0,0
1251,Rotatif,18225101.0,9045351.0,0
1251,Spot,5088654.0,2525564.0,0
1251,Taksitli,7632981.0,3788346.0,0
1251,Teminat Mektubu,67059245.0,33282364.0,0
1252,Rotatif,14472866.0,6057607.0,0
1252,Spot,5299964.0,2218296.0,0
1252,Taksitli,7949947.0,3327444.0,0
1252,Teminat Mektubu,90275695.0,37784825.0,0
1253,Rotatif,7812305.0,3802248.0,0
1253,Spot,6192108.0,3013698.0,0
1253,Taksitli,9288161.0,4520547.0,0
1253,Teminat Mektubu,80067912.0,38969043.0,0
977,Rotatif,8355025.0,4654624.0,0
977,Spot,2552067.0,1421769.0,0
977,Taksitli,3828101.0,2132653.0,0
977,Teminat Mektubu,6042597.0,3366359.0,0
977,Akreditif,186343.0,103813.0,0
978,Rotatif,8852307.0,4639368.0,0
978,Spot,2878401.0,1508529.0,0
978,Taksitli,4317601.0,2262793.0,0
978,Teminat Mektubu,6581079.0,3449049.0,0
978,Akreditif,202949.0,106363.0,0
979,Rotatif,5684584.0,2949287.0,0
979,Spot,4100685.0,2127526.0,0
979,Taksitli,6151027.0,3191288.0,0
979,Teminat Mektubu,6535145.0,3390577.0,0
979,Akreditif,201533.0,104560.0,0
1009,Rotatif,31873827.0,17661425.0,0
1009,Spot,9220946.0,5109366.0,0
1009,Taksitli,13831420.0,7664049.0,0
1009,Teminat Mektubu,8632984.0,4783573.0,0
1009,Akreditif,512239.0,283834.0,0
538,Rotatif,6300365.0,3818105.0,0
538,Spot,2380672.0,1442719.0,0
538,Taksitli,3571007.0,2164078.0,0
538,Teminat Mektubu,5521837.0,3346307.0,0
539,Rotatif,5987690.0,4422182.0,0
539,Spot,2082997.0,1538389.0,0
539,Taksitli,3124496.0,2307583.0,0
539,Teminat Mektubu,5045524.0,3726349.0,0
540,Rotatif,7368412.0,6836233.0,39
540,Spot,1338203.0,1241553.0,0
540,Taksitli,2007305.0,1862329.0,0
540,Teminat Mektubu,4828625.0,4479880.0,0
541,Rotatif,8195363.0,7497142.0,48
541,Spot,872816.0,798455.0,0
541,Taksitli,1309224.0,1197682.0,0
541,Teminat Mektubu,4676961.0,4278497.0,0
542,Rotatif,7245776.0,7053522.0,0
542,Spot,1282551.0,1248521.0,0
542,Taksitli,1923827.0,1872781.0,0
542,Teminat Mektubu,4710650.0,4585661.0,0
459,Rotatif,41494251.0,29439496.0,0
459,Spot,11523075.0,8175435.0,0
459,Taksitli,17284613.0,12263152.0,0
459,Teminat Mektubu,34452416.0,24443429.0,0
459,Akreditif,9642073.0,6840894.0,0
460,Rotatif,40290867.0,36444507.0,0
460,Spot,10924487.0,9881583.0,0
460,Taksitli,16386731.0,14822375.0,0
460,Teminat Mektubu,33129315.0,29966632.0,0
460,Akreditif,9271782.0,8386653.0,0
461,Rotatif,44673783.0,42916922.0,55
461,Spot,9344834.0,8977335.0,0
461,Taksitli,14017251.0,13466002.0,0
461,Teminat Mektubu,33341896.0,32030678.0,0
461,Akreditif,9331276.0,8964310.0,0
462,Rotatif,50959724.0,46857254.0,96
462,Spot,7860988.0,7228145.0,0
462,Taksitli,11791481.0,10842218.0,0
462,Teminat Mektubu,34604459.0,31818656.0,0
462,Akreditif,9684625.0,8904972.0,0
556,Rotatif,5853234.0,2666314.0,0
556,Spot,3103797.0,1413867.0,0
556,Taksitli,4655695.0,2120801.0,0
556,Teminat Mektubu,5518261.0,2513724.0,0
557,Rotatif,6289741.0,3330304.0,0
557,Spot,2412565.0,1277409.0,0
557,Taksitli,3618847.0,1916114.0,0
557,Teminat Mektubu,4994690.0,2644598.0,0
558,Rotatif,6880055.0,3373770.0,0
558,Spot,2540274.0,1245673.0,0
558,Taksitli,3810411.0,1868510.0,0
558,Teminat Mektubu,5363413.0,2630055.0,0
1150,Rotatif,48078385.0,38256874.0,0
1150,Spot,21410600.0,17036816.0,0
1150,Taksitli,32115899.0,25555224.0,0
1150,Teminat Mektubu,22372116.0,17801913.0,0
1151,Rotatif,42759370.0,34237064.0,0
1151,Spot,26116892.0,20911574.0,0
1151,Taksitli,39175338.0,31367360.0,0
1151,Teminat Mektubu,23791602.0,19049734.0,0
1152,Rotatif,62545815.0,50836563.0,0
1152,Spot,26499161.0,21538232.0,0
1152,Taksitli,39748742.0,32307349.0,0
1152,Teminat Mektubu,28358756.0,23049691.0,0
30,Rotatif,7023984.0,3733533.0,0
30,Spot,3251146.0,1728116.0,0
30,Taksitli,4876719.0,2592174.0,0
30,Teminat Mektubu,4557374.0,2422429.0,0
31,Rotatif,10205269.0,4579847.0,0
31,Spot,3487208.0,1564964.0,0
31,Taksitli,5230812.0,2347446.0,0
31,Teminat Mektubu,5691748.0,2554301.0,0
32,Rotatif,9490265.0,4229165.0,0
32,Spot,3856757.0,1718694.0,0
32,Taksitli,5785136.0,2578041.0,0
32,Teminat Mektubu,5754571.0,2564421.0,0
870,Rotatif,3088777.0,1784248.0,0
870,Spot,1515990.0,875720.0,0
870,Taksitli,2273985.0,1313580.0,0
870,Teminat Mektubu,3650017.0,2108452.0,0
871,Rotatif,2099727.0,1229263.0,0
871,Spot,1908340.0,1117218.0,0
871,Taksitli,2862510.0,1675827.0,0
871,Teminat Mektubu,3645679.0,2134325.0,0
872,Rotatif,2123502.0,1326086.0,0
872,Spot,1576890.0,984737.0,0
872,Taksitli,2365335.0,1477105.0,0
872,Teminat Mektubu,3218608.0,2009957.0,0
1207,Rotatif,3769661.0,1670322.0,0
1207,Spot,2252600.0,998118.0,0
1207,Taksitli,3378899.0,1497177.0,0
1207,Teminat Mektubu,2959847.0,1311497.0,0
1207,Akreditif,271186.0,120161.0,0
1208,Rotatif,4050447.0,2520866.0,0
1208,Spot,1752288.0,1090567.0,0
1208,Taksitli,2628432.0,1635850.0,0
1208,Teminat Mektubu,2654456.0,1652046.0,0
1208,Akreditif,243206.0,151363.0,0
1209,Rotatif,4597040.0,2868407.0,45
1209,Spot,1580916.0,986442.0,0
1209,Taksitli,2371374.0,1479662.0,0
1209,Teminat Mektubu,2691658.0,1679509.0,0
1209,Akreditif,246614.0,153879.0,0
1210,Rotatif,3553127.0,2843046.0,116
1210,Spot,1540049.0,1232275.0,0
1210,Taksitli,2310073.0,1848412.0,0
1210,Teminat Mektubu,2330828.0,1865019.0,0
1210,Akreditif,213554.0,170876.0,0
803,Rotatif,3799307.0,2017027.0,0
803,Spot,1410410.0,748777.0,0
803,Taksitli,2115615.0,1123166.0,0
803,Teminat Mektubu,2580142.0,1369780.0,0
803,Akreditif,833471.0,442484.0,0
804,Rotatif,3704977.0,1918624.0,0
804,Spot,1564662.0,810261.0,0
804,Taksitli,2346994.0,1215392.0,0
804,Teminat Mektubu,2682744.0,1389260.0,0
804,Akreditif,866615.0,448777.0,0
1282,Rotatif,12705742.0,7793615.0,0
1282,Spot,6762248.0,4147917.0,0
1282,Taksitli,10143373.0,6221875.0,0
1282,Teminat Mektubu,10678772.0,6550285.0,0
503,Rotatif,362508501.0,184622532.0,0
503,Spot,155270979.0,79078204.0,0
503,Taksitli,232906468.0,118617306.0,0
503,Teminat Mektubu,273510014.0,139296351.0,0
504,Rotatif,333032884.0,168101777.0,0
504,Spot,183808631.0,92779299.0,0
504,Taksitli,275712946.0,139168948.0,0
504,Teminat Mektubu,288764672.0,145756941.0,0
505,Rotatif,332204318.0,175151026.0,0
505,Spot,171828708.0,90594772.0,0
505,Taksitli,257743062.0,135892159.0,0
505,Teminat Mektubu,277550671.0,146335500.0,0
506,Rotatif,589885542.0,236238214.0,0
506,Spot,175616927.0,70331321.0,0
506,Taksitli,263425391.0,105496981.0,0
506,Teminat Mektubu,374886561.0,150135112.0,0
860,Rotatif,337364788.0,235350399.0,0
860,Spot,152688409.0,106517572.0,0
860,Taksitli,229032614.0,159776357.0,0
860,Teminat Mektubu,366461739.0,255648838.0,0
861,Rotatif,330329066.0,238686384.0,0
861,Spot,268117714.0,193734231.0,0
861,Taksitli,402176572.0,290601347.0,0
861,Teminat Mektubu,509939381.0,368467687.0,0
997,Rotatif,35645405.0,17717600.0,0
997,Spot,16932465.0,8416306.0,0
997,Taksitli,25398697.0,12624460.0,0
997,Teminat Mektubu,29139110.0,14483637.0,0
997,Akreditif,1786140.0,887803.0,0
998,Rotatif,41918425.0,24269422.0,0
998,Spot,11846961.0,6859010.0,0
998,Taksitli,17770441.0,10288515.0,0
998,Teminat Mektubu,26732266.0,15477124.0,0
998,Akreditif,1638608.0,948701.0,0
999,Rotatif,28091137.0,16405212.0,0
999,Spot,22812081.0,13322246.0,0
999,Taksitli,34218121.0,19983368.0,0
999,Teminat Mektubu,31809044.0,18576468.0,0
999,Akreditif,1949799.0,1138682.0,0
1000,Rotatif,57930478.0,31675826.0,0
1000,Spot,16012638.0,8755556.0,0
1000,Taksitli,24018956.0,13133334.0,0
1000,Teminat Mektubu,36607505.0,20016631.0,0
1000,Akreditif,2243930.0,1226959.0,0
1340,Rotatif,257335291.0,194046204.0,0
1340,Spot,69689528.0,52550073.0,0
1340,Taksitli,104534292.0,78825110.0,0
1340,Teminat Mektubu,118424054.0,89298821.0,0
1340,Akreditif,7114084.0,5364445.0,0
1341,Rotatif,204234540.0,165499641.0,0
1341,Spot,92785855.0,75188192.0,0
1341,Taksitli,139178783.0,112782287.0,0
1341,Teminat Mektubu,119697333.0,96995668.0,0
1341,Akreditif,7190573.0,5826817.0,0
1342,Rotatif,182223047.0,148346869.0,0
1342,Spot,109456173.0,89107722.0,0
1342,Taksitli,164184260.0,133661583.0,0
1342,Teminat Mektubu,125093411.0,101837918.0,0
1342,Akreditif,7514732.0,6117705.0,0
1343,Rotatif,233018394.0,207782153.0,0
1343,Spot,75466143.0,67293047.0,0
1343,Taksitli,113199215.0,100939570.0,0
1343,Teminat Mektubu,115714158.0,103182141.0,0
1343,Akreditif,6951292.0,6198457.0,0
1344,Rotatif,229543543.0,206438179.0,0
1344,Spot,73723317.0,66302485.0,0
1344,Taksitli,110584976.0,99453728.0,0
1344,Teminat Mektubu,113565004.0,102133792.0,0
1344,Akreditif,6822186.0,6135479.0,0
1194,Rotatif,4434751.0,2182409.0,0
1194,Spot,2485894.0,1223347.0,0
1194,Taksitli,3728842.0,1835020.0,0
1194,Teminat Mektubu,5188103.0,2553145.0,0
1195,Rotatif,5237662.0,2797745.0,0
1195,Spot,1821519.0,972981.0,0
1195,Taksitli,2732278.0,1459471.0,0
1195,Teminat Mektubu,4770098.0,2547991.0,0
566,Rotatif,22772421.0,15971283.0,0
566,Spot,6523055.0,4574900.0,0
566,Taksitli,9784582.0,6862350.0,0
566,Teminat Mektubu,10026534.0,7032041.0,0
567,Rotatif,12541240.0,9216803.0,0
567,Spot,9463905.0,6955209.0,0
567,Taksitli,14195858.0,10432814.0,0
567,Teminat Mektubu,9287872.0,6825839.0,0
568,Rotatif,16696368.0,11684223.0,0
568,Spot,8284844.0,5797785.0,0
568,Taksitli,12427265.0,8696678.0,0
568,Teminat Mektubu,9597666.0,6716507.0,0
569,Rotatif,16003139.0,11219832.0,0
569,Spot,7807411.0,5473791.0,0
569,Taksitli,11711117.0,8210686.0,0
569,Teminat Mektubu,9113579.0,6389548.0,0
257,Rotatif,42698226.0,32401383.0,0
257,Spot,24165967.0,18338250.0,0
257,Taksitli,36248951.0,27507375.0,0
257,Teminat Mektubu,56539294.0,42904623.0,0
257,Akreditif,2825037.0,2143768.0,0
258,Rotatif,51532556.0,35709490.0,0
258,Spot,24005182.0,16634393.0,0
258,Taksitli,36007773.0,24951590.0,0
258,Teminat Mektubu,61162954.0,42382875.0,0
258,Akreditif,3056062.0,2117699.0,0
259,Rotatif,65962052.0,50736328.0,0
259,Spot,19302653.0,14847108.0,0
259,Taksitli,28953979.0,22270663.0,0
259,Teminat Mektubu,62628716.0,48172411.0,0
259,Akreditif,3129301.0,2406978.0,0
1419,Rotatif,1617137.0,934956.0,0
1419,Spot,852025.0,492603.0,0
1419,Taksitli,1278038.0,738904.0,0
1419,Teminat Mektubu,772002.0,446337.0,0
1420,Rotatif,1169728.0,744525.0,0
1420,Spot,902881.0,574679.0,0
1420,Taksitli,1354322.0,862019.0,0
1420,Teminat Mektubu,706020.0,449378.0,0
1421,Rotatif,1976117.0,1295475.0,0
1421,Spot,791602.0,518947.0,0
1421,Taksitli,1187403.0,778421.0,0
1421,Teminat Mektubu,814839.0,534181.0,0
1422,Rotatif,1226871.0,823543.0,0
1422,Spot,1095318.0,735238.0,0
1422,Taksitli,1642976.0,1102856.0,0
1422,Teminat Mektubu,816908.0,548354.0,0
39,Rotatif,8012098.0,5252779.0,0
39,Spot,2301430.0,1508831.0,0
39,Taksitli,3452145.0,2263247.0,0
39,Teminat Mektubu,6569353.0,4306907.0,0
39,Akreditif,695959.0,456275.0,0
40,Rotatif,9498510.0,6382614.0,0
40,Spot,2729160.0,1833885.0,0
40,Taksitli,4093740.0,2750827.0,0
40,Teminat Mektubu,7789020.0,5233906.0,0
40,Akreditif,825171.0,554481.0,0
41,Rotatif,6030686.0,4025901.0,0
41,Spot,4950239.0,3304628.0,0
41,Taksitli,7425358.0,4956942.0,0
41,Teminat Mektubu,8783978.0,5863915.0,0
41,Akreditif,930577.0,621225.0,0
1460,Rotatif,79184074.0,32908429.0,0
1460,Spot,36402752.0,15128767.0,0
1460,Taksitli,54604128.0,22693150.0,0
1460,Teminat Mektubu,64382479.0,26756975.0,0
1460,Akreditif,2938905.0,1221391.0,0
1461,Rotatif,80075296.0,37940708.0,0
1461,Spot,27371035.0,12968749.0,0
1461,Taksitli,41056553.0,19453124.0,0
1461,Teminat Mektubu,57519514.0,27253487.0,0
1461,Akreditif,6171887.0,2924320.0,0
1462,Rotatif,68754290.0,32222330.0,0
1462,Spot,35091301.0,16445861.0,0
1462,Taksitli,52636952.0,24668791.0,0
1462,Teminat Mektubu,60634006.0,28416684.0,0
1462,Akreditif,6567358.0,3077853.0,0
1463,Rotatif,77002725.0,36123241.0,0
1463,Spot,38628359.0,18121197.0,0
1463,Taksitli,57942538.0,27181795.0,0
1463,Teminat Mektubu,72023375.0,33787346.0,0
1463,Akreditif,20103242.0,9430761.0,0
238,Rotatif,22086096.0,14609099.0,0
238,Spot,6112332.0,4043072.0,0
238,Taksitli,9168499.0,6064607.0,0
238,Teminat Mektubu,7442933.0,4923212.0,0
238,Akreditif,4311019.0,2851573.0,0
239,Rotatif,13909074.0,8936561.0,0
239,Spot,9507732.0,6108704.0,0
239,Taksitli,14261597.0,9163056.0,0
239,Teminat Mektubu,7504974.0,4821936.0,0
239,Akreditif,4346954.0,2792912.0,0
240,Rotatif,19265367.0,11548234.0,0
240,Spot,9123431.0,5468856.0,0
240,Taksitli,13685146.0,8203283.0,0
240,Teminat Mektubu,8380500.0,5023521.0,0
240,Akreditif,4854067.0,2909672.0,0
241,Rotatif,14225158.0,8809897.0,0
241,Spot,11321075.0,7011346.0,0
241,Taksitli,16981612.0,10517018.0,0
241,Teminat Mektubu,8470911.0,5246188.0,0
241,Akreditif,4906434.0,3038643.0,0
948,Rotatif,235065735.0,125718045.0,0
948,Spot,146615074.0,78412792.0,0
948,Taksitli,219922611.0,117619188.0,0
948,Teminat Mektubu,245931817.0,131529452.0,0
949,Rotatif,345584951.0,185624035.0,0
949,Spot,110714549.0,59468102.0,0
949,Taksitli,166071823.0,89202154.0,0
949,Teminat Mektubu,254421608.0,136657471.0,0
950,Rotatif,326906422.0,182170259.0,0
950,Spot,123177581.0,68641331.0,0
950,Taksitli,184766371.0,102961996.0,0
950,Teminat Mektubu,259522969.0,144620488.0,0
951,Rotatif,312420510.0,189910714.0,0
951,Spot,133443522.0,81116168.0,0
951,Taksitli,200165282.0,121674251.0,0
951,Teminat Mektubu,264092852.0,160533833.0,0
952,Rotatif,229730362.0,131090743.0,0
952,Spot,183096897.0,104480349.0,0
952,Taksitli,274645346.0,156720523.0,0
952,Teminat Mektubu,281034617.0,160366425.0,0
1387,Rotatif,51958559.0,27860473.0,0
1387,Spot,16650052.0,8927852.0,0
1387,Taksitli,24975078.0,13391778.0,0
1387,Teminat Mektubu,16558334.0,8878672.0,0
1388,Rotatif,37461884.0,21074840.0,0
1388,Spot,23493654.0,13216767.0,0
1388,Taksitli,35240481.0,19825151.0,0
1388,Teminat Mektubu,17020549.0,9575209.0,0
1389,Rotatif,49768660.0,26065692.0,0
1389,Spot,23323126.0,12215186.0,0
1389,Taksitli,34984688.0,18322778.0,0
1389,Teminat Mektubu,19122631.0,10015231.0,0
1390,Rotatif,37880184.0,20800828.0,0
1390,Spot,25794783.0,14164473.0,0
1390,Taksitli,38692175.0,21246710.0,0
1390,Teminat Mektubu,18112444.0,9945934.0,0
1441,Rotatif,22156186.0,14184089.0,0
1441,Spot,10563363.0,6762521.0,0
1441,Taksitli,15845044.0,10143782.0,0
1441,Teminat Mektubu,6874825.0,4401169.0,0
1442,Rotatif,22460308.0,15766595.0,0
1442,Spot,10186429.0,7150627.0,0
1442,Taksitli,15279643.0,10725941.0,0
1442,Teminat Mektubu,6784479.0,4762541.0,0
1120,Rotatif,9652784.0,4898782.0,0
1120,Spot,5740290.0,2913194.0,0
1120,Taksitli,8610435.0,4369791.0,0
1120,Teminat Mektubu,3099934.0,1573215.0,0
1121,Rotatif,8843129.0,5113322.0,0
1121,Spot,4292398.0,2481974.0,0
1121,Taksitli,6438597.0,3722960.0,0
1121,Teminat Mektubu,2527901.0,1461697.0,0
1122,Rotatif,10098985.0,5327315.0,0
1122,Spot,5537086.0,2920868.0,0
1122,Taksitli,8305629.0,4381301.0,0
1122,Teminat Mektubu,3091952.0,1631035.0,0
1123,Rotatif,11605712.0,6505546.0,0
1123,Spot,4473665.0,2507699.0,0
1123,Taksitli,6710497.0,3761549.0,0
1123,Teminat Mektubu,2943199.0,1649801.0,0
1717,Rotatif,151208818.0,76989442.0,0
1717,Spot,70103226.0,35693740.0,0
1717,Taksitli,105154839.0,53540611.0,0
1717,Teminat Mektubu,174534833.0,88866110.0,0
1718,Rotatif,162832134.0,77572276.0,0
1718,Spot,50469231.0,24043246.0,0
1718,Taksitli,75703846.0,36064869.0,0
1718,Teminat Mektubu,154507176.0,73606314.0,0
1719,Rotatif,83285000.0,39796750.0,0
1719,Spot,72480806.0,34634094.0,0
1719,Taksitli,108721208.0,51951141.0,0
1719,Teminat Mektubu,141399325.0,67565992.0,0
882,Rotatif,1371525.0,794210.0,0
882,Spot,1232640.0,713786.0,0
882,Taksitli,1848959.0,1070679.0,0
882,Teminat Mektubu,993236.0,575154.0,0
883,Rotatif,1632085.0,1049943.0,0
883,Spot,1178064.0,757865.0,0
883,Taksitli,1767096.0,1136798.0,0
883,Teminat Mektubu,1020921.0,656773.0,0
884,Rotatif,1523648.0,980821.0,0
884,Spot,1206716.0,776801.0,0
884,Taksitli,1810074.0,1165202.0,0
884,Teminat Mektubu,1012711.0,651914.0,0
885,Rotatif,1761758.0,1432683.0,0
885,Spot,834728.0,678810.0,0
885,Taksitli,1252091.0,1018216.0,0
885,Teminat Mektubu,858397.0,698058.0,0
886,Rotatif,2353048.0,2044409.0,36
886,Spot,601661.0,522744.0,0
886,Taksitli,902492.0,784116.0,0
886,Teminat Mektubu,860320.0,747476.0,0
887,Rotatif,1548351.0,1311189.0,32
887,Spot,990228.0,838554.0,0
887,Taksitli,1485342.0,1257832.0,0
887,Teminat Mektubu,897506.0,760035.0,0
134,Rotatif,340841414.0,208117491.0,0
134,Spot,164786085.0,100618250.0,0
134,Taksitli,247179127.0,150927375.0,0
134,Teminat Mektubu,206087573.0,125836905.0,0
134,Akreditif,100661437.0,61463792.0,0
135,Rotatif,355966498.0,250293784.0,0
135,Spot,134481169.0,94558901.0,0
135,Taksitli,201721754.0,141838351.0,0
135,Teminat Mektubu,189487594.0,133236041.0,0
135,Akreditif,92553341.0,65077827.0,0
136,Rotatif,304725116.0,209952879.0,0
136,Spot,160577710.0,110636606.0,0
136,Taksitli,240866565.0,165954909.0,0
136,Teminat Mektubu,193320211.0,133195896.0,0
136,Akreditif,94425345.0,65058218.0,0
137,Rotatif,465173525.0,327586668.0,0
137,Spot,129937539.0,91505219.0,0
137,Taksitli,194906308.0,137257829.0,0
137,Teminat Mektubu,216274349.0,152305730.0,0
137,Akreditif,105637067.0,74392228.0,0
138,Rotatif,300833947.0,214822666.0,0
138,Spot,214078893.0,152871705.0,0
138,Taksitli,321118339.0,229307558.0,0
138,Teminat Mektubu,228871041.0,163434638.0,0
138,Akreditif,111789797.0,79828033.0,0
7,Rotatif,3622643.0,2227044.0,0
7,Spot,1741163.0,1070391.0,0
7,Taksitli,2611744.0,1605587.0,0
7,Teminat Mektubu,4274125.0,2627547.0,0
8,Rotatif,2768935.0,1885585.0,0
8,Spot,1838453.0,1251947.0,0
8,Taksitli,2757680.0,1877921.0,0
8,Teminat Mektubu,3946966.0,2687799.0,0
9,Rotatif,3861048.0,3075444.0,0
9,Spot,1305061.0,1039521.0,0
9,Taksitli,1957591.0,1559282.0,0
9,Teminat Mektubu,3817616.0,3040849.0,0
10,Rotatif,2754172.0,2273497.0,0
10,Spot,1990062.0,1642744.0,0
10,Taksitli,2985093.0,2464116.0,0
10,Teminat Mektubu,4142174.0,3419256.0,0
485,Rotatif,5171909.0,3466561.0,0
485,Spot,1446670.0,969656.0,0
485,Taksitli,2170005.0,1454483.0,0
485,Teminat Mektubu,18529553.0,12419753.0,0
486,Rotatif,3638346.0,2298882.0,0
486,Spot,1370660.0,866049.0,0
486,Taksitli,2055991.0,1299074.0,0
486,Teminat Mektubu,22263669.0,14067257.0,0
487,Rotatif,3049069.0,2072336.0,0
487,Spot,1391662.0,945860.0,0
487,Taksitli,2087493.0,1418789.0,0
487,Teminat Mektubu,20883920.0,14194006.0,0
1615,Rotatif,573729464.0,281479912.0,0
1615,Spot,269724178.0,132330554.0,0
1615,Taksitli,404586267.0,198495832.0,0
1615,Teminat Mektubu,627554003.0,307887004.0,0
1615,Akreditif,65740254.0,32253113.0,0
1616,Rotatif,490506501.0,256283141.0,0
1616,Spot,283814247.0,148289180.0,0
1616,Taksitli,425721371.0,222433770.0,0
1616,Teminat Mektubu,612555965.0,320052367.0,0
1616,Akreditif,82339752.0,43021428.0,0
1617,Rotatif,435319128.0,206563234.0,0
1617,Spot,394345110.0,187120657.0,0
1617,Taksitli,591517665.0,280680986.0,0
1617,Teminat Mektubu,798687564.0,378985153.0,0
1617,Akreditif,250865242.0,119038040.0,0
1115,Rotatif,845805745.0,468677214.0,0
1115,Spot,250538335.0,138828105.0,0
1115,Taksitli,375807503.0,208242158.0,0
1115,Teminat Mektubu,306390060.0,169776619.0,0
1116,Rotatif,829173865.0,509239410.0,0
1116,Spot,284265691.0,174582556.0,0
1116,Taksitli,426398536.0,261873834.0,0
1116,Teminat Mektubu,320477247.0,196821983.0,0
1117,Rotatif,584171030.0,346910998.0,0
1117,Spot,452668249.0,268817839.0,0
1117,Taksitli,679002373.0,403226759.0,0
1117,Teminat Mektubu,357107810.0,212069104.0,0
1118,Rotatif,497876088.0,325670739.0,0
1118,Spot,392460695.0,256716416.0,0
1118,Taksitli,588691043.0,385074623.0,0
1118,Teminat Mektubu,307821172.0,201352005.0,0
1119,Rotatif,704789162.0,414414339.0,0
1119,Spot,436468556.0,256642466.0,0
1119,Taksitli,654702835.0,384963698.0,0
1119,Teminat Mektubu,373782475.0,219783200.0,0
1040,Rotatif,42513565.0,26597121.0,0
1040,Spot,15144473.0,9474608.0,0
1040,Taksitli,22716709.0,14211912.0,0
1040,Teminat Mektubu,25984997.0,16256602.0,0
1041,Rotatif,36337809.0,21427215.0,0
1041,Spot,17697141.0,10435424.0,0
1041,Taksitli,26545711.0,15653136.0,0
1041,Teminat Mektubu,26051569.0,15361756.0,0
1042,Rotatif,38786920.0,25928307.0,0
1042,Spot,15748431.0,10527522.0,0
1042,Taksitli,23622647.0,15791283.0,0
1042,Teminat Mektubu,25268327.0,16891388.0,0
116,Rotatif,2764433.0,1934394.0,0
116,Spot,2557447.0,1789557.0,0
116,Taksitli,3836170.0,2684335.0,0
116,Teminat Mektubu,2018947.0,1412745.0,0
117,Rotatif,5704756.0,4226252.0,0
117,Spot,1672105.0,1238745.0,0
117,Taksitli,2508157.0,1858117.0,0
117,Teminat Mektubu,2179211.0,1614424.0,0
118,Rotatif,4053636.0,2644192.0,0
118,Spot,3015171.0,1966800.0,0
118,Taksitli,4522756.0,2950200.0,0
118,Teminat Mektubu,2555429.0,1666910.0,0
119,Rotatif,4616208.0,3313398.0,0
119,Spot,2820238.0,2024296.0,0
119,Taksitli,4230356.0,3036444.0,0
119,Teminat Mektubu,2572016.0,1846129.0,0
1070,Rotatif,307543815.0,196694687.0,0
1070,Spot,87576574.0,56011033.0,0
1070,Taksitli,131364860.0,84016549.0,0
1070,Teminat Mektubu,219614179.0,140457847.0,0
1071,Rotatif,310937417.0,198599066.0,0
1071,Spot,114868365.0,73367658.0,0
1071,Taksitli,172302547.0,110051486.0,0
1071,Teminat Mektubu,249490503.0,159352262.0,0
1072,Rotatif,286097233.0,176178077.0,0
1072,Spot,138007260.0,84984582.0,0
1072,Taksitli,207010891.0,127476873.0,0
1072,Teminat Mektubu,263258823.0,162114232.0,0
1323,Rotatif,11549518.0,7570439.0,0
1323,Spot,3646458.0,2390168.0,0
1323,Taksitli,5469687.0,3585252.0,0
1323,Teminat Mektubu,8011623.0,5251431.0,0
1324,Rotatif,6646579.0,4575252.0,0
1324,Spot,5691901.0,3918088.0,0
1324,Taksitli,8537852.0,5877132.0,0
1324,Teminat Mektubu,8093295.0,5571116.0,0
1325,Rotatif,6753439.0,4936047.0,0
1325,Spot,5664921.0,4140456.0,0
1325,Taksitli,8497382.0,6210685.0,0
1325,Teminat Mektubu,8108573.0,5926507.0,0
1326,Rotatif,7605833.0,5788656.0,0
1326,Spot,5736626.0,4366038.0,0
1326,Taksitli,8604939.0,6549056.0,0
1326,Teminat Mektubu,8508524.0,6475676.0,0
507,Rotatif,16585881.0,10087704.0,0
507,Spot,10853402.0,6601151.0,0
507,Taksitli,16280103.0,9901726.0,0
507,Teminat Mektubu,8486109.0,5161339.0,0
1541,Rotatif,52868042.0,33576774.0,0
1541,Spot,20098833.0,12764876.0,0
1541,Taksitli,30148249.0,19147313.0,0
1541,Teminat Mektubu,52574187.0,33390146.0,0
1542,Rotatif,50779367.0,31496495.0,0
1542,Spot,23870610.0,14806025.0,0
1542,Taksitli,35805915.0,22209037.0,0
1542,Teminat Mektubu,56316945.0,34931243.0,0
1543,Rotatif,44936565.0,28222532.0,0
1543,Spot,24040484.0,15098691.0,0
1543,Taksitli,36060726.0,22648037.0,0
1543,Teminat Mektubu,53554468.0,33635029.0,0
1544,Rotatif,51587194.0,34882053.0,0
1544,Spot,17951103.0,12138116.0,0
1544,Taksitli,26926655.0,18207174.0,0
1544,Teminat Mektubu,49183536.0,33256756.0,0
245,Rotatif,55961511.0,26100045.0,0
245,Spot,34264029.0,15980496.0,0
245,Taksitli,51396043.0,23970744.0,0
245,Teminat Mektubu,65912034.0,30740897.0,0
246,Rotatif,52068754.0,25512136.0,0
246,Spot,43131712.0,21133252.0,0
246,Taksitli,64697567.0,31699878.0,0
246,Teminat Mektubu,74418067.0,36462633.0,0
247,Rotatif,63573819.0,34946624.0,0
247,Spot,35257136.0,19380901.0,0
247,Taksitli,52885704.0,29071352.0,0
247,Teminat Mektubu,70610378.0,38814632.0,0
248,Rotatif,81591534.0,45299405.0,0
248,Spot,28950806.0,16073411.0,0
248,Taksitli,43426209.0,24110117.0,0
248,Teminat Mektubu,71658429.0,39784571.0,0
249,Rotatif,72847706.0,41542746.0,0
249,Spot,36752795.0,20958958.0,0
249,Taksitli,55129192.0,31438437.0,0
249,Teminat Mektubu,76666768.0,43720637.0,0
1011,Rotatif,230073413.0,143643551.0,0
1011,Spot,63125717.0,39411778.0,0
1011,Taksitli,94688576.0,59117667.0,0
1011,Teminat Mektubu,205361884.0,128215207.0,0
1012,Rotatif,216246979.0,134056428.0,0
1012,Spot,68840395.0,42675729.0,0
1012,Taksitli,103260592.0,64013593.0,0
1012,Teminat Mektubu,214446036.0,132939982.0,0
1013,Rotatif,191727317.0,127122389.0,0
1013,Spot,66046655.0,43791405.0,0
1013,Taksitli,99069982.0,65687107.0,0
1013,Teminat Mektubu,226835387.0,150400354.0,0
1014,Rotatif,179659984.0,115941688.0,0
1014,Spot,63230337.0,40805035.0,0
1014,Taksitli,94845505.0,61207553.0,0
1014,Teminat Mektubu,329870882.0,212878716.0,0
1015,Rotatif,167469519.0,103894526.0,0
1015,Spot,74236209.0,46054564.0,0
1015,Taksitli,111354314.0,69081847.0,0
1015,Teminat Mektubu,372337750.0,230990417.0,0
1016,Rotatif,129826719.0,85500203.0,0
1016,Spot,39120686.0,25763777.0,0
1016,Taksitli,58681029.0,38645665.0,0
1016,Teminat Mektubu,500224224.0,329433516.0,0
1699,Rotatif,83888210.0,58209131.0,0
1699,Spot,36796882.0,25532963.0,0
1699,Taksitli,55195323.0,38299444.0,0
1699,Teminat Mektubu,40291075.0,27957546.0,0
1699,Akreditif,9439344.0,6549860.0,0
1700,Rotatif,71327091.0,52558719.0,0
1700,Spot,40758969.0,30034019.0,0
1700,Taksitli,61138454.0,45051028.0,0
1700,Teminat Mektubu,39682656.0,29240917.0,0
1700,Akreditif,9296804.0,6850526.0,0
1701,Rotatif,61468538.0,48875933.0,109
1701,Spot,43945034.0,34942340.0,0
1701,Taksitli,65917552.0,52413510.0,0
1701,Teminat Mektubu,39248913.0,31208279.0,0
1701,Akreditif,9195188.0,7311438.0,0
1702,Rotatif,68783176.0,56191183.0,0
1702,Spot,39373467.0,32165449.0,0
1702,Taksitli,59060201.0,48248173.0,0
1702,Teminat Mektubu,38306405.0,31293731.0,0
1702,Akreditif,8974378.0,7331457.0,0
638,Rotatif,29323810.0,19592611.0,0
638,Spot,10102149.0,6749719.0,0
638,Taksitli,15153223.0,10124578.0,0
638,Teminat Mektubu,33148038.0,22147757.0,0
639,Rotatif,30090812.0,19243066.0,0
639,Spot,8196164.0,5241445.0,0
639,Taksitli,12294246.0,7862167.0,0
639,Teminat Mektubu,45784849.0,29279399.0,0
640,Rotatif,22773722.0,13703907.0,0
640,Spot,12599826.0,7581846.0,0
640,Taksitli,18899740.0,11372769.0,0
640,Teminat Mektubu,50771710.0,30551476.0,0
641,Rotatif,19010730.0,10841146.0,0
641,Spot,11301399.0,6444787.0,0
641,Taksitli,16952098.0,9667181.0,0
641,Teminat Mektubu,72468059.0,41325966.0,0
642,Rotatif,12093716.0,7602204.0,0
642,Spot,8943434.0,5621912.0,0
642,Taksitli,13415150.0,8432868.0,0
642,Teminat Mektubu,81893797.0,51479079.0,0
643,Rotatif,10986295.0,6965196.0,0
643,Spot,5534230.0,3508644.0,0
643,Taksitli,8301344.0,5262965.0,0
643,Teminat Mektubu,94257644.0,59758359.0,0
215,Rotatif,1558703.0,1167806.0,0
215,Spot,633017.0,474266.0,0
215,Taksitli,949525.0,711400.0,0
215,Teminat Mektubu,1409459.0,1055990.0,0
216,Rotatif,1282275.0,985546.0,0
216,Spot,789434.0,606752.0,0
216,Taksitli,1184151.0,910128.0,0
216,Teminat Mektubu,1460887.0,1122825.0,0
217,Rotatif,2000239.0,1471230.0,0
217,Spot,995050.0,731886.0,0
217,Taksitli,1492575.0,1097829.0,0
217,Teminat Mektubu,2013680.0,1481116.0,0
80,Rotatif,3830180.0,1781247.0,0
80,Spot,1790417.0,832644.0,0
80,Taksitli,2685625.0,1248965.0,0
80,Teminat Mektubu,5689073.0,2645736.0,0
80,Akreditif,661288.0,307536.0,0
81,Rotatif,2827331.0,1267586.0,0
81,Spot,1825203.0,818299.0,0
81,Taksitli,2737805.0,1227448.0,0
81,Teminat Mektubu,7298625.0,3272214.0,0
81,Akreditif,694064.0,311172.0,0
82,Rotatif,1816708.0,780427.0,0
82,Spot,1639951.0,704495.0,0
82,Taksitli,2459926.0,1056743.0,0
82,Teminat Mektubu,9902789.0,4254070.0,0
82,Akreditif,747477.0,321104.0,0
1716,Rotatif,288494908.0,197433819.0,0
1716,Spot,201032038.0,137577897.0,0
1716,Taksitli,301548057.0,206366846.0,0
1716,Teminat Mektubu,92990305.0,63638666.0,0
1022,Rotatif,33014715.0,23031678.0,0
1022,Spot,11206741.0,7818031.0,0
1022,Taksitli,16810112.0,11727046.0,0
1022,Teminat Mektubu,18813523.0,13124663.0,0
1023,Rotatif,21927625.0,13412255.0,0
1023,Spot,14104855.0,8627378.0,0
1023,Taksitli,21157283.0,12941067.0,0
1023,Teminat Mektubu,52966541.0,32397523.0,0
1024,Rotatif,18067699.0,10402775.0,0
1024,Spot,16534751.0,9520155.0,0
1024,Taksitli,24802127.0,14280232.0,0
1024,Teminat Mektubu,55930761.0,32203055.0,0
1025,Rotatif,20705926.0,13686707.0,0
1025,Spot,11092293.0,7332054.0,0
1025,Taksitli,16638440.0,10998082.0,0
1025,Teminat Mektubu,52016213.0,34382944.0,0
1026,Rotatif,23715195.0,15221272.0,0
1026,Spot,9307860.0,5974122.0,0
1026,Taksitli,13961790.0,8961183.0,0
1026,Teminat Mektubu,61215902.0,39290585.0,0
212,Rotatif,18255561.0,9157009.0,0
212,Spot,6587650.0,3304373.0,0
212,Taksitli,9881476.0,4956559.0,0
212,Teminat Mektubu,13816386.0,6930314.0,0
213,Rotatif,16169654.0,7826655.0,0
213,Spot,8780433.0,4250024.0,0
213,Taksitli,13170650.0,6375036.0,0
213,Teminat Mektubu,15167620.0,7341636.0,0
214,Rotatif,17291164.0,8817777.0,0
214,Spot,7750813.0,3952594.0,0
214,Taksitli,11626220.0,5928891.0,0
214,Teminat Mektubu,14589678.0,7440131.0,0
158,Rotatif,3879026.0,2023504.0,0
158,Spot,1411443.0,736283.0,0
158,Taksitli,2117165.0,1104425.0,0
158,Teminat Mektubu,1871103.0,976066.0,0
158,Akreditif,708517.0,369600.0,0
159,Rotatif,4848199.0,2911005.0,0
159,Spot,1482340.0,890041.0,0
159,Taksitli,2223510.0,1335062.0,0
159,Teminat Mektubu,2160677.0,1297336.0,0
159,Akreditif,818167.0,491252.0,0
160,Rotatif,4201762.0,2606153.0,0
160,Spot,1735572.0,1076493.0,0
160,Taksitli,2603358.0,1614739.0,0
160,Teminat Mektubu,2157304.0,1338073.0,0
160,Akreditif,816890.0,506678.0,0
254,Rotatif,10286820.0,4614039.0,0
254,Spot,3996965.0,1792794.0,0
254,Taksitli,5995448.0,2689191.0,0
254,Teminat Mektubu,20497634.0,9193986.0,0
255,Rotatif,4212281.0,2173348.0,0
255,Spot,3427040.0,1768199.0,0
255,Taksitli,5140560.0,2652298.0,0
255,Teminat Mektubu,27252349.0,14060987.0,0
256,Rotatif,4469809.0,1946331.0,0
256,Spot,2407750.0,1048429.0,0
256,Taksitli,3611624.0,1572644.0,0
256,Teminat Mektubu,39217726.0,17076944.0,0
1693,Rotatif,51318709.0,21057104.0,0
1693,Spot,15696146.0,6440446.0,0
1693,Taksitli,23544219.0,9660669.0,0
1693,Teminat Mektubu,11937141.0,4898050.0,0
1694,Rotatif,34190321.0,11236467.0,0
1694,Spot,25598711.0,8412880.0,0
1694,Taksitli,38398067.0,12619320.0,0
1694,Teminat Mektubu,12942638.0,4253529.0,0
1695,Rotatif,34901622.0,11395180.0,0
1695,Spot,21563731.0,7040435.0,0
1695,Taksitli,32345597.0,10560652.0,0
1695,Teminat Mektubu,11706711.0,3822174.0,0
783,Rotatif,5602949.0,2790991.0,0
783,Spot,2211002.0,1101364.0,0
783,Taksitli,3316503.0,1652046.0,0
783,Teminat Mektubu,3265593.0,1626686.0,0
784,Rotatif,6701257.0,3240486.0,0
784,Spot,2017006.0,975351.0,0
784,Taksitli,3025509.0,1463027.0,0
784,Teminat Mektubu,3445536.0,1666137.0,0
785,Rotatif,3697728.0,1850786.0,0
785,Spot,3176353.0,1589828.0,0
785,Taksitli,4764530.0,2384742.0,0
785,Teminat Mektubu,3414682.0,1709117.0,0
786,Rotatif,7052532.0,3310476.0,0
786,Spot,2206208.0,1035599.0,0
786,Taksitli,3309312.0,1553399.0,0
786,Teminat Mektubu,3687374.0,1730862.0,0
1522,Rotatif,4367171.0,2605878.0,0
1522,Spot,3024734.0,1804850.0,0
1522,Taksitli,4537101.0,2707275.0,0
1522,Teminat Mektubu,2355287.0,1405393.0,0
1523,Rotatif,6261139.0,4417904.0,0
1523,Spot,1981752.0,1398338.0,0
1523,Taksitli,2972628.0,2097507.0,0
1523,Teminat Mektubu,2214415.0,1562507.0,0
1524,Rotatif,6536665.0,4457480.0,0
1524,Spot,1998604.0,1362887.0,0
1524,Taksitli,2997906.0,2044331.0,0
1524,Teminat Mektubu,2277133.0,1552822.0,0
1525,Rotatif,5929950.0,4574811.0,0
1525,Spot,2081232.0,1605619.0,0
1525,Taksitli,3121848.0,2408429.0,0
1525,Teminat Mektubu,2198128.0,1695802.0,0
1526,Rotatif,6173102.0,4822068.0,103
1526,Spot,1809131.0,1413188.0,0
1526,Taksitli,2713697.0,2119782.0,0
1526,Teminat Mektubu,2111826.0,1649636.0,0
1527,Rotatif,8369389.0,7206734.0,32
1527,Spot,645524.0,555849.0,0
1527,Taksitli,968286.0,833774.0,0
1527,Teminat Mektubu,1971103.0,1697282.0,0
1488,Rotatif,1671410.0,908868.0,0
1488,Spot,804243.0,437326.0,0
1488,Taksitli,1206364.0,655989.0,0
1488,Teminat Mektubu,2508604.0,1364112.0,0
1489,Rotatif,1458353.0,806583.0,0
1489,Spot,745142.0,412122.0,0
1489,Taksitli,1117713.0,618183.0,0
1489,Teminat Mektubu,3428754.0,1896369.0,0
1490,Rotatif,1005414.0,561303.0,0
1490,Spot,810777.0,452641.0,0
1490,Taksitli,1216166.0,678962.0,0
1490,Teminat Mektubu,3611470.0,2016214.0,0
1491,Rotatif,999262.0,486106.0,0
1491,Spot,695895.0,338529.0,0
1491,Taksitli,1043843.0,507793.0,0
1491,Teminat Mektubu,5382832.0,2618559.0,0
179,Rotatif,13409381.0,7545641.0,0
179,Spot,5456599.0,3070503.0,0
179,Taksitli,8184899.0,4605754.0,0
179,Teminat Mektubu,3992091.0,2246404.0,0
180,Rotatif,10717156.0,6173791.0,0
180,Spot,8388567.0,4832370.0,0
180,Taksitli,12582850.0,7248555.0,0
180,Teminat Mektubu,4676509.0,2693979.0,0
181,Rotatif,18486018.0,11800078.0,0
181,Spot,5295189.0,3380049.0,0
181,Taksitli,7942783.0,5070073.0,0
181,Teminat Mektubu,4681736.0,2988467.0,0
182,Rotatif,12429970.0,7549385.0,0
182,Spot,8534672.0,5183562.0,0
182,Taksitli,12802008.0,7775343.0,0
182,Teminat Mektubu,4983186.0,3026555.0,0
183,Rotatif,10920828.0,6634520.0,0
183,Spot,9015886.0,5477247.0,0
183,Taksitli,13523829.0,8215870.0,0
183,Teminat Mektubu,4938011.0,2999895.0,0
184,Rotatif,12432065.0,7876437.0,0
184,Spot,8446441.0,5351312.0,0
184,Taksitli,12669661.0,8026968.0,0
184,Teminat Mektubu,4950943.0,3136711.0,0
1206,Rotatif,35478566.0,16710458.0,0
1206,Spot,30907469.0,14557465.0,0
1206,Taksitli,46361204.0,21836197.0,0
1206,Teminat Mektubu,13158577.0,6197710.0,0
517,Rotatif,4402656.0,2751261.0,0
517,Spot,3273035.0,2045350.0,0
517,Taksitli,4909552.0,3068025.0,0
517,Teminat Mektubu,3226343.0,2016172.0,0
518,Rotatif,6656998.0,4037899.0,0
518,Spot,2927732.0,1775858.0,0
518,Taksitli,4391598.0,2663788.0,0
518,Teminat Mektubu,3582960.0,2173297.0,0
1493,Rotatif,97313291.0,78052158.0,0
1493,Spot,61722166.0,49505553.0,0
1493,Taksitli,92583249.0,74258329.0,0
1493,Teminat Mektubu,116453045.0,93403598.0,0
1494,Rotatif,160385129.0,116575929.0,0
1494,Spot,54573206.0,39666534.0,0
1494,Taksitli,81859809.0,59499802.0,0
1494,Teminat Mektubu,137372047.0,99848870.0,0
1495,Rotatif,119290833.0,95090141.0,0
1495,Spot,65511135.0,52220803.0,0
1495,Taksitli,98266702.0,78331204.0,0
1495,Teminat Mektubu,131008577.0,104430690.0,0
1496,Rotatif,206957191.0,201871250.0,113
1496,Spot,25544821.0,24917061.0,0
1496,Taksitli,38317232.0,37375592.0,0
1496,Teminat Mektubu,125339352.0,122259156.0,0
1497,Rotatif,221660501.0,219443895.0,87
1497,Spot,27618523.0,27342338.0,0
1497,Taksitli,41427784.0,41013506.0,0
1497,Teminat Mektubu,134543625.0,133198189.0,0
129,Rotatif,8368260.0,4638495.0,0
129,Spot,7212867.0,3998065.0,0
129,Taksitli,10819300.0,5997097.0,0
129,Teminat Mektubu,3812905.0,2113479.0,0
130,Rotatif,14856065.0,7787687.0,0
130,Spot,4811185.0,2522068.0,0
130,Taksitli,7216777.0,3783102.0,0
130,Teminat Mektubu,3882749.0,2035373.0,0
131,Rotatif,13042732.0,8919531.0,0
131,Spot,5007383.0,3424398.0,0
131,Taksitli,7511074.0,5136597.0,0
131,Teminat Mektubu,3691697.0,2524640.0,0
132,Rotatif,7810732.0,6290001.0,43
132,Spot,5739093.0,4621705.0,0
132,Taksitli,8608639.0,6932558.0,0
132,Teminat Mektubu,3200256.0,2577174.0,0
133,Rotatif,12102150.0,9898740.0,101
133,Spot,4764067.0,3896685.0,0
133,Taksitli,7146101.0,5845027.0,0
133,Teminat Mektubu,3468000.0,2836590.0,0
1229,Rotatif,13972362.0,8468998.0,0
1229,Spot,12040338.0,7297950.0,0
1229,Taksitli,18060507.0,10946924.0,0
1229,Teminat Mektubu,13527250.0,8199204.0,0
1230,Rotatif,17376993.0,8545629.0,0
1230,Spot,11905019.0,5854631.0,0
1230,Taksitli,17857528.0,8781946.0,0
1230,Teminat Mektubu,14468390.0,7115241.0,0
1231,Rotatif,23606227.0,12425940.0,0
1231,Spot,8483744.0,4465707.0,0
1231,Taksitli,12725615.0,6698560.0,0
1231,Teminat Mektubu,13755106.0,7240468.0,0
49,Rotatif,5127417.0,2887425.0,0
49,Spot,2864847.0,1613294.0,0
49,Taksitli,4297270.0,2419941.0,0
49,Teminat Mektubu,1683467.0,948018.0,0
50,Rotatif,5053387.0,3231946.0,0
50,Spot,2340102.0,1496637.0,0
50,Taksitli,3510153.0,2244955.0,0
50,Teminat Mektubu,1493622.0,955261.0,0
1063,Rotatif,22995267.0,12568498.0,0
1063,Spot,17778768.0,9717321.0,0
1063,Taksitli,26668152.0,14575982.0,0
1063,Teminat Mektubu,7829587.0,4279409.0,0
488,Rotatif,8832388.0,6306851.0,0
488,Spot,7244882.0,5173277.0,0
488,Taksitli,10867324.0,7759916.0,0
488,Teminat Mektubu,4925331.0,3516980.0,0
489,Rotatif,9853600.0,7535293.0,0
489,Spot,6660222.0,5093238.0,0
489,Taksitli,9990333.0,7639856.0,0
489,Teminat Mektubu,4844821.0,3704956.0,0
937,Rotatif,13041604.0,8705059.0,0
937,Spot,6592093.0,4400115.0,0
937,Taksitli,9888139.0,6600172.0,0
937,Teminat Mektubu,13887376.0,9269598.0,0
938,Rotatif,19121246.0,11824888.0,0
938,Spot,6155030.0,3806370.0,0
938,Taksitli,9232545.0,5709555.0,0
938,Teminat Mektubu,16233306.0,10038939.0,0
591,Rotatif,454995264.0,275740292.0,0
591,Spot,162032311.0,98196268.0,0
591,Taksitli,243048466.0,147294402.0,0
591,Teminat Mektubu,225843026.0,136867407.0,0
852,Rotatif,78751769.0,35935152.0,0
852,Spot,59013541.0,26928419.0,0
852,Taksitli,88520312.0,40392628.0,0
852,Teminat Mektubu,54616650.0,24922077.0,0
853,Rotatif,67424043.0,33370292.0,0
853,Spot,56932489.0,28177690.0,0
853,Taksitli,85398733.0,42266534.0,0
853,Teminat Mektubu,50626858.0,25056833.0,0
42,Rotatif,5081872.0,3233994.0,0
42,Spot,3496249.0,2224937.0,0
42,Taksitli,5244374.0,3337406.0,0
42,Teminat Mektubu,2141333.0,1362698.0,0
42,Akreditif,124770.0,79401.0,0
43,Rotatif,8412815.0,5357998.0,0
43,Spot,2690542.0,1713567.0,0
43,Taksitli,4035813.0,2570350.0,0
43,Teminat Mektubu,2345308.0,1493692.0,0
43,Akreditif,136655.0,87033.0,0
44,Rotatif,6240268.0,4328341.0,0
44,Spot,2992808.0,2075855.0,0
44,Taksitli,4489211.0,3113783.0,0
44,Teminat Mektubu,2125809.0,1474492.0,0
44,Akreditif,123865.0,85915.0,0
45,Rotatif,7627594.0,5369322.0,0
45,Spot,2577448.0,1814353.0,0
45,Taksitli,3866172.0,2721530.0,0
45,Teminat Mektubu,2179864.0,1534480.0,0
45,Akreditif,127015.0,89410.0,0
46,Rotatif,5800548.0,4476358.0,60
46,Spot,3326805.0,2567338.0,0
46,Taksitli,4990207.0,3851007.0,0
46,Teminat Mektubu,2187044.0,1687770.0,0
46,Akreditif,127433.0,98342.0,0
47,Rotatif,9462518.0,8059297.0,45
47,Spot,1420378.0,1209747.0,0
47,Taksitli,2130567.0,1814620.0,0
47,Teminat Mektubu,2016001.0,1717043.0,0
47,Akreditif,117467.0,100048.0,0
821,Rotatif,31382327.0,22987672.0,0
821,Spot,13169317.0,9646574.0,0
821,Taksitli,19753975.0,14469861.0,0
821,Teminat Mektubu,21560725.0,15793312.0,0
822,Rotatif,36731010.0,25719196.0,0
822,Spot,18620277.0,13037990.0,0
822,Taksitli,27930415.0,19556985.0,0
822,Teminat Mektubu,27923126.0,19551881.0,0
1190,Rotatif,15928741.0,11064540.0,0
1190,Spot,10766692.0,7478839.0,0
1190,Taksitli,16150038.0,11218258.0,0
1190,Teminat Mektubu,9399041.0,6528831.0,0
1190,Akreditif,4576193.0,3178749.0,0
1191,Rotatif,18401338.0,15244246.0,0
1191,Spot,9815088.0,8131127.0,0
1191,Taksitli,14722631.0,12196690.0,0
1191,Teminat Mektubu,9419571.0,7803468.0,0
1191,Akreditif,4586189.0,3799343.0,0
1192,Rotatif,33894052.0,30373423.0,0
1192,Spot,2535895.0,2272487.0,0
1192,Taksitli,3803842.0,3408731.0,0
1192,Teminat Mektubu,8826115.0,7909332.0,0
1192,Akreditif,4297248.0,3850886.0,0
1193,Rotatif,26316356.0,26053193.0,83
1193,Spot,6139039.0,6077649.0,0
1193,Taksitli,9208559.0,9116473.0,0
1193,Teminat Mektubu,9139851.0,9048452.0,0
1193,Akreditif,4449999.0,4405499.0,0
588,Rotatif,41591946.0,27336112.0,0
588,Spot,15514785.0,10197020.0,0
588,Taksitli,23272178.0,15295530.0,0
588,Teminat Mektubu,34001913.0,22347598.0,0
588,Akreditif,6371894.0,4187898.0,0
589,Rotatif,47995599.0,31084042.0,0
589,Spot,13708210.0,8878035.0,0
589,Taksitli,20562315.0,13317052.0,0
589,Teminat Mektubu,34800243.0,22538155.0,0
589,Akreditif,6521500.0,4223608.0,0
590,Rotatif,40364597.0,25777624.0,0
590,Spot,18216024.0,11633111.0,0
590,Taksitli,27324036.0,17449666.0,0
590,Teminat Mektubu,36339417.0,23207065.0,0
590,Akreditif,6809938.0,4348960.0,0
1508,Rotatif,5368671.0,2911667.0,0
1508,Spot,2658853.0,1442013.0,0
1508,Taksitli,3988280.0,2163020.0,0
1508,Teminat Mektubu,2863755.0,1553140.0,0
805,Rotatif,358734060.0,231499794.0,0
805,Spot,283251515.0,182789076.0,0
805,Taksitli,424877272.0,274183614.0,0
805,Teminat Mektubu,154019525.0,99392537.0,0
805,Akreditif,120078796.0,77489761.0,0
806,Rotatif,532473823.0,359076445.0,0
806,Spot,191948806.0,129441659.0,0
806,Taksitli,287923209.0,194162488.0,0
806,Teminat Mektubu,146149081.0,98556380.0,0
806,Akreditif,113942734.0,76837865.0,0
1587,Rotatif,633056090.0,336398105.0,0
1587,Spot,188356824.0,100090465.0,0
1587,Taksitli,282535235.0,150135698.0,0
1587,Teminat Mektubu,203425618.0,108097835.0,0
1588,Rotatif,723430663.0,346353486.0,0
1588,Spot,197617997.0,94612636.0,0
1588,Taksitli,296426995.0,141918954.0,0
1588,Teminat Mektubu,224345444.0,107408810.0,0
1589,Rotatif,377124930.0,217046965.0,0
1589,Spot,267599744.0,154011861.0,0
1589,Taksitli,401399616.0,231017791.0,0
1589,Teminat Mektubu,192770358.0,110945254.0,0
1590,Rotatif,652187312.0,335666854.0,0
1590,Spot,192019860.0,98828513.0,0
1590,Taksitli,288029790.0,148242770.0,0
1590,Teminat Mektubu,208638426.0,107381733.0,0
1111,Rotatif,12106282.0,9121937.0,0
1111,Spot,6937453.0,5227287.0,0
1111,Taksitli,10406179.0,7840930.0,0
1111,Teminat Mektubu,6119959.0,4611315.0,0
1112,Rotatif,14507443.0,10115308.0,0
1112,Spot,6143555.0,4283591.0,0
1112,Taksitli,9215332.0,6425386.0,0
1112,Teminat Mektubu,6206494.0,4327475.0,0
1113,Rotatif,10207164.0,7795153.0,0
1113,Spot,7039224.0,5375815.0,0
1113,Taksitli,10558836.0,8063723.0,0
1113,Teminat Mektubu,5778177.0,4412761.0,0
1514,Rotatif,3343746.0,2314868.0,0
1514,Spot,2233765.0,1546430.0,0
1514,Taksitli,3350647.0,2319645.0,0
1514,Teminat Mektubu,4282411.0,2964703.0,0
1514,Akreditif,330538.0,228830.0,0
1515,Rotatif,4546535.0,3030410.0,0
1515,Spot,1925798.0,1283606.0,0
1515,Taksitli,2888697.0,1925409.0,0
1515,Teminat Mektubu,4490039.0,2992754.0,0
1515,Akreditif,346563.0,230996.0,0
1516,Rotatif,4574337.0,2899381.0,0
1516,Spot,2277876.0,1443801.0,0
1516,Taksitli,3416815.0,2165701.0,0
1516,Teminat Mektubu,4925562.0,3122000.0,0
1516,Akreditif,380179.0,240971.0,0
1517,Rotatif,5655477.0,3908973.0,0
1517,Spot,1576458.0,1089622.0,0
1517,Taksitli,2364687.0,1634433.0,0
1517,Teminat Mektubu,4603041.0,3181547.0,0
1517,Akreditif,355286.0,245568.0,0
230,Rotatif,23178994.0,17044129.0,0
230,Spot,15169847.0,11154791.0,0
230,Taksitli,22754771.0,16732187.0,0
230,Teminat Mektubu,19675098.0,14467622.0,0
231,Rotatif,33547251.0,24118457.0,0
231,Spot,10398349.0,7475788.0,0
231,Taksitli,15597524.0,11213682.0,0
231,Teminat Mektubu,19172628.0,13783967.0,0
1124,Rotatif,1991863.0,1143857.0,0
1124,Spot,1021717.0,586736.0,0
1124,Taksitli,1532575.0,880104.0,0
1124,Teminat Mektubu,711430.0,408549.0,0
1125,Rotatif,1400777.0,896387.0,0
1125,Spot,1085889.0,694883.0,0
1125,Taksitli,1628833.0,1042325.0,0
1125,Teminat Mektubu,644037.0,412133.0,0
1126,Rotatif,1633202.0,1008895.0,0
1126,Spot,1104088.0,682040.0,0
1126,Taksitli,1656132.0,1023059.0,0
1126,Teminat Mektubu,687529.0,424714.0,0
1427,Rotatif,8186440.0,4166834.0,0
1427,Spot,2942463.0,1497691.0,0
1427,Taksitli,4413695.0,2246536.0,0
1427,Teminat Mektubu,2859140.0,1455280.0,0
1428,Rotatif,8229397.0,4178087.0,0
1428,Spot,2715209.0,1378519.0,0
1428,Taksitli,4072813.0,2067778.0,0
1428,Teminat Mektubu,2762530.0,1402544.0,0
1429,Rotatif,4773162.0,2395492.0,0
1429,Spot,4212744.0,2114237.0,0
1429,Taksitli,6319117.0,3171355.0,0
1429,Teminat Mektubu,2815437.0,1412974.0,0
1430,Rotatif,6954527.0,3243695.0,0
1430,Spot,3794436.0,1769782.0,0
1430,Taksitli,5691654.0,2654672.0,0
1430,Teminat Mektubu,3024335.0,1410595.0,0
1391,Rotatif,3683804.0,2664514.0,0
1391,Spot,1813741.0,1311889.0,0
1391,Taksitli,2720612.0,1967833.0,0
1391,Teminat Mektubu,1069047.0,773247.0,0
1392,Rotatif,4230250.0,3110870.0,0
1392,Spot,1800294.0,1323913.0,0
1392,Taksitli,2700441.0,1985869.0,0
1392,Teminat Mektubu,1135758.0,835221.0,0
965,Rotatif,35406670.0,24692032.0,0
965,Spot,14438085.0,10068884.0,0
965,Taksitli,21657128.0,15103326.0,0
965,Teminat Mektubu,16940764.0,11814211.0,0
966,Rotatif,42115018.0,30406018.0,0
966,Spot,13829522.0,9984578.0,0
966,Taksitli,20744282.0,14976867.0,0
966,Teminat Mektubu,18169692.0,13118076.0,0
967,Rotatif,32450010.0,25952537.0,0
967,Spot,20997563.0,16793217.0,0
967,Taksitli,31496345.0,25189825.0,0
967,Teminat Mektubu,20125552.0,16095808.0,0
968,Rotatif,28159497.0,23554756.0,0
968,Spot,22502768.0,18823036.0,0
968,Taksitli,33754153.0,28234554.0,0
968,Teminat Mektubu,20000572.0,16730008.0,0
1077,Rotatif,73116593.0,43849274.0,0
1077,Spot,52919294.0,31736607.0,0
1077,Taksitli,79378941.0,47604911.0,0
1077,Teminat Mektubu,33083819.0,19840933.0,0
167,Rotatif,5144782.0,3111538.0,0
167,Spot,1483777.0,897381.0,0
167,Taksitli,2225666.0,1346072.0,0
167,Teminat Mektubu,2948048.0,1782965.0,0
168,Rotatif,3926898.0,2590358.0,0
168,Spot,1814464.0,1196902.0,0
168,Taksitli,2721696.0,1795352.0,0
168,Teminat Mektubu,2817808.0,1858752.0,0
858,Rotatif,63794494.0,50276016.0,0
858,Spot,44254724.0,34876854.0,0
858,Taksitli,66382087.0,52315281.0,0
858,Teminat Mektubu,29780359.0,23469703.0,0
859,Rotatif,96849237.0,71937909.0,0
859,Spot,33568308.0,24933949.0,0
859,Taksitli,50352463.0,37400924.0,0
859,Teminat Mektubu,30862555.0,22924163.0,0
1535,Rotatif,262004088.0,187159963.0,0
1535,Spot,115322596.0,82379527.0,0
1535,Taksitli,172983894.0,123569291.0,0
1535,Teminat Mektubu,141173672.0,100845981.0,0
1536,Rotatif,262621247.0,173744798.0,0
1536,Spot,151043466.0,99927240.0,0
1536,Taksitli,226565199.0,149890861.0,0
1536,Teminat Mektubu,164241087.0,108658514.0,0
1537,Rotatif,216296512.0,155493003.0,0
1537,Spot,196693251.0,141400450.0,0
1537,Taksitli,295039877.0,212100676.0,0
1537,Teminat Mektubu,181634060.0,130574576.0,0
1538,Rotatif,362864991.0,269350587.0,0
1538,Spot,126238154.0,93705156.0,0
1538,Taksitli,189357230.0,140557735.0,0
1538,Teminat Mektubu,174048522.0,129194253.0,0
271,Rotatif,45324678.0,26803852.0,0
271,Spot,17057879.0,10087592.0,0
271,Taksitli,25586818.0,15131388.0,0
271,Teminat Mektubu,15047403.0,8898648.0,0
272,Rotatif,35547647.0,19707802.0,0
272,Spot,23334711.0,12936886.0,0
272,Taksitli,35002066.0,19405329.0,0
272,Teminat Mektubu,16059189.0,8903298.0,0
873,Rotatif,1830812.0,1047300.0,0
873,Spot,1196440.0,684413.0,0
873,Taksitli,1794659.0,1026619.0,0
873,Teminat Mektubu,2050095.0,1172738.0,0
267,Rotatif,49770575.0,35520745.0,0
267,Spot,32283191.0,23040180.0,0
267,Taksitli,48424786.0,34560270.0,0
267,Teminat Mektubu,48632814.0,34708737.0,0
1498,Rotatif,3819585.0,2486898.0,0
1498,Spot,1520968.0,990289.0,0
1498,Taksitli,2281453.0,1485434.0,0
1498,Teminat Mektubu,3138024.0,2043140.0,0
1499,Rotatif,3057653.0,1850570.0,0
1499,Spot,1927103.0,1166332.0,0
1499,Taksitli,2890654.0,1749498.0,0
1499,Teminat Mektubu,3242352.0,1962354.0,0
1500,Rotatif,3442482.0,2317326.0,0
1500,Spot,2125836.0,1431018.0,0
1500,Taksitli,3188753.0,2146527.0,0
1500,Teminat Mektubu,3605337.0,2426953.0,0
1501,Rotatif,4070589.0,2716856.0,0
1501,Spot,2314360.0,1544686.0,0
1501,Taksitli,3471540.0,2317029.0,0
1501,Teminat Mektubu,4057974.0,2708436.0,0
432,Rotatif,9117510.0,4333471.0,0
432,Spot,2492109.0,1184477.0,0
432,Taksitli,3738164.0,1776716.0,0
432,Teminat Mektubu,4377454.0,2080565.0,0
260,Rotatif,34737333.0,20581611.0,0
260,Spot,17826520.0,10562081.0,0
260,Taksitli,26739780.0,15843121.0,0
260,Teminat Mektubu,18997427.0,11255834.0,0
1631,Rotatif,20318638.0,15752904.0,0
1631,Spot,11541488.0,8948038.0,0
1631,Taksitli,17312231.0,13422057.0,0
1631,Teminat Mektubu,13656885.0,10588092.0,0
1632,Rotatif,25069280.0,19090051.0,0
1632,Spot,12710509.0,9678948.0,0
1632,Taksitli,19065763.0,14518422.0,0
1632,Teminat Mektubu,15788001.0,12022433.0,0
1157,Rotatif,34354175.0,23792354.0,0
1157,Spot,12901811.0,8935289.0,0
1157,Taksitli,19352717.0,13402933.0,0
1157,Teminat Mektubu,37090836.0,25687658.0,0
1157,Akreditif,9342177.0,6470026.0,0
1158,Rotatif,37278207.0,25874420.0,0
1158,Spot,11475361.0,7964930.0,0
1158,Taksitli,17213041.0,11947395.0,0
1158,Teminat Mektubu,36733288.0,25496197.0,0
1158,Akreditif,9252121.0,6421802.0,0
1159,Rotatif,39625923.0,27972632.0,0
1159,Spot,10688970.0,7545531.0,0
1159,Taksitli,16033454.0,11318296.0,0
1159,Teminat Mektubu,36945857.0,26080727.0,0
1159,Akreditif,9305661.0,6569029.0,0
1160,Rotatif,35903535.0,25939278.0,0
1160,Spot,17852120.0,12897646.0,0
1160,Taksitli,26778179.0,19346469.0,0
1160,Teminat Mektubu,44844999.0,32399230.0,0
1160,Akreditif,11295241.0,8160489.0,0
1161,Rotatif,36936059.0,27255447.0,0
1161,Spot,18953833.0,13986202.0,0
1161,Taksitli,28430749.0,20979303.0,0
1161,Teminat Mektubu,46953670.0,34647532.0,0
1161,Akreditif,11826358.0,8726775.0,0
1162,Rotatif,33881753.0,25679930.0,0
1162,Spot,20406013.0,15466289.0,0
1162,Taksitli,30609019.0,23199433.0,0
1162,Teminat Mektubu,47274493.0,35830663.0,0
1162,Akreditif,11907165.0,9024774.0,0
609,Rotatif,11215186.0,7367284.0,0
609,Spot,3919099.0,2574466.0,0
609,Taksitli,5878648.0,3861699.0,0
609,Teminat Mektubu,4140179.0,2719694.0,0
610,Rotatif,10510692.0,7069337.0,0
610,Spot,4260554.0,2865586.0,0
610,Taksitli,6390830.0,4298379.0,0
610,Teminat Mektubu,4169564.0,2804388.0,0
1235,Rotatif,3508362.0,2228882.0,0
1235,Spot,2027737.0,1288233.0,0
1235,Taksitli,3041606.0,1932350.0,0
1235,Teminat Mektubu,2137474.0,1357950.0,0
1236,Rotatif,4914738.0,2758814.0,0
1236,Spot,2349418.0,1318811.0,0
1236,Taksitli,3524128.0,1978216.0,0
1236,Teminat Mektubu,2688327.0,1509052.0,0
1378,Rotatif,1833910.0,1143261.0,0
1378,Spot,1294278.0,806854.0,0
1378,Taksitli,1941417.0,1210280.0,0
1378,Teminat Mektubu,1682049.0,1048590.0,0
1379,Rotatif,2627426.0,1720491.0,0
1379,Spot,1017063.0,665993.0,0
1379,Taksitli,1525594.0,998989.0,0
1379,Teminat Mektubu,1715387.0,1123269.0,0
1380,Rotatif,2196368.0,1558579.0,0
1380,Spot,1460272.0,1036233.0,0
1380,Taksitli,2190408.0,1554350.0,0
1380,Teminat Mektubu,1939998.0,1376655.0,0
1381,Rotatif,2479509.0,1745457.0,0
1381,Spot,1457918.0,1026305.0,0
1381,Taksitli,2186876.0,1539458.0,0
1381,Teminat Mektubu,2031988.0,1430424.0,0
1382,Rotatif,1948008.0,1505426.0,0
1382,Spot,1652497.0,1277054.0,0
1382,Taksitli,2478746.0,1915582.0,0
1382,Teminat Mektubu,2017041.0,1558775.0,0
1153,Rotatif,14411529.0,10140907.0,0
1153,Spot,9987366.0,7027773.0,0
1153,Taksitli,14981049.0,10541660.0,0
1153,Teminat Mektubu,20962033.0,14750276.0,0
1153,Akreditif,746563.0,525331.0,0
1154,Rotatif,14310086.0,10058718.0,0
1154,Spot,10244158.0,7200733.0,0
1154,Taksitli,15366237.0,10801099.0,0
1154,Teminat Mektubu,21249762.0,14936694.0,0
1154,Akreditif,756811.0,531971.0,0
714,Rotatif,69396748.0,44620639.0,0
714,Spot,25562710.0,16436281.0,0
714,Taksitli,38344065.0,24654422.0,0
714,Teminat Mektubu,67293401.0,43268232.0,0
714,Akreditif,15137919.0,9733361.0,0
715,Rotatif,66993637.0,44790536.0,0
715,Spot,25918123.0,17328312.0,0
715,Taksitli,38877185.0,25992468.0,0
715,Teminat Mektubu,66528823.0,44479771.0,0
715,Akreditif,14965924.0,10005902.0,0
283,Rotatif,28913985.0,21036317.0,0
283,Spot,13498370.0,9820714.0,0
283,Taksitli,20247554.0,14731071.0,0
283,Teminat Mektubu,31677397.0,23046831.0,0
283,Akreditif,8086516.0,5883330.0,0
425,Rotatif,162660206.0,93636862.0,0
425,Spot,91296003.0,52555394.0,0
425,Taksitli,136944005.0,78833091.0,0
425,Teminat Mektubu,206285484.0,118750160.0,0
425,Akreditif,25892853.0,14905462.0,0
426,Rotatif,238262443.0,140016616.0,0
426,Spot,72833613.0,42801189.0,0
426,Taksitli,109250419.0,64201784.0,0
426,Teminat Mektubu,229751104.0,135014867.0,0
426,Akreditif,43858110.0,25773529.0,0
427,Rotatif,251022190.0,159327696.0,0
427,Spot,77235204.0,49022388.0,0
427,Taksitli,115852807.0,73533581.0,0
427,Teminat Mektubu,267814483.0,169986026.0,0
427,Akreditif,97000194.0,61567535.0,0
1406,Rotatif,44944113.0,26771889.0,0
1406,Spot,19409533.0,11561689.0,0
1406,Taksitli,29114299.0,17342534.0,0
1406,Teminat Mektubu,41731296.0,24858108.0,0
1407,Rotatif,53993866.0,34081262.0,0
1407,Spot,21824696.0,13775883.0,0
1407,Taksitli,32737044.0,20663824.0,0
1407,Teminat Mektubu,48467591.0,30593043.0,0
1408,Rotatif,66179045.0,38298287.0,0
1408,Spot,22646750.0,13105836.0,0
1408,Taksitli,33970125.0,19658754.0,0
1408,Teminat Mektubu,54825565.0,31727947.0,0
1409,Rotatif,63802297.0,39652800.0,0
1409,Spot,23858560.0,14827972.0,0
1409,Taksitli,35787840.0,22241959.0,0
1409,Teminat Mektubu,55117015.0,34254942.0,0
1410,Rotatif,45878874.0,28586912.0,0
1410,Spot,31588656.0,19682744.0,0
1410,Taksitli,47382984.0,29524116.0,0
1410,Teminat Mektubu,55742894.0,34733137.0,0
1411,Rotatif,56657860.0,34582997.0,0
1411,Spot,27586815.0,16838524.0,0
1411,Taksitli,41380222.0,25257786.0,0
1411,Teminat Mektubu,56088639.0,34235554.0,0
763,Rotatif,14486064.0,10215581.0,0
763,Spot,10973513.0,7738528.0,0
763,Taksitli,16460269.0,11607792.0,0
763,Teminat Mektubu,5782972.0,4078156.0,0
764,Rotatif,21974072.0,16471118.0,0
764,Spot,7403072.0,5549125.0,0
764,Taksitli,11104608.0,8323687.0,0
764,Teminat Mektubu,5584583.0,4186039.0,0
765,Rotatif,20632423.0,15215077.0,0
765,Spot,8383631.0,6182385.0,0
765,Taksitli,12575446.0,9273578.0,0
765,Teminat Mektubu,5737676.0,4231165.0,0
474,Rotatif,14576754.0,9110975.0,0
474,Spot,3989802.0,2493764.0,0
474,Taksitli,5984703.0,3740646.0,0
474,Teminat Mektubu,11408004.0,7130397.0,0
475,Rotatif,8431234.0,5610836.0,0
475,Spot,6518883.0,4338200.0,0
475,Taksitli,9778324.0,6507300.0,0
475,Teminat Mektubu,11490334.0,7646612.0,0
476,Rotatif,12751553.0,8019499.0,0
476,Spot,6157927.0,3872743.0,0
476,Taksitli,9236890.0,5809114.0,0
476,Teminat Mektubu,13078511.0,8225124.0,0
477,Rotatif,13956887.0,9777555.0,0
477,Spot,5211370.0,3650847.0,0
477,Taksitli,7817055.0,5476270.0,0
477,Teminat Mektubu,12539013.0,8784257.0,0
478,Rotatif,16670812.0,11920477.0,0
478,Spot,5235089.0,3743355.0,0
478,Taksitli,7852634.0,5615032.0,0
478,Teminat Mektubu,13827621.0,9887451.0,0
775,Rotatif,7149440.0,4109786.0,0
775,Spot,2283527.0,1312663.0,0
775,Taksitli,3425291.0,1968995.0,0
775,Teminat Mektubu,5741400.0,3300388.0,0
775,Akreditif,188442.0,108324.0,0
1272,Rotatif,59570910.0,29181606.0,0
1272,Spot,42251432.0,20697428.0,0
1272,Taksitli,63377149.0,31046143.0,0
1272,Teminat Mektubu,44605040.0,21850375.0,0
1273,Rotatif,116072647.0,62693503.0,0
1273,Spot,31642825.0,17091016.0,0
1273,Taksitli,47464237.0,25636525.0,0
1273,Teminat Mektubu,52699913.0,28464433.0,0
1274,Rotatif,134691643.0,76725545.0,0
1274,Spot,36763316.0,20941800.0,0
1274,Taksitli,55144974.0,31412700.0,0
1274,Teminat Mektubu,61183597.0,34852532.0,0
1739,Rotatif,49776556.0,28865956.0,0
1739,Spot,13795200.0,7999984.0,0
1739,Taksitli,20692800.0,11999976.0,0
1739,Teminat Mektubu,40579956.0,23532750.0,0
1740,Rotatif,44951203.0,24286353.0,0
1740,Spot,19162839.0,10353348.0,0
1740,Taksitli,28744258.0,15530023.0,0
1740,Teminat Mektubu,44718514.0,24160635.0,0
1741,Rotatif,52870079.0,27908403.0,0
1741,Spot,17332280.0,9149149.0,0
1741,Taksitli,25998419.0,13723724.0,0
1741,Teminat Mektubu,46328178.0,24455145.0,0
888,Rotatif,5684931.0,2765850.0,0
888,Spot,4770332.0,2320876.0,0
888,Taksitli,7155498.0,3481314.0,0
888,Teminat Mektubu,6078106.0,2957138.0,0
888,Akreditif,2500553.0,1216576.0,0
659,Rotatif,29215469.0,15878683.0,0
659,Spot,19341440.0,10512123.0,0
659,Taksitli,29012160.0,15768185.0,0
659,Teminat Mektubu,14372408.0,7811441.0,0
660,Rotatif,23707074.0,14883291.0,0
660,Spot,19463645.0,12219268.0,0
660,Taksitli,29195468.0,18328902.0,0
660,Teminat Mektubu,13408390.0,8417781.0,0
661,Rotatif,38759416.0,21455885.0,0
661,Spot,18821798.0,10419103.0,0
661,Taksitli,28232697.0,15628654.0,0
661,Teminat Mektubu,15900056.0,8801726.0,0
1200,Rotatif,2404470.0,1254497.0,0
1200,Spot,669968.0,349546.0,0
1200,Taksitli,1004952.0,524319.0,0
1200,Teminat Mektubu,1037059.0,541070.0,0
330,Rotatif,30726185.0,17260035.0,0
330,Spot,12551251.0,7050502.0,0
330,Taksitli,18826877.0,10575754.0,0
330,Teminat Mektubu,65609850.0,36855481.0,0
330,Akreditif,6576282.0,3694141.0,0
331,Rotatif,23992506.0,14593460.0,0
331,Spot,12295187.0,7478557.0,0
331,Taksitli,18442781.0,11217835.0,0
331,Teminat Mektubu,60902439.0,37043954.0,0
331,Akreditif,5954192.0,3621642.0,0
332,Rotatif,21995444.0,11556070.0,0
332,Spot,7559851.0,3971830.0,0
332,Taksitli,11339777.0,5957745.0,0
332,Teminat Mektubu,105003160.0,55167056.0,0
332,Akreditif,7512620.0,3947016.0,0
349,Rotatif,14955601.0,9251274.0,0
349,Spot,6880003.0,4255850.0,0
349,Taksitli,10320004.0,6383775.0,0
349,Teminat Mektubu,7934127.0,4907913.0,0
349,Akreditif,4027593.0,2491399.0,0
350,Rotatif,13431340.0,8465229.0,0
350,Spot,6913323.0,4357187.0,0
350,Taksitli,10369984.0,6535781.0,0
350,Teminat Mektubu,7578581.0,4776473.0,0
350,Akreditif,3847108.0,2424677.0,0
1083,Rotatif,889531648.0,421892643.0,0
1083,Spot,372120615.0,176491697.0,0
1083,Taksitli,558180922.0,264737545.0,0
1083,Teminat Mektubu,441192318.0,209251457.0,0
1084,Rotatif,817645289.0,403428073.0,0
1084,Spot,394064535.0,194432351.0,0
1084,Taksitli,591096803.0,291648527.0,0
1084,Teminat Mektubu,437064475.0,215648621.0,0
1085,Rotatif,909523937.0,466540526.0,0
1085,Spot,374944724.0,192327988.0,0
1085,Taksitli,562417086.0,288491982.0,0
1085,Teminat Mektubu,447750822.0,229673894.0,0
1086,Rotatif,986373165.0,524734049.0,0
1086,Spot,335028683.0,178229664.0,0
1086,Taksitli,502543024.0,267344495.0,0
1086,Teminat Mektubu,442189137.0,235237236.0,0
1087,Rotatif,799785787.0,450029723.0,0
1087,Spot,409275750.0,230294481.0,0
1087,Taksitli,613913625.0,345441721.0,0
1087,Teminat Mektubu,441954045.0,248682160.0,0
1088,Rotatif,824880271.0,444926717.0,0
1088,Spot,447308560.0,241270807.0,0
1088,Taksitli,670962840.0,361906211.0,0
1088,Teminat Mektubu,471089107.0,254097639.0,0
333,Rotatif,3882462.0,2104185.0,0
333,Spot,1768200.0,958315.0,0
333,Taksitli,2652300.0,1437472.0,0
333,Teminat Mektubu,3844401.0,2083557.0,0
333,Akreditif,829946.0,449808.0,0
334,Rotatif,5407525.0,2736916.0,0
334,Spot,1622274.0,821083.0,0
334,Taksitli,2433411.0,1231625.0,0
334,Teminat Mektubu,4381614.0,2217671.0,0
334,Akreditif,945922.0,478761.0,0
335,Rotatif,3808157.0,1971478.0,0
335,Spot,2044977.0,1058682.0,0
335,Taksitli,3067466.0,1588023.0,0
335,Teminat Mektubu,4130377.0,2138291.0,0
335,Akreditif,891684.0,461624.0,0
336,Rotatif,4944966.0,2668263.0,0
336,Spot,1590294.0,858109.0,0
336,Taksitli,2385440.0,1287164.0,0
336,Teminat Mektubu,4130423.0,2228742.0,0
336,Akreditif,891694.0,481151.0,0
1241,Rotatif,56286192.0,29070611.0,0
1241,Spot,23892881.0,12340161.0,0
1241,Taksitli,35839321.0,18510241.0,0
1241,Teminat Mektubu,57759397.0,29831490.0,0
1241,Akreditif,16341576.0,8440074.0,0
1242,Rotatif,30027060.0,17715279.0,0
1242,Spot,27535000.0,16245021.0,0
1242,Taksitli,41302500.0,24367531.0,0
1242,Teminat Mektubu,49219414.0,29038329.0,0
1242,Akreditif,13925402.0,8215669.0,0
1243,Rotatif,48800685.0,26882036.0,0
1243,Spot,24557403.0,13527535.0,0
1243,Taksitli,36836105.0,20291303.0,0
1243,Teminat Mektubu,54859837.0,30219741.0,0
1243,Akreditif,15521218.0,8549920.0,0
1244,Rotatif,35883864.0,20213296.0,0
1244,Spot,25170413.0,14178434.0,0
1244,Taksitli,37755619.0,21267652.0,0
1244,Teminat Mektubu,49192200.0,27709851.0,0
1244,Akreditif,13917702.0,7839809.0,0
316,Rotatif,22510583.0,9871781.0,0
316,Spot,17086682.0,7493186.0,0
316,Taksitli,25630022.0,11239778.0,0
316,Teminat Mektubu,13344792.0,5852219.0,0
317,Rotatif,28639854.0,9436217.0,0
317,Spot,19478359.0,6417701.0,0
317,Taksitli,29217538.0,9626552.0,0
317,Teminat Mektubu,15822052.0,5213026.0,0
318,Rotatif,32865784.0,11985668.0,0
318,Spot,12443823.0,4538079.0,0
318,Taksitli,18665735.0,6807119.0,0
318,Teminat Mektubu,13088657.0,4773241.0,0
319,Rotatif,32196991.0,11896417.0,0
319,Spot,13500568.0,4988304.0,0
319,Taksitli,20250852.0,7482456.0,0
319,Teminat Mektubu,13492326.0,4985259.0,0
577,Rotatif,179087073.0,111561458.0,0
577,Spot,83736403.0,52163202.0,0
577,Taksitli,125604604.0,78244803.0,0
577,Teminat Mektubu,128099375.0,79798909.0,0
577,Akreditif,38740121.0,24132978.0,0
578,Rotatif,180236129.0,111146809.0,0
578,Spot,88622391.0,54651063.0,0
578,Taksitli,132933586.0,81976594.0,0
578,Teminat Mektubu,132506686.0,81713336.0,0
578,Akreditif,40072990.0,24711943.0,0
579,Rotatif,163195048.0,102248254.0,0
579,Spot,91356621.0,57238593.0,0
579,Taksitli,137034931.0,85857890.0,0
579,Teminat Mektubu,129141021.0,80912038.0,0
579,Akreditif,39055138.0,24469613.0,0
19,Rotatif,5997490.0,4054182.0,0
19,Spot,1839735.0,1243623.0,0
19,Taksitli,2759602.0,1865435.0,0
19,Teminat Mektubu,3303307.0,2232968.0,0
20,Rotatif,6419744.0,4420714.0,0
20,Spot,1861526.0,1281869.0,0
20,Taksitli,2792289.0,1922804.0,0
20,Teminat Mektubu,4279549.0,2946950.0,0
21,Rotatif,5536521.0,3762406.0,0
21,Spot,1969176.0,1338176.0,0
21,Taksitli,2953764.0,2007264.0,0
21,Teminat Mektubu,5430466.0,3690335.0,0
22,Rotatif,3799664.0,2637622.0,0
22,Spot,2412848.0,1674933.0,0
22,Taksitli,3619273.0,2512399.0,0
22,Teminat Mektubu,6277985.0,4358004.0,0
23,Rotatif,5030957.0,3579564.0,0
23,Spot,1492538.0,1061952.0,0
23,Taksitli,2238807.0,1592928.0,0
23,Teminat Mektubu,8003537.0,5694577.0,0
24,Rotatif,3857781.0,2588348.0,0
24,Spot,1284444.0,861788.0,0
24,Taksitli,1926666.0,1292681.0,0
24,Teminat Mektubu,11068024.0,7426002.0,0
1405,Rotatif,8261971.0,5018146.0,0
1405,Spot,6495658.0,3945325.0,0
1405,Taksitli,9743487.0,5917988.0,0
1405,Teminat Mektubu,11586071.0,7037134.0,0
1201,Rotatif,12663307.0,7835175.0,0
1201,Spot,7519228.0,4652376.0,0
1201,Taksitli,11278842.0,6978564.0,0
1201,Teminat Mektubu,8076041.0,4996893.0,0
340,Rotatif,32519919.0,21597638.0,0
340,Spot,19652245.0,13051757.0,0
340,Taksitli,29478368.0,19577635.0,0
340,Teminat Mektubu,13820578.0,9178739.0,0
341,Rotatif,45107628.0,25992317.0,0
341,Spot,16721040.0,9635146.0,0
341,Taksitli,25081560.0,14452719.0,0
341,Teminat Mektubu,14710861.0,8476822.0,0
342,Rotatif,34687230.0,20831946.0,0
342,Spot,16474661.0,9894109.0,0
342,Taksitli,24711991.0,14841164.0,0
342,Teminat Mektubu,12842793.0,7712936.0,0
1512,Rotatif,89756743.0,65768090.0,0
1512,Spot,58561833.0,42910424.0,0
1512,Taksitli,87842750.0,64365636.0,0
1512,Teminat Mektubu,59744576.0,43777064.0,0
1513,Rotatif,86975565.0,66250920.0,0
1513,Spot,59431359.0,45269982.0,0
1513,Taksitli,89147039.0,67904972.0,0
1513,Teminat Mektubu,59590924.0,45391525.0,0
984,Rotatif,30148301.0,22111420.0,0
984,Spot,15520505.0,11383076.0,0
984,Taksitli,23280757.0,17074614.0,0
984,Teminat Mektubu,22901462.0,16796431.0,0
984,Akreditif,6122192.0,4490149.0,0
985,Rotatif,34213418.0,26085473.0,0
985,Spot,13697026.0,10443078.0,0
985,Taksitli,20545539.0,15664617.0,0
985,Teminat Mektubu,22737521.0,17335858.0,0
985,Akreditif,6078366.0,4634353.0,0
986,Rotatif,32185715.0,24090537.0,0
986,Spot,15569771.0,11653746.0,0
986,Taksitli,23354657.0,17480619.0,0
986,Teminat Mektubu,23619095.0,17678547.0,0
986,Akreditif,6314035.0,4725963.0,0
987,Rotatif,29026835.0,22746465.0,0
987,Spot,19080319.0,14952020.0,0
987,Taksitli,28620479.0,22428030.0,0
987,Teminat Mektubu,25484933.0,19970904.0,0
987,Akreditif,6812825.0,5338773.0,0
988,Rotatif,40065585.0,31960603.0,0
988,Spot,16949860.0,13521024.0,0
988,Taksitli,25424790.0,20281537.0,0
988,Teminat Mektubu,27382362.0,21843106.0,0
988,Akreditif,7320060.0,5839264.0,0
1047,Rotatif,294068543.0,194242113.0,0
1047,Spot,78524955.0,51868360.0,0
1047,Taksitli,117787432.0,77802540.0,0
1047,Teminat Mektubu,159975497.0,105669169.0,0
1102,Rotatif,304236116.0,160326881.0,0
1102,Spot,223048417.0,117542445.0,0
1102,Taksitli,334572626.0,176313668.0,0
1102,Teminat Mektubu,157878436.0,83199055.0,0
1365,Rotatif,81587162.0,64553517.0,0
1365,Spot,38539509.0,30493288.0,0
1365,Taksitli,57809264.0,45739932.0,0
1365,Teminat Mektubu,121075511.0,95797547.0,0
1366,Rotatif,82334398.0,59167752.0,0
1366,Spot,46867577.0,33680324.0,0
1366,Taksitli,70301366.0,50520486.0,0
1366,Teminat Mektubu,146093156.0,104986541.0,0
1367,Rotatif,71517975.0,49192988.0,0
1367,Spot,49656153.0,34155533.0,0
1367,Taksitli,74484229.0,51233299.0,0
1367,Teminat Mektubu,155787198.0,107156807.0,0
1368,Rotatif,94143399.0,67385172.0,0
1368,Spot,29271487.0,20951699.0,0
1368,Taksitli,43907231.0,31427549.0,0
1368,Teminat Mektubu,195763243.0,140121771.0,0
1369,Rotatif,79624941.0,52076353.0,0
1369,Spot,22378335.0,14635892.0,0
1369,Taksitli,33567502.0,21953839.0,0
1369,Teminat Mektubu,279542370.0,182826475.0,0
980,Rotatif,49038447.0,22931871.0,0
980,Spot,28810632.0,13472729.0,0
980,Taksitli,43215948.0,20209093.0,0
980,Teminat Mektubu,16584578.0,7755454.0,0
981,Rotatif,41033351.0,23300914.0,0
981,Spot,24194926.0,13739163.0,0
981,Taksitli,36292389.0,20608744.0,0
981,Teminat Mektubu,13907216.0,7897255.0,0
982,Rotatif,32569682.0,18169258.0,0
982,Spot,26748415.0,14921817.0,0
982,Taksitli,40122622.0,22382726.0,0
982,Teminat Mektubu,13622286.0,7599301.0,0
983,Rotatif,55197862.0,27701030.0,0
983,Spot,23414289.0,11750454.0,0
983,Taksitli,35121434.0,17625681.0,0
983,Teminat Mektubu,15580251.0,7818944.0,0
1560,Rotatif,3922881.0,2828120.0,0
1560,Spot,3526101.0,2542070.0,0
1560,Taksitli,5289151.0,3813104.0,0
1560,Teminat Mektubu,4816308.0,3472218.0,0
1561,Rotatif,5497481.0,4130273.0,0
1561,Spot,2700034.0,2028543.0,0
1561,Taksitli,4050051.0,3042815.0,0
1561,Teminat Mektubu,4630824.0,3479151.0,0
1562,Rotatif,4451841.0,3286872.0,0
1562,Spot,3368216.0,2486813.0,0
1562,Taksitli,5052325.0,3730220.0,0
1562,Teminat Mektubu,4867067.0,3593441.0,0
1752,Rotatif,49163970.0,27768896.0,0
1752,Spot,19532668.0,11032482.0,0
1752,Taksitli,29299002.0,16548723.0,0
1752,Teminat Mektubu,21093696.0,11914185.0,0
1753,Rotatif,57935076.0,31687728.0,0
1753,Spot,16872817.0,9228627.0,0
1753,Taksitli,25309225.0,13842941.0,0
1753,Teminat Mektubu,21550347.0,11787014.0,0
1754,Rotatif,33512100.0,18956377.0,0
1754,Spot,27634387.0,15631604.0,0
1754,Taksitli,41451580.0,23447406.0,0
1754,Teminat Mektubu,22084375.0,12492197.0,0
1755,Rotatif,60886150.0,33027333.0,0
1755,Spot,21311111.0,11560086.0,0
1755,Taksitli,31966666.0,17340129.0,0
1755,Teminat Mektubu,24573942.0,13329990.0,0
1756,Rotatif,58666346.0,35567299.0,0
1756,Spot,19264346.0,11679281.0,0
1756,Taksitli,28896519.0,17518922.0,0
1756,Teminat Mektubu,22994704.0,13940863.0,0
1657,Rotatif,2431626.0,1640073.0,0
1657,Spot,1783812.0,1203138.0,0
1657,Taksitli,2675717.0,1804707.0,0
1657,Teminat Mektubu,1484792.0,1001456.0,0
1657,Akreditif,197945.0,133509.0,0
1658,Rotatif,4208364.0,2693737.0,0
1658,Spot,1235113.0,790585.0,0
1658,Taksitli,1852670.0,1185878.0,0
1658,Teminat Mektubu,2676906.0,1713464.0,0
1658,Akreditif,235689.0,150863.0,0
1659,Rotatif,2577255.0,1803816.0,0
1659,Spot,1089094.0,762255.0,0
1659,Taksitli,1633642.0,1143383.0,0
1659,Teminat Mektubu,4950571.0,3464896.0,0
1659,Akreditif,242247.0,169548.0,0
1660,Rotatif,2304976.0,1480500.0,0
1660,Spot,1080242.0,693846.0,0
1660,Taksitli,1620364.0,1040770.0,0
1660,Teminat Mektubu,6708839.0,4309129.0,0
1660,Akreditif,276842.0,177817.0,0
1371,Rotatif,41530253.0,26799456.0,0
1371,Spot,16517764.0,10658906.0,0
1371,Taksitli,24776646.0,15988360.0,0
1371,Teminat Mektubu,18006728.0,11619734.0,0
1371,Akreditif,4820182.0,3110462.0,0
1130,Rotatif,42557506.0,31278215.0,0
1130,Spot,27028654.0,19865075.0,0
1130,Taksitli,40542982.0,29797613.0,0
1130,Teminat Mektubu,15087308.0,11088621.0,0
1130,Akreditif,11305613.0,8309213.0,0
433,Rotatif,151916270.0,112807533.0,0
433,Spot,136768971.0,101559696.0,0
433,Taksitli,205153456.0,152339544.0,0
433,Teminat Mektubu,61756328.0,45858018.0,0
434,Rotatif,248514547.0,171087741.0,0
434,Spot,130372932.0,89754144.0,0
434,Taksitli,195559398.0,134631216.0,0
434,Teminat Mektubu,71836674.0,49455352.0,0
435,Rotatif,334639091.0,249024754.0,0
435,Spot,122080564.0,90847373.0,0
435,Taksitli,183120846.0,136271060.0,0
435,Teminat Mektubu,80014385.0,59543440.0,0
436,Rotatif,394929906.0,277127004.0,0
436,Spot,116477833.0,81733878.0,0
436,Taksitli,174716750.0,122600818.0,0
436,Teminat Mektubu,85802366.0,60208539.0,0
762,Rotatif,3425655.0,2251329.0,0
762,Spot,1823590.0,1198457.0,0
762,Taksitli,2735385.0,1797686.0,0
762,Teminat Mektubu,1444685.0,949442.0,0
470,Rotatif,59129545.0,34192569.0,0
470,Spot,38738510.0,22401139.0,0
470,Taksitli,58107765.0,33601709.0,0
470,Teminat Mektubu,49520201.0,28635818.0,0
471,Rotatif,49855108.0,31569754.0,0
471,Spot,38816678.0,24579888.0,0
471,Taksitli,58225018.0,36869832.0,0
471,Teminat Mektubu,46637737.0,29532418.0,0
472,Rotatif,94715483.0,55046573.0,0
472,Spot,27361898.0,15902138.0,0
472,Taksitli,41042847.0,23853207.0,0
472,Teminat Mektubu,51788454.0,30098320.0,0
935,Rotatif,1601476.0,772858.0,0
935,Spot,1094094.0,528000.0,0
935,Taksitli,1641141.0,792000.0,0
935,Teminat Mektubu,1956963.0,944412.0,0
936,Rotatif,2293914.0,1124668.0,0
936,Spot,682873.0,334801.0,0
936,Taksitli,1024309.0,502202.0,0
936,Teminat Mektubu,1805515.0,885214.0,0
570,Rotatif,31274190.0,15847765.0,0
570,Spot,22716260.0,11511151.0,0
570,Taksitli,34074390.0,17266727.0,0
570,Teminat Mektubu,39806720.0,20171507.0,0
571,Rotatif,22849320.0,13004251.0,0
571,Spot,20783443.0,11828497.0,0
571,Taksitli,31175165.0,17742746.0,0
571,Teminat Mektubu,33814384.0,19244806.0,0
572,Rotatif,32872218.0,16701067.0,0
572,Spot,22653185.0,11509182.0,0
572,Taksitli,33979777.0,17263773.0,0
572,Teminat Mektubu,40457777.0,20554988.0,0
573,Rotatif,34659437.0,19280882.0,0
573,Spot,17093424.0,9508991.0,0
573,Taksitli,25640137.0,14263487.0,0
573,Teminat Mektubu,34982877.0,19460810.0,0
574,Rotatif,33009941.0,17240767.0,0
574,Spot,19429738.0,10147961.0,0
574,Taksitli,29144608.0,15221942.0,0
574,Teminat Mektubu,36877406.0,19260706.0,0
147,Rotatif,1787744.0,1138724.0,0
147,Spot,534382.0,340381.0,0
147,Taksitli,801573.0,510571.0,0
147,Teminat Mektubu,4390616.0,2796654.0,0
147,Akreditif,524432.0,334043.0,0
148,Rotatif,1187715.0,765119.0,0
148,Spot,549855.0,354213.0,0
148,Taksitli,824782.0,531320.0,0
148,Teminat Mektubu,5117783.0,3296847.0,0
148,Akreditif,536005.0,345291.0,0
149,Rotatif,917638.0,578340.0,0
149,Spot,727551.0,458538.0,0
149,Taksitli,1091326.0,687807.0,0
149,Teminat Mektubu,5538335.0,3490527.0,0
149,Akreditif,577510.0,363975.0,0
150,Rotatif,1249976.0,742907.0,0
150,Spot,525421.0,312277.0,0
150,Taksitli,788132.0,468416.0,0
150,Teminat Mektubu,6197661.0,3683498.0,0
150,Akreditif,611453.0,363409.0,0
151,Rotatif,940067.0,543558.0,0
151,Spot,526400.0,304371.0,0
151,Taksitli,789600.0,456556.0,0
151,Teminat Mektubu,6507763.0,3762865.0,0
151,Akreditif,611637.0,353656.0,0
152,Rotatif,660255.0,424856.0,0
152,Spot,260240.0,167457.0,0
152,Taksitli,390360.0,251186.0,0
152,Teminat Mektubu,7154651.0,4603823.0,0
152,Akreditif,590817.0,380174.0,0
1593,Rotatif,7218246.0,4722165.0,0
1593,Spot,2500930.0,1636104.0,0
1593,Taksitli,3751395.0,2454157.0,0
1593,Teminat Mektubu,3240171.0,2119715.0,0
1593,Akreditif,759773.0,497042.0,0
1594,Rotatif,8198369.0,5545737.0,0
1594,Spot,2226004.0,1505767.0,0
1594,Taksitli,3339006.0,2258650.0,0
1594,Teminat Mektubu,3310603.0,2239437.0,0
1594,Akreditif,776288.0,525115.0,0
1595,Rotatif,6552360.0,4665206.0,0
1595,Spot,2920236.0,2079175.0,0
1595,Taksitli,4380354.0,3118762.0,0
1595,Teminat Mektubu,3332148.0,2372452.0,0
1595,Akreditif,781340.0,556305.0,0
1596,Rotatif,5484946.0,4407732.0,0
1596,Spot,3156859.0,2536869.0,0
1596,Taksitli,4735289.0,3805304.0,0
1596,Teminat Mektubu,3217687.0,2585751.0,0
1596,Akreditif,754501.0,606321.0,0
1597,Rotatif,5727306.0,4560824.0,0
1597,Spot,3035812.0,2417507.0,0
1597,Taksitli,4553718.0,3626261.0,0
1597,Teminat Mektubu,3203193.0,2550798.0,0
1597,Akreditif,751102.0,598125.0,0
1598,Rotatif,5875886.0,4849718.0,103
1598,Spot,3235268.0,2670259.0,0
1598,Taksitli,4852901.0,4005388.0,0
1598,Teminat Mektubu,3358873.0,2772277.0,0
1598,Akreditif,787607.0,650058.0,0
1176,Rotatif,5344526.0,3021763.0,0
1176,Spot,4780276.0,2702739.0,0
1176,Taksitli,7170414.0,4054109.0,0
1176,Teminat Mektubu,3587519.0,2028362.0,0
1177,Rotatif,6405527.0,3787709.0,0
1177,Spot,4284987.0,2533794.0,0
1177,Taksitli,6427480.0,3800691.0,0
1177,Teminat Mektubu,3550758.0,2099630.0,0
1178,Rotatif,11393086.0,6228895.0,0
1178,Spot,3084923.0,1686607.0,0
1178,Taksitli,4627385.0,2529911.0,0
1178,Teminat Mektubu,3963001.0,2166675.0,0
1179,Rotatif,10494537.0,6075234.0,0
1179,Spot,3059763.0,1771281.0,0
1179,Taksitli,4589645.0,2656922.0,0
1179,Teminat Mektubu,3763569.0,2178711.0,0
792,Rotatif,9461650.0,5852921.0,0
792,Spot,8249745.0,5103243.0,0
792,Taksitli,12374617.0,7654864.0,0
792,Teminat Mektubu,4491147.0,2778197.0,0
792,Akreditif,692054.0,428100.0,0
793,Rotatif,18105360.0,10839705.0,0
793,Spot,4952599.0,2965128.0,0
793,Taksitli,7428898.0,4447692.0,0
793,Teminat Mektubu,4550984.0,2724681.0,0
793,Akreditif,701274.0,419854.0,0
794,Rotatif,17615971.0,10162997.0,0
794,Spot,6061068.0,3496748.0,0
794,Taksitli,9091602.0,5245122.0,0
794,Teminat Mektubu,4891601.0,2822060.0,0
794,Akreditif,753761.0,434859.0,0
795,Rotatif,8824676.0,5375892.0,0
795,Spot,8204129.0,4997862.0,0
795,Taksitli,12306194.0,7496794.0,0
795,Teminat Mektubu,4379038.0,2667660.0,0
795,Akreditif,674778.0,411067.0,0
1089,Rotatif,54680445.0,34144673.0,0
1089,Spot,16230069.0,10134709.0,0
1089,Taksitli,24345103.0,15202063.0,0
1089,Teminat Mektubu,28638373.0,17882954.0,0
1089,Akreditif,10820654.0,6756852.0,0
1103,Rotatif,3749215.0,2643708.0,0
1103,Spot,1050320.0,740619.0,0
1103,Taksitli,1575480.0,1110928.0,0
1103,Teminat Mektubu,2324460.0,1639061.0,0
1104,Rotatif,3352135.0,2251775.0,0
1104,Spot,1403270.0,942637.0,0
1104,Taksitli,2104904.0,1413956.0,0
1104,Teminat Mektubu,2501408.0,1680304.0,0
1017,Rotatif,55059777.0,38917037.0,0
1017,Spot,19027280.0,13448754.0,0
1017,Taksitli,28540921.0,20173131.0,0
1017,Teminat Mektubu,38722915.0,27369910.0,0
1168,Rotatif,33936530.0,20020923.0,0
1168,Spot,20382335.0,12024599.0,0
1168,Taksitli,30573502.0,18036898.0,0
1168,Teminat Mektubu,42585208.0,25123227.0,0
1169,Rotatif,37506621.0,24824209.0,0
1169,Spot,16803083.0,11121323.0,0
1169,Taksitli,25204625.0,16681985.0,0
1169,Teminat Mektubu,39887381.0,26399945.0,0
1170,Rotatif,39677665.0,29164929.0,0
1170,Spot,14681650.0,10791695.0,0
1170,Taksitli,22022475.0,16187543.0,0
1170,Teminat Mektubu,38315982.0,28164028.0,0
1171,Rotatif,34803199.0,27783775.0,71
1171,Spot,15801021.0,12614128.0,0
1171,Taksitli,23701531.0,18921192.0,0
1171,Teminat Mektubu,37274563.0,29756692.0,0
1172,Rotatif,28988688.0,23812506.0,102
1172,Spot,18031562.0,14811871.0,0
1172,Taksitli,27047344.0,22217806.0,0
1172,Teminat Mektubu,37155094.0,30520730.0,0
1607,Rotatif,12515302.0,7543628.0,0
1607,Spot,4070738.0,2453647.0,0
1607,Taksitli,6106107.0,3680471.0,0
1607,Teminat Mektubu,8494804.0,5120263.0,0
1608,Rotatif,11504608.0,7441079.0,0
1608,Spot,3752955.0,2427378.0,0
1608,Taksitli,5629432.0,3641067.0,0
1608,Teminat Mektubu,7819045.0,5057290.0,0
889,Rotatif,14196479.0,10249536.0,0
889,Spot,11040295.0,7970843.0,0
889,Taksitli,16560443.0,11956265.0,0
889,Teminat Mektubu,6783285.0,4897378.0,0
11,Rotatif,3780217.0,2114938.0,0
11,Spot,1974987.0,1104957.0,0
11,Taksitli,2962481.0,1657435.0,0
11,Teminat Mektubu,2835693.0,1586501.0,0
11,Akreditif,303270.0,169672.0,0
12,Rotatif,2596827.0,1646942.0,0
12,Spot,2294575.0,1455250.0,0
12,Taksitli,3441863.0,2182875.0,0
12,Teminat Mektubu,2710649.0,1719130.0,0
12,Akreditif,289897.0,183856.0,0
13,Rotatif,5003343.0,2792261.0,0
13,Spot,2084442.0,1163283.0,0
13,Taksitli,3126663.0,1744925.0,0
13,Teminat Mektubu,3322562.0,1854252.0,0
13,Akreditif,355339.0,198307.0,0
14,Rotatif,4212743.0,2753783.0,0
14,Spot,2836849.0,1854390.0,0
14,Taksitli,4255273.0,2781585.0,0
14,Teminat Mektubu,3677253.0,2403745.0,0
14,Akreditif,393273.0,257074.0,0
929,Rotatif,108615747.0,76430364.0,0
929,Spot,31576693.0,22219782.0,0
929,Taksitli,47365040.0,33329672.0,0
929,Teminat Mektubu,30515630.0,21473136.0,0
929,Akreditif,8094750.0,5696086.0,0
930,Rotatif,90361250.0,63969053.0,0
930,Spot,38307052.0,27118548.0,0
930,Taksitli,57460578.0,40677821.0,0
930,Teminat Mektubu,30283197.0,21438254.0,0
930,Akreditif,8033093.0,5686833.0,0
931,Rotatif,92523773.0,55222385.0,0
931,Spot,51069513.0,30480602.0,0
931,Taksitli,76604270.0,45720903.0,0
931,Teminat Mektubu,35826175.0,21382687.0,0
931,Akreditif,9503455.0,5672093.0,0
491,Rotatif,139707949.0,65468459.0,0
491,Spot,51700549.0,24227364.0,0
491,Taksitli,77550823.0,36341045.0,0
491,Teminat Mektubu,127156064.0,59586528.0,0
25,Rotatif,308927627.0,147079413.0,0
25,Spot,217580461.0,103589332.0,0
25,Taksitli,326370692.0,155383999.0,0
25,Teminat Mektubu,522173251.0,248604944.0,0
26,Rotatif,260577092.0,117509139.0,0
26,Spot,214099746.0,96549841.0,0
26,Taksitli,321149619.0,144824761.0,0
26,Teminat Mektubu,775234946.0,349597850.0,0
27,Rotatif,200492291.0,104539370.0,0
27,Spot,165644168.0,86369091.0,0
27,Taksitli,248466252.0,129553637.0,0
27,Teminat Mektubu,819805797.0,427457741.0,0
28,Rotatif,284481207.0,141272590.0,0
28,Spot,125850580.0,62497054.0,0
28,Taksitli,188775870.0,93745581.0,0
28,Teminat Mektubu,894651029.0,444281255.0,0
29,Rotatif,280029269.0,136453675.0,0
29,Spot,85658141.0,41739809.0,0
29,Taksitli,128487211.0,62609713.0,0
29,Teminat Mektubu,1082629396.0,527547568.0,0
899,Rotatif,16988022.0,9315292.0,0
899,Spot,11729057.0,6431566.0,0
899,Taksitli,17593586.0,9647350.0,0
899,Teminat Mektubu,21450094.0,11762046.0,0
900,Rotatif,28594302.0,15843147.0,0
900,Spot,10224034.0,5664795.0,0
900,Taksitli,15336051.0,8497193.0,0
900,Teminat Mektubu,25083135.0,13897726.0,0
901,Rotatif,17995260.0,10242316.0,0
901,Spot,15925581.0,9064322.0,0
901,Taksitli,23888372.0,13596483.0,0
901,Teminat Mektubu,26775971.0,15240011.0,0
902,Rotatif,22504270.0,13999741.0,0
902,Spot,13169876.0,8192883.0,0
902,Taksitli,19754814.0,12289325.0,0
902,Teminat Mektubu,25673490.0,15971289.0,0
903,Rotatif,28925681.0,17781114.0,0
903,Spot,11751485.0,7223840.0,0
903,Taksitli,17627227.0,10835760.0,0
903,Teminat Mektubu,27005328.0,16600640.0,0
910,Rotatif,230561745.0,155999676.0,0
910,Spot,76106891.0,51494451.0,0
910,Taksitli,114160337.0,77241676.0,0
910,Teminat Mektubu,51491701.0,34839642.0,0
910,Akreditif,26850519.0,18167248.0,0
911,Rotatif,266813622.0,173395893.0,0
911,Spot,76350406.0,49618332.0,0
911,Taksitli,114525609.0,74427497.0,0
911,Teminat Mektubu,56001891.0,36394310.0,0
911,Akreditif,29202373.0,18977935.0,0
912,Rotatif,218076494.0,141177369.0,0
912,Spot,90874227.0,58829744.0,0
912,Taksitli,136311341.0,88244616.0,0
912,Teminat Mektubu,54481280.0,35269843.0,0
912,Akreditif,28409445.0,18391577.0,0
913,Rotatif,183438081.0,128443168.0,0
913,Spot,93841843.0,65707969.0,0
913,Taksitli,140762765.0,98561953.0,0
913,Teminat Mektubu,51150778.0,35815726.0,0
913,Akreditif,26672744.0,18676230.0,0
1095,Rotatif,10769591.0,6060190.0,0
1095,Spot,9230691.0,5194231.0,0
1095,Taksitli,13846037.0,7791346.0,0
1095,Teminat Mektubu,21721322.0,12222872.0,0
1096,Rotatif,15173235.0,6734359.0,0
1096,Spot,9790085.0,4345148.0,0
1096,Taksitli,14685128.0,6517722.0,0
1096,Teminat Mektubu,37401562.0,16599991.0,0
1097,Rotatif,18257650.0,10165581.0,0
1097,Spot,5355348.0,2981776.0,0
1097,Taksitli,8033022.0,4472664.0,0
1097,Teminat Mektubu,31020401.0,17271685.0,0
1098,Rotatif,11739621.0,6493255.0,0
1098,Spot,5192876.0,2872211.0,0
1098,Taksitli,7789314.0,4308317.0,0
1098,Teminat Mektubu,45597109.0,25220036.0,0
1099,Rotatif,5539391.0,3259551.0,0
1099,Spot,3285085.0,1933046.0,0
1099,Taksitli,4927628.0,2899570.0,0
1099,Teminat Mektubu,56136247.0,33032317.0,0
1100,Rotatif,4264058.0,2454590.0,0
1100,Spot,2847014.0,1638874.0,0
1100,Taksitli,4270521.0,2458311.0,0
1100,Teminat Mektubu,63038617.0,36287956.0,0
122,Rotatif,2892559.0,2024343.0,0
122,Spot,2306112.0,1613921.0,0
122,Taksitli,3459168.0,2420882.0,0
122,Teminat Mektubu,3847851.0,2692900.0,0
122,Akreditif,387104.0,270913.0,0
123,Rotatif,4269430.0,3239091.0,0
123,Spot,1542146.0,1169981.0,0
123,Taksitli,2313220.0,1754972.0,0
123,Teminat Mektubu,3610948.0,2739520.0,0
123,Akreditif,363271.0,275603.0,0
124,Rotatif,3545377.0,2520188.0,0
124,Spot,1928811.0,1371072.0,0
124,Taksitli,2893217.0,2056608.0,0
124,Teminat Mektubu,3718772.0,2643443.0,0
124,Akreditif,374118.0,265937.0,0
125,Rotatif,5030187.0,3586649.0,0
125,Spot,1451259.0,1034784.0,0
125,Taksitli,2176888.0,1552175.0,0
125,Teminat Mektubu,3848071.0,2743771.0,0
125,Akreditif,387126.0,276030.0,0
126,Rotatif,3793229.0,2858523.0,0
126,Spot,1960202.0,1477181.0,0
126,Taksitli,2940304.0,2215771.0,0
126,Teminat Mektubu,3863804.0,2911708.0,0
126,Akreditif,388709.0,292925.0,0
787,Rotatif,5368053.0,2841147.0,0
787,Spot,1788929.0,946826.0,0
787,Taksitli,2683394.0,1420239.0,0
787,Teminat Mektubu,3641294.0,1927226.0,0
788,Rotatif,3231157.0,1775627.0,0
788,Spot,2519310.0,1384444.0,0
788,Taksitli,3778966.0,2076666.0,0
788,Teminat Mektubu,3526234.0,1937782.0,0
789,Rotatif,2998666.0,2054235.0,88
789,Spot,2274506.0,1558150.0,0
789,Taksitli,3411759.0,2337224.0,0
789,Teminat Mektubu,3213738.0,2201570.0,0
790,Rotatif,3270987.0,2304454.0,0
790,Spot,2117049.0,1491489.0,0
790,Taksitli,3175574.0,2237234.0,0
790,Teminat Mektubu,3168845.0,2232493.0,0
791,Rotatif,2871863.0,2275094.0,115
791,Spot,2065694.0,1636445.0,0
791,Taksitli,3098541.0,2454668.0,0
791,Teminat Mektubu,2973646.0,2355726.0,0
343,Rotatif,10536751.0,5665928.0,0
343,Spot,3555156.0,1911714.0,0
343,Taksitli,5332734.0,2867571.0,0
343,Teminat Mektubu,5565124.0,2992534.0,0
344,Rotatif,7670199.0,4202685.0,0
344,Spot,4516346.0,2474613.0,0
344,Taksitli,6774519.0,3711920.0,0
344,Teminat Mektubu,5432310.0,2976492.0,0
1503,Rotatif,449533056.0,301326616.0,0
1503,Spot,214559902.0,143821703.0,0
1503,Taksitli,321839854.0,215732554.0,0
1503,Teminat Mektubu,270299742.0,181184688.0,0
1504,Rotatif,476676218.0,306965409.0,0
1504,Spot,223853609.0,144155115.0,0
1504,Taksitli,335780414.0,216232672.0,0
1504,Teminat Mektubu,284111034.0,182959117.0,0
1505,Rotatif,472886672.0,321623630.0,0
1505,Spot,203149967.0,138168051.0,0
1505,Taksitli,304724950.0,207252076.0,0
1505,Teminat Mektubu,268882018.0,182874282.0,0
1506,Rotatif,352559503.0,228746723.0,0
1506,Spot,284920566.0,184861407.0,0
1506,Taksitli,427380849.0,277292111.0,0
1506,Teminat Mektubu,291938383.0,189414689.0,0
1443,Rotatif,54719592.0,41191316.0,0
1443,Spot,32197062.0,24237011.0,0
1443,Taksitli,48295593.0,36355517.0,0
1443,Teminat Mektubu,26289316.0,19789832.0,0
1444,Rotatif,55280795.0,42437365.0,0
1444,Spot,45762904.0,35130773.0,0
1444,Taksitli,68644356.0,52696159.0,0
1444,Teminat Mektubu,32992447.0,25327286.0,0
1445,Rotatif,95097859.0,75465064.0,0
1445,Spot,28033205.0,22245796.0,0
1445,Taksitli,42049807.0,33368694.0,0
1445,Teminat Mektubu,32116115.0,25485796.0,0
17,Rotatif,6327856.0,3763000.0,0
17,Spot,3480556.0,2069790.0,0
17,Taksitli,5220834.0,3104685.0,0
17,Teminat Mektubu,5010903.0,2979845.0,0
17,Akreditif,1737981.0,1033529.0,0
18,Rotatif,6811635.0,4100376.0,0
18,Spot,2534229.0,1525521.0,0
18,Taksitli,3801343.0,2288281.0,0
18,Teminat Mektubu,4383413.0,2638668.0,0
18,Akreditif,1520342.0,915195.0,0
943,Rotatif,4375547.0,2315807.0,0
943,Spot,1287048.0,681184.0,0
943,Taksitli,1930572.0,1021777.0,0
943,Teminat Mektubu,1821886.0,964253.0,0
943,Akreditif,319381.0,169036.0,0
961,Rotatif,176792880.0,159359278.0,0
961,Spot,39291747.0,35417175.0,0
961,Taksitli,58937620.0,53125762.0,0
961,Teminat Mektubu,37417597.0,33727836.0,0
962,Rotatif,160866618.0,153137098.0,117
962,Spot,47297520.0,45024910.0,0
962,Taksitli,70946280.0,67537365.0,0
962,Teminat Mektubu,37973805.0,36149192.0,0
963,Rotatif,180765533.0,178957878.0,49
963,Spot,38786298.0,38398435.0,0
963,Taksitli,58179447.0,57597653.0,0
963,Teminat Mektubu,37786169.0,37408307.0,0
964,Rotatif,210640418.0,208534013.0,90
964,Spot,36120235.0,35759032.0,0
964,Taksitli,54180352.0,53638548.0,0
964,Teminat Mektubu,40943921.0,40534482.0,0
1551,Rotatif,8380813.0,4359200.0,0
1551,Spot,7042931.0,3663313.0,0
1551,Taksitli,10564396.0,5494970.0,0
1551,Teminat Mektubu,11849651.0,6163483.0,0
1551,Akreditif,3385541.0,1760957.0,0
1552,Rotatif,7027540.0,3903770.0,0
1552,Spot,5944437.0,3302111.0,0
1552,Taksitli,8916656.0,4953166.0,0
1552,Teminat Mektubu,15410685.0,8560573.0,0
1552,Akreditif,3337361.0,1853890.0,0
1553,Rotatif,9534956.0,5201908.0,0
1553,Spot,3666343.0,2000217.0,0
1553,Taksitli,5499515.0,3000326.0,0
1553,Teminat Mektubu,21433963.0,11693552.0,0
1553,Akreditif,3591064.0,1959147.0,0
1554,Rotatif,9368566.0,5126024.0,0
1554,Spot,3445833.0,1885392.0,0
1554,Taksitli,5168750.0,2828089.0,0
1554,Teminat Mektubu,22288263.0,12195054.0,0
1554,Akreditif,3603289.0,1971545.0,0
1555,Rotatif,5792818.0,2940724.0,0
1555,Spot,4644300.0,2357679.0,0
1555,Taksitli,6966450.0,3536519.0,0
1555,Teminat Mektubu,25752737.0,13073379.0,0
1555,Akreditif,3861415.0,1960248.0,0
1556,Rotatif,9259627.0,4843468.0,0
1556,Spot,3175319.0,1660926.0,0
1556,Taksitli,4762979.0,2491389.0,0
1556,Teminat Mektubu,27778763.0,14530342.0,0
1556,Akreditif,4024294.0,2105003.0,0
1638,Rotatif,2416927.0,1572805.0,0
1638,Spot,1428196.0,929392.0,0
1638,Taksitli,2142294.0,1394088.0,0
1638,Teminat Mektubu,1699069.0,1105661.0,0
1639,Rotatif,1797013.0,1185837.0,0
1639,Spot,1524217.0,1005821.0,0
1639,Taksitli,2286326.0,1508731.0,0
1639,Teminat Mektubu,1591274.0,1050071.0,0
221,Rotatif,9628378.0,6898429.0,0
221,Spot,5773218.0,4136328.0,0
221,Taksitli,8659826.0,6204493.0,0
221,Teminat Mektubu,6992587.0,5009968.0,0
221,Akreditif,1879596.0,1346671.0,0
547,Rotatif,59457893.0,39098044.0,0
547,Spot,22029227.0,14485876.0,0
547,Taksitli,33043841.0,21728815.0,0
547,Teminat Mektubu,32406029.0,21309405.0,0
548,Rotatif,55368719.0,36196693.0,0
548,Spot,22438772.0,14669101.0,0
548,Taksitli,33658158.0,22003652.0,0
548,Teminat Mektubu,31538713.0,20618088.0,0
549,Rotatif,58578673.0,34472500.0,0
549,Spot,29289714.0,17236472.0,0
549,Taksitli,43934571.0,25854708.0,0
549,Teminat Mektubu,37293064.0,21946301.0,0
957,Rotatif,32860408.0,21518029.0,0
957,Spot,21094719.0,13813486.0,0
957,Taksitli,31642078.0,20720229.0,0
957,Teminat Mektubu,19445554.0,12733560.0,0
958,Rotatif,31983152.0,24028144.0,0
958,Spot,17281684.0,12983298.0,0
958,Taksitli,25922526.0,19474947.0,0
958,Teminat Mektubu,17080697.0,12832301.0,0
1707,Rotatif,5097222.0,3120716.0,0
1707,Spot,2880222.0,1763383.0,0
1707,Taksitli,4320333.0,2645075.0,0
1707,Teminat Mektubu,5338333.0,3268333.0,0
1707,Akreditif,2206027.0,1350615.0,0
1708,Rotatif,5162851.0,3146905.0,0
1708,Spot,2887153.0,1759803.0,0
1708,Taksitli,4330730.0,2639704.0,0
1708,Teminat Mektubu,5451457.0,3322819.0,0
1708,Akreditif,2430420.0,1481410.0,0
1173,Rotatif,220229902.0,102729566.0,0
1173,Spot,109022397.0,50855145.0,0
1173,Taksitli,163533595.0,76282717.0,0
1173,Teminat Mektubu,169083752.0,78871671.0,0
1174,Rotatif,227100753.0,108707817.0,0
1174,Spot,117229764.0,56115146.0,0
1174,Taksitli,175844647.0,84172719.0,0
1174,Teminat Mektubu,178481505.0,85434921.0,0
1175,Rotatif,163733166.0,78960873.0,0
1175,Spot,132526729.0,63911463.0,0
1175,Taksitli,198790093.0,95867195.0,0
1175,Teminat Mektubu,169860603.0,81915850.0,0
111,Rotatif,224394797.0,151037134.0,0
111,Spot,142144205.0,95675362.0,0
111,Taksitli,213216308.0,143513043.0,0
111,Teminat Mektubu,188235977.0,126699116.0,0
473,Rotatif,22669235.0,11633283.0,0
473,Spot,17701767.0,9084103.0,0
473,Taksitli,26552650.0,13626155.0,0
473,Teminat Mektubu,18491723.0,9489489.0,0
298,Rotatif,27206952.0,17502037.0,0
298,Spot,11760014.0,7565133.0,0
298,Taksitli,17640021.0,11347699.0,0
298,Teminat Mektubu,18517227.0,11912000.0,0
298,Akreditif,5381155.0,3461659.0,0
153,Rotatif,118737940.0,61380958.0,0
153,Spot,63775264.0,32968290.0,0
153,Taksitli,95662896.0,49452435.0,0
153,Teminat Mektubu,124710104.0,64468238.0,0
154,Rotatif,126804619.0,74225951.0,0
154,Spot,50402757.0,29503598.0,0
154,Taksitli,75604135.0,44255397.0,0
154,Teminat Mektubu,113338816.0,66343651.0,0
155,Rotatif,86984062.0,46481629.0,0
155,Spot,71843381.0,38390911.0,0
155,Taksitli,107765072.0,57586367.0,0
155,Teminat Mektubu,119517027.0,63866253.0,0
1345,Rotatif,72024880.0,41811559.0,0
1345,Spot,42595004.0,24727060.0,0
1345,Taksitli,63892506.0,37090590.0,0
1345,Teminat Mektubu,68710506.0,39887514.0,0
1346,Rotatif,69827993.0,36575300.0,0
1346,Spot,50946977.0,26685587.0,0
1346,Taksitli,76420466.0,40028381.0,0
1346,Teminat Mektubu,75901724.0,39756668.0,0
1347,Rotatif,59887283.0,40627830.0,0
1347,Spot,49161659.0,33351514.0,0
1347,Taksitli,73742489.0,50027271.0,0
1347,Teminat Mektubu,70357535.0,47730901.0,0
1348,Rotatif,104009297.0,66172262.0,0
1348,Spot,36593758.0,23281493.0,0
1348,Taksitli,54890636.0,34922239.0,0
1348,Teminat Mektubu,75246712.0,47873078.0,0
1349,Rotatif,75412604.0,45501113.0,0
1349,Spot,58743689.0,35443720.0,0
1349,Taksitli,88115533.0,53165580.0,0
1349,Teminat Mektubu,85553779.0,51619915.0,0
807,Rotatif,26949808.0,16891065.0,0
807,Spot,19803634.0,12412128.0,0
807,Taksitli,29705450.0,18618192.0,0
807,Teminat Mektubu,15820199.0,9915470.0,0
808,Rotatif,29930934.0,19821736.0,0
808,Spot,17226165.0,11408014.0,0
808,Taksitli,25839248.0,17112020.0,0
808,Teminat Mektubu,15103760.0,10002452.0,0
809,Rotatif,30265464.0,19270936.0,0
809,Spot,19109094.0,12167338.0,0
809,Taksitli,28663641.0,18251007.0,0
809,Teminat Mektubu,16146976.0,10281268.0,0
810,Rotatif,41174447.0,29289090.0,0
810,Spot,12126288.0,8625931.0,0
810,Taksitli,18189431.0,12938896.0,0
810,Teminat Mektubu,14792115.0,10522244.0,0
953,Rotatif,7582753.0,5427812.0,0
953,Spot,2050928.0,1468075.0,0
953,Taksitli,3076393.0,2202113.0,0
953,Teminat Mektubu,2197372.0,1572902.0,0
953,Akreditif,1149313.0,822690.0,0
102,Rotatif,159158493.0,79944376.0,0
102,Spot,85528967.0,42960698.0,0
102,Taksitli,128293451.0,64441047.0,0
102,Teminat Mektubu,72310570.0,36321174.0,0
103,Rotatif,125323158.0,66336668.0,0
103,Spot,88987128.0,47103103.0,0
103,Taksitli,133480692.0,70654655.0,0
103,Teminat Mektubu,67426946.0,35690762.0,0
927,Rotatif,36921654.0,26665202.0,0
927,Spot,18091954.0,13066197.0,0
927,Taksitli,27137931.0,19599296.0,0
927,Teminat Mektubu,15423951.0,11139338.0,0
927,Akreditif,5189261.0,3747738.0,0
928,Rotatif,43336332.0,29553675.0,0
928,Spot,21298207.0,14524540.0,0
928,Taksitli,31947311.0,21786810.0,0
928,Teminat Mektubu,18133242.0,12366158.0,0
928,Akreditif,6100780.0,4160492.0,0
921,Rotatif,46071313.0,34730613.0,0
921,Spot,23472428.0,17694565.0,0
921,Taksitli,35208643.0,26541848.0,0
921,Teminat Mektubu,21077340.0,15889040.0,0
1052,Rotatif,5548088.0,3022182.0,0
1052,Spot,5030777.0,2740390.0,0
1052,Taksitli,7546166.0,4110586.0,0
1052,Teminat Mektubu,2240656.0,1220541.0,0
1052,Akreditif,2039793.0,1111126.0,0
1053,Rotatif,6767566.0,3430877.0,0
1053,Spot,5289788.0,2681705.0,0
1053,Taksitli,7934683.0,4022557.0,0
1053,Teminat Mektubu,2506260.0,1270571.0,0
1053,Akreditif,2563099.0,1299386.0,0
1054,Rotatif,7036278.0,3780272.0,0
1054,Spot,5407779.0,2905354.0,0
1054,Taksitli,8111668.0,4358031.0,0
1054,Teminat Mektubu,2655355.0,1426601.0,0
1054,Akreditif,3341190.0,1795070.0,0
1661,Rotatif,57346089.0,34293337.0,0
1661,Spot,33625888.0,20108501.0,0
1661,Taksitli,50438832.0,30162752.0,0
1661,Teminat Mektubu,65359792.0,39085583.0,0
1661,Akreditif,6777826.0,4053184.0,0
1662,Rotatif,76850264.0,43527614.0,0
1662,Spot,34080115.0,19302811.0,0
1662,Taksitli,51120173.0,28954216.0,0
1662,Teminat Mektubu,74899440.0,42422676.0,0
1662,Akreditif,7767089.0,4399241.0,0
1663,Rotatif,86633552.0,50195993.0,0
1663,Spot,26859373.0,15562480.0,0
1663,Taksitli,40289060.0,23343720.0,0
1663,Teminat Mektubu,71077724.0,41182855.0,0
1663,Akreditif,7370777.0,4270672.0,0
33,Rotatif,66188666.0,40487850.0,0
33,Spot,45663421.0,27932483.0,0
33,Taksitli,68495132.0,41898724.0,0
33,Teminat Mektubu,40119585.0,24541297.0,0
33,Akreditif,32507312.0,19884842.0,0
242,Rotatif,5981639.0,3392237.0,0
242,Spot,2110234.0,1196731.0,0
242,Taksitli,3165351.0,1795097.0,0
242,Teminat Mektubu,3742808.0,2122578.0,0
243,Rotatif,4276140.0,2231916.0,0
243,Spot,2939262.0,1534137.0,0
243,Taksitli,4408892.0,2301205.0,0
243,Teminat Mektubu,3864852.0,2017245.0,0
244,Rotatif,3742141.0,1941250.0,0
244,Spot,3335064.0,1730077.0,0
244,Taksitli,5002595.0,2595116.0,0
244,Teminat Mektubu,4016299.0,2083471.0,0
1431,Rotatif,3365793.0,2378801.0,0
1431,Spot,1373749.0,970908.0,0
1431,Taksitli,2060624.0,1456362.0,0
1431,Teminat Mektubu,3657746.0,2585141.0,0
1431,Akreditif,165666.0,117086.0,0
1432,Rotatif,2557311.0,1895862.0,0
1432,Spot,1784301.0,1322791.0,0
1432,Taksitli,2676452.0,1984186.0,0
1432,Teminat Mektubu,3774951.0,2798558.0,0
1432,Akreditif,170975.0,126752.0,0
1433,Rotatif,3774733.0,2772078.0,0
1433,Spot,1111920.0,816569.0,0
1433,Taksitli,1667880.0,1224854.0,0
1433,Teminat Mektubu,3525622.0,2589137.0,0
1433,Akreditif,159682.0,117267.0,0
811,Rotatif,6318879.0,4906506.0,0
811,Spot,1830102.0,1421044.0,0
811,Taksitli,2745153.0,2131566.0,0
811,Teminat Mektubu,1510062.0,1172538.0,0
811,Akreditif,271379.0,210722.0,0
812,Rotatif,3846554.0,2849706.0,0
812,Spot,3102637.0,2298578.0,0
812,Taksitli,4653956.0,3447867.0,0
812,Teminat Mektubu,1608339.0,1191533.0,0
812,Akreditif,289041.0,214135.0,0
813,Rotatif,4430665.0,3279257.0,0
813,Spot,3172457.0,2348023.0,0
813,Taksitli,4758686.0,3522034.0,0
813,Teminat Mektubu,1713499.0,1268208.0,0
813,Akreditif,307940.0,227915.0,0
814,Rotatif,3827964.0,2902021.0,0
814,Spot,2685515.0,2035918.0,0
814,Taksitli,4028272.0,3053878.0,0
814,Teminat Mektubu,1461217.0,1107765.0,0
814,Akreditif,262601.0,199081.0,0
1647,Rotatif,1653865812.0,816712060.0,0
1647,Spot,492115908.0,243016691.0,0
1647,Taksitli,738173863.0,364525037.0,0
1647,Teminat Mektubu,769857845.0,380171222.0,0
1648,Rotatif,923315119.0,519823688.0,0
1648,Spot,772658776.0,435004612.0,0
1648,Taksitli,1158988164.0,652506917.0,0
1648,Teminat Mektubu,762065317.0,429040526.0,0
1649,Rotatif,1592141626.0,847959059.0,0
1649,Spot,575394519.0,306449494.0,0
1649,Taksitli,863091779.0,459674241.0,0
1649,Teminat Mektubu,808955209.0,430841633.0,0
1650,Rotatif,1061064551.0,676271380.0,0
1650,Spot,674236640.0,429725923.0,0
1650,Taksitli,1011354961.0,644588884.0,0
1650,Teminat Mektubu,733155589.0,467278020.0,0
1651,Rotatif,1481520744.0,894382712.0,0
1651,Spot,655696713.0,395839077.0,0
1651,Taksitli,983545070.0,593758616.0,0
1651,Teminat Mektubu,833014533.0,502884485.0,0
448,Rotatif,7840881.0,4051465.0,0
448,Spot,5743854.0,2967909.0,0
448,Taksitli,8615781.0,4451864.0,0
448,Teminat Mektubu,11026622.0,5697570.0,0
449,Rotatif,10927914.0,6230329.0,0
449,Spot,3694327.0,2106246.0,0
449,Taksitli,5541491.0,3159369.0,0
449,Teminat Mektubu,10014985.0,5709841.0,0
450,Rotatif,10516386.0,5739374.0,0
450,Spot,4185883.0,2284468.0,0
450,Taksitli,6278824.0,3426701.0,0
450,Teminat Mektubu,10420954.0,5687291.0,0
161,Rotatif,451634721.0,235549234.0,0
161,Spot,409055314.0,213342025.0,0
161,Taksitli,613582970.0,320013037.0,0
161,Teminat Mektubu,621149226.0,323959203.0,0
161,Akreditif,109089969.0,56895667.0,0
162,Rotatif,529191589.0,285404049.0,0
162,Spot,358665470.0,193435760.0,0
162,Taksitli,537998204.0,290153640.0,0
162,Teminat Mektubu,600749583.0,323996766.0,0
162,Akreditif,105507261.0,56902264.0,0
514,Rotatif,15741311.0,5853928.0,0
514,Spot,8016846.0,2981330.0,0
514,Taksitli,12025269.0,4471995.0,0
514,Teminat Mektubu,9204236.0,3422900.0,0
1709,Rotatif,236298127.0,141046452.0,0
1709,Spot,111246959.0,66403357.0,0
1709,Taksitli,166870438.0,99605035.0,0
1709,Teminat Mektubu,121766828.0,72682671.0,0
1709,Akreditif,12629485.0,7538545.0,0
1710,Rotatif,285697665.0,171946841.0,0
1710,Spot,94190351.0,56688364.0,0
1710,Taksitli,141285526.0,85032546.0,0
1710,Teminat Mektubu,129543945.0,77965888.0,0
1710,Akreditif,39533269.0,23793056.0,0
1711,Rotatif,210480956.0,128397101.0,0
1711,Spot,118149682.0,72073393.0,0
1711,Taksitli,177224523.0,108110090.0,0
1711,Teminat Mektubu,126194278.0,76980739.0,0
1711,Akreditif,40353241.0,24616190.0,0
1712,Rotatif,306982585.0,196880360.0,0
1712,Spot,89632065.0,57484672.0,0
1712,Taksitli,134448097.0,86227008.0,0
1712,Teminat Mektubu,134540591.0,86286328.0,0
1712,Akreditif,51271114.0,32882241.0,0
373,Rotatif,6546318.0,2802705.0,0
373,Spot,4692412.0,2008984.0,0
373,Taksitli,7038618.0,3013476.0,0
373,Teminat Mektubu,5851044.0,2505035.0,0
374,Rotatif,9421758.0,4448612.0,0
374,Spot,2993560.0,1413450.0,0
374,Taksitli,4490340.0,2120176.0,0
374,Teminat Mektubu,5411931.0,2555318.0,0
375,Rotatif,10690847.0,6012452.0,0
375,Spot,3209071.0,1804757.0,0
375,Taksitli,4813607.0,2707136.0,0
375,Teminat Mektubu,5990676.0,3369111.0,0
848,Rotatif,47378277.0,27134971.0,0
848,Spot,19882858.0,11387514.0,0
848,Taksitli,29824287.0,17081270.0,0
848,Teminat Mektubu,20860924.0,11947682.0,0
849,Rotatif,54259717.0,32501789.0,0
849,Spot,15066336.0,9024796.0,0
849,Taksitli,22599504.0,13537194.0,0
849,Teminat Mektubu,19752214.0,11831656.0,0
850,Rotatif,43093470.0,23939995.0,0
850,Spot,23495972.0,13052870.0,0
850,Taksitli,35243957.0,19579304.0,0
850,Teminat Mektubu,21881130.0,12155766.0,0
851,Rotatif,50523576.0,29019261.0,0
851,Spot,19433620.0,11162102.0,0
851,Taksitli,29150430.0,16743152.0,0
851,Teminat Mektubu,21295439.0,12231476.0,0
1133,Rotatif,1406825.0,955411.0,0
1133,Spot,1294285.0,878982.0,0
1133,Taksitli,1941428.0,1318473.0,0
1133,Teminat Mektubu,1482203.0,1006602.0,0
1134,Rotatif,2238928.0,1268108.0,0
1134,Spot,1446379.0,819215.0,0
1134,Taksitli,2169568.0,1228823.0,0
1134,Teminat Mektubu,1869261.0,1058732.0,0
1135,Rotatif,2235361.0,1486875.0,0
1135,Spot,1008652.0,670916.0,0
1135,Taksitli,1512978.0,1006374.0,0
1135,Teminat Mektubu,1518744.0,1010209.0,0
1136,Rotatif,2770530.0,1628392.0,0
1136,Spot,860962.0,506034.0,0
1136,Taksitli,1291443.0,759052.0,0
1136,Teminat Mektubu,1571724.0,923788.0,0
1137,Rotatif,2507250.0,1586131.0,0
1137,Spot,708891.0,448457.0,0
1137,Taksitli,1063336.0,672685.0,0
1137,Teminat Mektubu,1366290.0,864340.0,0
163,Rotatif,26837605.0,18148698.0,0
163,Spot,11920851.0,8061372.0,0
163,Taksitli,17881276.0,12092059.0,0
163,Teminat Mektubu,9713078.0,6568385.0,0
163,Akreditif,7178447.0,4854363.0,0
164,Rotatif,31871330.0,21315617.0,0
164,Spot,10149136.0,6787765.0,0
164,Taksitli,15223704.0,10181647.0,0
164,Teminat Mektubu,9816732.0,6565452.0,0
164,Akreditif,7255053.0,4852195.0,0
165,Rotatif,29051728.0,20626949.0,0
165,Spot,9908288.0,7034960.0,0
165,Taksitli,14862432.0,10552441.0,0
165,Teminat Mektubu,9229945.0,6553332.0,0
165,Akreditif,6821388.0,4843238.0,0
166,Rotatif,30303553.0,21624441.0,0
166,Spot,10658829.0,7606079.0,0
166,Taksitli,15988244.0,11409118.0,0
166,Teminat Mektubu,9766392.0,6969241.0,0
166,Akreditif,7217849.0,5150616.0,0
95,Rotatif,8443218.0,4476466.0,0
95,Spot,6751406.0,3579493.0,0
95,Taksitli,10127109.0,5369239.0,0
95,Teminat Mektubu,6599085.0,3498735.0,0
96,Rotatif,10330308.0,6252513.0,0
96,Spot,5183027.0,3137074.0,0
96,Taksitli,7774540.0,4705611.0,0
96,Teminat Mektubu,6069043.0,3673343.0,0
97,Rotatif,11233025.0,6856213.0,0
97,Spot,5584012.0,3408269.0,0
97,Taksitli,8376018.0,5112404.0,0
97,Teminat Mektubu,6565551.0,4007363.0,0
98,Rotatif,13448193.0,8794762.0,0
98,Spot,4652243.0,3042444.0,0
98,Taksitli,6978365.0,4563666.0,0
98,Teminat Mektubu,6535775.0,4274224.0,0
99,Rotatif,14451304.0,9661383.0,0
99,Spot,6367713.0,4257118.0,0
99,Taksitli,9551569.0,6385677.0,0
99,Teminat Mektubu,7914865.0,5291463.0,0
1106,Rotatif,59407878.0,22631882.0,0
1106,Spot,19762626.0,7528723.0,0
1106,Taksitli,29643940.0,11293084.0,0
1106,Teminat Mektubu,52558118.0,20022414.0,0
1107,Rotatif,51535233.0,24685126.0,0
1107,Spot,14507491.0,6949018.0,0
1107,Taksitli,21761237.0,10423527.0,0
1107,Teminat Mektubu,42409911.0,20314141.0,0
1108,Rotatif,49389260.0,19267358.0,0
1108,Spot,22602228.0,8817408.0,0
1108,Taksitli,33903343.0,13226111.0,0
1108,Teminat Mektubu,51147925.0,19953435.0,0
1109,Rotatif,45083352.0,22021979.0,0
1109,Spot,15516230.0,7579252.0,0
1109,Taksitli,23274345.0,11368878.0,0
1109,Teminat Mektubu,40511678.0,19788842.0,0
1375,Rotatif,37996830.0,19841826.0,0
1375,Spot,17265537.0,9016010.0,0
1375,Taksitli,25898306.0,13524015.0,0
1375,Teminat Mektubu,29675814.0,15496618.0,0
1376,Rotatif,44778925.0,22740640.0,0
1376,Spot,18814231.0,9554666.0,0
1376,Taksitli,28221347.0,14331999.0,0
1376,Teminat Mektubu,33571310.0,17048937.0,0
1377,Rotatif,49797310.0,25913868.0,0
1377,Spot,25064903.0,13043447.0,0
1377,Taksitli,37597355.0,19565171.0,0
1377,Teminat Mektubu,41120029.0,21398324.0,0
531,Rotatif,10691221.0,5309305.0,0
531,Spot,2997953.0,1488796.0,0
531,Taksitli,4496929.0,2233194.0,0
531,Teminat Mektubu,3405497.0,1691184.0,0
532,Rotatif,11540224.0,5735100.0,0
532,Spot,3849556.0,1913099.0,0
532,Taksitli,5774334.0,2869648.0,0
532,Teminat Mektubu,3963154.0,1969553.0,0
533,Rotatif,11663195.0,6538338.0,0
533,Spot,4211119.0,2360735.0,0
533,Taksitli,6316678.0,3541103.0,0
533,Teminat Mektubu,4155445.0,2329525.0,0
534,Rotatif,9117699.0,4968670.0,0
534,Spot,5496336.0,2995216.0,0
534,Taksitli,8244503.0,4492824.0,0
534,Teminat Mektubu,4280449.0,2332621.0,0
1549,Rotatif,3382194.0,2182625.0,0
1549,Spot,1683036.0,1086110.0,0
1549,Taksitli,2524554.0,1629166.0,0
1549,Teminat Mektubu,900981.0,581428.0,0
1550,Rotatif,4054646.0,2612756.0,0
1550,Spot,1280159.0,824916.0,0
1550,Taksitli,1920239.0,1237375.0,0
1550,Teminat Mektubu,861244.0,554974.0,0
361,Rotatif,43576774.0,19370784.0,0
361,Spot,12574903.0,5589806.0,0
361,Taksitli,18862355.0,8384710.0,0
361,Teminat Mektubu,29563940.0,13141787.0,0
361,Akreditif,523865.0,232869.0,0
362,Rotatif,26460766.0,13007567.0,0
362,Spot,7077840.0,3479320.0,0
362,Taksitli,10616760.0,5218981.0,0
362,Teminat Mektubu,58965565.0,28986257.0,0
362,Akreditif,516566.0,253933.0,0
363,Rotatif,28195711.0,12036977.0,0
363,Spot,10397020.0,4438572.0,0
363,Taksitli,15595529.0,6657858.0,0
363,Teminat Mektubu,79680708.0,34016338.0,0
363,Akreditif,670593.0,286282.0,0
90,Rotatif,5838116.0,4481308.0,0
90,Spot,2162085.0,1659605.0,0
90,Taksitli,3243128.0,2489408.0,0
90,Teminat Mektubu,2934225.0,2252296.0,0
91,Rotatif,4060144.0,2916952.0,0
91,Spot,3324884.0,2388715.0,0
91,Taksitli,4987326.0,3583073.0,0
91,Teminat Mektubu,3228873.0,2319737.0,0
92,Rotatif,7073590.0,5721240.0,0
92,Spot,2555225.0,2066709.0,0
92,Taksitli,3832837.0,3100064.0,0
92,Teminat Mektubu,3513152.0,2841497.0,0
93,Rotatif,5207514.0,4129475.0,0
93,Spot,3072663.0,2436572.0,0
93,Taksitli,4608995.0,3654859.0,0
93,Teminat Mektubu,3363749.0,2667399.0,0
94,Rotatif,8341114.0,6484094.0,0
94,Spot,2628021.0,2042933.0,0
94,Taksitli,3942032.0,3064400.0,0
94,Teminat Mektubu,3891439.0,3025070.0,0
599,Rotatif,2490342.0,1225640.0,0
599,Spot,2287377.0,1125750.0,0
599,Taksitli,3431066.0,1688624.0,0
599,Teminat Mektubu,4014800.0,1975914.0,0
600,Rotatif,3654811.0,2233065.0,0
600,Spot,1057264.0,645981.0,0
600,Taksitli,1585895.0,968972.0,0
600,Teminat Mektubu,3080247.0,1882011.0,0
1073,Rotatif,1992053.0,1278700.0,0
1073,Spot,993127.0,637489.0,0
1073,Taksitli,1489691.0,956234.0,0
1073,Teminat Mektubu,924276.0,593294.0,0
1073,Akreditif,74764.0,47991.0,0
1074,Rotatif,1584057.0,1198168.0,0
1074,Spot,1238858.0,937062.0,0
1074,Taksitli,1858288.0,1405594.0,0
1074,Teminat Mektubu,966894.0,731351.0,0
1074,Akreditif,78211.0,59158.0,0
1075,Rotatif,2219369.0,1759925.0,0
1075,Spot,960573.0,761719.0,0
1075,Taksitli,1440859.0,1142579.0,0
1075,Teminat Mektubu,954418.0,756839.0,0
1075,Akreditif,77202.0,61220.0,0
1076,Rotatif,2397360.0,1923844.0,0
1076,Spot,930188.0,746462.0,0
1076,Taksitli,1395283.0,1119693.0,0
1076,Teminat Mektubu,975492.0,782817.0,0
1076,Akreditif,78906.0,63321.0,0
729,Rotatif,25499210.0,10349086.0,0
729,Spot,8903012.0,3613368.0,0
729,Taksitli,13354518.0,5420053.0,0
729,Teminat Mektubu,12795777.0,5193282.0,0
730,Rotatif,23960957.0,11164011.0,0
730,Spot,9188123.0,4280977.0,0
730,Taksitli,13782185.0,6421466.0,0
730,Teminat Mektubu,12574602.0,5858823.0,0
731,Rotatif,24970239.0,11544334.0,0
731,Spot,11445007.0,5291298.0,0
731,Taksitli,17167510.0,7936948.0,0
731,Teminat Mektubu,14356780.0,6637480.0,0
732,Rotatif,21055112.0,9234783.0,0
732,Spot,17525215.0,7686568.0,0
732,Taksitli,26287823.0,11529852.0,0
732,Teminat Mektubu,17380549.0,7623118.0,0
1396,Rotatif,86394685.0,43691310.0,0
1396,Spot,27277444.0,13794683.0,0
1396,Taksitli,40916166.0,20692024.0,0
1396,Teminat Mektubu,17738029.0,8970433.0,0
1397,Rotatif,109193187.0,45248741.0,0
1397,Spot,29727276.0,12318734.0,0
1397,Taksitli,44590914.0,18478101.0,0
1397,Teminat Mektubu,21056769.0,8725749.0,0
1398,Rotatif,90970310.0,39219401.0,0
1398,Spot,31830813.0,13722998.0,0
1398,Taksitli,47746219.0,20584498.0,0
1398,Teminat Mektubu,19569228.0,8436746.0,0
1399,Rotatif,47574337.0,24635572.0,0
1399,Spot,42272926.0,21890326.0,0
1399,Taksitli,63409390.0,32835489.0,0
1399,Teminat Mektubu,17585231.0,9106217.0,0
139,Rotatif,56949882.0,27616369.0,0
139,Spot,20469616.0,9926210.0,0
139,Taksitli,30704424.0,14889314.0,0
139,Teminat Mektubu,33447471.0,16219484.0,0
140,Rotatif,41565936.0,19975386.0,0
140,Spot,27024742.0,12987309.0,0
140,Taksitli,40537113.0,19480964.0,0
140,Teminat Mektubu,33758012.0,16223124.0,0
141,Rotatif,57461992.0,30457385.0,0
141,Spot,16063153.0,8514178.0,0
141,Taksitli,24094730.0,12771267.0,0
141,Teminat Mektubu,30198109.0,16006327.0,0
142,Rotatif,35846302.0,17052964.0,0
142,Spot,30602457.0,14558338.0,0
142,Taksitli,45903685.0,21837507.0,0
142,Teminat Mektubu,34755539.0,16534061.0,0
801,Rotatif,2403585.0,1765301.0,0
801,Spot,1972652.0,1448804.0,0
801,Taksitli,2958978.0,2173206.0,0
801,Teminat Mektubu,3110935.0,2284810.0,0
802,Rotatif,2824599.0,1940210.0,0
802,Spot,2058095.0,1413701.0,0
802,Taksitli,3087143.0,2120551.0,0
802,Teminat Mektubu,3380085.0,2321772.0,0
1481,Rotatif,2034833.0,1137369.0,0
1481,Spot,733623.0,410058.0,0
1481,Taksitli,1100434.0,615087.0,0
1481,Teminat Mektubu,2016129.0,1126915.0,0
1482,Rotatif,2011051.0,1105395.0,0
1482,Spot,819289.0,450331.0,0
1482,Taksitli,1228933.0,675496.0,0
1482,Teminat Mektubu,2115341.0,1162719.0,0
1483,Rotatif,2252535.0,1389601.0,0
1483,Spot,837821.0,516856.0,0
1483,Taksitli,1256732.0,775285.0,0
1483,Teminat Mektubu,2265324.0,1397491.0,0
1743,Rotatif,6969403.0,3633363.0,0
1743,Spot,4075852.0,2124866.0,0
1743,Taksitli,6113778.0,3187299.0,0
1743,Teminat Mektubu,6479139.0,3377773.0,0
1744,Rotatif,11679417.0,5088120.0,0
1744,Spot,3613377.0,1574162.0,0
1744,Taksitli,5420066.0,2361244.0,0
1744,Teminat Mektubu,7821041.0,3407225.0,0
1745,Rotatif,11171039.0,5031884.0,0
1745,Spot,5830396.0,2626244.0,0
1745,Taksitli,8745594.0,3939366.0,0
1745,Teminat Mektubu,9721910.0,4379138.0,0
326,Rotatif,136048554.0,85036348.0,0
326,Spot,105527463.0,65959320.0,0
326,Taksitli,158291194.0,98938980.0,0
326,Teminat Mektubu,118931824.0,74337637.0,0
327,Rotatif,227755232.0,129399738.0,0
327,Spot,80710130.0,45855674.0,0
327,Taksitli,121065194.0,68783511.0,0
327,Teminat Mektubu,127754542.0,72584082.0,0
1007,Rotatif,4715816.0,3171418.0,0
1007,Spot,2224557.0,1496030.0,0
1007,Taksitli,3336836.0,2244045.0,0
1007,Teminat Mektubu,4653589.0,3129570.0,0
1007,Akreditif,898310.0,604120.0,0
1008,Rotatif,4274514.0,3090221.0,0
1008,Spot,1867019.0,1349745.0,0
1008,Taksitli,2800529.0,2024617.0,0
1008,Teminat Mektubu,4049026.0,2927207.0,0
1008,Akreditif,781608.0,565056.0,0
418,Rotatif,12972333.0,7519695.0,0
418,Spot,7298385.0,4230668.0,0
418,Taksitli,10947578.0,6346001.0,0
418,Teminat Mektubu,9549757.0,5535724.0,0
418,Akreditif,4451516.0,2580418.0,0
419,Rotatif,12584028.0,8172862.0,0
419,Spot,4774369.0,3100777.0,0
419,Taksitli,7161554.0,4651165.0,0
419,Teminat Mektubu,14651464.0,9515585.0,0
419,Akreditif,4277177.0,2777868.0,0
420,Rotatif,8004911.0,4796790.0,0
420,Spot,7104665.0,4257335.0,0
420,Taksitli,10656997.0,6386002.0,0
420,Teminat Mektubu,18398051.0,11024680.0,0
420,Akreditif,4822392.0,2889726.0,0
421,Rotatif,9126869.0,5946087.0,0
421,Spot,4510033.0,2938253.0,0
421,Taksitli,6765050.0,4407380.0,0
421,Teminat Mektubu,24359968.0,15870339.0,0
421,Akreditif,4887611.0,3184242.0,0
422,Rotatif,8261709.0,5484521.0,0
422,Spot,4413878.0,2930145.0,0
422,Taksitli,6620818.0,4395218.0,0
422,Teminat Mektubu,23904036.0,15868651.0,0
422,Akreditif,4717111.0,3131446.0,0
1592,Rotatif,1653586.0,1153086.0,0
1592,Spot,600981.0,419079.0,0
1592,Taksitli,901472.0,628619.0,0
1592,Teminat Mektubu,1622477.0,1131393.0,0
1018,Rotatif,31404796.0,18627430.0,0
1018,Spot,20516587.0,12169202.0,0
1018,Taksitli,30774881.0,18253802.0,0
1018,Teminat Mektubu,64755948.0,38409321.0,0
1019,Rotatif,27158614.0,16466261.0,0
1019,Spot,18488220.0,11209403.0,0
1019,Taksitli,27732330.0,16814105.0,0
1019,Teminat Mektubu,80367665.0,48726895.0,0
1020,Rotatif,25120162.0,14654102.0,0
1020,Spot,15329061.0,8942363.0,0
1020,Taksitli,22993592.0,13413545.0,0
1020,Teminat Mektubu,104718876.0,61088818.0,0
1021,Rotatif,20485452.0,12799476.0,0
1021,Spot,10254406.0,6407036.0,0
1021,Taksitli,15381608.0,9610553.0,0
1021,Teminat Mektubu,123571736.0,77208621.0,0
1605,Rotatif,14970429.0,9353502.0,0
1605,Spot,10509840.0,6566533.0,0
1605,Taksitli,15764761.0,9849799.0,0
1605,Teminat Mektubu,10848252.0,6777972.0,0
1605,Akreditif,4458956.0,2785949.0,0
575,Rotatif,25729711.0,17311774.0,0
575,Spot,10077513.0,6780474.0,0
575,Taksitli,15116269.0,10170710.0,0
575,Teminat Mektubu,23538582.0,15837513.0,0
576,Rotatif,20716028.0,14395334.0,0
576,Spot,12456407.0,8655817.0,0
576,Taksitli,18684611.0,12983725.0,0
576,Teminat Mektubu,23970103.0,16656554.0,0
1609,Rotatif,29938390.0,18511764.0,0
1609,Spot,16105607.0,9958558.0,0
1609,Taksitli,24158411.0,14937837.0,0
1609,Teminat Mektubu,50751777.0,31381277.0,0
1609,Akreditif,11027571.0,6818663.0,0
1610,Rotatif,29461824.0,18046361.0,0
1610,Spot,13435223.0,8229527.0,0
1610,Taksitli,20152834.0,12344291.0,0
1610,Teminat Mektubu,72887967.0,44646338.0,0
1610,Akreditif,12393653.0,7591531.0,0
1611,Rotatif,18862998.0,11964275.0,0
1611,Spot,10721280.0,6800210.0,0
1611,Taksitli,16081919.0,10200314.0,0
1611,Teminat Mektubu,93648664.0,59398744.0,0
1611,Akreditif,12701540.0,8056234.0,0
1262,Rotatif,15151066.0,8967461.0,0
1262,Spot,5814191.0,3441246.0,0
1262,Taksitli,8721287.0,5161868.0,0
1262,Teminat Mektubu,7186072.0,4253221.0,0
1263,Rotatif,15422316.0,8815885.0,0
1263,Spot,6246934.0,3570945.0,0
1263,Taksitli,9370401.0,5356418.0,0
1263,Teminat Mektubu,9083785.0,5192579.0,0
1264,Rotatif,10545009.0,7187360.0,0
1264,Spot,3785032.0,2579835.0,0
1264,Taksitli,5677548.0,3869753.0,0
1264,Teminat Mektubu,20481149.0,13959720.0,0
1265,Rotatif,8983576.0,5673106.0,0
1265,Spot,4271353.0,2697349.0,0
1265,Taksitli,6407029.0,4046023.0,0
1265,Teminat Mektubu,20349170.0,12850451.0,0
1287,Rotatif,13924629.0,7364796.0,0
1287,Spot,8007650.0,4235280.0,0
1287,Taksitli,12011475.0,6352920.0,0
1287,Teminat Mektubu,15204127.0,8041527.0,0
1288,Rotatif,13389511.0,6509253.0,0
1288,Spot,9507462.0,4622012.0,0
1288,Taksitli,14261193.0,6933018.0,0
1288,Teminat Mektubu,16643930.0,8091375.0,0
1289,Rotatif,14853723.0,8316080.0,0
1289,Spot,7841763.0,4390329.0,0
1289,Taksitli,11762645.0,6585494.0,0
1289,Teminat Mektubu,15434528.0,8641252.0,0
1290,Rotatif,23128747.0,11050594.0,0
1290,Spot,7213043.0,3446292.0,0
1290,Taksitli,10819565.0,5169438.0,0
1290,Teminat Mektubu,18437044.0,8808963.0,0
1291,Rotatif,13917897.0,8217608.0,0
1291,Spot,10986600.0,6486869.0,0
1291,Taksitli,16479901.0,9730303.0,0
1291,Teminat Mektubu,18536949.0,10944856.0,0
495,Rotatif,561976457.0,433548902.0,0
495,Spot,391714979.0,302197000.0,0
495,Taksitli,587572469.0,453295500.0,0
495,Teminat Mektubu,335595191.0,258902174.0,0
496,Rotatif,794349865.0,590470025.0,0
496,Spot,318282164.0,236591061.0,0
496,Taksitli,477423246.0,354886592.0,0
496,Teminat Mektubu,346219036.0,257357585.0,0
398,Rotatif,28062116.0,18919518.0,0
398,Spot,12532171.0,8449207.0,0
398,Taksitli,18798256.0,12673811.0,0
398,Teminat Mektubu,12378878.0,8345857.0,0
399,Rotatif,37596092.0,22536117.0,0
399,Spot,11121933.0,6666789.0,0
399,Taksitli,16682900.0,10000183.0,0
399,Teminat Mektubu,13631174.0,8170895.0,0
400,Rotatif,19364376.0,12703416.0,0
400,Spot,17344952.0,11378634.0,0
400,Taksitli,26017428.0,17067951.0,0
400,Teminat Mektubu,13073811.0,8576680.0,0
1185,Rotatif,39151991.0,21846470.0,0
1185,Spot,12128505.0,6767600.0,0
1185,Taksitli,18192757.0,10151400.0,0
1185,Teminat Mektubu,8578507.0,4786732.0,0
1186,Rotatif,27930696.0,16434322.0,0
1186,Spot,10410535.0,6125522.0,0
1186,Taksitli,15615803.0,9188283.0,0
1186,Teminat Mektubu,6662576.0,3920236.0,0
1034,Rotatif,57650855.0,23574306.0,0
1034,Spot,20232862.0,8273523.0,0
1034,Taksitli,30349294.0,12410285.0,0
1034,Teminat Mektubu,52821264.0,21599413.0,0
1035,Rotatif,39727630.0,18307773.0,0
1035,Spot,22530242.0,10382662.0,0
1035,Taksitli,33795363.0,15573993.0,0
1035,Teminat Mektubu,46877133.0,21602495.0,0
1036,Rotatif,40270768.0,19638866.0,0
1036,Spot,24963613.0,12174018.0,0
1036,Taksitli,37445420.0,18261027.0,0
1036,Teminat Mektubu,50111115.0,24437713.0,0
1037,Rotatif,31962045.0,17605562.0,0
1037,Spot,29227200.0,16099135.0,0
1037,Taksitli,43840800.0,24148702.0,0
1037,Teminat Mektubu,51258111.0,28234358.0,0
1038,Rotatif,56892347.0,32645609.0,0
1038,Spot,19682495.0,11294085.0,0
1038,Taksitli,29523742.0,16941128.0,0
1038,Teminat Mektubu,51779593.0,29711841.0,0
1039,Rotatif,43582045.0,22704681.0,0
1039,Spot,32594501.0,16980565.0,0
1039,Taksitli,48891752.0,25470847.0,0
1039,Teminat Mektubu,61037437.0,31798313.0,0
1393,Rotatif,39247081.0,22945592.0,0
1393,Spot,26979739.0,15773557.0,0
1393,Taksitli,40469608.0,23660335.0,0
1393,Teminat Mektubu,45669752.0,26700571.0,0
1394,Rotatif,38632332.0,24101631.0,0
1394,Spot,24897476.0,15532839.0,0
1394,Taksitli,37346214.0,23299258.0,0
1394,Teminat Mektubu,43178418.0,26937807.0,0
1395,Rotatif,56758357.0,36973259.0,0
1395,Spot,17773123.0,11577683.0,0
1395,Taksitli,26659685.0,17366525.0,0
1395,Teminat Mektubu,43313309.0,28214950.0,0
1473,Rotatif,201994509.0,137349076.0,0
1473,Spot,128322414.0,87254674.0,0
1473,Taksitli,192483622.0,130882011.0,0
1473,Teminat Mektubu,229281437.0,155903216.0,0
1473,Akreditif,77189051.0,52485807.0,0
1474,Rotatif,253512753.0,164005907.0,0
1474,Spot,135686138.0,87779916.0,0
1474,Taksitli,203529207.0,131669874.0,0
1474,Teminat Mektubu,292060683.0,188943856.0,0
1474,Akreditif,171543851.0,110977474.0,0
1475,Rotatif,287144626.0,206065250.0,0
1475,Spot,104251487.0,74814595.0,0
1475,Taksitli,156377231.0,112221892.0,0
1475,Teminat Mektubu,276663904.0,198543909.0,0
1475,Akreditif,176207915.0,126453100.0,0
364,Rotatif,156624947.0,89319743.0,0
364,Spot,47711202.0,27208643.0,0
364,Taksitli,71566804.0,40812965.0,0
364,Teminat Mektubu,78968217.0,45033828.0,0
364,Akreditif,10694489.0,6098831.0,0
365,Rotatif,151402559.0,87683818.0,0
365,Spot,52141102.0,30197184.0,0
365,Taksitli,78211654.0,45295776.0,0
365,Teminat Mektubu,80643265.0,46704028.0,0
365,Akreditif,10921337.0,6325022.0,0
366,Rotatif,122719878.0,80836609.0,0
366,Spot,57480387.0,37862811.0,0
366,Taksitli,86220580.0,56794217.0,0
366,Teminat Mektubu,76254273.0,50229327.0,0
366,Akreditif,10326946.0,6802446.0,0
367,Rotatif,93677609.0,60902320.0,0
367,Spot,87160837.0,56665593.0,0
367,Taksitli,130741256.0,84998389.0,0
367,Teminat Mektubu,89179522.0,57977994.0,0
367,Akreditif,12077384.0,7851830.0,0
368,Rotatif,104666075.0,74597264.0,0
368,Spot,78663602.0,56064866.0,0
368,Taksitli,117995402.0,84097299.0,0
368,Teminat Mektubu,86244471.0,61467879.0,0
368,Akreditif,11679896.0,8324458.0,0
944,Rotatif,181908027.0,118880865.0,0
944,Spot,120714374.0,78889478.0,0
944,Taksitli,181071561.0,118334216.0,0
944,Teminat Mektubu,165342528.0,108054950.0,0
945,Rotatif,186969648.0,121076095.0,0
945,Spot,101544676.0,65757373.0,0
945,Taksitli,152317014.0,98636059.0,0
945,Teminat Mektubu,150690671.0,97582887.0,0
946,Rotatif,200226110.0,124264270.0,0
946,Spot,115894126.0,71926179.0,0
946,Taksitli,173841190.0,107889269.0,0
946,Teminat Mektubu,167484953.0,103944463.0,0
947,Rotatif,210973019.0,131402479.0,0
947,Spot,101358402.0,63130088.0,0
947,Taksitli,152037604.0,94695133.0,0
947,Teminat Mektubu,158736628.0,98867555.0,0
236,Rotatif,51515031.0,30944301.0,0
236,Spot,28038017.0,16842013.0,0
236,Taksitli,42057025.0,25263019.0,0
236,Teminat Mektubu,33318341.0,20013824.0,0
236,Akreditif,16168615.0,9712243.0,0
237,Rotatif,60462824.0,35254077.0,0
237,Spot,22520538.0,13131057.0,0
237,Taksitli,33780808.0,19696586.0,0
237,Teminat Mektubu,31990676.0,18652813.0,0
237,Akreditif,15524330.0,9051776.0,0
1327,Rotatif,1237277.0,805011.0,0
1327,Spot,1072904.0,698065.0,0
1327,Taksitli,1609356.0,1047098.0,0
1327,Teminat Mektubu,1087381.0,707484.0,0
1327,Akreditif,241764.0,157299.0,0
1328,Rotatif,2164536.0,1464813.0,0
1328,Spot,581023.0,393198.0,0
1328,Taksitli,871535.0,589797.0,0
1328,Teminat Mektubu,1003475.0,679085.0,0
1328,Akreditif,223108.0,150985.0,0
1329,Rotatif,2054091.0,1430902.0,0
1329,Spot,664365.0,462804.0,0
1329,Taksitli,996548.0,694206.0,0
1329,Teminat Mektubu,1030638.0,717953.0,0
1329,Akreditif,229148.0,159627.0,0
1330,Rotatif,1381494.0,1007210.0,0
1330,Spot,827206.0,603093.0,0
1330,Taksitli,1240809.0,904640.0,0
1330,Teminat Mektubu,956983.0,697710.0,0
1330,Akreditif,212772.0,155126.0,0
954,Rotatif,147026353.0,65508122.0,0
954,Spot,81535136.0,36328274.0,0
954,Taksitli,122302703.0,54492411.0,0
954,Teminat Mektubu,117775489.0,52475294.0,0
955,Rotatif,205370887.0,75430349.0,0
955,Spot,57296017.0,21044164.0,0
955,Taksitli,85944026.0,31566246.0,0
955,Teminat Mektubu,117019131.0,42979772.0,0
185,Rotatif,53147776.0,29758397.0,0
185,Spot,15347742.0,8593477.0,0
185,Taksitli,23021613.0,12890216.0,0
185,Teminat Mektubu,24571586.0,13758074.0,0
186,Rotatif,34433872.0,18804609.0,0
186,Spot,19181304.0,10475061.0,0
186,Taksitli,28771955.0,15712592.0,0
186,Teminat Mektubu,46263831.0,25265043.0,0
187,Rotatif,24086065.0,14526545.0,0
187,Spot,20673495.0,12468390.0,0
187,Taksitli,31010243.0,18702585.0,0
187,Teminat Mektubu,53016407.0,31974721.0,0
188,Rotatif,43465225.0,26431562.0,0
188,Spot,11766130.0,7155081.0,0
188,Taksitli,17649196.0,10732622.0,0
188,Teminat Mektubu,57045062.0,34689573.0,0
189,Rotatif,35278493.0,20156443.0,0
189,Spot,14331774.0,8188490.0,0
189,Taksitli,21497661.0,12282735.0,0
189,Teminat Mektubu,65678938.0,37525803.0,0
190,Rotatif,30882424.0,16842734.0,0
190,Spot,11968661.0,6527499.0,0
190,Taksitli,17952992.0,9791248.0,0
190,Teminat Mektubu,100904982.0,55031813.0,0
693,Rotatif,3689648.0,1830481.0,0
693,Spot,2383821.0,1182644.0,0
693,Taksitli,3575732.0,1773965.0,0
693,Teminat Mektubu,4699555.0,2331508.0,0
694,Rotatif,6453016.0,3098978.0,0
694,Spot,2149646.0,1032340.0,0
694,Taksitli,3224468.0,1548509.0,0
694,Teminat Mektubu,5760295.0,2766307.0,0
1401,Rotatif,9964883.0,5456796.0,0
1401,Spot,4544811.0,2488750.0,0
1401,Taksitli,6817217.0,3733125.0,0
1401,Teminat Mektubu,3119209.0,1708087.0,0
1402,Rotatif,10831294.0,5173977.0,0
1402,Spot,5490166.0,2622585.0,0
1402,Taksitli,8235249.0,3933878.0,0
1402,Teminat Mektubu,3591590.0,1715659.0,0
1557,Rotatif,2435903.0,1284963.0,0
1557,Spot,890943.0,469981.0,0
1557,Taksitli,1336414.0,704972.0,0
1557,Teminat Mektubu,1629792.0,859732.0,0
1557,Akreditif,555616.0,293093.0,0
1558,Rotatif,1874147.0,1076263.0,0
1558,Spot,1071803.0,615502.0,0
1558,Taksitli,1607704.0,923253.0,0
1558,Teminat Mektubu,1591486.0,913939.0,0
1558,Akreditif,542557.0,311573.0,0
1559,Rotatif,2020117.0,1046672.0,0
1559,Spot,1076297.0,557655.0,0
1559,Taksitli,1614445.0,836483.0,0
1559,Teminat Mektubu,1646428.0,853054.0,0
1559,Akreditif,561288.0,290817.0,0
66,Rotatif,2494861.0,1275392.0,0
66,Spot,1015266.0,519012.0,0
66,Taksitli,1522899.0,778517.0,0
66,Teminat Mektubu,2631238.0,1345109.0,0
66,Akreditif,350606.0,179233.0,0
67,Rotatif,2420046.0,1289017.0,0
67,Spot,999995.0,532639.0,0
67,Taksitli,1499992.0,798959.0,0
67,Teminat Mektubu,3551631.0,1891747.0,0
67,Akreditif,387541.0,206421.0,0
68,Rotatif,2139540.0,1121341.0,0
68,Spot,591394.0,309952.0,0
68,Taksitli,887091.0,464928.0,0
68,Teminat Mektubu,5453518.0,2858210.0,0
68,Akreditif,414983.0,217494.0,0
69,Rotatif,1930572.0,882692.0,0
69,Spot,874822.0,399984.0,0
69,Taksitli,1312234.0,599977.0,0
69,Teminat Mektubu,6591220.0,3013623.0,0
69,Akreditif,489882.0,223983.0,0
70,Rotatif,1341384.0,716203.0,0
70,Spot,817369.0,436416.0,0
70,Taksitli,1226054.0,654624.0,0
70,Teminat Mektubu,5758827.0,3074799.0,0
70,Akreditif,418281.0,223332.0,0
393,Rotatif,162030706.0,120136388.0,0
393,Spot,102994473.0,76364439.0,0
393,Taksitli,154491710.0,114546659.0,0
393,Teminat Mektubu,59586898.0,44180236.0,0
394,Rotatif,213308716.0,146173034.0,0
394,Spot,100079445.0,68580958.0,0
394,Taksitli,150119168.0,102871437.0,0
394,Teminat Mektubu,65835166.0,45114547.0,0
395,Rotatif,149648484.0,103791844.0,0
395,Spot,118363748.0,82093660.0,0
395,Taksitli,177545622.0,123140489.0,0
395,Teminat Mektubu,63285678.0,43893109.0,0
1735,Rotatif,3239945.0,2423008.0,0
1735,Spot,1424209.0,1065101.0,0
1735,Taksitli,2136314.0,1597652.0,0
1735,Teminat Mektubu,2358566.0,1763865.0,0
1736,Rotatif,3334239.0,2327570.0,0
1736,Spot,1864029.0,1301243.0,0
1736,Taksitli,2796043.0,1951865.0,0
1736,Teminat Mektubu,2772620.0,1935514.0,0
1737,Rotatif,2757679.0,2044616.0,0
1737,Spot,1616539.0,1198544.0,0
1737,Taksitli,2424808.0,1797817.0,0
1737,Teminat Mektubu,2358066.0,1748332.0,0
894,Rotatif,176108992.0,135849173.0,0
894,Spot,126467471.0,97556071.0,0
894,Taksitli,189701207.0,146334107.0,0
894,Teminat Mektubu,139502650.0,107611311.0,0
894,Akreditif,32686766.0,25214329.0,0
895,Rotatif,230938878.0,172558515.0,0
895,Spot,113533070.0,84832395.0,0
895,Taksitli,170299605.0,127248592.0,0
895,Teminat Mektubu,168621900.0,125995003.0,0
895,Akreditif,35357103.0,26418978.0,0
896,Rotatif,140003592.0,106500847.0,0
896,Spot,123899806.0,94250684.0,0
896,Taksitli,185849709.0,141376027.0,0
896,Teminat Mektubu,206300389.0,156932875.0,0
896,Akreditif,33942600.0,25820164.0,0
897,Rotatif,179905003.0,137961365.0,0
897,Spot,77288706.0,59269365.0,0
897,Taksitli,115933059.0,88904048.0,0
897,Teminat Mektubu,402671044.0,308791005.0,0
897,Akreditif,40137878.0,30780002.0,0
898,Rotatif,122188079.0,95575160.0,0
898,Spot,77854615.0,60897654.0,0
898,Taksitli,116781923.0,91346480.0,0
898,Teminat Mektubu,419064647.0,327791148.0,0
898,Akreditif,38073107.0,29780674.0,0
519,Rotatif,34367319.0,20547038.0,0
519,Spot,10306305.0,6161785.0,0
519,Taksitli,15459457.0,9242678.0,0
519,Teminat Mektubu,12548934.0,7502576.0,0
519,Akreditif,5937606.0,3549890.0,0
520,Rotatif,26675814.0,15902014.0,0
520,Spot,12631981.0,7530189.0,0
520,Taksitli,18947971.0,11295284.0,0
520,Teminat Mektubu,12157164.0,7247141.0,0
520,Akreditif,5752238.0,3429030.0,0
721,Rotatif,6501067.0,2951131.0,0
721,Spot,2267680.0,1029404.0,0
721,Taksitli,3401520.0,1544105.0,0
721,Teminat Mektubu,5248393.0,2382485.0,0
722,Rotatif,5364462.0,2739681.0,0
722,Spot,1718011.0,877404.0,0
722,Taksitli,2577017.0,1316106.0,0
722,Teminat Mektubu,8559149.0,4371237.0,0
723,Rotatif,5442775.0,2564460.0,0
723,Spot,1685103.0,793966.0,0
723,Taksitli,2527655.0,1190949.0,0
723,Teminat Mektubu,9239090.0,4353161.0,0
724,Rotatif,4559003.0,2515581.0,0
724,Spot,1425928.0,786803.0,0
724,Taksitli,2138893.0,1180205.0,0
724,Teminat Mektubu,8532489.0,4708082.0,0
725,Rotatif,3258362.0,1563750.0,0
725,Spot,2241815.0,1075890.0,0
725,Taksitli,3362723.0,1613834.0,0
725,Teminat Mektubu,9673170.0,4642338.0,0
726,Rotatif,2468362.0,1254110.0,0
726,Spot,1537868.0,781350.0,0
726,Taksitli,2306802.0,1172026.0,0
726,Teminat Mektubu,14074587.0,7150928.0,0
1114,Rotatif,90180156.0,61593158.0,0
1114,Spot,34328737.0,23446570.0,0
1114,Taksitli,51493105.0,35169855.0,0
1114,Teminat Mektubu,24025900.0,16409719.0,0
1114,Akreditif,10693516.0,7303685.0,0
235,Rotatif,5740084.0,3348680.0,0
235,Spot,2681434.0,1564309.0,0
235,Taksitli,4022151.0,2346463.0,0
235,Teminat Mektubu,4773634.0,2784868.0,0
235,Akreditif,866322.0,505399.0,0
1337,Rotatif,2267414.0,1119170.0,0
1337,Spot,971589.0,479565.0,0
1337,Taksitli,1457383.0,719348.0,0
1337,Teminat Mektubu,1110089.0,547928.0,0
1338,Rotatif,2258360.0,1179760.0,0
1338,Spot,891431.0,465681.0,0
1338,Taksitli,1337146.0,698521.0,0
1338,Teminat Mektubu,1060582.0,554045.0,0
1339,Rotatif,1655272.0,781965.0,0
1339,Spot,1318617.0,622926.0,0
1339,Taksitli,1977926.0,934390.0,0
1339,Teminat Mektubu,1170465.0,552938.0,0
300,Rotatif,33606032.0,18257239.0,0
300,Spot,24910575.0,13533235.0,0
300,Taksitli,37365863.0,20299852.0,0
300,Teminat Mektubu,46955954.0,25509887.0,0
301,Rotatif,46757179.0,24092260.0,0
301,Spot,19361316.0,9976176.0,0
301,Taksitli,29041974.0,14964264.0,0
301,Teminat Mektubu,46602373.0,24012494.0,0
302,Rotatif,51240446.0,26756542.0,0
302,Spot,21537659.0,11246454.0,0
302,Taksitli,32306489.0,16869680.0,0
302,Teminat Mektubu,51462456.0,26872471.0,0
303,Rotatif,51744558.0,30501822.0,0
303,Spot,17263849.0,10176507.0,0
303,Taksitli,25895774.0,15264761.0,0
303,Teminat Mektubu,46476862.0,27396678.0,0
304,Rotatif,53158469.0,29299428.0,0
304,Spot,20582591.0,11344535.0,0
304,Taksitli,30873887.0,17016803.0,0
304,Teminat Mektubu,51232459.0,28237866.0,0
